#include "SpriteAssets.h"

// Generated from the original ASCII sprites by Huffman coding.
// The original text art is intentionally not stored here; only packed bits and frequency pairs remain.

namespace
{
const unsigned char SPRITE_01_BYTES[] = {
    0x44, 0x44, 0x44, 0x44, 0x44, 0x44, 0x44, 0x82, 0x88, 0x88, 0x88, 0x88, 0x88, 0x88, 0x88, 0x88,
    0x88, 0x88, 0x88, 0x88, 0x88, 0x88, 0x88, 0x88, 0x88, 0x88, 0x88, 0x88, 0x88, 0x88, 0x88, 0x88,
    0x88, 0x88, 0x88, 0x88, 0x88, 0x88, 0x88, 0x88, 0x88, 0x88, 0x88, 0x88, 0x88, 0x88, 0x89, 0x14,
    0x31, 0x22, 0x22, 0x22, 0x22, 0x22, 0x22, 0x22, 0x22, 0x22, 0x24, 0x14, 0x44, 0x44, 0x44, 0x44,
    0x44, 0x44, 0x44, 0x44, 0x44, 0x44, 0x44, 0x44, 0x44, 0x44, 0x44, 0x44, 0x44, 0x44, 0x44, 0x44,
    0x44, 0x44, 0x44, 0x44, 0x44, 0x44, 0x44, 0x44, 0x44, 0x44, 0x44, 0x44, 0x44, 0x44, 0x44, 0x44,
    0x44, 0x44, 0x86, 0xf9, 0xc8, 0x91, 0x6b, 0x30, 0xa2, 0x22, 0x22, 0x22, 0x22, 0x24, 0x14, 0x44,
    0x44, 0x44, 0x44, 0x44, 0x44, 0x44, 0x44, 0x44, 0x44, 0x44, 0x44, 0x44, 0x44, 0x44, 0x44, 0x44,
    0x44, 0x44, 0x44, 0x44, 0x44, 0x44, 0x44, 0x44, 0x44, 0x44, 0x44, 0x44, 0x44, 0x44, 0x44, 0x44,
    0x44, 0x44, 0x44, 0x44, 0x8b, 0xcf, 0xf6, 0x6c, 0xef, 0x6a, 0x22, 0x22, 0x22, 0x22, 0x22, 0x24,
    0x14, 0x44, 0x44, 0x44, 0x44, 0x44, 0x44, 0x44, 0x44, 0x44, 0x44, 0x44, 0x44, 0x44, 0x44, 0x44,
    0x44, 0x44, 0x44, 0x44, 0x44, 0x44, 0x44, 0x44, 0x44, 0x44, 0x44, 0x44, 0x44, 0x44, 0x44, 0x44,
    0x44, 0x44, 0x44, 0x44, 0x48, 0xbc, 0xdf, 0xff, 0xb3, 0x77, 0xf1, 0xed, 0xfe, 0x44, 0x44, 0x44,
    0x44, 0x82, 0x88, 0x88, 0x88, 0x88, 0x88, 0x88, 0x88, 0x88, 0x88, 0x88, 0x88, 0x88, 0x88, 0x88,
    0x88, 0x88, 0x88, 0x88, 0x88, 0x88, 0x88, 0x88, 0x88, 0x89, 0x14, 0x30, 0xf9, 0x99, 0x98, 0xe3,
    0x8e, 0x38, 0xe6, 0x66, 0x66, 0x63, 0x8e, 0x6f, 0xff, 0xff, 0xbd, 0x9f, 0xb7, 0x98, 0xed, 0xb3,
    0x12, 0x22, 0x22, 0x22, 0x24, 0x14, 0x44, 0x44, 0x44, 0x44, 0x44, 0x44, 0x44, 0x44, 0x44, 0x44,
    0x44, 0x44, 0x44, 0x44, 0x44, 0x44, 0x44, 0x44, 0x44, 0x44, 0x44, 0x48, 0x6d, 0xff, 0x6d, 0xb6,
    0xdb, 0x7f, 0xff, 0xff, 0xff, 0xff, 0xff, 0xff, 0x67, 0xfd, 0xb7, 0xf6, 0xdb, 0x61, 0x44, 0x44,
    0x44, 0x44, 0x48, 0x28, 0x88, 0x88, 0x88, 0x88, 0x88, 0x88, 0x88, 0x88, 0x88, 0x88, 0x88, 0x88,
    0x88, 0x88, 0x88, 0x88, 0x88, 0x88, 0x88, 0x91, 0x79, 0xfb, 0x6d, 0xb6, 0xdb, 0x7f, 0xff, 0xff,
    0xff, 0xff, 0xff, 0xfd, 0xfe, 0xdb, 0x6d, 0xb7, 0xf6, 0x6d, 0xb5, 0x11, 0x11, 0x11, 0x11, 0x12,
    0x0a, 0x22, 0x22, 0x22, 0x22, 0x22, 0x22, 0x22, 0x22, 0x22, 0x22, 0x22, 0x22, 0x22, 0x22, 0x22,
    0x22, 0x22, 0x22, 0x45, 0xa3, 0xbf, 0xfd, 0xfe, 0xdb, 0x7f, 0xfe, 0xdb, 0xcc, 0xdf, 0xfe, 0xdb,
    0x6f, 0xff, 0xdb, 0x6d, 0xb7, 0xfe, 0xcd, 0xb3, 0x91, 0x11, 0x11, 0x11, 0x11, 0x20, 0xa2, 0x22,
    0x22, 0x22, 0x22, 0x22, 0x22, 0x22, 0x22, 0x22, 0x22, 0x22, 0x22, 0x22, 0x22, 0x22, 0x22, 0x22,
    0x45, 0x33, 0x7f, 0xff, 0xff, 0xff, 0xdb, 0x6f, 0xe6, 0x7e, 0xdb, 0x6d, 0xb6, 0xff, 0xff, 0xff,
    0xdb, 0x7f, 0xff, 0x99, 0xb6, 0xd8, 0x91, 0x11, 0x11, 0x11, 0x12, 0x0a, 0x22, 0x22, 0x22, 0x22,
    0x22, 0x24, 0x5e, 0xdb, 0x7c, 0x48, 0x88, 0x88, 0x88, 0x88, 0x88, 0x88, 0x89, 0x14, 0x0b, 0x6f,
    0xff, 0xff, 0xff, 0xdb, 0x7f, 0x37, 0xff, 0xb6, 0xdb, 0x6d, 0xb7, 0xff, 0xff, 0xff, 0xff, 0xff,
    0xec, 0xdb, 0x66, 0x14, 0x44, 0x44, 0x44, 0x44, 0x82, 0x88, 0x88, 0x88, 0x88, 0x88, 0x9a, 0xed,
    0xb6, 0xdb, 0xdb, 0xa1, 0x86, 0x1d, 0xbf, 0xdb, 0x69, 0x9b, 0x6d, 0xff, 0xff, 0xff, 0xf6, 0x66,
    0x6e, 0xde, 0x7e, 0xff, 0xff, 0xf6, 0xff, 0xff, 0xff, 0xfb, 0x6f, 0xfd, 0x9b, 0x6d, 0x98, 0x91,
    0x11, 0x11, 0x11, 0x20, 0xa2, 0x22, 0x22, 0x22, 0x22, 0x7f, 0xb6, 0xdb, 0x58, 0xef, 0xda, 0x18,
    0x61, 0xdb, 0x6d, 0xb6, 0xdb, 0x6d, 0xff, 0xf6, 0x38, 0xef, 0xdb, 0x6d, 0xb6, 0xde, 0x3f, 0xff,
    0xff, 0xff, 0xff, 0xff, 0xfd, 0xb6, 0xff, 0xdb, 0x6d, 0xb6, 0xca, 0x22, 0x22, 0x22, 0x24, 0x14,
    0x44, 0x44, 0x44, 0x48, 0xb7, 0xdb, 0x6d, 0xb4, 0x30, 0xc3, 0x0c, 0x30, 0xc3, 0x0c, 0x3b, 0x6d,
    0xb6, 0xdb, 0x6d, 0xb6, 0xdb, 0x6d, 0xb6, 0xdb, 0x6d, 0xb6, 0xf6, 0x3f, 0xff, 0xff, 0xff, 0xff,
    0xfb, 0x6d, 0xff, 0xf6, 0xdb, 0x36, 0xdb, 0x63, 0x89, 0x11, 0x11, 0x12, 0x0a, 0x22, 0x22, 0x22,
    0x24, 0x57, 0x6b, 0xb4, 0x30, 0xc3, 0x0c, 0x30, 0xc3, 0x0c, 0x30, 0xc3, 0x0c, 0x3b, 0xd9, 0x99,
    0x99, 0x99, 0xfb, 0x6d, 0xb6, 0xdb, 0x6d, 0xb6, 0xdb, 0x6f, 0xe7, 0xff, 0xff, 0xff, 0xff, 0xb7,
    0xff, 0xff, 0x6d, 0xb6, 0xcc, 0xdb, 0x7d, 0xb0, 0xa2, 0x22, 0x24, 0x14, 0x44, 0x44, 0x44, 0x4b,
    0x67, 0xed, 0x0c, 0x30, 0xc3, 0x0c, 0x30, 0xc3, 0x0e, 0xf6, 0x6d, 0xb6, 0xdb, 0x6c, 0xfd, 0xb6,
    0xdb, 0x6d, 0xb6, 0xdb, 0x6d, 0xb6, 0xfe, 0xcf, 0xff, 0xff, 0xff, 0xff, 0xff, 0xed, 0xb6, 0xdb,
    0x6d, 0x99, 0xb6, 0xdb, 0x30, 0xa2, 0x22, 0x41, 0x44, 0x44, 0x44, 0x44, 0x8e, 0xed, 0xb4, 0x30,
    0xc3, 0x0c, 0x30, 0xeb, 0x6d, 0xb6, 0xdb, 0x6d, 0xb3, 0xf6, 0xdb, 0x6d, 0xb6, 0xdb, 0x6d, 0xb6,
    0xdb, 0x6f, 0xec, 0xdf, 0xff, 0xfe, 0xdb, 0x6d, 0xb6, 0xdb, 0x6d, 0xb6, 0xdb, 0x36, 0xdb, 0x6c,
    0xf4, 0x44, 0x82, 0x88, 0x88, 0x89, 0x0d, 0xdb, 0x6d, 0xb6, 0xdb, 0x6d, 0x33, 0x6d, 0xb6, 0x66,
    0x66, 0x7e, 0xdb, 0x6d, 0xb6, 0xdb, 0x6d, 0xb6, 0xdb, 0x6d, 0xb7, 0xfe, 0x66, 0xdb, 0x6d, 0xb6,
    0xdb, 0x6d, 0xb6, 0xdb, 0x6d, 0xb6, 0xd9, 0xb6, 0xdb, 0x63, 0xc8, 0x90, 0x51, 0x11, 0x13, 0x7d,
    0xb6, 0xdb, 0x6d, 0xb6, 0xdb, 0x79, 0x9b, 0x66, 0x6f, 0xdb, 0x6d, 0xb6, 0xdb, 0x6d, 0xb6, 0xdb,
    0x6d, 0xb6, 0xdb, 0xff, 0xec, 0xdb, 0x6d, 0xb6, 0xdb, 0x6d, 0xb6, 0xdb, 0x6d, 0xb6, 0xdb, 0x33,
    0xff, 0xfe, 0xcc, 0x29, 0x05, 0x11, 0x13, 0x5d, 0xbf, 0xdb, 0x6d, 0xe3, 0x9b, 0xb6, 0xdb, 0x7f,
    0xb6, 0xdb, 0x6d, 0xb6, 0xdb, 0x6d, 0xb6, 0xdb, 0x6d, 0xb6, 0xdb, 0x7f, 0xff, 0x8e, 0x39, 0xb6,
    0xdb, 0x6d, 0xb6, 0xdb, 0x6d, 0xb6, 0xdb, 0x6d, 0xb3, 0x7f, 0xf6, 0xcf, 0x8a, 0x0a, 0x22, 0x6f,
    0xfc, 0x3a, 0x7e, 0xff, 0x78, 0xe6, 0xed, 0xb6, 0xdb, 0x6d, 0xb6, 0xdb, 0x6d, 0xfe, 0xdb, 0x6b,
    0x31, 0xc7, 0x1d, 0xdb, 0x6d, 0xbf, 0xff, 0xf9, 0xbe, 0x66, 0xdb, 0x6d, 0xb6, 0xdb, 0x6d, 0xb6,
    0xdb, 0x6d, 0xb1, 0xdb, 0xfd, 0xb6, 0x61, 0x82, 0x89, 0x0d, 0xfe, 0x2f, 0x33, 0xf7, 0xfb, 0x5b,
    0xb6, 0xdb, 0x6d, 0xef, 0xdb, 0x6d, 0xb5, 0xdb, 0x6f, 0x7c, 0x33, 0x33, 0x33, 0x1c, 0xed, 0xb7,
    0xff, 0xff, 0x63, 0xff, 0xc7, 0x36, 0xdb, 0x6d, 0xb6, 0xdb, 0x6d, 0xb6, 0xdb, 0x63, 0xb6, 0xdb,
    0x6d, 0xf0, 0x52, 0x1b, 0x74, 0x5a, 0xdb, 0x77, 0xfb, 0x6d, 0xb6, 0xdb, 0x4c, 0xcc, 0xce, 0xdb,
    0x6d, 0x3b, 0x6d, 0xfc, 0x31, 0x4d, 0xb6, 0xd9, 0x99, 0xdb, 0xff, 0xff, 0xfe, 0x3f, 0xff, 0xb1,
    0xcd, 0xb6, 0xdb, 0x6d, 0xb6, 0xdb, 0x6d, 0xb6, 0xdb, 0x6d, 0xb6, 0xc7, 0x06, 0x2d, 0x66, 0x28,
    0xad, 0xf0, 0xfd, 0xfe, 0xdb, 0x6d, 0xb5, 0x9b, 0x66, 0x6e, 0xdb, 0x6f, 0xf6, 0xd3, 0xa2, 0x8b,
    0x4d, 0xbe, 0x28, 0xbc, 0xcc, 0xff, 0xff, 0xff, 0xf9, 0xbf, 0xff, 0x66, 0x04, 0x76, 0xdb, 0x6d,
    0xb6, 0xdb, 0x6d, 0xb6, 0xdb, 0x6d, 0xb6, 0xc0, 0x83, 0x15, 0xb1, 0x45, 0x0c, 0xcf, 0x8b, 0xed,
    0xb6, 0xdb, 0x6d, 0xa6, 0x6d, 0xb1, 0xfd, 0xb6, 0xdb, 0x6d, 0x30, 0xc5, 0x14, 0x5e, 0x6d, 0x86,
    0x28, 0xb4, 0xcc, 0xdf, 0xff, 0xff, 0xfb, 0x3f, 0xcc, 0x73, 0x33, 0x33, 0x1c, 0xdb, 0x6d, 0xb6,
    0xdb, 0x6d, 0xb6, 0xdb, 0x6d, 0xb6, 0x04, 0x1d, 0x7c, 0x49, 0x0c, 0xcf, 0x87, 0xed, 0xb6, 0xdb,
    0x6d, 0xb6, 0xf3, 0x33, 0xb6, 0xdb, 0x6d, 0xbf, 0x89, 0x12, 0x29, 0x99, 0x9d, 0x14, 0x5a, 0x66,
    0x3b, 0xff, 0xff, 0xff, 0xe7, 0xff, 0x33, 0x33, 0x33, 0x33, 0x1c, 0x73, 0x6d, 0xb6, 0xcc, 0xdb,
    0x6d, 0xb6, 0xdb, 0x6c, 0xc1, 0x9f, 0xe2, 0x8a, 0x1b, 0x6e, 0xfb, 0x6d, 0xb6, 0xdb, 0x6d, 0xb6,
    0xdb, 0x6d, 0xb6, 0xdb, 0x7d, 0x12, 0x24, 0x56, 0x66, 0x66, 0x18, 0x6c, 0xcc, 0xdf, 0xff, 0xff,
    0xff, 0x7f, 0xfe, 0x66, 0x66, 0x66, 0x66, 0x66, 0x60, 0x47, 0x36, 0xdb, 0x6d, 0xb6, 0xdb, 0x6d,
    0x8f, 0x41, 0x8f, 0x6b, 0xa1, 0x9b, 0x6f, 0xdb, 0x6d, 0xb6, 0xdb, 0x6d, 0xb6, 0xdb, 0x6d, 0xb6,
    0xdb, 0xc3, 0x12, 0x24, 0x5a, 0x39, 0xb6, 0xdb, 0x6d, 0xbf, 0xff, 0xff, 0xff, 0xff, 0xff, 0x99,
    0x99, 0x99, 0x99, 0x99, 0x99, 0x8e, 0x6d, 0xb6, 0xdb, 0x6d, 0xb6, 0xd9, 0x8a, 0x0c, 0xfd, 0xb6,
    0xfe, 0xfd, 0xb6, 0xdb, 0x6d, 0xb6, 0xdb, 0x6d, 0xb6, 0xdb, 0x6d, 0xb5, 0xd1, 0x45, 0x14, 0x51,
    0x59, 0xb6, 0xcc, 0xc7, 0x37, 0xff, 0xff, 0xff, 0xff, 0xff, 0xff, 0xcc, 0xcc, 0xcc, 0xcc, 0xcc,
    0xcc, 0xfb, 0x1d, 0xb6, 0xdb, 0x6d, 0xb6, 0x3c, 0x90, 0x63, 0xb3, 0x7e, 0xdb, 0x6d, 0xb6, 0xdb,
    0x6d, 0xb6, 0xdb, 0x6d, 0xb6, 0xdb, 0x6d, 0xb6, 0xf6, 0xff, 0xfe, 0xdb, 0x6f, 0xff, 0xb7, 0xff,
    0xff, 0xff, 0xff, 0xff, 0xfe, 0xc7, 0x33, 0x33, 0x33, 0x33, 0x3f, 0xd9, 0x9b, 0x6d, 0xb6, 0xc7,
    0x1c, 0x28, 0x90, 0x62, 0x99, 0xb6, 0x67, 0xfd, 0xb6, 0xfb, 0x6d, 0xb6, 0xff, 0x6d, 0xb6, 0xdb,
    0x6d, 0xb6, 0xdb, 0x6d, 0xb6, 0xdb, 0xff, 0xfd, 0x8e, 0x7f, 0xff, 0xff, 0xff, 0xff, 0xff, 0xff,
    0xf6, 0xdb, 0x6d, 0xbf, 0xff, 0xec, 0x76, 0xcc, 0xcc, 0x70, 0xa2, 0x22, 0x41, 0x44, 0x8a, 0xdb,
    0xfd, 0x8e, 0x6f, 0xfb, 0x6d, 0xb6, 0xdb, 0x6d, 0xb6, 0xdb, 0x6d, 0xb6, 0xdb, 0x6d, 0xff, 0xf6,
    0x63, 0x8e, 0xff, 0xff, 0xff, 0xfb, 0xff, 0xff, 0xff, 0xff, 0xff, 0xff, 0xff, 0xff, 0xff, 0xff,
    0xf1, 0xc7, 0x36, 0x14, 0x44, 0x44, 0x48, 0x28, 0x88, 0x91, 0x69, 0xbf, 0xd8, 0xe6, 0x60, 0x47,
    0x31, 0xcc, 0xdb, 0x6d, 0xb6, 0xd9, 0x99, 0x8e, 0x38, 0xe3, 0x99, 0x99, 0x99, 0x99, 0x98, 0xe6,
    0x6f, 0xff, 0xff, 0xff, 0xb1, 0xdf, 0xff, 0xff, 0xff, 0xff, 0xff, 0xff, 0xff, 0xff, 0xff, 0xff,
    0xb1, 0xe4, 0x44, 0x44, 0x44, 0x48, 0x28, 0x88, 0x88, 0x88, 0x90, 0xdb, 0xfd, 0x99, 0xb6, 0xdb,
    0x6f, 0xff, 0xff, 0xfd, 0xb6, 0xdb, 0x6d, 0xb6, 0x63, 0x9f, 0xff, 0xff, 0xff, 0xff, 0xb7, 0xff,
    0xb6, 0xdb, 0x7f, 0xff, 0xbf, 0xff, 0x7f, 0xdb, 0x6f, 0xff, 0xfe, 0x3c, 0x88, 0x88, 0x88, 0x90,
    0x51, 0x11, 0x11, 0x11, 0x11, 0x22, 0x86, 0x39, 0xff, 0xd9, 0x9b, 0xff, 0xff, 0xff, 0xff, 0xff,
    0xff, 0xec, 0x71, 0xdb, 0xff, 0xff, 0xff, 0xfd, 0x8e, 0xff, 0xb6, 0xdb, 0x6d, 0xb6, 0xdf, 0xf9,
    0xfe, 0xdf, 0xb6, 0xdf, 0xff, 0xff, 0xfe, 0x61, 0x44, 0x44, 0x44, 0x82, 0x88, 0x88, 0x88, 0x88,
    0x88, 0x91, 0x4e, 0xf3, 0x36, 0xff, 0x66, 0x39, 0x9b, 0x6d, 0xb6, 0xcc, 0xcd, 0xff, 0xff, 0xff,
    0xff, 0xdb, 0x1c, 0x76, 0xfd, 0xb6, 0xdb, 0x6d, 0xb6, 0xdb, 0x7f, 0xe7, 0xcf, 0xdb, 0xd9, 0x9b,
    0x1f, 0xff, 0xff, 0xed, 0x89, 0x11, 0x11, 0x20, 0xa2, 0x22, 0x22, 0x22, 0x22, 0x24, 0x53, 0xb6,
    0xdb, 0xfb, 0x33, 0x37, 0xff, 0xff, 0xff, 0xff, 0xff, 0xf6, 0xcc, 0xcc, 0xcd, 0xb6, 0x6c, 0xfd,
    0xb6, 0xde, 0xfd, 0xb6, 0xdb, 0x7f, 0xfc, 0x77, 0x6b, 0x36, 0xdb, 0x63, 0xbf, 0xff, 0xff, 0xb9,
    0x11, 0x11, 0x20, 0xa2, 0x22, 0x22, 0x22, 0x22, 0x22, 0x47, 0xb6, 0xdb, 0x6f, 0xff, 0xff, 0xd9,
    0x98, 0xe3, 0x8e, 0x38, 0xe6, 0x6d, 0xb6, 0xdb, 0x6d, 0xb6, 0xcc, 0x7b, 0x6d, 0xac, 0xdb, 0x7e,
    0xdb, 0x6d, 0xff, 0xb1, 0xff, 0x1d, 0xb6, 0xdb, 0x33, 0x3f, 0xff, 0xff, 0xba, 0x24, 0x44, 0x48,
    0x28, 0x88, 0x88, 0x88, 0x88, 0x88, 0x9e, 0xed, 0xe6, 0x6d, 0xb7, 0xff, 0xfd, 0x9b, 0x6d, 0xb6,
    0xdb, 0x6d, 0xb6, 0xdb, 0x6d, 0x9d, 0xb6, 0xff, 0x5b, 0x67, 0xed, 0xb6, 0xff, 0xf8, 0xee, 0xd6,
    0xdb, 0x66, 0x66, 0x67, 0xff, 0xff, 0xf7, 0xc4, 0x88, 0x89, 0x05, 0x11, 0x11, 0x11, 0x11, 0x11,
    0x12, 0x29, 0xf3, 0xfd, 0xb6, 0x6f, 0xff, 0xff, 0xec, 0xdb, 0xfd, 0xb6, 0xdb, 0x6d, 0xb6, 0xd9,
    0xb6, 0x6f, 0xb1, 0xed, 0xb6, 0xdb, 0x6d, 0xff, 0xf6, 0x76, 0xda, 0xcd, 0x99, 0x99, 0x99, 0xff,
    0xff, 0xfc, 0xf8, 0x91, 0x11, 0x20, 0xa2, 0x22, 0x22, 0x22, 0x22, 0x22, 0x45, 0xa7, 0xff, 0x6d,
    0xb3, 0xff, 0xff, 0xff, 0xff, 0xb1, 0xc7, 0x6d, 0xb6, 0xdb, 0x6d, 0x98, 0xef, 0xfe, 0xd9, 0xdb,
    0x6d, 0xb6, 0xdf, 0xff, 0x31, 0xff, 0xff, 0xfe, 0x63, 0x99, 0x8e, 0x05, 0xff, 0xff, 0xfc, 0xf4,
    0x44, 0x44, 0x82, 0x88, 0x88, 0x88, 0x88, 0x88, 0x88, 0x91, 0x5b, 0xed, 0xb6, 0x3b, 0xff, 0xff,
    0xff, 0xff, 0xb3, 0x12, 0x45, 0xa3, 0x81, 0x1c, 0x73, 0x33, 0x30, 0x2d, 0xfe, 0xd8, 0xf6, 0xdb,
    0x6d, 0xb7, 0xff, 0xd8, 0xe3, 0xff, 0xff, 0xff, 0xff, 0xff, 0xff, 0xff, 0xff, 0x39, 0x11, 0x11,
    0x20, 0xa2, 0x22, 0x22, 0x22, 0x22, 0x22, 0x22, 0x45, 0x1c, 0xcc, 0xcd, 0xff, 0xff, 0xff, 0xff,
    0xfb, 0xe2, 0x44, 0x44, 0x8b, 0xdb, 0x6d, 0x8e, 0x3b, 0x6d, 0xb3, 0xf6, 0xdb, 0x6d, 0xbf, 0xfe,
    0x63, 0xb1, 0xff, 0xff, 0xff, 0xff, 0xff, 0xff, 0xff, 0xfd, 0xb1, 0x22, 0x22, 0x24, 0x14, 0x44,
    0x44, 0x44, 0x44, 0x44, 0x44, 0x44, 0x8a, 0x76, 0xdf, 0xff, 0xff, 0xff, 0xff, 0x6c, 0x48, 0x88,
    0x88, 0x89, 0x0c, 0xcd, 0xb0, 0x26, 0xdb, 0x66, 0x76, 0xdb, 0x6d, 0xbf, 0xfe, 0x72, 0x45, 0xa7,
    0xff, 0xff, 0xff, 0xff, 0xff, 0xff, 0xff, 0x1c, 0x48, 0x88, 0x88, 0x90, 0x51, 0x11, 0x11, 0x11,
    0x11, 0x11, 0x11, 0x11, 0x21, 0x8f, 0xff, 0xff, 0xff, 0xff, 0xfc, 0x7a, 0x24, 0x44, 0x44, 0x44,
    0x44, 0xf7, 0x5b, 0xe6, 0x39, 0xbf, 0x6d, 0xb6, 0xff, 0xff, 0x6c, 0x48, 0x88, 0x90, 0xdf, 0xff,
    0xff, 0xff, 0xff, 0xff, 0xfb, 0x31, 0x22, 0x22, 0x22, 0x24, 0x14, 0x44, 0x44, 0x44, 0x44, 0x44,
    0x44, 0x44, 0x4f, 0xe3, 0x87, 0x4d, 0xf6, 0xdf, 0xed, 0x89, 0x11, 0x11, 0x11, 0x11, 0x11, 0x11,
    0x13, 0xfd, 0xb6, 0xdb, 0x6d, 0xbf, 0xff, 0xd9, 0xc8, 0x88, 0x88, 0x89, 0x15, 0x99, 0xbe, 0xdb,
    0xff, 0xb7, 0xfb, 0xe2, 0x44, 0x44, 0x44, 0x44, 0x82, 0x88, 0x88, 0x88, 0x88, 0x88, 0x88, 0x88,
    0x89, 0x16, 0x9f, 0xb7, 0x8e, 0xdb, 0xe1, 0x89, 0x11, 0x11, 0x11, 0x11, 0x11, 0x11, 0x11, 0x37,
    0xf3, 0xbd, 0xf7, 0xff, 0x37, 0xfb, 0x3a, 0x24, 0x44, 0x44, 0x44, 0x44, 0xf7, 0xd9, 0xba, 0xc7,
    0x1d, 0x86, 0xc7, 0x61, 0x89, 0x11, 0x11, 0x11, 0x11, 0x20, 0xa2, 0x22, 0x22, 0x22, 0x22, 0x22,
    0x22, 0x22, 0x22, 0x22, 0x22, 0x22, 0x22, 0x22, 0x22, 0x22, 0x22, 0x22, 0x22, 0x22, 0x22, 0x22,
    0x24, 0x5a, 0x18, 0x7d, 0x86, 0x1f, 0x33, 0xb4, 0xf8, 0x62, 0x44, 0x44, 0x44, 0x44, 0x44, 0x44,
    0x44, 0x44, 0x44, 0x44, 0x44, 0x48, 0x91, 0x11, 0x11, 0x11, 0x11, 0x11, 0x11, 0x20, 0xa2, 0x22,
    0x22, 0x22, 0x22, 0x22, 0x22, 0x22, 0x22, 0x22, 0x22, 0x22, 0x22, 0x22, 0x22, 0x22, 0x22, 0x22,
    0x22, 0x22, 0x22, 0x22, 0x22, 0x22, 0x22, 0x45, 0x0c, 0x51, 0x22, 0x45, 0x14, 0x48, 0x88, 0x88,
    0x88, 0x88, 0x88, 0x88, 0x88, 0x88, 0x88, 0x88, 0x88, 0x88, 0x88, 0x88, 0x88, 0x88, 0x88, 0x88,
    0x88, 0x89, 0x04
};

const HuffmanFrequency SPRITE_01_FREQS[] = {
    {0x0a, 49},
    {0x23, 120},
    {0x25, 10},
    {0x2a, 377},
    {0x2b, 839},
    {0x2d, 921},
    {0x2e, 97},
    {0x3a, 91},
    {0x3d, 1055},
    {0xa0, 1304},
    {0xc2, 1304}
};
}

const HuffmanEncodedSprite SPRITE_01 = {
    SPRITE_01_BYTES,
    static_cast<int>(sizeof(SPRITE_01_BYTES) / sizeof(SPRITE_01_BYTES[0])),
    17430,
    6167,
    SPRITE_01_FREQS,
    static_cast<int>(sizeof(SPRITE_01_FREQS) / sizeof(SPRITE_01_FREQS[0]))
};

namespace
{
const unsigned char SPRITE_02_BYTES[] = {
    0xee, 0xee, 0xee, 0xee, 0xee, 0xee, 0xee, 0xee, 0xee, 0xee, 0xee, 0xee, 0xee, 0xee, 0xee, 0xee,
    0x51, 0xdd, 0xdd, 0xdd, 0xdd, 0xdd, 0xdd, 0xdd, 0xdd, 0xdd, 0xdd, 0xdd, 0xdd, 0xdd, 0xdd, 0xdd,
    0xdd, 0xdd, 0xdc, 0x84, 0x21, 0x0a, 0xaa, 0xaa, 0xa8, 0x47, 0x77, 0x77, 0x77, 0x77, 0x77, 0x72,
    0x10, 0x84, 0x77, 0x77, 0x77, 0x77, 0x77, 0x77, 0x77, 0x77, 0x77, 0x77, 0x77, 0x77, 0x77, 0x77,
    0x77, 0x77, 0x77, 0x77, 0x77, 0x28, 0xee, 0xee, 0xee, 0xee, 0xee, 0xee, 0xee, 0xee, 0xee, 0xee,
    0xee, 0xee, 0xee, 0xee, 0xee, 0xe4, 0x00, 0x12, 0x94, 0x80, 0x12, 0x94, 0x80, 0x15, 0xe4, 0x23,
    0x90, 0x90, 0x00, 0x01, 0x20, 0x00, 0x94, 0x77, 0x77, 0x77, 0x77, 0x77, 0x77, 0x77, 0x77, 0x77,
    0x77, 0x77, 0x77, 0x77, 0x77, 0x77, 0x77, 0x72, 0x8e, 0xee, 0xee, 0xee, 0xee, 0xee, 0xee, 0xee,
    0xee, 0xee, 0xee, 0xee, 0xee, 0xee, 0x42, 0x5b, 0x60, 0x00, 0x12, 0x00, 0x0d, 0x96, 0x09, 0x00,
    0xb0, 0xdb, 0x61, 0x2a, 0xaa, 0x90, 0x12, 0x03, 0x4a, 0x3b, 0xbb, 0xbb, 0xbb, 0xbb, 0xbb, 0xbb,
    0xbb, 0xbb, 0xbb, 0xbb, 0xbb, 0xbb, 0xbb, 0xb9, 0x47, 0x77, 0x77, 0x77, 0x77, 0x77, 0x77, 0x77,
    0x77, 0x77, 0x77, 0x21, 0x50, 0x94, 0xa5, 0x29, 0x48, 0x00, 0x00, 0x00, 0x0d, 0x90, 0x40, 0x2c,
    0x30, 0x0b, 0x04, 0x92, 0xdb, 0x09, 0x48, 0x6d, 0x90, 0xaa, 0x3b, 0xbb, 0xbb, 0xbb, 0xbb, 0xbb,
    0xbb, 0xbb, 0xbb, 0xbb, 0xbb, 0xbb, 0xbb, 0x94, 0x77, 0x77, 0x77, 0x77, 0x77, 0x77, 0x77, 0x77,
    0x72, 0x15, 0x6c, 0x00, 0x94, 0xa5, 0x20, 0x00, 0x00, 0x6d, 0xb0, 0xd9, 0x29, 0x4a, 0x55, 0x55,
    0x54, 0x80, 0x00, 0x65, 0xb6, 0xc0, 0x00, 0x00, 0x12, 0x94, 0xa4, 0x06, 0x12, 0x84, 0x77, 0x77,
    0x77, 0x77, 0x77, 0x77, 0x77, 0x77, 0x77, 0x72, 0x8e, 0xee, 0xee, 0xee, 0xee, 0xee, 0xee, 0xee,
    0x4b, 0x00, 0x04, 0xa5, 0x20, 0x00, 0x5b, 0x00, 0x25, 0x21, 0x29, 0x00, 0x00, 0x00, 0x00, 0x00,
    0xd8, 0x09, 0x55, 0x54, 0xa4, 0x00, 0x00, 0x0d, 0x80, 0x94, 0xaa, 0xaa, 0xa0, 0x00, 0x15, 0xee,
    0xee, 0xee, 0xee, 0xee, 0xee, 0xee, 0xee, 0xe5, 0x1d, 0xdd, 0xdd, 0xdd, 0xdd, 0xdd, 0xdc, 0x84,
    0xb6, 0x02, 0x55, 0x48, 0x65, 0x6c, 0x00, 0x15, 0x55, 0x55, 0x55, 0x54, 0x00, 0x12, 0x94, 0x80,
    0x1b, 0x2b, 0x6c, 0x00, 0x00, 0x00, 0x00, 0x02, 0x52, 0x00, 0x0c, 0xb6, 0x00, 0x00, 0x00, 0x8e,
    0xee, 0xee, 0xee, 0xee, 0xee, 0xee, 0xee, 0x51, 0xdd, 0xdd, 0xdd, 0xdd, 0xdd, 0xdd, 0xca, 0xb0,
    0x03, 0x6d, 0x21, 0x80, 0x00, 0x09, 0x55, 0x55, 0x55, 0x54, 0x00, 0x95, 0x55, 0x55, 0x52, 0xa5,
    0x4a, 0x95, 0x2a, 0x54, 0xa9, 0x52, 0xa5, 0x4a, 0xd8, 0x00, 0x00, 0x00, 0x09, 0x00, 0x00, 0x03,
    0x6c, 0x24, 0x00, 0xc2, 0x3b, 0xbb, 0xbb, 0xbb, 0xbb, 0xbb, 0xbb, 0x94, 0x77, 0x77, 0x77, 0x77,
    0x77, 0x77, 0x72, 0x5b, 0x6d, 0x54, 0x06, 0x00, 0x00, 0x00, 0x12, 0xaa, 0x52, 0x00, 0x00, 0x24,
    0x29, 0x52, 0xa5, 0x4a, 0x95, 0x2a, 0x54, 0xa9, 0x52, 0xa5, 0x4a, 0x96, 0x96, 0x00, 0x00, 0x00,
    0x00, 0x00, 0x00, 0xdb, 0x2b, 0x6c, 0x00, 0x9e, 0xee, 0xee, 0xee, 0xee, 0xee, 0xee, 0xe5, 0x1d,
    0xdd, 0xdd, 0xdd, 0xdd, 0xdd, 0xdc, 0xab, 0x4a, 0x39, 0x05, 0xb6, 0x03, 0x60, 0x06, 0xdb, 0x6d,
    0xb6, 0xd5, 0x43, 0x5a, 0xd6, 0xb5, 0xa9, 0x52, 0xa5, 0x4a, 0x95, 0xad, 0x4a, 0xd5, 0x43, 0x60,
    0x00, 0x12, 0x95, 0x40, 0x00, 0x36, 0xdb, 0x6d, 0x28, 0x4b, 0x4f, 0x77, 0x77, 0x77, 0x77, 0x77,
    0x77, 0x72, 0x8e, 0xee, 0xee, 0xee, 0xee, 0xee, 0xee, 0xee, 0xee, 0xe4, 0xb2, 0xdb, 0x6d, 0xb6,
    0xdb, 0x6d, 0xb6, 0xd5, 0xee, 0x4a, 0xd4, 0xa9, 0x5a, 0xd6, 0xa5, 0x4a, 0x95, 0x2a, 0x56, 0xa5,
    0x4a, 0xda, 0x39, 0x56, 0xda, 0x55, 0x55, 0x54, 0x86, 0x03, 0x6d, 0xb6, 0xdb, 0x57, 0xbb, 0xbb,
    0xbb, 0xbb, 0xbb, 0xbb, 0xbb, 0xbb, 0x94, 0x77, 0x77, 0x77, 0x77, 0x77, 0x77, 0x77, 0x77, 0x77,
    0x77, 0x21, 0x50, 0xdb, 0x6d, 0xb6, 0xdb, 0x6c, 0x23, 0xb9, 0x01, 0x6a, 0x56, 0xb5, 0xa9, 0x52,
    0xa5, 0x4a, 0x95, 0x2a, 0x56, 0xb5, 0x25, 0x1d, 0xc8, 0x6d, 0x84, 0x86, 0xdb, 0x6d, 0xb6, 0xdb,
    0x42, 0x3b, 0xbb, 0xbb, 0xbb, 0xbb, 0xbb, 0xbb, 0xbb, 0xbb, 0x94, 0x77, 0x77, 0x77, 0x77, 0x77,
    0x77, 0x77, 0x77, 0x77, 0x77, 0x77, 0x77, 0x72, 0x15, 0x00, 0xb6, 0xd9, 0x01, 0x82, 0x56, 0x5b,
    0x6d, 0xb2, 0x49, 0x24, 0x92, 0x15, 0x55, 0x2a, 0x86, 0xdb, 0x6d, 0xb6, 0xdb, 0x08, 0xee, 0xee,
    0xee, 0xee, 0xee, 0xee, 0xee, 0xee, 0xee, 0xee, 0xee, 0x51, 0xdd, 0xdd, 0xdd, 0xdd, 0xdd, 0xdd,
    0xdd, 0xdd, 0xdd, 0xdd, 0xdc, 0x84, 0x21, 0x20, 0x34, 0xaa, 0xab, 0x5a, 0xd6, 0xb5, 0xad, 0x6b,
    0x59, 0x65, 0x6c, 0xac, 0xad, 0x65, 0x6b, 0x25, 0x6b, 0x5a, 0xd6, 0xb2, 0x5b, 0x6d, 0x21, 0x55,
    0x51, 0xdd, 0xdd, 0xdd, 0xdd, 0xdd, 0xdd, 0xdd, 0xdd, 0xdd, 0xdd, 0xdd, 0xdd, 0xdc, 0xa3, 0xbb,
    0xbb, 0xbb, 0xbb, 0x90, 0x80, 0x15, 0x55, 0x92, 0x5a, 0x4b, 0x6d, 0x65, 0xb2, 0xb2, 0xb5, 0xad,
    0x6b, 0x5a, 0x95, 0xad, 0x6a, 0x54, 0x96, 0x4b, 0x2b, 0x5a, 0x95, 0xad, 0x6b, 0x5a, 0xd6, 0xb5,
    0xad, 0x65, 0x6b, 0x24, 0xb6, 0xb2, 0xd9, 0x20, 0x25, 0x55, 0x51, 0xdd, 0xdd, 0xdd, 0xdd, 0xdd,
    0xdd, 0xdd, 0xdc, 0xa3, 0xbb, 0xbb, 0xbb, 0xbb, 0x90, 0xcb, 0x0d, 0xb6, 0xdb, 0x65, 0x92, 0x56,
    0xb5, 0xad, 0x6b, 0x5a, 0xd6, 0xb5, 0xad, 0x4a, 0xd6, 0xb5, 0xad, 0x6b, 0x5a, 0xd6, 0xb5, 0xad,
    0x6b, 0x5a, 0xd6, 0xb5, 0xad, 0x6b, 0x5a, 0xd6, 0xb5, 0xad, 0x6b, 0x59, 0x25, 0x96, 0xdb, 0x25,
    0xb6, 0xc2, 0xbd, 0xdd, 0xdd, 0xdd, 0xdd, 0xdc, 0xa3, 0xbb, 0x90, 0xaa, 0xaa, 0xaa, 0xd8, 0x01,
    0xb6, 0xca, 0xd6, 0xb2, 0x49, 0x24, 0x95, 0xad, 0x6b, 0x5a, 0xd6, 0xb5, 0x96, 0xdb, 0x6c, 0xb6,
    0x49, 0x6d, 0xb6, 0xd9, 0x2b, 0x2b, 0x59, 0x2b, 0x24, 0xad, 0x65, 0x92, 0xc9, 0x24, 0xb6, 0xdb,
    0x65, 0xaa, 0x8e, 0xee, 0xee, 0xee, 0xe5, 0x1d, 0xca, 0xb0, 0x00, 0x00, 0x06, 0xdb, 0x6d, 0x96,
    0xc9, 0x24, 0xac, 0x80, 0x00, 0x01, 0x95, 0xad, 0xb6, 0xdb, 0x6c, 0x96, 0xdb, 0x6c, 0x96, 0xcb,
    0x00, 0x00, 0x09, 0x59, 0x2c, 0xb2, 0x5b, 0x6d, 0x96, 0xdb, 0x6d, 0xb6, 0x12, 0x8e, 0xee, 0xe5,
    0x1c, 0x85, 0x52, 0xd8, 0x00, 0x06, 0xcb, 0x6d, 0xb6, 0xc9, 0x24, 0x92, 0xb2, 0x58, 0x00, 0x06,
    0xdb, 0x24, 0xb6, 0xd9, 0x2d, 0xb6, 0xdb, 0x64, 0x96, 0x00, 0x64, 0x92, 0x4b, 0x2d, 0xb6, 0xdb,
    0x6d, 0x96, 0xdb, 0x6c, 0x36, 0x00, 0x61, 0x55, 0x0d, 0x80, 0x00, 0x04, 0x06, 0xdb, 0x6d, 0xb6,
    0xb2, 0xd9, 0x59, 0x25, 0xb2, 0x58, 0x01, 0x95, 0x96, 0xdb, 0x6d, 0xb6, 0xdb, 0x25, 0xb6, 0xcb,
    0x01, 0xac, 0x96, 0xc9, 0x25, 0x65, 0xb6, 0xb6, 0xdb, 0x6c, 0x96, 0x1b, 0x01, 0xb0, 0xda, 0x50,
    0xa0, 0xb6, 0xb0, 0x18, 0x01, 0xb5, 0x5b, 0x65, 0xb5, 0xad, 0x64, 0x95, 0xad, 0x6b, 0x25, 0x80,
    0x00, 0x01, 0xb2, 0x56, 0xb6, 0xdb, 0x6d, 0xb6, 0x56, 0x4a, 0xd8, 0x00, 0x00, 0x01, 0x6b, 0x24,
    0xad, 0x64, 0x95, 0xac, 0x95, 0x25, 0xb6, 0xc3, 0x59, 0x60, 0x35, 0x51, 0xca, 0x10, 0x84, 0x86,
    0x94, 0xb6, 0xda, 0xa9, 0x59, 0x25, 0x64, 0x95, 0x92, 0x4a, 0xd8, 0x01, 0x29, 0x48, 0x48, 0x00,
    0x06, 0x5b, 0x6c, 0x00, 0x19, 0x6d, 0x90, 0x00, 0x6d, 0xb0, 0x00, 0x0d, 0x64, 0x92, 0x49, 0x24,
    0x92, 0x49, 0x55, 0x0a, 0xa4, 0x04, 0xa5, 0x2a, 0xa1, 0x1c, 0xa3, 0xbb, 0xbb, 0xbb, 0xbb, 0xbb,
    0x92, 0x49, 0x24, 0x92, 0x5b, 0x64, 0x80, 0x00, 0x01, 0x20, 0x00, 0x00, 0x01, 0x92, 0x03, 0x58,
    0x00, 0xb0, 0x00, 0x00, 0x00, 0xd8, 0x00, 0x00, 0x49, 0x24, 0x92, 0x49, 0x24, 0x92, 0xaf, 0x77,
    0x77, 0x77, 0x77, 0x77, 0x28, 0xee, 0xee, 0xee, 0xee, 0xee, 0x54, 0x92, 0x49, 0x2b, 0x2d, 0xb2,
    0xc0, 0x4a, 0x52, 0x1a, 0x43, 0x00, 0x36, 0x00, 0x01, 0xb6, 0x59, 0x2c, 0x00, 0x18, 0x00, 0x32,
    0xaa, 0x58, 0x00, 0x06, 0x49, 0x25, 0x95, 0x95, 0x92, 0x49, 0x29, 0xee, 0xee, 0xee, 0xee, 0xee,
    0x51, 0xdd, 0xdd, 0xdd, 0xdd, 0xc8, 0x04, 0x92, 0x49, 0x5b, 0x6c, 0x80, 0x00, 0x00, 0x35, 0x55,
    0x0c, 0xb6, 0x40, 0x00, 0x00, 0x00, 0x00, 0x00, 0x00, 0x65, 0x2a, 0x84, 0xa1, 0x20, 0x00, 0x1b,
    0x6c, 0xb6, 0xd9, 0x5a, 0xc9, 0x24, 0x92, 0xaf, 0x77, 0x77, 0x77, 0x77, 0x28, 0xee, 0xee, 0xee,
    0xee, 0xe5, 0x59, 0x24, 0x92, 0x5b, 0x6c, 0xb6, 0x00, 0x00, 0x00, 0x94, 0x21, 0x50, 0x00, 0x48,
    0x00, 0x00, 0x00, 0x00, 0x00, 0x00, 0x00, 0x25, 0x20, 0x00, 0xdb, 0x6d, 0x92, 0xdb, 0x25, 0x64,
    0x92, 0x49, 0x21, 0x1d, 0xdd, 0xdd, 0xdd, 0xca, 0x3b, 0xbb, 0xbb, 0xbb, 0x90, 0x92, 0x49, 0x24,
    0x96, 0x1b, 0x65, 0xb6, 0xcb, 0x00, 0x00, 0x00, 0x00, 0x00, 0x00, 0x00, 0x00, 0x00, 0x00, 0x00,
    0x00, 0x0d, 0xb6, 0xc9, 0x6d, 0x92, 0xdb, 0x24, 0xac, 0x92, 0x49, 0x24, 0x23, 0xbb, 0xbb, 0xbb,
    0xb9, 0x47, 0x77, 0x77, 0x77, 0x77, 0x21, 0x95, 0x92, 0x49, 0x6d, 0xb6, 0xc9, 0x6d, 0xb6, 0xc8,
    0x2b, 0x59, 0x60, 0x00, 0x02, 0x52, 0x00, 0x00, 0x00, 0x1b, 0x24, 0xad, 0x6b, 0x48, 0x2d, 0xb6,
    0x56, 0x5b, 0x6d, 0x92, 0x49, 0x24, 0x95, 0x94, 0xa3, 0xbb, 0xbb, 0xbb, 0xb9, 0x47, 0x77, 0x77,
    0x77, 0x77, 0x72, 0xa4, 0x92, 0x49, 0x2d, 0xb6, 0xdb, 0x6c, 0x92, 0xd9, 0x5a, 0xc0, 0x00, 0x36,
    0xdb, 0x6d, 0xb6, 0xd9, 0x20, 0x00, 0x03, 0x5a, 0xd6, 0xda, 0xc9, 0x25, 0xb6, 0xdb, 0x64, 0x92,
    0xc9, 0x24, 0xb4, 0x77, 0x77, 0x77, 0x77, 0x72, 0x8e, 0xee, 0xee, 0xee, 0xee, 0xee, 0x43, 0x24,
    0x95, 0x96, 0xdb, 0x6d, 0xb6, 0xd9, 0x2c, 0xad, 0x6c, 0x00, 0x00, 0x00, 0x36, 0x00, 0x00, 0x00,
    0x00, 0x01, 0xad, 0x6d, 0x92, 0xdb, 0x6d, 0xb6, 0xdb, 0x25, 0x64, 0x92, 0x4b, 0x47, 0x77, 0x77,
    0x77, 0x77, 0x72, 0x8e, 0xee, 0xee, 0xee, 0xee, 0xee, 0xe4, 0x12, 0x49, 0x5a, 0xdb, 0x6d, 0xb6,
    0xdb, 0x6c, 0xb2, 0xb5, 0x90, 0x00, 0x09, 0x4a, 0x52, 0x94, 0xa5, 0x29, 0x4a, 0x52, 0x90, 0x00,
    0x2b, 0x2d, 0x92, 0xd9, 0x6d, 0xb6, 0x5b, 0x24, 0x92, 0x49, 0x2a, 0xf7, 0x77, 0x77, 0x77, 0x77,
    0x77, 0x28, 0xee, 0xee, 0xee, 0xee, 0xee, 0xee, 0x00, 0x92, 0x56, 0xb5, 0xb2, 0xdb, 0x6d, 0xb6,
    0x49, 0x2d, 0x90, 0xc8, 0x4a, 0x52, 0x94, 0xa5, 0x29, 0x4a, 0x52, 0x94, 0xa5, 0x90, 0x4b, 0x24,
    0x92, 0x49, 0x24, 0x92, 0x59, 0x25, 0x6b, 0x5a, 0xd6, 0x52, 0x8e, 0xee, 0xee, 0xee, 0xee, 0xee,
    0xe5, 0x1d, 0xdd, 0xdd, 0xdd, 0xdd, 0xdc, 0x80, 0x94, 0x86, 0x12, 0x59, 0x24, 0x96, 0xc9, 0x24,
    0x92, 0x49, 0x6d, 0x92, 0xb5, 0xad, 0x6b, 0x5a, 0xd6, 0xb5, 0xad, 0x64, 0xb2, 0xd9, 0x24, 0x92,
    0x49, 0x24, 0x92, 0x49, 0x25, 0x20, 0xb0, 0x90, 0x8e, 0xee, 0xee, 0xee, 0xee, 0xee, 0xe5, 0x1d,
    0xdd, 0xdd, 0xdd, 0xdd, 0xdd, 0xdd, 0xdd, 0xdc, 0x84, 0x77, 0x21, 0x24, 0x92, 0x49, 0x24, 0x92,
    0x49, 0x4a, 0x12, 0xdb, 0x6d, 0x92, 0x49, 0x6c, 0x96, 0x49, 0x24, 0x92, 0x49, 0x64, 0x92, 0x49,
    0x2d, 0x54, 0x21, 0x1d, 0xdd, 0xdd, 0xdd, 0xdd, 0xdd, 0xdd, 0xdd, 0xdd, 0xca, 0x3b, 0xbb, 0xbb,
    0xbb, 0xbb, 0xbb, 0xbb, 0xbb, 0xbb, 0xbb, 0xbb, 0xbb, 0x99, 0x24, 0x92, 0x49, 0x59, 0x2d, 0x1d,
    0xdd, 0xdd, 0xdd, 0xdd, 0xdd, 0xdd, 0xdd, 0xdd, 0xca, 0xb2, 0x49, 0x2d, 0x92, 0x49, 0x24, 0x92,
    0x42, 0x3b, 0xbb, 0xbb, 0xbb, 0xbb, 0xbb, 0xbb, 0xbb, 0xbb, 0xbb, 0xb9, 0x47, 0x77, 0x77, 0x77,
    0x77, 0x77, 0x77, 0x77, 0x77, 0x77, 0x77, 0x77, 0x72, 0x03, 0x24, 0x92, 0x49, 0x48, 0x57, 0xbb,
    0xbb, 0xbb, 0xbb, 0xbb, 0xbb, 0xbb, 0xbb, 0xbb, 0x92, 0x49, 0x24, 0x92, 0x49, 0x24, 0x92, 0xd5,
    0xee, 0xee, 0xee, 0xee, 0xee, 0xee, 0xee, 0xee, 0xee, 0xee, 0xee, 0xee, 0x51, 0xdd, 0xdd, 0xdd,
    0xdd, 0xdd, 0xdd, 0xdd, 0xdd, 0xdd, 0xdd, 0xdd, 0xdc, 0x84, 0x77, 0x21, 0x29, 0x4b, 0x4a, 0x10,
    0x84, 0x77, 0x77, 0x77, 0x77, 0x77, 0x77, 0x77, 0x77, 0x77, 0x20, 0x12, 0x49, 0x24, 0x92, 0x49,
    0x25, 0x28, 0xee, 0xee, 0xee, 0xee, 0xee, 0xee, 0xee, 0xee, 0xee, 0xee, 0xee, 0xee, 0xe5, 0x1d,
    0xdd, 0xdd, 0xdd, 0xdd, 0xdd, 0xdd, 0xdd, 0xdd, 0xdd, 0xdd, 0xdd, 0xdd, 0xdd, 0xdd, 0xc8, 0x47,
    0x77, 0x77, 0x77, 0x77, 0x77, 0x77, 0x77, 0x77, 0x77, 0x77, 0x77, 0x20, 0x2a, 0xc9, 0x21, 0x50,
    0x49, 0x2c, 0x15, 0x7b, 0xbb, 0xbb, 0xbb, 0xbb, 0xbb, 0xbb, 0xbb, 0xbb, 0xbb, 0xbb, 0xbb, 0xbb,
    0xb9, 0x47, 0x77, 0x77, 0x77, 0x77, 0x77, 0x77, 0x77, 0x77, 0x77, 0x77, 0x77, 0x77, 0x77, 0x77,
    0x77, 0x77, 0x77, 0x77, 0x77, 0x77, 0x77, 0x77, 0x77, 0x77, 0x77, 0x77, 0x77, 0x77, 0x77, 0x72,
    0x12, 0xaa, 0xa9, 0x6d, 0xb5, 0x55, 0x57, 0xbb, 0xbb, 0xbb, 0xbb, 0xbb, 0xbb, 0xbb, 0xbb, 0xbb,
    0xbb, 0xbb, 0xbb, 0xbb, 0xb9, 0x47, 0x77, 0x77, 0x77, 0x77, 0x77, 0x77, 0x77, 0x77, 0x77, 0x77,
    0x77, 0x77, 0x77, 0x77, 0x77, 0x77, 0x77, 0x77, 0x77, 0x77, 0x77, 0x77, 0x77, 0x77, 0x77, 0x77,
    0x77, 0x77, 0x77, 0x77, 0x72, 0x11, 0xdd, 0xdd, 0xc8, 0x42, 0x3b, 0xbb, 0xbb, 0xbb, 0xbb, 0xbb,
    0xbb, 0xbb, 0xbb, 0xbb, 0xbb, 0xbb, 0xbb, 0xbb, 0x94, 0x00
};

const HuffmanFrequency SPRITE_02_FREQS[] = {
    {0x0a, 41},
    {0x23, 224},
    {0x25, 53},
    {0x2a, 632},
    {0x2b, 700},
    {0x2d, 166},
    {0x2e, 104},
    {0x3a, 99},
    {0x3d, 629},
    {0xa0, 1425},
    {0xc2, 1425}
};
}

const HuffmanEncodedSprite SPRITE_02 = {
    SPRITE_02_BYTES,
    static_cast<int>(sizeof(SPRITE_02_BYTES) / sizeof(SPRITE_02_BYTES[0])),
    15305,
    5498,
    SPRITE_02_FREQS,
    static_cast<int>(sizeof(SPRITE_02_FREQS) / sizeof(SPRITE_02_FREQS[0]))
};

namespace
{
const unsigned char SPRITE_03_BYTES[] = {
    0x85, 0xb6, 0xdb, 0x6d, 0xb6, 0xdb, 0x6d, 0xb6, 0xdb, 0x6d, 0x5a, 0x4c, 0xdd, 0xcc, 0xcc, 0xdd,
    0xcc, 0xd2, 0xbb, 0x6d, 0xb6, 0xdb, 0x6d, 0xb6, 0xdb, 0x6d, 0xb6, 0xdb, 0x6d, 0xb6, 0xdb, 0x6d,
    0xb6, 0xdb, 0x6d, 0xb6, 0xdb, 0x6d, 0xb6, 0xdb, 0x6d, 0x0b, 0x6d, 0xb6, 0xdb, 0x6d, 0xb6, 0xdb,
    0x6d, 0xab, 0x59, 0x8d, 0xdd, 0xdd, 0xdd, 0xdd, 0xdd, 0xdd, 0xdd, 0xcc, 0x39, 0xae, 0xdb, 0x6d,
    0xb6, 0xdb, 0x6d, 0xb6, 0xdb, 0x6d, 0xb6, 0xdb, 0x6d, 0xb6, 0xdb, 0x6d, 0xb6, 0xdb, 0x6d, 0xb6,
    0xdb, 0x6d, 0xb6, 0x85, 0xb6, 0xdb, 0x6d, 0xb6, 0xdb, 0x6d, 0xb6, 0xb8, 0xdd, 0x29, 0x4a, 0x5d,
    0xdd, 0xdd, 0xdd, 0xdd, 0xdd, 0xdd, 0xcc, 0xc6, 0x76, 0xdb, 0x6d, 0xb6, 0xdb, 0x6d, 0xb6, 0xdb,
    0x6d, 0xb6, 0xdb, 0x6d, 0xb6, 0xdb, 0x6d, 0xb6, 0xdb, 0x6d, 0xb6, 0xdb, 0x6d, 0xa1, 0x6d, 0xb6,
    0xdb, 0x6d, 0xb6, 0xdb, 0x56, 0x91, 0xba, 0x52, 0x94, 0xa5, 0x2e, 0xee, 0xee, 0xee, 0xee, 0xee,
    0xee, 0xee, 0x66, 0x61, 0xd7, 0x6d, 0xb6, 0xdb, 0x6d, 0xb6, 0xdb, 0x6d, 0xb6, 0xdb, 0x6d, 0xb6,
    0xdb, 0x6d, 0xb6, 0xdb, 0x6d, 0xb6, 0xdb, 0x6d, 0xb6, 0x85, 0xb6, 0xdb, 0x6d, 0xb6, 0xdb, 0x6d,
    0x33, 0x74, 0xa5, 0x29, 0x4b, 0xbb, 0xbb, 0xbb, 0xbb, 0xbb, 0xbb, 0xbb, 0xbb, 0xb9, 0x99, 0x8d,
    0x76, 0xdb, 0x6d, 0xb6, 0xdb, 0x6d, 0xb6, 0xdb, 0x6d, 0xb6, 0xdb, 0x6d, 0xb6, 0xdb, 0x6d, 0xb6,
    0xdb, 0x6d, 0xb6, 0xdb, 0x42, 0xdb, 0x6d, 0xb6, 0xdb, 0x6d, 0xab, 0x1b, 0xbb, 0xba, 0x52, 0xee,
    0xee, 0xee, 0xee, 0xee, 0xee, 0xee, 0xee, 0xee, 0xe6, 0x66, 0x63, 0x35, 0xdb, 0x6d, 0xb6, 0xdb,
    0x6d, 0xb6, 0xdb, 0x6d, 0xb6, 0xdb, 0x6d, 0xb6, 0xdb, 0x6d, 0xb6, 0xdb, 0x6d, 0xb6, 0xdb, 0x68,
    0x5b, 0x6d, 0xb6, 0xdb, 0x6d, 0xb5, 0xdd, 0xdc, 0xdd, 0xdd, 0xdd, 0xdd, 0xdd, 0xdd, 0xdd, 0xdd,
    0xdd, 0xc6, 0xee, 0x33, 0x03, 0x03, 0x33, 0x1b, 0xdb, 0x6d, 0xb6, 0xdb, 0x6d, 0xb6, 0xdb, 0x6d,
    0xb6, 0xdb, 0x6d, 0xb6, 0xdb, 0x6d, 0xb6, 0xdb, 0x6d, 0xb6, 0xdb, 0x68, 0x5b, 0x6d, 0xb6, 0xdb,
    0x6d, 0xb4, 0xc0, 0xc3, 0xbb, 0x9b, 0xbb, 0xbb, 0xbb, 0xbb, 0xbb, 0xbb, 0xbb, 0xbb, 0xbb, 0x8d,
    0x6b, 0x30, 0x30, 0x48, 0xcc, 0x3a, 0xed, 0xb6, 0xdb, 0x6d, 0xb6, 0xdb, 0x6d, 0xb6, 0xdb, 0x6d,
    0xb6, 0xdb, 0x6d, 0xb6, 0xdb, 0x6d, 0xb6, 0xdb, 0x6d, 0xa1, 0x6d, 0xb6, 0xdb, 0x6d, 0xb6, 0xac,
    0x39, 0xa4, 0xdd, 0xdd, 0xdd, 0xdd, 0xdd, 0xdd, 0xdd, 0xdd, 0xdd, 0xdd, 0xdc, 0x0d, 0x6b, 0x70,
    0x30, 0x48, 0x39, 0x98, 0xed, 0xb6, 0xdb, 0x6d, 0xb6, 0xdb, 0x6d, 0xb6, 0xdb, 0x6d, 0xb6, 0xdb,
    0x6d, 0xb6, 0xdb, 0x6d, 0xb6, 0xdb, 0x6d, 0xa1, 0x6d, 0xb6, 0xdb, 0x6d, 0xb6, 0xa4, 0x1c, 0x6b,
    0x37, 0x77, 0x77, 0x77, 0x77, 0x77, 0x77, 0x77, 0x77, 0x77, 0x77, 0x03, 0x07, 0x70, 0xe0, 0x60,
    0x60, 0x61, 0xcc, 0x69, 0xb6, 0xdb, 0x6d, 0xb6, 0xdb, 0x6d, 0xb6, 0xdb, 0x6d, 0xb6, 0xdb, 0x6d,
    0xb6, 0xdb, 0x6d, 0xb6, 0xdb, 0x6d, 0xb4, 0x2d, 0xb6, 0xdb, 0x6d, 0xb6, 0xd7, 0x07, 0x03, 0x19,
    0x9b, 0xbb, 0xbb, 0xbb, 0xbb, 0xbb, 0xbb, 0xbb, 0xbb, 0xbb, 0xb8, 0x18, 0x18, 0x18, 0x24, 0x12,
    0x0e, 0x0e, 0x1c, 0xcc, 0xed, 0xb6, 0xdb, 0x6d, 0xb6, 0xdb, 0x6d, 0xb6, 0xdb, 0x6d, 0xb6, 0xdb,
    0x6d, 0xb6, 0xdb, 0x6d, 0xb6, 0xdb, 0x6d, 0x0b, 0x6d, 0xb6, 0xdb, 0x6d, 0xb5, 0xc3, 0x81, 0x82,
    0x40, 0xcd, 0xdd, 0xdd, 0xdd, 0xdd, 0xdd, 0xdd, 0xdd, 0xdd, 0xdd, 0xdc, 0x1c, 0x1c, 0x1c, 0x1c,
    0x1c, 0x38, 0x71, 0x99, 0x8d, 0x36, 0xdb, 0x6d, 0xb6, 0xdb, 0x6d, 0xb6, 0xdb, 0x6d, 0xb6, 0xdb,
    0x6d, 0xb6, 0xdb, 0x6d, 0xb6, 0xdb, 0x6d, 0xb4, 0x2d, 0xb6, 0xdb, 0x6d, 0xb6, 0xd7, 0x0e, 0x1c,
    0x1c, 0x1c, 0xdd, 0xdd, 0xdd, 0xdd, 0xdd, 0xdd, 0xdd, 0xdd, 0xdd, 0xdd, 0xc6, 0x0e, 0x31, 0x83,
    0x83, 0x8c, 0xcc, 0xc6, 0xf6, 0xdb, 0x6d, 0xb6, 0xdb, 0x6d, 0xb6, 0xdb, 0x6d, 0xb6, 0xdb, 0x6d,
    0xb6, 0xdb, 0x6d, 0xb6, 0xdb, 0x6d, 0xb4, 0x2d, 0xb6, 0xdb, 0x6d, 0xb6, 0xac, 0xdc, 0xc6, 0x33,
    0x77, 0x77, 0x77, 0x77, 0x77, 0x77, 0x77, 0x77, 0x77, 0x77, 0x77, 0x77, 0x33, 0x33, 0x33, 0x1b,
    0xae, 0xdb, 0x6d, 0xb6, 0xdb, 0x6d, 0xb6, 0xdb, 0x6d, 0xb6, 0xdb, 0x6d, 0xb6, 0xdb, 0x6d, 0xb6,
    0xdb, 0x6d, 0xb4, 0x2d, 0xb6, 0xdb, 0x6d, 0xb6, 0xa4, 0xdd, 0xdd, 0xdd, 0xdd, 0xdd, 0xdd, 0xdd,
    0xdd, 0xdd, 0xdd, 0xdd, 0xdd, 0xdd, 0xdd, 0xcc, 0xcc, 0xcc, 0xcc, 0x6f, 0x6d, 0xb6, 0xdb, 0x6d,
    0xb6, 0xdb, 0x6d, 0xb6, 0xdb, 0x6d, 0xb6, 0xdb, 0x6a, 0xd7, 0x6d, 0xb6, 0xdb, 0x6d, 0xb4, 0x2d,
    0xb6, 0xdb, 0x6d, 0xb6, 0x8c, 0xc6, 0x6e, 0xee, 0xee, 0xee, 0xee, 0xee, 0xee, 0xee, 0x6e, 0xee,
    0xee, 0xee, 0xe6, 0x66, 0x30, 0x70, 0xe6, 0x66, 0x34, 0xdb, 0x6d, 0xb6, 0xdb, 0x6d, 0xb6, 0xdb,
    0x6d, 0xb6, 0xdb, 0x6d, 0xb6, 0xd5, 0xb8, 0xcd, 0x6b, 0xb6, 0xdb, 0x6d, 0xb4, 0x2d, 0xb6, 0xdb,
    0x6d, 0xb6, 0xa4, 0x66, 0x63, 0x0e, 0x37, 0x77, 0x77, 0x77, 0x77, 0x77, 0x77, 0x77, 0x77, 0x18,
    0x70, 0xe1, 0xc3, 0x8d, 0xc3, 0x8c, 0xcc, 0xcc, 0xd7, 0x6d, 0xb6, 0xdb, 0x6d, 0xb6, 0xdb, 0x6d,
    0xb6, 0xdb, 0x6d, 0xb6, 0xdb, 0x56, 0x66, 0x63, 0x7b, 0x6d, 0xb6, 0xdb, 0x42, 0xdb, 0x6d, 0xb6,
    0xdb, 0x6d, 0x48, 0xcc, 0xc6, 0x30, 0xe0, 0xe0, 0xe1, 0xcc, 0xcc, 0xcc, 0xc6, 0x30, 0xe1, 0xc3,
    0x8c, 0x63, 0x18, 0xc6, 0x31, 0x83, 0x8c, 0xcc, 0xcc, 0x76, 0xdb, 0x6d, 0xb6, 0xdb, 0x6d, 0xb6,
    0xdb, 0x6d, 0xb6, 0xdb, 0x6d, 0xab, 0x5a, 0xd2, 0x66, 0x66, 0xf6, 0xdb, 0x6d, 0xb6, 0x85, 0xb6,
    0xdb, 0x6d, 0xb6, 0xdb, 0x56, 0x91, 0x8c, 0xcc, 0xc3, 0x87, 0x18, 0xc6, 0x31, 0x8c, 0x63, 0x19,
    0x99, 0xbb, 0xbb, 0x98, 0x70, 0xe6, 0x66, 0x66, 0x3b, 0x6d, 0xb6, 0xdb, 0x6d, 0xb6, 0xdb, 0x6d,
    0xb6, 0xdb, 0x6d, 0xb6, 0xd5, 0xa5, 0xdd, 0xcc, 0xcc, 0xde, 0xdb, 0x6d, 0xb6, 0xd0, 0xb6, 0xdb,
    0x6d, 0xb6, 0xdb, 0x6d, 0xb5, 0x66, 0x31, 0x99, 0x98, 0x71, 0x8c, 0x66, 0xee, 0xee, 0xee, 0xee,
    0xe6, 0x0e, 0x66, 0x66, 0x66, 0x35, 0xdb, 0x6d, 0xb6, 0xdb, 0x6d, 0xb6, 0xdb, 0x6d, 0xb6, 0xdb,
    0x6d, 0xb5, 0x26, 0xe9, 0x31, 0x99, 0x99, 0xba, 0xed, 0xb6, 0xdb, 0x68, 0x5b, 0x6d, 0xb6, 0xdb,
    0x6d, 0xb6, 0xdb, 0x6d, 0x5a, 0x5c, 0x38, 0x73, 0x31, 0x8c, 0x38, 0x71, 0x98, 0xc6, 0x1c, 0x63,
    0x33, 0x33, 0x33, 0x31, 0xba, 0xed, 0xb6, 0xdb, 0x6d, 0xb6, 0xdb, 0x6d, 0xb6, 0xdb, 0x6d, 0xb6,
    0xda, 0x94, 0xa5, 0x2e, 0x66, 0x66, 0xe6, 0x9b, 0x6d, 0xb6, 0xda, 0x16, 0xdb, 0x6d, 0xb6, 0xdb,
    0x6d, 0xb6, 0xdb, 0x6d, 0xb5, 0x69, 0x18, 0x71, 0x99, 0x99, 0x99, 0x99, 0x99, 0x99, 0x99, 0x99,
    0x99, 0x98, 0xcd, 0x29, 0x5d, 0xb6, 0xdb, 0x6d, 0xb6, 0xdb, 0x6d, 0xb6, 0xdb, 0x6d, 0xae, 0x6e,
    0xe6, 0x66, 0x6e, 0x97, 0x33, 0x5d, 0xb6, 0xdb, 0x42, 0xdb, 0x6d, 0xb6, 0xdb, 0x6d, 0xb6, 0xdb,
    0x6a, 0xdc, 0x66, 0x6e, 0xe6, 0x66, 0x66, 0x63, 0x0e, 0x1c, 0xcc, 0xcc, 0xcc, 0xcc, 0xcd, 0xdd,
    0xdd, 0xdc, 0xcc, 0xcd, 0x76, 0xdb, 0x6d, 0xb6, 0xdb, 0x6d, 0xb6, 0xdb, 0x6b, 0x99, 0x99, 0x99,
    0x99, 0xa5, 0x2e, 0x66, 0x6b, 0xb6, 0xda, 0x16, 0xdb, 0x6d, 0xb6, 0xdb, 0x6d, 0xab, 0x4b, 0x8c,
    0x6e, 0xee, 0xee, 0xe6, 0xee, 0x63, 0x34, 0xa5, 0x29, 0x71, 0x87, 0x33, 0x33, 0x37, 0x77, 0x77,
    0x77, 0x77, 0x77, 0x77, 0x71, 0x8d, 0x29, 0x5d, 0x5a, 0x52, 0xeb, 0xb6, 0xdb, 0x6d, 0xab, 0x37,
    0x33, 0x33, 0x31, 0x8d, 0xd2, 0x94, 0xba, 0x6d, 0xb6, 0xd0, 0xb6, 0xdb, 0x6d, 0xab, 0x5b, 0x9b,
    0x8c, 0xcd, 0xdd, 0xdd, 0xdd, 0xdd, 0xdc, 0x6e, 0x6e, 0xb5, 0xa5, 0x29, 0x4a, 0x52, 0x93, 0x1b,
    0xbb, 0xbb, 0xbb, 0xbb, 0xbb, 0xbb, 0xbb, 0xbb, 0xbb, 0xbb, 0xb9, 0x9b, 0x99, 0xae, 0xdb, 0x6d,
    0xb5, 0x6e, 0x93, 0x37, 0x33, 0x31, 0x9a, 0x56, 0xb7, 0x5a, 0x57, 0x6d, 0xb4, 0x2d, 0xb6, 0xd5,
    0xa5, 0x26, 0x6e, 0xee, 0xee, 0xee, 0xee, 0xee, 0xee, 0xee, 0x66, 0x34, 0xad, 0x6b, 0x5a, 0xd6,
    0xb5, 0xad, 0x6b, 0x49, 0x9b, 0xbb, 0xbb, 0xbb, 0xbb, 0xbb, 0xbb, 0xbb, 0xbb, 0xbb, 0xbb, 0x99,
    0x99, 0xb9, 0x8d, 0x76, 0xda, 0xb7, 0x4b, 0xa5, 0x29, 0x49, 0x9b, 0xba, 0x52, 0x93, 0x77, 0x5d,
    0xb6, 0xd0, 0xb6, 0xdb, 0x56, 0xe6, 0xee, 0xee, 0xee, 0xee, 0xee, 0xee, 0xee, 0xee, 0xe6, 0x34,
    0xad, 0x6b, 0x5a, 0xd6, 0xb5, 0xad, 0x6b, 0x5a, 0xd6, 0xe3, 0x77, 0x77, 0x77, 0x77, 0x77, 0x77,
    0x77, 0x77, 0x77, 0x19, 0x99, 0x99, 0x87, 0x4d, 0xb6, 0xda, 0x69, 0x4a, 0x52, 0x94, 0xbb, 0xa5,
    0x29, 0x4a, 0x4c, 0xd2, 0xeb, 0xb6, 0xda, 0x16, 0xdb, 0x6d, 0xb5, 0x23, 0x77, 0x77, 0x77, 0x77,
    0x77, 0x77, 0x77, 0x30, 0xee, 0xb5, 0xad, 0x6b, 0x5a, 0xd6, 0xb5, 0xad, 0x6b, 0x5a, 0xd6, 0xb0,
    0xee, 0xee, 0xee, 0xee, 0xee, 0xee, 0xee, 0xee, 0x63, 0x18, 0x71, 0x98, 0xc6, 0x37, 0x5d, 0xb6,
    0xd4, 0x9a, 0x52, 0x94, 0xa5, 0xd2, 0x94, 0xa5, 0x2e, 0x66, 0xe9, 0xb6, 0xdb, 0x42, 0xdb, 0x6d,
    0xb6, 0xd4, 0xbb, 0xbb, 0x99, 0x99, 0x99, 0x99, 0x98, 0xc3, 0x9a, 0xd6, 0xb5, 0xad, 0x6b, 0x5a,
    0xd6, 0xb5, 0xad, 0x6b, 0x5a, 0xd6, 0xb3, 0x37, 0x18, 0xc3, 0x87, 0x19, 0x99, 0x99, 0x98, 0xc3,
    0x87, 0x0e, 0x69, 0x5a, 0xed, 0xb6, 0xdb, 0x6d, 0x5a, 0xcd, 0x29, 0x4a, 0x52, 0x94, 0xa5, 0xcc,
    0xcd, 0x36, 0xdb, 0x6d, 0x0b, 0x6d, 0xb6, 0xdb, 0x52, 0x69, 0x5d, 0xb6, 0xdb, 0x6d, 0xb4, 0xd6,
    0xb5, 0xad, 0x6b, 0x5a, 0xd6, 0xb5, 0xad, 0x6b, 0x5a, 0xd6, 0xb5, 0xad, 0x63, 0x77, 0x73, 0x33,
    0x1a, 0x57, 0x6d, 0xb6, 0xdb, 0x6d, 0xb6, 0xdb, 0x6d, 0xb6, 0xd5, 0x8d, 0xd2, 0x94, 0xa5, 0x2e,
    0x66, 0x63, 0x5d, 0xb6, 0xdb, 0x42, 0xdb, 0x6d, 0xb6, 0xdb, 0x6d, 0xb6, 0xdb, 0x6d, 0xb6, 0x8d,
    0x6b, 0x5a, 0xd6, 0xb5, 0xad, 0x6b, 0x5a, 0xd6, 0xb5, 0xad, 0x6b, 0x5a, 0xd6, 0xb0, 0xee, 0xee,
    0xee, 0xe6, 0x76, 0xdb, 0x6d, 0xb6, 0xdb, 0x6d, 0xb6, 0xdb, 0x6d, 0xab, 0x4b, 0xba, 0x5d, 0xdc,
    0xcc, 0xd2, 0xbb, 0x6d, 0xb6, 0x85, 0xb6, 0xdb, 0x6d, 0xb6, 0xdb, 0x6d, 0xb6, 0xdb, 0x6a, 0xc6,
    0xb5, 0xad, 0x6b, 0x5a, 0xd6, 0xb5, 0xad, 0x6b, 0x5a, 0xd6, 0xb5, 0xad, 0x6b, 0x5a, 0x43, 0xbb,
    0xbb, 0xbb, 0xb8, 0xd7, 0x6d, 0xb6, 0xdb, 0x6d, 0xb6, 0xdb, 0x6d, 0xb6, 0xdb, 0x68, 0xdc, 0xd7,
    0x6d, 0xb6, 0xdb, 0x6d, 0xa1, 0x6d, 0xb6, 0xdb, 0x6d, 0xb6, 0xdb, 0x6d, 0xb6, 0xda, 0x93, 0x5a,
    0xd6, 0xb5, 0xad, 0x6b, 0x5a, 0xd6, 0xb5, 0xad, 0x6b, 0x5a, 0xd6, 0xb5, 0xad, 0x66, 0x6e, 0xee,
    0xee, 0xee, 0x69, 0xb6, 0xdb, 0x6d, 0xb6, 0xdb, 0x6d, 0xb6, 0xdb, 0x6d, 0x33, 0x71, 0xae, 0xdb,
    0x6d, 0xb6, 0xdb, 0x42, 0xdb, 0x6d, 0xb6, 0xdb, 0x6d, 0xb6, 0xdb, 0x6d, 0xb5, 0x6e, 0xb5, 0xad,
    0x6b, 0x5a, 0xd6, 0xb5, 0xad, 0x6b, 0x5a, 0xd6, 0xb5, 0xad, 0x6b, 0x5a, 0xd2, 0x6e, 0xee, 0xee,
    0xee, 0xe3, 0x7b, 0x6d, 0xb6, 0xdb, 0x6d, 0xb6, 0xdb, 0x6d, 0xab, 0x33, 0x77, 0x1a, 0xed, 0xb6,
    0xdb, 0x6d, 0xb4, 0x2d, 0xb6, 0xdb, 0x6d, 0xb6, 0xdb, 0x6d, 0xb6, 0xdb, 0x56, 0x6b, 0x5a, 0xd6,
    0xb5, 0xad, 0x6b, 0x5a, 0xd6, 0xb5, 0xad, 0x6b, 0x5a, 0xd6, 0xb5, 0xad, 0x6e, 0xee, 0xee, 0xee,
    0xee, 0xee, 0x35, 0xdb, 0x6d, 0xb6, 0xdb, 0x6d, 0xb6, 0xda, 0xb3, 0x19, 0x99, 0x9a, 0xed, 0xb6,
    0xdb, 0x6d, 0xb4, 0x2d, 0xb6, 0xdb, 0x6d, 0xb6, 0xdb, 0x6d, 0xb6, 0xad, 0x23, 0x71, 0xad, 0x6b,
    0x5a, 0xd6, 0xb5, 0xad, 0x6b, 0x5a, 0xd6, 0xb5, 0xad, 0x6b, 0x5a, 0xd6, 0xb4, 0xb8, 0xdd, 0xdd,
    0xdd, 0xdd, 0xdd, 0xc6, 0x9b, 0x6d, 0xb6, 0xdb, 0x6d, 0xb6, 0xad, 0x20, 0xe6, 0x66, 0x61, 0xde,
    0xdb, 0x6d, 0xb6, 0xdb, 0x68, 0x5b, 0x6d, 0xb6, 0xdb, 0x6d, 0xb6, 0xdb, 0x6a, 0x4d, 0xdd, 0xdc,
    0xd6, 0xb5, 0xad, 0x6b, 0x5a, 0xd6, 0xb5, 0xad, 0x69, 0x4a, 0x52, 0x94, 0xa5, 0x29, 0x73, 0x77,
    0x4b, 0xbb, 0xbb, 0xbb, 0xbb, 0x87, 0x4d, 0xb6, 0xdb, 0x6d, 0xb6, 0xac, 0xc3, 0x8c, 0xcc, 0xcc,
    0x66, 0xbb, 0x6d, 0xb6, 0xdb, 0x6d, 0xa1, 0x6d, 0xb6, 0xdb, 0x6d, 0xb6, 0xdb, 0x6a, 0xdd, 0xdd,
    0xdd, 0xdc, 0xdd, 0x29, 0x4a, 0x52, 0x94, 0xa5, 0x29, 0x4a, 0x52, 0x94, 0xa5, 0x29, 0x4a, 0x5c,
    0x6e, 0x94, 0xa5, 0x2e, 0xee, 0xee, 0xee, 0xee, 0x1d, 0x2b, 0xb6, 0xd5, 0xad, 0x2e, 0x30, 0xe3,
    0x19, 0x99, 0x98, 0xdc, 0x6b, 0xb6, 0xdb, 0x6d, 0xb6, 0xdb, 0x42, 0xdb, 0x6d, 0xb6, 0xdb, 0x6d,
    0xb6, 0xa4, 0xd2, 0x94, 0xa5, 0x2e, 0xee, 0x37, 0x4a, 0x52, 0x94, 0xa5, 0x29, 0x4a, 0x52, 0x94,
    0xa5, 0x29, 0x4a, 0x52, 0x34, 0xa5, 0x29, 0x4a, 0x5d, 0xdd, 0xdd, 0xdd, 0xdc, 0xc1, 0xc6, 0x31,
    0x8c, 0x63, 0x18, 0xc6, 0x31, 0x8c, 0x63, 0x18, 0xc6, 0x63, 0x5d, 0xb6, 0xdb, 0x6d, 0xb6, 0xdb,
    0x42, 0xdb, 0x6d, 0xb6, 0xdb, 0x6d, 0xb5, 0x26, 0x94, 0xa5, 0x29, 0x77, 0x77, 0x31, 0x9a, 0x52,
    0x94, 0xa5, 0x29, 0x4a, 0x52, 0x94, 0xa5, 0x29, 0x4a, 0x52, 0x34, 0xa5, 0x29, 0x77, 0x77, 0x77,
    0x77, 0x77, 0x73, 0x18, 0x38, 0xc6, 0x31, 0x8c, 0x63, 0x18, 0xc6, 0x31, 0x8c, 0x39, 0x9a, 0x6d,
    0xb6, 0xdb, 0x6d, 0xb6, 0xdb, 0x68, 0x5b, 0x6d, 0xb6, 0xdb, 0x6d, 0xb5, 0x61, 0xd2, 0x94, 0xa5,
    0xdd, 0xdc, 0xcc, 0xcc, 0xc6, 0x69, 0x4a, 0x52, 0x94, 0xa5, 0x29, 0x4a, 0x52, 0x94, 0xa5, 0x21,
    0xdd, 0xdd, 0xdd, 0xdd, 0xdd, 0xdd, 0xdd, 0xcc, 0xcc, 0x38, 0xc6, 0x31, 0x8c, 0x63, 0x18, 0xc6,
    0x30, 0xe6, 0x66, 0xbb, 0x6d, 0xb6, 0xdb, 0x6d, 0xb6, 0xdb, 0x42, 0xdb, 0x6d, 0xb6, 0xdb, 0x6d,
    0xa9, 0x1b, 0xbb, 0xbb, 0x99, 0x99, 0x99, 0x99, 0x99, 0x8c, 0x3b, 0xa5, 0x29, 0x4a, 0x52, 0x94,
    0xa5, 0x29, 0x4a, 0x46, 0x6e, 0xee, 0xee, 0xee, 0xee, 0xee, 0x66, 0x66, 0x63, 0x0e, 0x31, 0x8c,
    0x63, 0x18, 0xc6, 0x37, 0x33, 0x5d, 0xb6, 0xdb, 0x6d, 0xb6, 0xdb, 0x6d, 0xb6, 0x85, 0xb6, 0xdb,
    0x6d, 0xb6, 0xdb, 0x56, 0x1c, 0xcc, 0xcc, 0xcc, 0xcc, 0xcc, 0xcc, 0xcc, 0xcc, 0xcc, 0x63, 0x0e,
    0x37, 0x4a, 0x52, 0x94, 0xa5, 0x29, 0x48, 0xc6, 0x66, 0x66, 0x66, 0x66, 0x66, 0x66, 0x66, 0x63,
    0x0e, 0x30, 0xe1, 0xc6, 0x66, 0xe3, 0x1a, 0x57, 0x6d, 0xb6, 0xdb, 0x6d, 0xb6, 0xdb, 0x6d, 0xb6,
    0x85, 0xb6, 0xdb, 0x6d, 0xb6, 0xdb, 0x6b, 0x87, 0x33, 0x33, 0x33, 0x33, 0x33, 0x33, 0x33, 0x33,
    0x19, 0x8c, 0x63, 0x33, 0x37, 0x33, 0x37, 0x77, 0x71, 0x87, 0x33, 0x33, 0x33, 0x33, 0x33, 0x33,
    0x33, 0x18, 0xdc, 0xcc, 0xc6, 0x6b, 0xb6, 0xdb, 0x6d, 0xb6, 0xdb, 0x6d, 0xb6, 0xdb, 0x6d, 0xb4,
    0x2d, 0xb6, 0xdb, 0x6d, 0xb6, 0xdb, 0x56, 0x30, 0xe3, 0x33, 0x33, 0x33, 0x33, 0x33, 0x31, 0x87,
    0x5a, 0xed, 0xb6, 0xdb, 0x6d, 0xb6, 0xdb, 0x56, 0x31, 0x99, 0x99, 0x99, 0x99, 0x99, 0x99, 0x8c,
    0xd2, 0xb5, 0xdb, 0x6d, 0xb6, 0xdb, 0x6d, 0xb6, 0xdb, 0x6d, 0xb6, 0xdb, 0x6d, 0xa1, 0x6d, 0xb6,
    0xdb, 0x6d, 0xb5, 0x6e, 0x33, 0x33, 0x18, 0xcc, 0xcc, 0xcc, 0xcc, 0xcc, 0xcc, 0x76, 0xdb, 0x6d,
    0xb6, 0xdb, 0x6d, 0xb6, 0xda, 0xb3, 0x33, 0x33, 0x33, 0x33, 0x33, 0x33, 0x35, 0xdb, 0x6d, 0xb6,
    0xdb, 0x6d, 0xb6, 0xdb, 0x6d, 0xb6, 0xdb, 0x6d, 0xb6, 0x85, 0xb6, 0xdb, 0x6d, 0xb5, 0x66, 0x97,
    0x34, 0xa4, 0xc6, 0xe6, 0x33, 0x33, 0x0e, 0x1c, 0x63, 0x74, 0xae, 0xdb, 0x6d, 0xb6, 0xdb, 0x6d,
    0xb6, 0xdb, 0x6a, 0xcc, 0xcc, 0xcc, 0xcc, 0xcc, 0xcc, 0xcc, 0x1c, 0x6b, 0xb6, 0xdb, 0x6d, 0xb6,
    0xdb, 0x6d, 0xb6, 0xdb, 0x6d, 0xb6, 0xdb, 0x42, 0xdb, 0x6d, 0xb6, 0xd5, 0xbb, 0xb8, 0xd2, 0x93,
    0x34, 0xb9, 0x9a, 0x57, 0x6d, 0xb6, 0xdb, 0x6d, 0xb6, 0xdb, 0x6d, 0xb6, 0xdb, 0x6d, 0xb6, 0xa4,
    0x66, 0x66, 0x66, 0x33, 0x31, 0x8c, 0x1c, 0xd2, 0xe6, 0xbb, 0x6d, 0xb6, 0xdb, 0x6d, 0xb6, 0xdb,
    0x6d, 0xb6, 0xdb, 0x6d, 0x0b, 0x6d, 0xb6, 0xdb, 0x6d, 0xa9, 0x4a, 0xd6, 0xe9, 0x5d, 0xb6, 0xdb,
    0x6d, 0xb6, 0xdb, 0x6d, 0xb6, 0xdb, 0x6d, 0xb6, 0xdb, 0x6d, 0xb6, 0xa4, 0x60, 0xe3, 0x1a, 0x56,
    0x30, 0x77, 0x74, 0xb8, 0x77, 0x4a, 0xed, 0xb6, 0xdb, 0x6d, 0xb6, 0xdb, 0x6d, 0xb6, 0xdb, 0x6d,
    0xb4, 0x2d, 0xb6, 0xdb, 0x6d, 0xb6, 0xdb, 0x6d, 0xb6, 0xdb, 0x6d, 0xb6, 0xdb, 0x6d, 0xb6, 0xdb,
    0x6d, 0xb6, 0xdb, 0x6d, 0xb6, 0xdb, 0x6d, 0xb5, 0x66, 0x37, 0x31, 0xad, 0xcc, 0xdd, 0x76, 0xdb,
    0x6d, 0xb6, 0xdb, 0x6d, 0xb6, 0xdb, 0x6d, 0xb6, 0xdb, 0x40, 0x20, 0xb0, 0x08, 0x2c, 0x02, 0x0b,
    0x00, 0x82, 0xc0, 0x20, 0xb0, 0x08, 0x2c, 0x02, 0x0b, 0x00, 0x82, 0xc0, 0x20, 0xb0, 0x08, 0x2c,
    0x02, 0x0b, 0x00, 0x82, 0xc0, 0x20, 0xb0, 0x08, 0x2c, 0x02, 0x0b, 0x08
};

const HuffmanFrequency SPRITE_03_FREQS[] = {
    {0x0a, 51},
    {0x23, 28},
    {0x25, 16},
    {0x2a, 75},
    {0x2b, 245},
    {0x2d, 771},
    {0x2e, 357},
    {0x3a, 297},
    {0x3d, 548},
    {0x40, 5},
    {0x80, 15},
    {0xa0, 2673},
    {0xc2, 2658},
    {0xe2, 15}
};
}

const HuffmanEncodedSprite SPRITE_03 = {
    SPRITE_03_BYTES,
    static_cast<int>(sizeof(SPRITE_03_BYTES) / sizeof(SPRITE_03_BYTES[0])),
    19294,
    7754,
    SPRITE_03_FREQS,
    static_cast<int>(sizeof(SPRITE_03_FREQS) / sizeof(SPRITE_03_FREQS[0]))
};

namespace
{
const unsigned char SPRITE_04_BYTES[] = {
    0xee, 0xee, 0xee, 0xee, 0xee, 0xee, 0xee, 0xee, 0xee, 0xee, 0xee, 0xee, 0xee, 0xee, 0xee, 0xee,
    0xee, 0xee, 0xee, 0xee, 0xee, 0xee, 0xee, 0xee, 0xee, 0xee, 0xee, 0xee, 0xee, 0x63, 0xbb, 0xbb,
    0xbb, 0xbb, 0xbb, 0xbb, 0xbb, 0xbb, 0xbb, 0xbb, 0xbb, 0xbb, 0xbb, 0xbb, 0xbb, 0xbb, 0xbb, 0xbb,
    0xbb, 0x94, 0x05, 0xee, 0xee, 0xee, 0xee, 0xee, 0xee, 0xee, 0xee, 0xee, 0xee, 0xee, 0xee, 0xee,
    0xee, 0xee, 0xee, 0xee, 0xee, 0xee, 0xee, 0xee, 0xee, 0xee, 0xee, 0xee, 0xee, 0xee, 0xee, 0xe6,
    0x3b, 0xbb, 0xbb, 0xbb, 0xbb, 0xbb, 0xbb, 0xbb, 0xbb, 0xbb, 0xbb, 0xbb, 0xbb, 0xbb, 0xbb, 0xbb,
    0xbb, 0xb9, 0x1c, 0x38, 0x2e, 0xe1, 0xd1, 0x11, 0x55, 0x7b, 0xbb, 0xbb, 0xbb, 0xbb, 0xbb, 0xbb,
    0xbb, 0xbb, 0xbb, 0xbb, 0xbb, 0xbb, 0xbb, 0xbb, 0xbb, 0xbb, 0xbb, 0xbb, 0xbb, 0xbb, 0xbb, 0xbb,
    0xbb, 0xb9, 0x8e, 0xee, 0xee, 0xee, 0xee, 0xee, 0xee, 0xee, 0xee, 0xee, 0xee, 0xee, 0xee, 0xee,
    0xee, 0xee, 0xee, 0xee, 0x47, 0x77, 0x24, 0x07, 0x77, 0x72, 0x5c, 0x14, 0xee, 0xee, 0xee, 0xee,
    0xee, 0xee, 0xee, 0xee, 0xee, 0xee, 0xee, 0xee, 0xee, 0xee, 0xee, 0xee, 0xee, 0xee, 0xee, 0xee,
    0xee, 0xee, 0xee, 0xe6, 0x3b, 0xbb, 0xbb, 0xbb, 0xbb, 0xbb, 0xbb, 0xbb, 0xbb, 0xbb, 0xbb, 0xbb,
    0xbb, 0xbb, 0x90, 0x03, 0xdd, 0xdc, 0x40, 0x00, 0x00, 0x09, 0x00, 0x02, 0x03, 0xaf, 0x77, 0x77,
    0x77, 0x77, 0x77, 0x77, 0x77, 0x77, 0x77, 0x77, 0x77, 0x77, 0x77, 0x77, 0x77, 0x77, 0x77, 0x77,
    0x77, 0x77, 0x77, 0x73, 0x1d, 0xdd, 0xdd, 0xdd, 0xdd, 0xdd, 0xdd, 0xdd, 0xdd, 0xdd, 0xdd, 0xdc,
    0xa8, 0xe0, 0x82, 0x9d, 0xdd, 0xdc, 0xa0, 0x00, 0x00, 0x00, 0x00, 0x48, 0x00, 0x07, 0x1d, 0xdd,
    0xdd, 0xdd, 0xdd, 0xdd, 0xdd, 0xdd, 0xdd, 0xca, 0x02, 0xf7, 0x77, 0x77, 0x77, 0x77, 0x77, 0x77,
    0x77, 0x77, 0x77, 0x31, 0xdd, 0xdd, 0xdd, 0xdd, 0xdd, 0xdd, 0xdd, 0xca, 0xe1, 0xc0, 0x00, 0x00,
    0x0b, 0x2b, 0xdd, 0xdd, 0xdd, 0xce, 0xee, 0x00, 0x00, 0x00, 0x00, 0x00, 0x2b, 0x80, 0x1c, 0x2f,
    0x77, 0x77, 0x77, 0x77, 0x77, 0x77, 0x77, 0x38, 0x29, 0xdd, 0xdd, 0xdd, 0xdd, 0xdd, 0xdd, 0xdd,
    0xdd, 0xdd, 0xcc, 0x77, 0x77, 0x77, 0x77, 0x77, 0x77, 0x72, 0xb9, 0x04, 0xb2, 0xd6, 0xb2, 0xcb,
    0x2d, 0x64, 0x95, 0xee, 0xee, 0xee, 0xee, 0xe5, 0x01, 0xdc, 0x00, 0x00, 0x00, 0x00, 0xbd, 0xdc,
    0x8b, 0xdd, 0xdd, 0xdd, 0xdd, 0xdd, 0xdd, 0xdd, 0xdd, 0xce, 0x0b, 0x2b, 0xdd, 0xdd, 0xdd, 0xdd,
    0xdd, 0xdd, 0xdd, 0xdd, 0xcc, 0x77, 0x77, 0x77, 0x77, 0x77, 0x72, 0x02, 0xcb, 0x59, 0x24, 0x92,
    0x4b, 0x2d, 0x6b, 0x21, 0x3b, 0xbb, 0xbb, 0xbb, 0xbb, 0xbb, 0xbb, 0x95, 0x08, 0x00, 0x00, 0x0a,
    0xf7, 0x77, 0x77, 0x77, 0x77, 0x77, 0x77, 0x77, 0x77, 0x77, 0x77, 0x02, 0x59, 0x25, 0xd7, 0xbb,
    0xbb, 0xbb, 0xbb, 0xbb, 0xbb, 0xb9, 0x8e, 0xee, 0xee, 0xee, 0x50, 0x0b, 0x59, 0x24, 0x92, 0x49,
    0x24, 0xb2, 0xc9, 0x69, 0x2b, 0xdd, 0xdd, 0xdd, 0xdd, 0xdd, 0xdd, 0xdd, 0xdc, 0xe0, 0x00, 0x00,
    0x7e, 0xee, 0xee, 0xee, 0xee, 0xee, 0xee, 0xee, 0xee, 0xee, 0xee, 0x72, 0xd6, 0xb5, 0xad, 0x69,
    0x05, 0x7b, 0xbb, 0xbb, 0xbb, 0xbb, 0xb9, 0x8e, 0xee, 0xee, 0x52, 0x1a, 0xc9, 0x24, 0x92, 0x49,
    0x24, 0x96, 0x59, 0x69, 0x2d, 0x01, 0x7b, 0xbb, 0xbb, 0xbb, 0xbb, 0xbb, 0xbb, 0xb9, 0x1c, 0x00,
    0x00, 0x0b, 0xdd, 0xdd, 0xdd, 0xdd, 0xdd, 0xdd, 0xdd, 0xdd, 0xdc, 0xa5, 0x96, 0xb5, 0xad, 0x6b,
    0x5a, 0xcb, 0x24, 0xa7, 0x77, 0x77, 0x77, 0x77, 0x73, 0x1d, 0xdd, 0xdc, 0x03, 0x59, 0x24, 0x92,
    0x49, 0x24, 0x92, 0x59, 0x65, 0x92, 0x59, 0x20, 0x77, 0x77, 0x77, 0x77, 0x77, 0x77, 0x77, 0x72,
    0x87, 0x00, 0x00, 0x17, 0xbb, 0xbb, 0xbb, 0xbb, 0xbb, 0xbb, 0xbb, 0xbb, 0x94, 0xb5, 0xad, 0x6b,
    0x5a, 0xd6, 0x59, 0x24, 0xb2, 0x4a, 0xf7, 0x77, 0x77, 0x77, 0x31, 0xdd, 0xca, 0x03, 0x49, 0x24,
    0x92, 0x49, 0x24, 0x92, 0x59, 0x64, 0x92, 0x59, 0x21, 0x3b, 0xbb, 0xbb, 0xbb, 0xbb, 0xbb, 0xbb,
    0xb8, 0x3b, 0x80, 0x00, 0x1d, 0xdd, 0xdd, 0xdd, 0xdd, 0xdd, 0xdd, 0xdd, 0xca, 0x1a, 0xd6, 0xb2,
    0xcb, 0x5a, 0xcb, 0x2c, 0x92, 0x49, 0x64, 0x85, 0xee, 0xee, 0xee, 0x63, 0xb9, 0x41, 0x69, 0x24,
    0x92, 0x49, 0x24, 0x92, 0x49, 0x64, 0xb2, 0x49, 0x2c, 0x90, 0x5d, 0x3b, 0xbb, 0xbb, 0xbb, 0xbb,
    0xbb, 0x83, 0xbb, 0x80, 0x00, 0x7e, 0xee, 0xee, 0xee, 0xee, 0xee, 0xee, 0xe5, 0x0d, 0x6b, 0x2c,
    0x96, 0x59, 0x65, 0x96, 0x59, 0x24, 0x92, 0x4b, 0x2c, 0x92, 0xfd, 0xdc, 0xc7, 0x70, 0x2c, 0x92,
    0x49, 0x24, 0x92, 0x49, 0x24, 0x92, 0xcb, 0x2c, 0x92, 0x49, 0x65, 0xad, 0x6b, 0x24, 0x05, 0xee,
    0xee, 0xee, 0xee, 0x0e, 0xee, 0xe0, 0x00, 0x3b, 0xbb, 0xbb, 0xbb, 0xbb, 0xbb, 0x94, 0x06, 0x5a,
    0xd6, 0x49, 0x65, 0x96, 0x59, 0x65, 0x92, 0x49, 0x24, 0x92, 0xcb, 0x4a, 0x77, 0x30, 0xa1, 0x96,
    0x92, 0x49, 0x64, 0xa2, 0xaa, 0xaa, 0x82, 0x49, 0x25, 0x96, 0x49, 0x24, 0x96, 0x5a, 0xd6, 0xb5,
    0xad, 0x64, 0x14, 0xee, 0xee, 0xe0, 0xee, 0xee, 0xe0, 0x02, 0xbd, 0xdd, 0xdd, 0xdc, 0xa0, 0x92,
    0x5a, 0xd6, 0xb2, 0x49, 0x2d, 0x65, 0x96, 0x59, 0x24, 0x92, 0x49, 0x24, 0xb4, 0x77, 0x30, 0xe5,
    0xad, 0x64, 0xb2, 0x7b, 0xbb, 0xbb, 0xbb, 0xbb, 0x94, 0x92, 0x4b, 0x49, 0x24, 0x92, 0x5a, 0xd6,
    0xb5, 0xad, 0x6b, 0x5a, 0x41, 0x23, 0x8b, 0xbb, 0xbb, 0xb8, 0x00, 0xa9, 0x25, 0x92, 0x59, 0x6b,
    0x5a, 0xd6, 0xb5, 0xad, 0x64, 0x92, 0x5a, 0xcb, 0x2c, 0xb5, 0x92, 0x49, 0x24, 0x92, 0x59, 0x65,
    0xf9, 0x82, 0xd6, 0xb5, 0xac, 0xaf, 0x77, 0x77, 0x77, 0x77, 0x77, 0x77, 0x39, 0x2d, 0x64, 0x92,
    0x49, 0x65, 0x96, 0x5a, 0xd6, 0xb5, 0xad, 0x6b, 0x5a, 0xd2, 0x49, 0x77, 0x77, 0x77, 0x77, 0x00,
    0x32, 0x49, 0x6b, 0x5a, 0xd6, 0xb5, 0xad, 0x6b, 0x5a, 0xd2, 0x49, 0x65, 0xad, 0x6b, 0x5a, 0xd2,
    0x49, 0x24, 0x92, 0x59, 0x69, 0x56, 0x0b, 0x5a, 0xd7, 0xee, 0xee, 0xee, 0xee, 0xee, 0xee, 0xee,
    0xee, 0x46, 0x5a, 0xd2, 0xcb, 0x4b, 0xaf, 0x72, 0xbb, 0x2d, 0x6b, 0x5a, 0xcb, 0x21, 0xdd, 0xdc,
    0x07, 0x77, 0x77, 0x77, 0x77, 0x00, 0x16, 0x5a, 0xd6, 0xb5, 0xad, 0x6b, 0x5a, 0xd6, 0xb2, 0x49,
    0x2d, 0x6b, 0x5a, 0xd2, 0xbc, 0x85, 0x92, 0x49, 0x25, 0x96, 0xb2, 0x8c, 0x16, 0xb5, 0xfb, 0xbb,
    0xbb, 0xbb, 0xbb, 0xbb, 0xbb, 0xbb, 0xbb, 0x90, 0x96, 0x57, 0xbb, 0xbb, 0x94, 0x3b, 0xbb, 0xbb,
    0xbb, 0xbb, 0xbb, 0xbb, 0xbb, 0xa3, 0xbb, 0xbb, 0xbb, 0xb8, 0x01, 0xdd, 0xdd, 0xdd, 0xdd, 0xd3,
    0x95, 0xc9, 0x25, 0xad, 0x6b, 0x2b, 0xdd, 0xca, 0x80, 0xb2, 0xc9, 0x2c, 0xb5, 0xad, 0x76, 0x03,
    0x23, 0xbb, 0xbb, 0xbb, 0xbb, 0xbb, 0xbb, 0xbb, 0xbb, 0xbb, 0xb9, 0x07, 0x77, 0x77, 0x28, 0x77,
    0x70, 0xaa, 0xa8, 0xd6, 0xb2, 0x00, 0x0e, 0xee, 0x8e, 0xee, 0xee, 0xee, 0xe0, 0x00, 0xcb, 0x2e,
    0xaa, 0x1d, 0xdd, 0xd7, 0xb9, 0xc9, 0x6b, 0x59, 0x5e, 0xee, 0xe4, 0x25, 0xd1, 0x43, 0x5a, 0xd6,
    0xb4, 0xb0, 0x85, 0x3b, 0xbb, 0xbb, 0xbb, 0xbb, 0xbb, 0xbb, 0xbb, 0xbb, 0xbb, 0xbb, 0xb9, 0x51,
    0xc3, 0xbb, 0x85, 0xee, 0xee, 0xe4, 0x69, 0x01, 0xdd, 0xd1, 0xd5, 0x55, 0x55, 0x55, 0x00, 0x01,
    0xad, 0x5e, 0xee, 0xee, 0x77, 0x77, 0x08, 0xa8, 0xcb, 0x47, 0x77, 0x77, 0x73, 0x90, 0x8a, 0x9d,
    0xc5, 0xad, 0x69, 0x63, 0x9c, 0x77, 0x77, 0x77, 0x77, 0x77, 0x77, 0x77, 0x77, 0x77, 0x77, 0x72,
    0xbb, 0x87, 0x77, 0x77, 0x77, 0xee, 0xee, 0x50, 0xee, 0xee, 0xe1, 0x15, 0x55, 0x55, 0x55, 0x55,
    0x55, 0x1c, 0x11, 0xdd, 0xdd, 0xdd, 0xce, 0xee, 0xee, 0xee, 0xef, 0xdd, 0xdd, 0xdd, 0xc8, 0x1d,
    0x55, 0x7b, 0x95, 0xad, 0x6b, 0x2c, 0x77, 0x77, 0x77, 0x77, 0x77, 0x77, 0x77, 0x77, 0x77, 0x77,
    0x77, 0x77, 0x39, 0x08, 0xee, 0x00, 0x71, 0xdd, 0xca, 0xee, 0xee, 0xe1, 0x15, 0x55, 0x55, 0x55,
    0x55, 0x55, 0x55, 0x11, 0x00, 0x5e, 0xee, 0xe5, 0x0e, 0xee, 0xee, 0x03, 0xb8, 0xee, 0xee, 0xee,
    0x54, 0x0e, 0xea, 0x9d, 0xc1, 0xac, 0x96, 0x3b, 0xbb, 0xbb, 0xbb, 0xbb, 0xbb, 0xbb, 0xbb, 0xbb,
    0xbb, 0xbb, 0xbb, 0xbb, 0xb8, 0x13, 0xdc, 0xe4, 0x77, 0x3b, 0xbb, 0xbb, 0x85, 0x55, 0x55, 0x55,
    0x55, 0x55, 0x55, 0x55, 0x44, 0x44, 0x03, 0xbb, 0xb9, 0xd9, 0x08, 0xae, 0xe1, 0x51, 0xd7, 0xbb,
    0xb9, 0x51, 0x55, 0xc0, 0x75, 0xee, 0xe6, 0x80, 0xc7, 0x77, 0x77, 0x77, 0x77, 0x77, 0x77, 0x77,
    0x77, 0x77, 0x77, 0x77, 0x77, 0x77, 0x72, 0xaf, 0x72, 0xaf, 0x72, 0x3b, 0xbb, 0xbb, 0xaa, 0xaa,
    0xaa, 0xaa, 0xaa, 0xaa, 0xaa, 0xaa, 0xa2, 0x22, 0x20, 0x7e, 0xee, 0xe5, 0x5e, 0x52, 0x5d, 0x7b,
    0xbb, 0xbb, 0xbb, 0x9d, 0xd1, 0x11, 0xc2, 0xf7, 0x70, 0x2a, 0xc7, 0x77, 0x77, 0x77, 0x77, 0x77,
    0x77, 0x77, 0x77, 0x77, 0x77, 0x77, 0x77, 0x77, 0x77, 0x77, 0x77, 0x2b, 0xbb, 0xbb, 0xbb, 0x84,
    0x55, 0x55, 0x55, 0x55, 0x55, 0x55, 0x55, 0x54, 0x44, 0x44, 0x47, 0x3d, 0xdd, 0xdd, 0xdd, 0xdd,
    0xdd, 0xdd, 0xdd, 0xdd, 0xdc, 0xe1, 0xc2, 0xaa, 0x80, 0x17, 0x87, 0x73, 0x1d, 0xdd, 0xdd, 0xdd,
    0xdd, 0xdd, 0xdd, 0xdd, 0xdd, 0xdd, 0xdd, 0xca, 0xaa, 0xab, 0xdd, 0xdc, 0xa1, 0xdd, 0xdd, 0xdd,
    0xdc, 0x2a, 0xaa, 0xaa, 0xaa, 0xaa, 0xaa, 0xaa, 0xaa, 0x23, 0xbb, 0xa2, 0x21, 0x2b, 0xdd, 0xdd,
    0xdd, 0xdd, 0xdd, 0xdd, 0xdd, 0xdd, 0xca, 0xaa, 0x88, 0xaa, 0x8a, 0xe9, 0xdd, 0xdc, 0xc7, 0x77,
    0x77, 0x77, 0x77, 0x77, 0x77, 0x77, 0x77, 0x2a, 0x02, 0x01, 0x24, 0x92, 0x48, 0x77, 0x77, 0x77,
    0x77, 0x72, 0x88, 0xaa, 0xaa, 0xaa, 0xaa, 0xaa, 0xa8, 0x88, 0xee, 0xee, 0x88, 0x84, 0x10, 0xbd,
    0xdd, 0xdd, 0xdd, 0xdd, 0xdd, 0xdd, 0xdc, 0xaa, 0xaa, 0xaa, 0xa8, 0xef, 0xdd, 0xdd, 0xcc, 0x77,
    0x77, 0x77, 0x77, 0x77, 0x77, 0x77, 0x72, 0x80, 0x09, 0x24, 0x92, 0x49, 0x2e, 0xe8, 0xee, 0xee,
    0xee, 0xee, 0x5d, 0xd1, 0x11, 0x11, 0x55, 0x55, 0x11, 0x1d, 0xdd, 0xdd, 0xdd, 0xdc, 0xbb, 0xb8,
    0x0b, 0xdd, 0xdd, 0xdd, 0xdd, 0xdd, 0xdd, 0xca, 0x88, 0xe4, 0x05, 0xee, 0xee, 0xee, 0xe6, 0x3b,
    0xbb, 0xbb, 0xbb, 0xbb, 0xbb, 0xb9, 0x40, 0x00, 0x00, 0x00, 0x00, 0x06, 0x5d, 0xd1, 0xdd, 0xdd,
    0xdd, 0xdc, 0x32, 0xee, 0xee, 0xe8, 0x88, 0x88, 0xe8, 0x88, 0x88, 0x88, 0xee, 0xee, 0x1d, 0xdd,
    0xdd, 0xc3, 0xf7, 0x77, 0x77, 0x77, 0x77, 0x77, 0x77, 0x02, 0x9d, 0xdd, 0xdd, 0xdd, 0xdd, 0xcc,
    0x77, 0x77, 0x77, 0x77, 0x77, 0x77, 0x20, 0x00, 0x00, 0x00, 0x00, 0x00, 0x5d, 0xd1, 0x1d, 0xdd,
    0xdd, 0xc0, 0x05, 0x11, 0x11, 0x11, 0x11, 0x11, 0x11, 0x11, 0x11, 0x11, 0x11, 0x00, 0x77, 0x77,
    0x77, 0x77, 0x0b, 0xdd, 0xdd, 0xdd, 0xdd, 0xca, 0x49, 0xee, 0xee, 0xee, 0xee, 0xee, 0xee, 0x63,
    0xbb, 0xbb, 0xbb, 0xbb, 0xbb, 0x90, 0x80, 0x00, 0x00, 0x00, 0x49, 0x24, 0x3b, 0xbb, 0xbb, 0xb8,
    0x00, 0x04, 0x44, 0x44, 0x44, 0x44, 0x44, 0x44, 0x44, 0x44, 0x44, 0x47, 0x01, 0xdd, 0xdd, 0xdd,
    0xdd, 0xdc, 0x27, 0x2a, 0xa2, 0x02, 0x09, 0x7e, 0xee, 0xee, 0xee, 0xee, 0xee, 0xee, 0x63, 0xbb,
    0xbb, 0xbb, 0xbb, 0xbb, 0x99, 0x24, 0x92, 0x49, 0x24, 0x92, 0x48, 0x01, 0xdd, 0xc0, 0x00, 0x07,
    0x44, 0x44, 0x44, 0x77, 0x77, 0x44, 0x44, 0x44, 0x44, 0x47, 0x00, 0x00, 0xee, 0xee, 0xee, 0xee,
    0xe0, 0x80, 0x09, 0x24, 0x05, 0xee, 0xee, 0xee, 0xee, 0xee, 0xee, 0xee, 0x63, 0xbb, 0xbb, 0xbb,
    0xbb, 0xbb, 0x95, 0x92, 0x49, 0x24, 0x92, 0x49, 0x20, 0x00, 0x00, 0x00, 0x12, 0x1d, 0xdd, 0xdd,
    0xdd, 0xdd, 0xdd, 0xdd, 0xdd, 0xc1, 0x24, 0xb2, 0x48, 0x00, 0x3b, 0xb8, 0x00, 0x06, 0x49, 0x00,
    0x84, 0xee, 0xee, 0xee, 0xee, 0xee, 0xee, 0xee, 0xee, 0xe6, 0x3b, 0xbb, 0xbb, 0xbb, 0xbb, 0xbb,
    0x94, 0x00, 0x00, 0x00, 0x00, 0x08, 0x00, 0x00, 0x01, 0x2e, 0xee, 0xee, 0xee, 0xee, 0xee, 0x08,
    0x45, 0x70, 0x48, 0x00, 0x00, 0x01, 0x20, 0x00, 0x00, 0x04, 0x04, 0x5e, 0xee, 0xee, 0xee, 0xee,
    0xee, 0xee, 0xee, 0xee, 0xee, 0xee, 0x63, 0xbb, 0xbb, 0xbb, 0xbb, 0xbb, 0xbb, 0xbb, 0x90, 0x00,
    0x00, 0x00, 0x12, 0x00, 0x00, 0x00, 0xcb, 0xbb, 0xaf, 0x77, 0x77, 0x77, 0x77, 0x77, 0x77, 0x77,
    0x77, 0x77, 0x72, 0xa3, 0xbb, 0x90, 0x01, 0x20, 0x90, 0xeb, 0xdd, 0xdd, 0xdd, 0xdd, 0xdd, 0xdd,
    0xdd, 0xdd, 0xdd, 0xdd, 0xdd, 0xcc, 0x77, 0x77, 0x77, 0x77, 0x77, 0x77, 0x77, 0x77, 0x77, 0x77,
    0x77, 0x72, 0x87, 0x77, 0x00, 0x00, 0x03, 0xf7, 0x77, 0x77, 0x77, 0x77, 0x77, 0x77, 0x77, 0x77,
    0x77, 0x77, 0x77, 0x77, 0x77, 0x72, 0x80, 0x00, 0x00, 0x10, 0x13, 0xbb, 0xbb, 0xbb, 0xbb, 0xbb,
    0xbb, 0xbb, 0xbb, 0xbb, 0xbb, 0xb9, 0x8e, 0xee, 0xee, 0xee, 0xee, 0xee, 0xee, 0xee, 0xee, 0xee,
    0xee, 0xee, 0x57, 0x52, 0x11, 0xc9, 0x72, 0x9d, 0xdd, 0xdd, 0xdd, 0xdd, 0xdd, 0xdd, 0xdd, 0xdd,
    0xdd, 0xdd, 0xdd, 0xdd, 0xdd, 0xdd, 0xdd, 0xdd, 0xca, 0x8e, 0xe8, 0xe8, 0xe8, 0x9d, 0xdd, 0xdd,
    0xdd, 0xdd, 0xdd, 0xdd, 0xdd, 0xdd, 0xdd, 0xdc, 0xc7, 0x77, 0x77, 0x77, 0x77, 0x77, 0x77, 0x77,
    0x77, 0x77, 0x77, 0x77, 0x2b, 0xa2, 0xba, 0x3a, 0x3a, 0x05, 0xee, 0xee, 0xee, 0xee, 0xee, 0xee,
    0xee, 0xee, 0xee, 0xee, 0xee, 0xee, 0xee, 0xee, 0xee, 0xee, 0xee, 0xee, 0xee, 0xee, 0xe5, 0xee,
    0xee, 0xee, 0xee, 0xee, 0xee, 0xee, 0xee, 0xee, 0xee, 0xee, 0xe6, 0x3b, 0xbb, 0xbb, 0xbb, 0xbb,
    0xbb, 0xbb, 0xbb, 0xbb, 0xbb, 0xbb, 0xbb, 0xbb, 0xb9, 0x17, 0xbb, 0xb9, 0x7b, 0xbb, 0xbb, 0xbb,
    0xbb, 0xbb, 0xbb, 0xbb, 0xbb, 0xbb, 0xbb, 0xbb, 0xbb, 0xbb, 0xbb, 0xbb, 0xbb, 0xbb, 0xbb, 0xbb,
    0xbb, 0xbb, 0xbb, 0xbb, 0xbb, 0xbb, 0xbb, 0xbb, 0xbb, 0xbb, 0xbb, 0xbb, 0xbb, 0x98
};

const HuffmanFrequency SPRITE_04_FREQS[] = {
    {0x0a, 41},
    {0x23, 171},
    {0x2a, 127},
    {0x2b, 460},
    {0x2d, 417},
    {0x2e, 265},
    {0x3a, 201},
    {0x3d, 459},
    {0xa0, 1958},
    {0xc2, 1958}
};
}

const HuffmanEncodedSprite SPRITE_04 = {
    SPRITE_04_BYTES,
    static_cast<int>(sizeof(SPRITE_04_BYTES) / sizeof(SPRITE_04_BYTES[0])),
    15984,
    6057,
    SPRITE_04_FREQS,
    static_cast<int>(sizeof(SPRITE_04_FREQS) / sizeof(SPRITE_04_FREQS[0]))
};

namespace
{
const unsigned char SPRITE_05_BYTES[] = {
    0x17, 0xbb, 0xbb, 0xbb, 0xbb, 0xbb, 0xbb, 0xbb, 0xbb, 0xbb, 0xbb, 0xbb, 0xbb, 0xbb, 0xbb, 0xbb,
    0xb8, 0x26, 0xc6, 0x49, 0x24, 0x92, 0x44, 0x36, 0x10, 0xf7, 0x77, 0x77, 0x77, 0x77, 0x77, 0x77,
    0x77, 0x77, 0x77, 0x77, 0x77, 0x77, 0x77, 0x77, 0x77, 0x77, 0x77, 0x77, 0x77, 0x77, 0x77, 0x77,
    0x77, 0x77, 0x0b, 0xdd, 0xdd, 0xdd, 0xdd, 0xdd, 0xdd, 0xdd, 0xdd, 0xdd, 0xdd, 0xdd, 0xdd, 0xdd,
    0xc1, 0x36, 0x46, 0x66, 0x66, 0x69, 0x24, 0x92, 0x49, 0x24, 0x88, 0x68, 0x3d, 0xdd, 0xdd, 0xdd,
    0xdd, 0xdd, 0xdd, 0xdd, 0xdd, 0xdd, 0xdd, 0xdd, 0xdd, 0xdd, 0xdd, 0xdd, 0xdd, 0xdd, 0xdd, 0xdd,
    0xdd, 0xdd, 0xdd, 0xc2, 0xf7, 0x77, 0x77, 0x77, 0x77, 0x77, 0x77, 0x77, 0x77, 0x77, 0x77, 0x77,
    0x71, 0x93, 0x33, 0x33, 0x33, 0x34, 0x92, 0x49, 0x24, 0x92, 0x49, 0x24, 0x91, 0x1f, 0x77, 0x77,
    0x77, 0x77, 0x77, 0x77, 0x77, 0x77, 0x77, 0x77, 0x77, 0x77, 0x77, 0x77, 0x77, 0x77, 0x77, 0x77,
    0x77, 0x77, 0x77, 0x70, 0xbd, 0xdd, 0xdd, 0xdd, 0xdd, 0xdd, 0xdd, 0xdd, 0xdd, 0xdd, 0xdd, 0xdc,
    0x64, 0x92, 0x33, 0x33, 0x34, 0x92, 0x49, 0x24, 0x93, 0x49, 0x24, 0x92, 0x6d, 0x8c, 0x3d, 0xdd,
    0xdd, 0xdd, 0xdd, 0xdd, 0xdd, 0xdd, 0xdd, 0xdd, 0xdd, 0xdd, 0xdd, 0xdd, 0xdd, 0xdd, 0xdd, 0xdd,
    0xdd, 0xdd, 0xdd, 0xc2, 0xf7, 0x77, 0x77, 0x77, 0x77, 0x77, 0x77, 0x77, 0x77, 0x77, 0x77, 0x36,
    0x89, 0x24, 0x92, 0x49, 0x24, 0x92, 0x49, 0xa4, 0x92, 0x49, 0xb6, 0xdb, 0x6c, 0x61, 0xee, 0xee,
    0xee, 0xee, 0xee, 0xee, 0xee, 0xee, 0xee, 0xee, 0xee, 0xee, 0xee, 0xee, 0xee, 0xee, 0xee, 0xee,
    0xee, 0xee, 0x17, 0xbb, 0xbb, 0xbb, 0xbb, 0xbb, 0xbb, 0xbb, 0xbb, 0xbb, 0xbb, 0xb8, 0x6d, 0xa4,
    0x92, 0x49, 0x24, 0x92, 0x49, 0x1a, 0x26, 0x1e, 0x0b, 0x1a, 0x6d, 0xb6, 0xdb, 0x18, 0x7b, 0xbb,
    0xbb, 0xbb, 0xbb, 0xbb, 0xbb, 0xbb, 0xbb, 0xbb, 0xbb, 0xbb, 0xbb, 0xbb, 0xbb, 0xbb, 0xbb, 0xbb,
    0xbb, 0xb8, 0x5e, 0xee, 0xee, 0xee, 0xee, 0xee, 0xee, 0xee, 0xee, 0xee, 0xe0, 0x92, 0x1b, 0x49,
    0x24, 0x92, 0x49, 0x24, 0x92, 0x42, 0x44, 0x10, 0x42, 0x12, 0x12, 0x36, 0xdb, 0x6d, 0xb6, 0x41,
    0xee, 0xee, 0xee, 0xee, 0xee, 0xee, 0xee, 0xee, 0xee, 0xee, 0xee, 0xee, 0xee, 0xee, 0xee, 0xee,
    0xee, 0xee, 0xee, 0x17, 0xbb, 0xbb, 0xbb, 0xbb, 0xbb, 0xbb, 0xbb, 0xbb, 0xbb, 0xb9, 0x0c, 0x43,
    0x49, 0x24, 0x92, 0x49, 0x24, 0x92, 0x40, 0x12, 0x20, 0x40, 0x81, 0x02, 0x44, 0x89, 0x1b, 0x6d,
    0xb6, 0xdb, 0x63, 0xee, 0xee, 0xee, 0xee, 0xee, 0xee, 0xee, 0xee, 0xee, 0xee, 0xee, 0xee, 0xee,
    0xee, 0xee, 0xee, 0xee, 0xee, 0xee, 0x17, 0xbb, 0xbb, 0xbb, 0xbb, 0xbb, 0xbb, 0xbb, 0xbb, 0xbb,
    0x82, 0x01, 0x22, 0x52, 0x49, 0x24, 0x92, 0x49, 0x24, 0x93, 0x12, 0x20, 0x40, 0x81, 0x02, 0x00,
    0x32, 0x1b, 0x6d, 0xb6, 0xdb, 0x64, 0xbb, 0xbb, 0xbb, 0xbb, 0xbb, 0xbb, 0xbb, 0xbb, 0xbb, 0xbb,
    0xbb, 0xbb, 0xbb, 0xbb, 0xbb, 0xbb, 0xbb, 0xbb, 0xb8, 0x5e, 0xee, 0xee, 0xee, 0xee, 0xee, 0xee,
    0xee, 0xee, 0xee, 0x08, 0xc8, 0x92, 0x49, 0x24, 0x92, 0x49, 0x24, 0x91, 0x09, 0x12, 0x20, 0x40,
    0x80, 0x11, 0x21, 0xb6, 0xdb, 0x6d, 0xb6, 0xdf, 0x77, 0x77, 0x77, 0x77, 0x77, 0x77, 0x77, 0x77,
    0x77, 0x77, 0x77, 0x77, 0x77, 0x77, 0x77, 0x77, 0x77, 0x77, 0x0b, 0xdd, 0xdd, 0xdd, 0xdd, 0xdd,
    0xdd, 0xdd, 0xdd, 0xdc, 0x16, 0x00, 0x24, 0x92, 0x49, 0x24, 0x92, 0x49, 0x24, 0xc6, 0x44, 0x32,
    0x6c, 0x66, 0x36, 0xdb, 0x6d, 0xb6, 0xd9, 0x77, 0x77, 0x77, 0x77, 0x77, 0x77, 0x77, 0x77, 0x77,
    0x77, 0x77, 0x77, 0x77, 0x77, 0x77, 0x77, 0x77, 0x77, 0x70, 0xbd, 0xdd, 0xdd, 0xdd, 0xdd, 0xdd,
    0xdd, 0xdd, 0xdc, 0x63, 0x49, 0x24, 0x92, 0x49, 0x24, 0x92, 0x49, 0x24, 0x91, 0x0c, 0x63, 0x19,
    0x19, 0x36, 0xdb, 0x6d, 0xb6, 0xdb, 0xee, 0xee, 0xee, 0xee, 0xee, 0xee, 0xee, 0xee, 0xee, 0xee,
    0xee, 0xee, 0xee, 0xee, 0xee, 0xee, 0xee, 0xee, 0xe1, 0x7b, 0xbb, 0xbb, 0xbb, 0xbb, 0xbb, 0xbb,
    0xbb, 0xb9, 0x34, 0x92, 0x49, 0x24, 0x92, 0x49, 0x24, 0x92, 0x49, 0x24, 0x92, 0x4d, 0xb6, 0xdb,
    0x6d, 0xb6, 0xc8, 0xbb, 0xbb, 0xbb, 0xbb, 0xbb, 0xbb, 0xbb, 0xbb, 0xbb, 0xbb, 0xbb, 0xbb, 0xbb,
    0xbb, 0xbb, 0xbb, 0xbb, 0xbb, 0xb8, 0x5e, 0xee, 0xee, 0xee, 0xee, 0xee, 0xee, 0xee, 0xee, 0x08,
    0x19, 0x12, 0x49, 0xb1, 0x8c, 0x88, 0x88, 0x63, 0x18, 0xc6, 0x32, 0x6d, 0xb6, 0xdb, 0x6d, 0x90,
    0xdb, 0x6d, 0xb6, 0xc0, 0x1e, 0xee, 0xee, 0xee, 0xee, 0xee, 0xee, 0xee, 0xee, 0xee, 0xee, 0xee,
    0xee, 0xee, 0xee, 0xee, 0xee, 0xee, 0xee, 0x17, 0xbb, 0xbb, 0xbb, 0xbb, 0xbb, 0xbb, 0xbb, 0xbb,
    0xb8, 0x24, 0xd9, 0x11, 0x13, 0x6d, 0xb6, 0xdb, 0x6d, 0xb6, 0xdb, 0x64, 0x44, 0x44, 0x44, 0xdb,
    0x6d, 0xb6, 0xc8, 0xfb, 0xbb, 0xbb, 0xbb, 0xbb, 0xbb, 0xbb, 0xbb, 0xbb, 0xbb, 0xbb, 0xbb, 0xbb,
    0xbb, 0xbb, 0xbb, 0xbb, 0xbb, 0xbb, 0x85, 0xee, 0xee, 0xee, 0xee, 0xee, 0xee, 0xee, 0xee, 0xee,
    0xee, 0x22, 0x6d, 0xb6, 0xdb, 0x6d, 0xb6, 0xdb, 0x6d, 0xb6, 0xdb, 0x6d, 0xb6, 0xdb, 0x6d, 0xb6,
    0x31, 0xf7, 0x77, 0x77, 0x77, 0x77, 0x77, 0x77, 0x77, 0x77, 0x77, 0x77, 0x77, 0x77, 0x77, 0x77,
    0x77, 0x77, 0x77, 0x77, 0x70, 0xbd, 0xdd, 0xdd, 0xdd, 0xdd, 0xdd, 0xdd, 0xdd, 0xdd, 0xdd, 0xdc,
    0x12, 0x6d, 0xb6, 0xdb, 0x6d, 0xb6, 0xdb, 0x6d, 0xb6, 0xdb, 0x6d, 0xb6, 0xdb, 0x6c, 0x86, 0x6c,
    0x3d, 0xdd, 0xdd, 0xdd, 0xdd, 0xdd, 0xdd, 0xdd, 0xdd, 0xdd, 0xdd, 0xdd, 0xdd, 0xdd, 0xdd, 0xdd,
    0xdd, 0xdd, 0xdd, 0xc2, 0xf7, 0x77, 0x77, 0x77, 0x77, 0x77, 0x77, 0x77, 0x77, 0x77, 0x77, 0x70,
    0x48, 0x9b, 0x6d, 0xb6, 0xdb, 0x6d, 0xb6, 0xdb, 0x6d, 0xb6, 0xdb, 0x6d, 0x90, 0x09, 0x21, 0x93,
    0xee, 0xee, 0xee, 0xee, 0xee, 0xee, 0xee, 0xee, 0xee, 0xee, 0xee, 0xee, 0xee, 0xee, 0xee, 0xee,
    0xee, 0xee, 0xe1, 0x7b, 0xbb, 0xbb, 0xbb, 0xbb, 0xbb, 0xbb, 0xbb, 0xbb, 0xbb, 0xbb, 0xbb, 0x82,
    0x60, 0x03, 0x6d, 0xb6, 0xdb, 0x6d, 0xb6, 0xdb, 0x6d, 0xb6, 0xdb, 0x21, 0x2d, 0x24, 0x02, 0x26,
    0x33, 0xee, 0xee, 0xee, 0xee, 0xee, 0xee, 0xee, 0xee, 0xee, 0xee, 0xee, 0xee, 0xee, 0xee, 0xee,
    0xee, 0xee, 0xe1, 0x7b, 0xbb, 0xbb, 0xbb, 0xbb, 0xbb, 0xbb, 0xbb, 0xbb, 0xb8, 0x2c, 0x64, 0xd2,
    0x64, 0x4c, 0x80, 0x36, 0xdb, 0x6d, 0xb6, 0xdb, 0x6d, 0xb6, 0x42, 0x40, 0x44, 0x44, 0x30, 0x0c,
    0x88, 0x9b, 0x20, 0xf7, 0x77, 0x77, 0x77, 0x77, 0x77, 0x77, 0x77, 0x77, 0x77, 0x77, 0x77, 0x77,
    0x77, 0x77, 0x77, 0x70, 0xbd, 0xdd, 0xdd, 0xdd, 0xdd, 0xdd, 0xdd, 0xc1, 0x40, 0x69, 0x24, 0x92,
    0x63, 0x34, 0x92, 0x49, 0x24, 0x44, 0x00, 0x00, 0x00, 0x00, 0xc9, 0x81, 0x24, 0x9b, 0x6d, 0xb6,
    0x24, 0x04, 0x44, 0xc0, 0x1e, 0xee, 0xee, 0xee, 0xee, 0xee, 0xee, 0xee, 0xee, 0xee, 0xee, 0xee,
    0xee, 0xee, 0xee, 0xee, 0xe1, 0x7b, 0xbb, 0xbb, 0xbb, 0xbb, 0x82, 0x80, 0xcc, 0xcd, 0x24, 0x92,
    0x44, 0x8c, 0xcc, 0xd2, 0x49, 0x24, 0x92, 0x4d, 0xb6, 0xc6, 0xd1, 0x9a, 0x49, 0x36, 0xdb, 0x60,
    0x26, 0x01, 0xb2, 0x0f, 0x77, 0x77, 0x77, 0x77, 0x77, 0x77, 0x77, 0x77, 0x77, 0x77, 0x77, 0x77,
    0x77, 0x77, 0x77, 0x0b, 0xdd, 0xdd, 0xdd, 0xdc, 0x89, 0xa3, 0x33, 0x49, 0x24, 0x92, 0x03, 0x33,
    0x33, 0x33, 0x33, 0x49, 0x24, 0x92, 0x49, 0x30, 0x24, 0x66, 0x69, 0x24, 0xdb, 0x6d, 0xb0, 0x11,
    0x11, 0x0c, 0x61, 0xee, 0xee, 0xee, 0xee, 0xee, 0xee, 0xee, 0xee, 0xee, 0xee, 0xee, 0xee, 0xee,
    0xee, 0xee, 0x17, 0xb9, 0x13, 0x6d, 0xa4, 0x92, 0x49, 0x24, 0x92, 0x44, 0x66, 0x9a, 0x09, 0x99,
    0x99, 0x99, 0xa4, 0x92, 0x49, 0x01, 0x23, 0x34, 0x92, 0x49, 0x26, 0xdb, 0x63, 0x22, 0x22, 0x22,
    0x1f, 0x77, 0x77, 0x77, 0x77, 0x77, 0x77, 0x77, 0x77, 0x77, 0x77, 0x77, 0x77, 0x77, 0x77, 0x70,
    0xbd, 0xc1, 0x03, 0x6d, 0x93, 0x49, 0x24, 0x92, 0x49, 0x0c, 0xcc, 0xcc, 0xcc, 0xcd, 0x31, 0x92,
    0x33, 0x33, 0x33, 0x34, 0x25, 0x24, 0x92, 0x49, 0x24, 0x93, 0x6d, 0xb1, 0x80, 0x88, 0x88, 0x89,
    0xf7, 0x77, 0x77, 0x77, 0x77, 0x77, 0x77, 0x77, 0x77, 0x77, 0x77, 0x77, 0x77, 0x77, 0x70, 0xbd,
    0xdc, 0x11, 0xb6, 0x34, 0x92, 0x49, 0x24, 0x92, 0x19, 0x99, 0x99, 0x99, 0x99, 0x99, 0x99, 0x98,
    0xcc, 0xcc, 0xcc, 0xc9, 0xa4, 0x92, 0x49, 0x24, 0x93, 0x6d, 0xb6, 0x34, 0x32, 0x26, 0xd9, 0x07,
    0xbb, 0xbb, 0xbb, 0xbb, 0xbb, 0xbb, 0xbb, 0xbb, 0xbb, 0xbb, 0xbb, 0xbb, 0xbb, 0xb8, 0x5e, 0xe4,
    0x06, 0xdb, 0x21, 0x8d, 0xa4, 0x92, 0x49, 0x91, 0x99, 0x99, 0x99, 0x98, 0x4c, 0xcc, 0xd1, 0x19,
    0x99, 0x99, 0x8d, 0x24, 0x40, 0x24, 0x92, 0x49, 0xb6, 0xdb, 0x02, 0x31, 0x91, 0x36, 0xda, 0xee,
    0xee, 0xee, 0xee, 0xee, 0xee, 0xee, 0xee, 0xee, 0xee, 0xee, 0xee, 0xee, 0xee, 0x17, 0x91, 0x36,
    0xdb, 0x6d, 0xb6, 0xdb, 0x6d, 0x80, 0x66, 0x66, 0x66, 0x66, 0x13, 0x33, 0x33, 0x68, 0xcc, 0xcc,
    0xc9, 0xa2, 0x24, 0xc6, 0xd2, 0x4d, 0xb6, 0xdb, 0x1a, 0x48, 0x64, 0xdb, 0x6c, 0x7d, 0xdd, 0xdd,
    0xdd, 0xdd, 0xdd, 0xdd, 0xdd, 0xdd, 0xdd, 0xdd, 0xdd, 0xdd, 0xdd, 0xc2, 0xf7, 0x77, 0x04, 0x21,
    0x33, 0x34, 0xdb, 0x68, 0xcd, 0x36, 0x8c, 0xcc, 0xcc, 0xcc, 0xcc, 0xcc, 0xc8, 0xcc, 0xcc, 0xd1,
    0x24, 0x9b, 0x6d, 0xa6, 0x43, 0x26, 0xd9, 0x12, 0x46, 0x44, 0x4d, 0xb6, 0xc7, 0xdd, 0xdd, 0xdd,
    0xdd, 0xdd, 0xdd, 0xdd, 0xdd, 0xdd, 0xdd, 0xdd, 0xdd, 0xdd, 0xdc, 0x2f, 0x77, 0x77, 0x77, 0x77,
    0x77, 0x77, 0x77, 0x77, 0x70, 0x59, 0x8c, 0xcc, 0xcc, 0xcc, 0xcc, 0xcc, 0xcc, 0x8c, 0xcc, 0xc6,
    0x9b, 0x6d, 0xb6, 0xdb, 0x6d, 0x90, 0xd8, 0x91, 0xa4, 0x61, 0x01, 0x11, 0x36, 0xd8, 0x3b, 0xbb,
    0xbb, 0xbb, 0xbb, 0xbb, 0xbb, 0xbb, 0xbb, 0xbb, 0xbb, 0xbb, 0xbb, 0xbb, 0x85, 0xee, 0xee, 0xee,
    0xee, 0xee, 0xee, 0xee, 0xee, 0xee, 0x36, 0x66, 0xcc, 0xcc, 0xcc, 0xcc, 0xcc, 0xcd, 0x99, 0x99,
    0x8c, 0x60, 0x01, 0x36, 0xdb, 0x6d, 0xb2, 0x18, 0xd1, 0x24, 0x8d, 0x91, 0x11, 0x36, 0xc8, 0x7d,
    0xdd, 0xdd, 0xdd, 0xdd, 0xdd, 0xdd, 0xdd, 0xdd, 0xdd, 0xdd, 0xdd, 0xdd, 0xdd, 0xc2, 0xf7, 0x77,
    0x77, 0x77, 0x77, 0x77, 0x77, 0x77, 0x77, 0x05, 0x19, 0x8c, 0x9a, 0x46, 0x66, 0x66, 0x66, 0xcc,
    0xcc, 0xcc, 0xcc, 0xcc, 0xd0, 0xc6, 0x00, 0x0c, 0x6d, 0x24, 0x89, 0x24, 0x64, 0x44, 0x44, 0xc8,
    0x88, 0xbb, 0xbb, 0xbb, 0xbb, 0xbb, 0xbb, 0xb8, 0x21, 0x08, 0x7b, 0xbb, 0xbb, 0xbb, 0xbb, 0xb8,
    0x5e, 0xee, 0xee, 0xee, 0xee, 0xee, 0xee, 0xee, 0xee, 0xe0, 0xb3, 0x32, 0x33, 0x33, 0x34, 0xdb,
    0x63, 0x1b, 0x68, 0xd2, 0x46, 0x66, 0x66, 0x46, 0x69, 0x24, 0x92, 0x24, 0x91, 0x91, 0x11, 0x11,
    0x10, 0xc0, 0xbb, 0xbb, 0xbb, 0xb8, 0xd9, 0x13, 0x49, 0x24, 0xc8, 0x90, 0x7b, 0xbb, 0xbb, 0x85,
    0xee, 0xee, 0xee, 0xee, 0xee, 0xee, 0xee, 0xee, 0xee, 0xe2, 0x31, 0xa3, 0x33, 0x33, 0x33, 0x33,
    0x34, 0xcc, 0xcc, 0xcc, 0xcc, 0xd2, 0x34, 0x44, 0x92, 0x49, 0x24, 0x4d, 0x23, 0x64, 0x44, 0x44,
    0x02, 0x18, 0x7b, 0xbb, 0x82, 0x4d, 0x24, 0x92, 0x49, 0x24, 0x9b, 0x21, 0x9f, 0x77, 0x70, 0xbd,
    0xdd, 0xdd, 0xdd, 0xdd, 0xdd, 0xdd, 0xdd, 0xdd, 0xcd, 0x81, 0x99, 0x99, 0x99, 0x99, 0x99, 0x9a,
    0x66, 0x66, 0x66, 0x66, 0x66, 0x66, 0x69, 0x0d, 0x24, 0xdb, 0x48, 0x0d, 0x23, 0x12, 0x44, 0x01,
    0x91, 0x17, 0x77, 0x04, 0x09, 0x24, 0x92, 0x49, 0x24, 0x9b, 0x6d, 0xb2, 0x3e, 0xee, 0x17, 0xbb,
    0xbb, 0xbb, 0xbb, 0xbb, 0xbb, 0xbb, 0xb8, 0x24, 0x93, 0x19, 0x99, 0x99, 0x99, 0x99, 0x99, 0xa6,
    0x66, 0x66, 0x66, 0x66, 0x66, 0x69, 0x34, 0xc6, 0x36, 0x92, 0x49, 0x11, 0x24, 0x24, 0x64, 0x44,
    0x3e, 0xee, 0x44, 0xd2, 0x49, 0x24, 0x93, 0x6d, 0xb6, 0xdb, 0x6d, 0xae, 0xe1, 0x7b, 0xbb, 0xbb,
    0xbb, 0xbb, 0xbb, 0xbb, 0xb8, 0x23, 0x34, 0x92, 0x23, 0x33, 0x33, 0x33, 0x33, 0x34, 0xcc, 0xcc,
    0xcc, 0xcc, 0xd2, 0x4d, 0xa2, 0x24, 0x92, 0x49, 0x24, 0x91, 0x0c, 0x64, 0x44, 0x33, 0xe0, 0x93,
    0x6d, 0xb6, 0xdb, 0x6d, 0xb6, 0xdb, 0x6d, 0xb6, 0xd8, 0xc3, 0xc2, 0xf7, 0x77, 0x77, 0x77, 0x77,
    0x77, 0x77, 0x18, 0xcc, 0xcc, 0xd2, 0x43, 0x48, 0xcc, 0xcc, 0xcc, 0xd3, 0x33, 0x33, 0x34, 0x92,
    0x49, 0x30, 0x24, 0x92, 0x49, 0x24, 0x92, 0x4c, 0x03, 0x21, 0xa0, 0x91, 0x36, 0xdb, 0x6d, 0xb6,
    0x31, 0x93, 0x6c, 0x86, 0x4d, 0xb6, 0xd9, 0x1f, 0x0b, 0xdd, 0xdd, 0xdd, 0xdd, 0xdd, 0xdd, 0xc1,
    0x23, 0x33, 0x33, 0x34, 0x91, 0x0d, 0x24, 0x92, 0x48, 0x69, 0x24, 0x92, 0x49, 0x24, 0x34, 0x92,
    0x49, 0x24, 0x92, 0x49, 0x26, 0x24, 0x68, 0x89, 0xb6, 0xdb, 0x6d, 0xb2, 0x26, 0xdb, 0x6d, 0xb2,
    0x6d, 0xb6, 0xc6, 0x7c, 0x2f, 0x77, 0x77, 0x77, 0x77, 0x77, 0x77, 0x1b, 0x33, 0x33, 0x34, 0x92,
    0x4c, 0x0d, 0x31, 0x93, 0x49, 0x8c, 0x92, 0x49, 0x24, 0xc6, 0x92, 0x49, 0x24, 0x92, 0x49, 0x24,
    0x99, 0x00, 0x9b, 0x6d, 0xb6, 0xdb, 0x6c, 0x0d, 0xb6, 0xdb, 0x6d, 0xb6, 0xdb, 0x65, 0xdc, 0x2f,
    0x77, 0x77, 0x77, 0x77, 0x77, 0x77, 0x13, 0x33, 0x49, 0x24, 0x93, 0x6d, 0x81, 0xa4, 0x92, 0x49,
    0x26, 0x00, 0x34, 0x89, 0xa4, 0x92, 0x49, 0x24, 0x92, 0x49, 0x26, 0x40, 0x6d, 0xb6, 0xdb, 0x6d,
    0xb6, 0x06, 0xdb, 0x6d, 0xb6, 0xdb, 0x6d, 0xb7, 0xdc, 0x2f, 0x77, 0x77, 0x77, 0x77, 0x77, 0x77,
    0x13, 0x49, 0x24, 0xdb, 0x6d, 0xb6, 0xd9, 0x13, 0x49, 0x24, 0x92, 0x49, 0x22, 0x24, 0x92, 0x46,
    0x69, 0x24, 0x92, 0x49, 0x36, 0x25, 0xb6, 0xdb, 0x6d, 0xb6, 0xd8, 0xc9, 0xb6, 0xdb, 0x6d, 0xb6,
    0xd9, 0x0f, 0xbb, 0x85, 0xee, 0xee, 0xee, 0xee, 0xee, 0xee, 0xe6, 0xdb, 0x6d, 0xb6, 0xdb, 0x6d,
    0xb6, 0x44, 0x10, 0x9b, 0x22, 0x6d, 0xa4, 0xd9, 0x00, 0x92, 0x48, 0xcc, 0xd2, 0x49, 0x24, 0x93,
    0x60, 0x26, 0xdb, 0x6d, 0xb6, 0xdb, 0x63, 0x1b, 0x6d, 0xb6, 0xdb, 0x6c, 0x6c, 0x3d, 0xdc, 0x2f,
    0x77, 0x77, 0x77, 0x77, 0x77, 0x71, 0x8c, 0x9b, 0x6d, 0xb6, 0xdb, 0x6d, 0xb2, 0x7d, 0xdd, 0xdd,
    0xdd, 0xdd, 0xdc, 0x10, 0xa4, 0xc8, 0x92, 0x49, 0x24, 0x92, 0x49, 0x36, 0xd8, 0x09, 0xb6, 0xdb,
    0x6d, 0xb6, 0xdb, 0x64, 0x01, 0x93, 0x6d, 0xb1, 0xa0, 0xf7, 0x77, 0x70, 0xbd, 0xdd, 0xdd, 0xdd,
    0xdd, 0xc6, 0x49, 0x12, 0x6d, 0xb6, 0xdb, 0x6d, 0xb6, 0x5d, 0xdd, 0xdd, 0xdd, 0xdd, 0xdd, 0xdd,
    0xdd, 0xdd, 0xc8, 0x92, 0x4d, 0x24, 0x92, 0x6d, 0xb6, 0xc0, 0x43, 0x00, 0xdb, 0x6d, 0xb6, 0xdb,
    0x6d, 0xb6, 0xc8, 0x60, 0x41, 0xee, 0xee, 0xee, 0xee, 0x17, 0xbb, 0xbb, 0xbb, 0xbb, 0xbb, 0xb9,
    0x93, 0x6c, 0x9b, 0x6d, 0xb2, 0x21, 0x81, 0x07, 0xbb, 0xbb, 0xbb, 0xbb, 0xbb, 0xbb, 0xbb, 0xbb,
    0xb8, 0x23, 0x6d, 0xb6, 0xdb, 0x6d, 0xb6, 0xdb, 0x00, 0x7b, 0xbb, 0xbb, 0xb8, 0xd9, 0x0c, 0x00,
    0x00, 0xc6, 0xcf, 0xbb, 0xbb, 0xbb, 0xbb, 0xbb, 0xbb, 0xb8, 0x5e, 0xee, 0xee, 0xee, 0xee, 0xee,
    0xe2, 0x41, 0xe3, 0x26, 0x43, 0x19, 0x1f, 0x77, 0x77, 0x77, 0x77, 0x77, 0x77, 0x77, 0x77, 0x77,
    0x77, 0x77, 0x77, 0x04, 0x0d, 0xb6, 0xdb, 0x6d, 0xb6, 0xdb, 0x00, 0x7b, 0xbb, 0xbb, 0xbb, 0xbb,
    0xbb, 0xbb, 0xbb, 0xbb, 0xbb, 0xbb, 0xbb, 0xbb, 0xbb, 0xbb, 0xbb, 0x85, 0xee, 0xee, 0xee, 0xee,
    0xee, 0xee, 0xee, 0xee, 0x36, 0x1e, 0xee, 0xee, 0xee, 0xee, 0xee, 0xee, 0xee, 0xee, 0xee, 0xee,
    0xee, 0xee, 0xee, 0xee, 0xee, 0x26, 0xdb, 0x6d, 0xb6, 0xdb, 0x6d, 0x8c, 0xfb, 0xbb, 0xbb, 0xbb,
    0xbb, 0xbb, 0xbb, 0xbb, 0xbb, 0xbb, 0xbb, 0xbb, 0xbb, 0xbb, 0xbb, 0xbb, 0x85, 0xee, 0xee, 0xee,
    0xee, 0xee, 0xee, 0xee, 0xee, 0xee, 0xee, 0xee, 0xee, 0xee, 0xee, 0xee, 0xee, 0xee, 0xee, 0xee,
    0xee, 0xee, 0xee, 0xee, 0xee, 0xee, 0x49, 0x32, 0x6d, 0xa4, 0xdb, 0x6d, 0x22, 0xee, 0xee, 0xee,
    0xee, 0xee, 0xee, 0xee, 0xee, 0xee, 0xee, 0xee, 0xee, 0xee, 0xee, 0xee, 0xee, 0x17, 0xbb, 0xbb,
    0xbb, 0xbb, 0xbb, 0xbb, 0xbb, 0xbb, 0xbb, 0xbb, 0xbb, 0xbb, 0xbb, 0xbb, 0xbb, 0xbb, 0xbb, 0xbb,
    0xbb, 0xbb, 0xbb, 0xbb, 0xbb, 0xbb, 0xb8, 0x21, 0x0f, 0x77, 0x04, 0x89, 0x10, 0x03, 0xdc, 0x10,
    0x87, 0xbb, 0xbb, 0xbb, 0xbb, 0xbb, 0xbb, 0xbb, 0xbb, 0xbb, 0xbb, 0xbb, 0xbb, 0xbb, 0xbb, 0xbb,
    0xb8, 0x50
};

const HuffmanFrequency SPRITE_05_FREQS[] = {
    {0x0a, 51},
    {0x23, 75},
    {0x25, 20},
    {0x2a, 138},
    {0x2b, 265},
    {0x2d, 816},
    {0x2e, 81},
    {0x3a, 370},
    {0x3d, 930},
    {0x40, 14},
    {0xa0, 2291},
    {0xc2, 2291}
};
}

const HuffmanEncodedSprite SPRITE_05 = {
    SPRITE_05_BYTES,
    static_cast<int>(sizeof(SPRITE_05_BYTES) / sizeof(SPRITE_05_BYTES[0])),
    18956,
    7342,
    SPRITE_05_FREQS,
    static_cast<int>(sizeof(SPRITE_05_FREQS) / sizeof(SPRITE_05_FREQS[0]))
};

namespace
{
const unsigned char SPRITE_06_BYTES[] = {
    0x03, 0xdd, 0xdd, 0xdd, 0xdd, 0xdd, 0xdd, 0xdd, 0xdd, 0xdd, 0xdd, 0xdd, 0xdd, 0xdd, 0xdd, 0xdd,
    0xdd, 0xdd, 0xdd, 0xdd, 0xdd, 0xdd, 0xdd, 0xdd, 0xdd, 0xdd, 0xdd, 0xdd, 0xdd, 0xc1, 0x11, 0x4c,
    0x10, 0x59, 0x99, 0x99, 0x98, 0x7b, 0xbb, 0xbb, 0xbb, 0xbb, 0xbb, 0xbb, 0xbb, 0xbb, 0xbb, 0xbb,
    0xbb, 0xbb, 0xbb, 0x80, 0xf7, 0x77, 0x77, 0x77, 0x77, 0x77, 0x77, 0x77, 0x77, 0x77, 0x77, 0x77,
    0x77, 0x77, 0x77, 0x77, 0x77, 0x77, 0x77, 0x77, 0x77, 0x77, 0x77, 0x70, 0x48, 0x8d, 0x24, 0x91,
    0x88, 0x88, 0x88, 0x88, 0x99, 0x99, 0x9a, 0x43, 0xdd, 0xdd, 0xdd, 0xdd, 0xdd, 0xdd, 0xdd, 0xdd,
    0xdd, 0xdd, 0xdd, 0xdd, 0xdd, 0xc0, 0x7b, 0xbb, 0xbb, 0xbb, 0xbb, 0xbb, 0xbb, 0xbb, 0xbb, 0xbb,
    0xbb, 0xbb, 0xbb, 0xbb, 0xbb, 0xbb, 0xbb, 0xbb, 0xbb, 0xbb, 0xbb, 0xbb, 0xbb, 0xb8, 0x29, 0x00,
    0x80, 0xb3, 0x33, 0x33, 0x33, 0x49, 0x24, 0x92, 0x69, 0x82, 0x8c, 0xcc, 0xd2, 0x2e, 0xee, 0xee,
    0xee, 0xee, 0xee, 0xee, 0xee, 0xee, 0xee, 0xe0, 0x3d, 0xdd, 0xdd, 0xdd, 0xdd, 0xdd, 0xdd, 0xdd,
    0xdd, 0xdd, 0xdd, 0xdd, 0xdd, 0xdd, 0xdd, 0xdd, 0xdd, 0xdd, 0xdd, 0xdd, 0xdd, 0xdd, 0xdd, 0xdd,
    0xc6, 0x81, 0x00, 0x00, 0x01, 0x46, 0x66, 0x66, 0xd0, 0x24, 0x29, 0x19, 0x99, 0x99, 0x9a, 0x49,
    0x24, 0x7d, 0xdd, 0xdd, 0xdd, 0xdd, 0xdd, 0xdd, 0xdd, 0xdd, 0xdc, 0x07, 0xbb, 0xbb, 0xbb, 0xbb,
    0xbb, 0xbb, 0xbb, 0xbb, 0xbb, 0xbb, 0xbb, 0xbb, 0xbb, 0xbb, 0xbb, 0xbb, 0xbb, 0xbb, 0xbb, 0xbb,
    0xbb, 0xbb, 0xbb, 0xb8, 0x26, 0x81, 0x04, 0xcc, 0xcc, 0xcc, 0xd1, 0x99, 0x99, 0x99, 0x99, 0x99,
    0xa4, 0x9b, 0x49, 0x20, 0xf7, 0x77, 0x77, 0x77, 0x77, 0x77, 0x77, 0x77, 0x77, 0x01, 0xee, 0xee,
    0xee, 0xee, 0xee, 0xee, 0xee, 0xee, 0xee, 0xee, 0xee, 0xee, 0xee, 0xee, 0xee, 0xee, 0xee, 0xee,
    0xee, 0xee, 0xee, 0xee, 0xee, 0xee, 0xe0, 0x99, 0x99, 0x99, 0x99, 0x99, 0x99, 0x99, 0x99, 0x99,
    0x99, 0xa4, 0x92, 0x49, 0x26, 0xbb, 0xbb, 0xbb, 0xbb, 0xbb, 0xbb, 0xbb, 0xbb, 0xbb, 0xb8, 0x0f,
    0x77, 0x77, 0x77, 0x77, 0x77, 0x77, 0x77, 0x77, 0x77, 0x77, 0x77, 0x77, 0x77, 0x77, 0x77, 0x77,
    0x77, 0x77, 0x77, 0x77, 0x77, 0x77, 0x77, 0x77, 0x04, 0xcc, 0xcc, 0xcc, 0xcc, 0xcd, 0xa4, 0x92,
    0x49, 0x24, 0x90, 0x88, 0x88, 0x89, 0x87, 0xbb, 0xbb, 0xbb, 0xbb, 0xbb, 0xbb, 0xbb, 0xbb, 0xbb,
    0x80, 0xf7, 0x77, 0x77, 0x77, 0x77, 0x77, 0x77, 0x77, 0x77, 0x77, 0x77, 0x77, 0x77, 0x77, 0x77,
    0x77, 0x77, 0x77, 0x77, 0x77, 0x77, 0x77, 0x77, 0x77, 0x71, 0x19, 0x99, 0x99, 0x9a, 0x11, 0x36,
    0xd2, 0x49, 0xa3, 0x11, 0x11, 0x11, 0x11, 0x12, 0xee, 0xee, 0xee, 0xee, 0xee, 0xee, 0xee, 0xee,
    0xee, 0xee, 0x03, 0xdd, 0xdd, 0xdd, 0xdd, 0xdd, 0xdd, 0xdd, 0xdd, 0xdd, 0xdd, 0xdd, 0xdd, 0xdd,
    0xdd, 0xdd, 0xdd, 0xdd, 0xdd, 0xdd, 0xdd, 0xdd, 0xdd, 0xdd, 0xc1, 0x14, 0x66, 0x66, 0x69, 0x21,
    0x11, 0x11, 0x11, 0x11, 0x11, 0x11, 0x11, 0x11, 0x11, 0x21, 0x0f, 0x77, 0x77, 0x77, 0x77, 0x77,
    0x77, 0x77, 0x77, 0x77, 0x70, 0x1e, 0xee, 0xee, 0xee, 0xee, 0xee, 0xee, 0x08, 0x42, 0x42, 0x25,
    0xdd, 0xdd, 0xdd, 0xdd, 0xdd, 0xdd, 0xdd, 0xdd, 0xdd, 0xc1, 0x09, 0x10, 0x9a, 0x46, 0x66, 0x66,
    0x66, 0x66, 0x24, 0x44, 0x66, 0x62, 0x22, 0x22, 0x22, 0x22, 0x22, 0x24, 0x42, 0x1e, 0xee, 0xee,
    0xee, 0xee, 0xee, 0xee, 0xee, 0xee, 0xee, 0xee, 0x03, 0xdd, 0xdd, 0xdd, 0xdd, 0xdd, 0xdc, 0x11,
    0x22, 0x22, 0x22, 0x12, 0xee, 0xee, 0xee, 0xee, 0xee, 0xee, 0xe0, 0x89, 0x88, 0x89, 0x10, 0x88,
    0x88, 0x88, 0x88, 0x88, 0x89, 0x9a, 0x4c, 0xc4, 0x44, 0xcc, 0x44, 0x44, 0x44, 0x48, 0x4c, 0x3d,
    0xdd, 0xdd, 0xdd, 0xdd, 0xdd, 0xdd, 0xdd, 0xdd, 0xdd, 0xdd, 0xdc, 0x07, 0xbb, 0xbb, 0xbb, 0xbb,
    0xbb, 0x82, 0x82, 0x44, 0x44, 0x44, 0x44, 0x21, 0xe0, 0x90, 0x89, 0x04, 0x24, 0x66, 0x66, 0x62,
    0x22, 0x22, 0x22, 0x22, 0x22, 0x66, 0x69, 0x24, 0x91, 0x99, 0xb6, 0xd0, 0x99, 0x89, 0x11, 0x08,
    0x87, 0xbb, 0xbb, 0xb8, 0x21, 0x0f, 0x77, 0x77, 0x77, 0x77, 0x77, 0x77, 0x77, 0x70, 0x1e, 0xee,
    0xee, 0xee, 0xee, 0xee, 0x09, 0x84, 0x88, 0x88, 0x88, 0x88, 0x92, 0x49, 0x30, 0x5b, 0x49, 0x19,
    0x99, 0xa4, 0x91, 0x99, 0x9a, 0x68, 0xcc, 0xc4, 0xcc, 0xd2, 0x4d, 0xb6, 0xda, 0x21, 0x30, 0xf7,
    0x70, 0x44, 0x44, 0x88, 0x88, 0x22, 0x25, 0xdd, 0xdd, 0xdd, 0xdd, 0xdd, 0xdd, 0xdc, 0x07, 0xbb,
    0xbb, 0xbb, 0xbb, 0xbb, 0xb8, 0x22, 0x41, 0x22, 0x22, 0x23, 0x49, 0x24, 0x99, 0x88, 0x88, 0x88,
    0x88, 0x88, 0x88, 0x9a, 0x6c, 0x44, 0x44, 0x44, 0x4c, 0xcc, 0xd2, 0x4d, 0xb0, 0x41, 0x6c, 0x13,
    0x23, 0x30, 0x84, 0x21, 0x08, 0x42, 0x10, 0x84, 0x20, 0x80, 0x99, 0x77, 0x77, 0x77, 0x77, 0x77,
    0x77, 0x70, 0x1e, 0xee, 0xee, 0xee, 0xee, 0xee, 0xee, 0x09, 0x08, 0x48, 0x92, 0x49, 0x26, 0x62,
    0x22, 0x22, 0x22, 0x22, 0x22, 0x22, 0x66, 0x69, 0x98, 0x89, 0x99, 0x88, 0x89, 0xa4, 0x93, 0x6c,
    0x16, 0xd8, 0x2d, 0xb1, 0x08, 0x42, 0x10, 0x84, 0x21, 0x08, 0x42, 0x40, 0x80, 0xb1, 0x0f, 0x77,
    0x77, 0x77, 0x77, 0x77, 0x70, 0x1e, 0xee, 0xee, 0xee, 0xee, 0xee, 0xee, 0xee, 0xe1, 0x34, 0x92,
    0x4d, 0x08, 0x88, 0x88, 0x88, 0x88, 0x89, 0x99, 0x9a, 0x34, 0x91, 0x9a, 0x33, 0x11, 0x33, 0x33,
    0x49, 0x02, 0xdb, 0x49, 0x18, 0x88, 0x88, 0x42, 0x10, 0x84, 0x88, 0x88, 0x88, 0x8c, 0x00, 0x13,
    0x0f, 0x77, 0x77, 0x77, 0x77, 0x77, 0x70, 0x1e, 0xee, 0xee, 0xee, 0xee, 0xee, 0xee, 0xee, 0xe3,
    0x69, 0x26, 0x8c, 0xcc, 0xc4, 0x44, 0x4c, 0xcc, 0xcd, 0x24, 0x92, 0x4d, 0x24, 0x8c, 0xcd, 0x1a,
    0x49, 0x26, 0xdb, 0x49, 0x23, 0x33, 0x33, 0x12, 0x22, 0x22, 0x22, 0x22, 0x22, 0x21, 0x46, 0x1e,
    0xee, 0xee, 0xee, 0xee, 0xee, 0xe0, 0x3d, 0xdd, 0xdd, 0xdd, 0xdd, 0xdd, 0xdd, 0xc1, 0x6d, 0xa6,
    0xd2, 0x46, 0x62, 0x26, 0x66, 0x66, 0x66, 0x92, 0x34, 0x92, 0x49, 0x24, 0x92, 0x49, 0x24, 0x93,
    0x6d, 0xa4, 0x92, 0x49, 0x34, 0x22, 0x22, 0x44, 0x44, 0x44, 0x44, 0x42, 0x5d, 0xdd, 0xdd, 0xdd,
    0xdd, 0xdd, 0xdc, 0x07, 0xbb, 0xbb, 0xbb, 0xbb, 0xbb, 0xbb, 0x82, 0x9b, 0x60, 0xa4, 0x91, 0x88,
    0x99, 0xa4, 0x92, 0x49, 0x24, 0x92, 0x49, 0xb4, 0x92, 0x49, 0x24, 0x92, 0x4d, 0xb6, 0x92, 0x49,
    0x19, 0x11, 0x0a, 0x48, 0xd2, 0x34, 0x90, 0x7b, 0xbb, 0xbb, 0xbb, 0xbb, 0xbb, 0xbb, 0xbb, 0x80,
    0xf7, 0x77, 0x77, 0x77, 0x77, 0x77, 0x04, 0xdb, 0x60, 0xa4, 0x91, 0x99, 0x9a, 0x49, 0x24, 0x92,
    0x49, 0x24, 0x9b, 0x6d, 0xb6, 0xdb, 0x69, 0xb4, 0x9b, 0x60, 0xa6, 0xda, 0x12, 0x22, 0x22, 0x69,
    0x19, 0x99, 0x99, 0x98, 0x9a, 0x20, 0xf7, 0x77, 0x77, 0x77, 0x77, 0x77, 0x70, 0x1e, 0xee, 0xee,
    0xee, 0xee, 0xee, 0x24, 0x81, 0x04, 0x14, 0x92, 0x46, 0x66, 0x69, 0x24, 0x92, 0x46, 0x69, 0x26,
    0xdb, 0x6d, 0xb6, 0xdb, 0x6d, 0xb6, 0xdb, 0x6c, 0x04, 0x00, 0x48, 0x88, 0x88, 0x89, 0x24, 0x91,
    0x99, 0x9a, 0x31, 0x11, 0x34, 0x1e, 0xee, 0xee, 0xee, 0xee, 0xee, 0xe0, 0x3d, 0xdd, 0xdd, 0xdd,
    0xdc, 0x11, 0x46, 0x9b, 0x49, 0x24, 0x92, 0x49, 0x24, 0x92, 0x49, 0x36, 0xdb, 0x6d, 0xb6, 0xc1,
    0x05, 0xb6, 0xdb, 0x6d, 0xb0, 0x5b, 0x04, 0x04, 0x48, 0x88, 0x88, 0x89, 0xa4, 0x92, 0x33, 0x34,
    0x66, 0x22, 0x22, 0xcc, 0x21, 0xee, 0xee, 0xee, 0xee, 0xe0, 0x3d, 0xdd, 0xdd, 0xdd, 0xdc, 0x14,
    0x93, 0x05, 0x24, 0x92, 0x49, 0x24, 0x92, 0x49, 0xb6, 0xdb, 0x6d, 0xb6, 0xd8, 0x2d, 0xb6, 0xdb,
    0x60, 0xb6, 0xdb, 0x05, 0xb0, 0x4c, 0x82, 0x10, 0x84, 0x22, 0x92, 0x49, 0x24, 0xcc, 0xcc, 0xcc,
    0xcc, 0xda, 0x41, 0xee, 0xee, 0xee, 0xee, 0x03, 0xdd, 0xdd, 0xdd, 0xdd, 0xc1, 0x36, 0xdb, 0x49,
    0x24, 0x92, 0x49, 0xb6, 0xdb, 0x6d, 0xb6, 0xdb, 0x6d, 0x82, 0xdb, 0x6d, 0xb6, 0xdb, 0x6c, 0x16,
    0xd8, 0x2d, 0x82, 0x41, 0x08, 0x42, 0x46, 0x92, 0x49, 0x26, 0x91, 0x99, 0x99, 0x99, 0xb4, 0x68,
    0xbb, 0xbb, 0xbb, 0xb8, 0x0f, 0x77, 0x77, 0x77, 0x77, 0x04, 0x48, 0x41, 0x6d, 0xb6, 0xda, 0x4d,
    0xb6, 0xdb, 0x6d, 0xb6, 0xdb, 0x6c, 0x16, 0xdb, 0x6d, 0xb6, 0xdb, 0x6d, 0xb6, 0xdb, 0x05, 0xb6,
    0x44, 0x12, 0x23, 0x49, 0x24, 0xd2, 0x49, 0x24, 0x8c, 0xcd, 0xa4, 0x68, 0xbb, 0xbb, 0xbb, 0x80,
    0xf7, 0x77, 0x77, 0x77, 0x77, 0x77, 0x26, 0xdb, 0x6d, 0xb6, 0xdb, 0x6d, 0xb6, 0xdb, 0x6d, 0xb6,
    0x0b, 0x6d, 0xb6, 0xdb, 0x6d, 0xb6, 0xdb, 0x6d, 0xa6, 0x0b, 0x68, 0x48, 0x88, 0x8d, 0x26, 0xd2,
    0x49, 0x24, 0x92, 0x49, 0xa4, 0x92, 0x44, 0x1e, 0xee, 0xe0, 0x3d, 0xdd, 0xdd, 0xdd, 0xdd, 0xdc,
    0x6d, 0xb6, 0xdb, 0x6d, 0xb6, 0xdb, 0x6d, 0xb6, 0xdb, 0x60, 0xb6, 0xdb, 0x6d, 0xb6, 0xdb, 0x6d,
    0xb6, 0xdb, 0x6d, 0xb0, 0x4c, 0x88, 0x48, 0x88, 0xd2, 0x49, 0x24, 0x92, 0x49, 0x24, 0xd2, 0x49,
    0x02, 0x64, 0x3d, 0xdd, 0xc0, 0x7b, 0xbb, 0xbb, 0xbb, 0xbb, 0x82, 0x08, 0x2d, 0xb6, 0xdb, 0x6d,
    0xb6, 0xda, 0x6d, 0xb6, 0xc1, 0x6d, 0xb6, 0xdb, 0x6d, 0xb6, 0xdb, 0x4d, 0xb6, 0xdb, 0x6d, 0x09,
    0x11, 0x18, 0x91, 0x19, 0xa6, 0x92, 0x49, 0x24, 0x93, 0x49, 0x24, 0xc4, 0x8c, 0x25, 0xdd, 0xdc,
    0x07, 0xbb, 0xbb, 0xbb, 0xbb, 0xb8, 0x58, 0x2d, 0xb6, 0xdb, 0x6d, 0xb6, 0xdb, 0x6d, 0xb0, 0x5b,
    0x6d, 0xb6, 0xdb, 0x6d, 0xb6, 0x92, 0x4d, 0xb6, 0xdb, 0x68, 0x48, 0x88, 0x88, 0x48, 0x4c, 0x44,
    0x44, 0x21, 0x08, 0x42, 0x12, 0x14, 0x93, 0x36, 0x10, 0x8a, 0x3e, 0xee, 0xee, 0xe0, 0x3d, 0xdd,
    0xdd, 0xdd, 0xdc, 0x14, 0xd8, 0x20, 0x82, 0x08, 0x20, 0x82, 0x08, 0x20, 0x82, 0x08, 0x20, 0xb6,
    0x08, 0x2d, 0xb6, 0xdb, 0x6d, 0xb6, 0xd2, 0x6d, 0x26, 0xdb, 0x6d, 0xb6, 0x24, 0x44, 0x44, 0x44,
    0x26, 0xc4, 0x44, 0x4b, 0xbb, 0xbb, 0xbb, 0xbb, 0xbb, 0xbb, 0xbb, 0xbb, 0xbb, 0xbb, 0xbb, 0xbb,
    0x80, 0xf7, 0x77, 0x77, 0x77, 0x70, 0x53, 0x05, 0xb6, 0xdb, 0x6d, 0xb6, 0xdb, 0x6c, 0x16, 0xdb,
    0x6d, 0xb6, 0xdb, 0x49, 0x24, 0x93, 0x6d, 0xb6, 0xda, 0x22, 0x22, 0x22, 0x22, 0x31, 0x13, 0x42,
    0x42, 0x1e, 0xee, 0xee, 0xee, 0xee, 0xee, 0xee, 0xee, 0xee, 0xee, 0xee, 0xee, 0xee, 0x03, 0xdd,
    0xdd, 0xdd, 0xdc, 0x14, 0xc1, 0x6d, 0xb6, 0xdb, 0x6d, 0xb6, 0xdb, 0x6d, 0xb6, 0xdb, 0x6d, 0xb6,
    0x92, 0x49, 0x24, 0x93, 0x4d, 0xa2, 0x22, 0x22, 0x22, 0x22, 0x13, 0x11, 0x13, 0x46, 0x1e, 0xee,
    0xee, 0xee, 0xee, 0xee, 0xee, 0xee, 0xee, 0xee, 0xee, 0xee, 0xee, 0xe0, 0x3d, 0xdd, 0xdd, 0xdc,
    0x26, 0x60, 0xb6, 0xdb, 0x6d, 0xb6, 0xdb, 0x6d, 0xb6, 0xc1, 0x6d, 0xb6, 0xdb, 0x6d, 0xa4, 0xdb,
    0x6d, 0xa4, 0xcc, 0x88, 0x88, 0x88, 0x88, 0x88, 0x84, 0xc4, 0x48, 0x98, 0x7b, 0xbb, 0xbb, 0xbb,
    0xbb, 0xbb, 0xbb, 0xbb, 0xbb, 0xbb, 0xbb, 0xbb, 0xbb, 0xb8, 0x0f, 0x77, 0x77, 0x70, 0x99, 0x98,
    0x2d, 0xb6, 0xdb, 0x6d, 0xb6, 0xdb, 0x6d, 0xb0, 0x5b, 0x6d, 0xb6, 0xdb, 0x6d, 0x24, 0xdb, 0x68,
    0x82, 0x10, 0x84, 0x21, 0x08, 0x42, 0x12, 0x23, 0x46, 0x69, 0x18, 0x7b, 0xbb, 0xbb, 0xbb, 0xbb,
    0xbb, 0xbb, 0xbb, 0xbb, 0xbb, 0xbb, 0xbb, 0xbb, 0xbb, 0x80, 0xf7, 0x77, 0x71, 0x19, 0x99, 0xb6,
    0xdb, 0x6d, 0xb6, 0xdb, 0x6d, 0xb6, 0xdb, 0x05, 0xb6, 0xdb, 0x6d, 0xb4, 0x92, 0x49, 0x10, 0x42,
    0x10, 0x84, 0x21, 0x08, 0x42, 0x42, 0x8c, 0xcd, 0x19, 0x99, 0x99, 0x77, 0x77, 0x77, 0x77, 0x77,
    0x77, 0x77, 0x77, 0x77, 0x77, 0x77, 0x77, 0x77, 0x70, 0x1e, 0xee, 0xe0, 0x9a, 0x33, 0x36, 0xdb,
    0x6d, 0xb6, 0xdb, 0x6d, 0xb6, 0xdb, 0x6c, 0x16, 0xdb, 0x6d, 0xb6, 0x93, 0x68, 0x88, 0x24, 0x44,
    0x10, 0x90, 0x42, 0x46, 0x92, 0x33, 0x33, 0x34, 0x66, 0x66, 0x61, 0xee, 0xee, 0xee, 0xee, 0xee,
    0xee, 0xee, 0xee, 0xee, 0xee, 0xee, 0xee, 0xe0, 0x3d, 0xdd, 0xc1, 0x49, 0x24, 0xc1, 0x6d, 0xb6,
    0xdb, 0x6d, 0xb6, 0xdb, 0x6d, 0xb0, 0x5b, 0x6d, 0xb6, 0xd3, 0x6c, 0x48, 0x24, 0x44, 0x41, 0x08,
    0x42, 0x46, 0x92, 0x49, 0x23, 0x33, 0x34, 0x66, 0x66, 0x83, 0xdd, 0xdd, 0xdd, 0xdd, 0xdd, 0xdd,
    0xdd, 0xdd, 0xdd, 0xdd, 0xdd, 0xdc, 0x07, 0xbb, 0xb8, 0x2d, 0x24, 0x90, 0xb6, 0xdb, 0x6d, 0xb6,
    0xdb, 0x6d, 0xb6, 0xdb, 0x05, 0xb6, 0xdb, 0x6d, 0x89, 0x11, 0x11, 0x11, 0x11, 0x11, 0x0a, 0x49,
    0x24, 0x92, 0x49, 0x1a, 0x46, 0x92, 0x61, 0xee, 0xee, 0xee, 0xee, 0xee, 0xee, 0xee, 0xee, 0xee,
    0xee, 0xee, 0xe0, 0x3d, 0xdd, 0xc4, 0xd2, 0x49, 0x11, 0x36, 0x0b, 0x31, 0x11, 0x13, 0x4d, 0xb6,
    0xdb, 0x6c, 0x16, 0xdb, 0x6c, 0xc4, 0x88, 0x88, 0x88, 0x88, 0x88, 0x88, 0xd2, 0x49, 0x24, 0x92,
    0x49, 0x24, 0xd2, 0x49, 0x2e, 0xee, 0xee, 0xee, 0xee, 0xee, 0xee, 0xee, 0xee, 0xee, 0xee, 0xee,
    0x03, 0xdd, 0xdc, 0x16, 0x92, 0x4c, 0x82, 0x10, 0x84, 0x21, 0x08, 0x42, 0x12, 0x22, 0x23, 0x6d,
    0xb6, 0xdb, 0x46, 0x44, 0x44, 0x44, 0x44, 0x44, 0x44, 0x12, 0x21, 0x49, 0x24, 0x92, 0x49, 0x24,
    0x92, 0x49, 0xa4, 0x93, 0x0f, 0x77, 0x77, 0x77, 0x77, 0x77, 0x77, 0x77, 0x77, 0x77, 0x77, 0x70,
    0x1e, 0xee, 0xe0, 0xb4, 0x92, 0x48, 0x21, 0x08, 0x42, 0x11, 0x11, 0x22, 0x22, 0x22, 0x22, 0x11,
    0x12, 0x22, 0x22, 0x22, 0x22, 0x22, 0x22, 0x11, 0x22, 0x22, 0x34, 0x92, 0x49, 0x24, 0x92, 0x49,
    0x24, 0x93, 0x49, 0x26, 0x1e, 0xee, 0xee, 0xee, 0xee, 0xee, 0xee, 0xee, 0xee, 0xee, 0xee, 0xe0,
    0x3d, 0xdd, 0xc1, 0x49, 0x24, 0x92, 0x21, 0x42, 0x26, 0x66, 0x69, 0xb3, 0x12, 0x22, 0x22, 0x22,
    0x22, 0x22, 0x22, 0x22, 0x22, 0x22, 0x22, 0x13, 0x69, 0x24, 0x92, 0x49, 0x24, 0x92, 0x49, 0x24,
    0xd2, 0x49, 0x77, 0x77, 0x77, 0x77, 0x77, 0x77, 0x77, 0x77, 0x77, 0x77, 0x77, 0x70, 0x1e, 0xee,
    0xee, 0x16, 0x92, 0x49, 0xa1, 0x13, 0x33, 0x33, 0x34, 0x92, 0x4d, 0x19, 0x09, 0x11, 0x11, 0x19,
    0x99, 0x99, 0xa4, 0x8d, 0xb6, 0xdb, 0x49, 0x24, 0x92, 0x49, 0x24, 0x92, 0x49, 0xa4, 0x98, 0x7b,
    0xbb, 0xbb, 0xbb, 0xbb, 0xbb, 0xbb, 0xbb, 0xbb, 0xbb, 0xbb, 0xb8, 0x0f, 0x77, 0x77, 0x11, 0x90,
    0x49, 0x31, 0x11, 0x33, 0x33, 0x34, 0x92, 0x49, 0x24, 0xda, 0x46, 0x62, 0x22, 0x22, 0x22, 0x22,
    0x22, 0x22, 0x0b, 0x6d, 0xb6, 0xd2, 0x4d, 0xa4, 0x92, 0x49, 0x24, 0xdb, 0x65, 0xdd, 0xdd, 0xdd,
    0xdd, 0xdd, 0xdd, 0xdd, 0xdd, 0xdd, 0xdd, 0xdd, 0xdc, 0x07, 0xbb, 0xb8, 0x22, 0x10, 0x92, 0x31,
    0x11, 0x33, 0x33, 0x49, 0x24, 0x92, 0x49, 0x33, 0x11, 0x11, 0x11, 0x11, 0x11, 0x22, 0x21, 0x32,
    0x09, 0x36, 0xdb, 0x6d, 0x26, 0xdb, 0x6d, 0xa4, 0x92, 0x4c, 0x16, 0x41, 0xee, 0xee, 0xee, 0xee,
    0xee, 0xee, 0xee, 0xee, 0xee, 0xee, 0xee, 0xee, 0x03, 0xdd, 0xdc, 0x24, 0x22, 0xcc, 0x44, 0xcc,
    0xcd, 0x24, 0x92, 0x49, 0x24, 0x9a, 0x31, 0x11, 0x12, 0x11, 0x11, 0x12, 0x0f, 0x77, 0x77, 0x71,
    0x24, 0x92, 0x4d, 0xb6, 0xdb, 0x49, 0x24, 0xdb, 0x05, 0x87, 0xbb, 0xbb, 0xbb, 0xbb, 0xbb, 0xbb,
    0xbb, 0xbb, 0xbb, 0xbb, 0xbb, 0xbb, 0xb8, 0x0f, 0x77, 0x77, 0x71, 0x19, 0x99, 0x99, 0x9a, 0x49,
    0x24, 0x92, 0x49, 0x36, 0x1e, 0xee, 0xee, 0xee, 0xee, 0xee, 0xee, 0xee, 0xee, 0xee, 0xee, 0x14,
    0xdb, 0x6d, 0xb6, 0xdb, 0x69, 0xb6, 0xdb, 0x62, 0x22, 0x1e, 0xee, 0xee, 0xee, 0xee, 0xee, 0xee,
    0xee, 0xee, 0xee, 0xee, 0xee, 0xe0, 0x3d, 0xdd, 0xc1, 0x13, 0x33, 0x33, 0x49, 0x24, 0x92, 0x49,
    0x24, 0x91, 0x77, 0x77, 0x77, 0x77, 0x77, 0x77, 0x77, 0x77, 0x77, 0x77, 0x77, 0x70, 0x5a, 0x33,
    0x4d, 0xb6, 0xdb, 0x6d, 0xb6, 0xdb, 0x11, 0x31, 0x23, 0x20, 0xf7, 0x77, 0x77, 0x77, 0x77, 0x77,
    0x77, 0x77, 0x77, 0x77, 0x70, 0x1e, 0xee, 0xe3, 0x33, 0x34, 0x92, 0x49, 0x24, 0x92, 0x48, 0xc8,
    0x3d, 0xdd, 0xdd, 0xdd, 0xdd, 0xdd, 0xdd, 0xdd, 0xdd, 0xdd, 0xdd, 0xdc, 0x11, 0x22, 0x22, 0x22,
    0x22, 0x16, 0xdb, 0x6d, 0xb6, 0x0b, 0x31, 0x22, 0x23, 0x33, 0x10, 0xf7, 0x77, 0x77, 0x77, 0x77,
    0x77, 0x77, 0x77, 0x77, 0x77, 0x01, 0xee, 0xee, 0x14, 0x92, 0x49, 0x24, 0x92, 0x30, 0x87, 0xbb,
    0xbb, 0xbb, 0xbb, 0xbb, 0xbb, 0xbb, 0xbb, 0xbb, 0xbb, 0xbb, 0xbb, 0xbb, 0xb8, 0x26, 0x42, 0x22,
    0x22, 0x29, 0x18, 0x90, 0x7b, 0xbb, 0xbb, 0xbb, 0xbb, 0xbb, 0xbb, 0xbb, 0xbb, 0xbb, 0xbb, 0xbb,
    0xbb, 0xbb, 0xbb, 0xbb, 0xbb, 0xbb, 0xb8, 0x08
};

const HuffmanFrequency SPRITE_06_FREQS[] = {
    {0x0a, 51},
    {0x23, 83},
    {0x25, 7},
    {0x2a, 907},
    {0x2b, 844},
    {0x2d, 339},
    {0x2e, 189},
    {0x3a, 345},
    {0x3d, 423},
    {0x40, 4},
    {0xa0, 1859},
    {0xc2, 1859}
};
}

const HuffmanEncodedSprite SPRITE_06 = {
    SPRITE_06_BYTES,
    static_cast<int>(sizeof(SPRITE_06_BYTES) / sizeof(SPRITE_06_BYTES[0])),
    19005,
    6910,
    SPRITE_06_FREQS,
    static_cast<int>(sizeof(SPRITE_06_FREQS) / sizeof(SPRITE_06_FREQS[0]))
};

namespace
{
const unsigned char SPRITE_07_BYTES[] = {
    0xee, 0xee, 0xee, 0xee, 0xee, 0xee, 0xee, 0xee, 0xee, 0xee, 0xee, 0xee, 0xe7, 0x1d, 0xdd, 0xdd,
    0xdd, 0xdd, 0xdd, 0xdd, 0xdd, 0xdd, 0xdd, 0xdd, 0xcc, 0x4a, 0x0e, 0xee, 0xee, 0xee, 0xee, 0xee,
    0xee, 0xee, 0xee, 0xee, 0xee, 0xee, 0xee, 0xee, 0xee, 0xee, 0xee, 0xee, 0xee, 0xee, 0xee, 0xee,
    0xee, 0xee, 0xee, 0xee, 0xee, 0xee, 0xee, 0xee, 0xee, 0xee, 0xee, 0xee, 0xee, 0xee, 0xee, 0xe7,
    0x1d, 0xdd, 0xdd, 0xdd, 0xdd, 0xdd, 0xdd, 0xdd, 0xdd, 0xdd, 0xdc, 0xaa, 0x84, 0xbf, 0xbb, 0xbb,
    0xbb, 0xbb, 0xbb, 0xbb, 0xbb, 0xbb, 0xbb, 0xbb, 0xbb, 0xbb, 0xbb, 0xbb, 0xbb, 0xbb, 0xbb, 0xbb,
    0xbb, 0xbb, 0xbb, 0xbb, 0xbb, 0xbb, 0xbb, 0xbb, 0xbb, 0xbb, 0xb8, 0x00, 0xee, 0xee, 0xee, 0xee,
    0xee, 0xe7, 0x1d, 0xdd, 0xdd, 0xdd, 0xdd, 0xdd, 0xdd, 0xdd, 0xdd, 0xdd, 0xc2, 0x10, 0x95, 0xee,
    0xee, 0xee, 0xee, 0xee, 0xee, 0xee, 0xee, 0xee, 0xee, 0xee, 0xe1, 0x52, 0xef, 0x77, 0x77, 0x77,
    0x77, 0x77, 0x77, 0x77, 0x77, 0x77, 0x77, 0x77, 0x77, 0x0c, 0x60, 0x00, 0x08, 0x42, 0x10, 0xe5,
    0x4e, 0xee, 0xee, 0xe7, 0x1d, 0xdd, 0xdd, 0xdd, 0xdd, 0xdd, 0xdd, 0xdd, 0xdd, 0xdd, 0xc2, 0x12,
    0xe7, 0xbb, 0xbb, 0xbb, 0xbb, 0xbb, 0xbb, 0xbb, 0xbb, 0xbb, 0xbb, 0xb8, 0x55, 0x54, 0x24, 0xee,
    0xee, 0xee, 0xee, 0xee, 0xee, 0xee, 0xee, 0xee, 0xe1, 0xaa, 0xf0, 0x00, 0x00, 0x06, 0xa1, 0x08,
    0x42, 0x10, 0xfe, 0xee, 0xe7, 0x1d, 0xdd, 0xdd, 0xdc, 0x07, 0x77, 0x77, 0x77, 0x77, 0x77, 0x2a,
    0x5f, 0xdd, 0xdd, 0xdd, 0xdd, 0xdd, 0xdd, 0xdd, 0xdd, 0xdd, 0xdd, 0xc2, 0x50, 0xe5, 0x2e, 0x4e,
    0xee, 0xee, 0xee, 0xee, 0xee, 0xee, 0xee, 0xee, 0x6a, 0x80, 0x00, 0x00, 0x00, 0x0e, 0xb9, 0x42,
    0x10, 0x84, 0x21, 0x07, 0x73, 0x8e, 0xee, 0xe6, 0xb4, 0x00, 0x63, 0xa7, 0x77, 0x77, 0x77, 0x3a,
    0xe4, 0xee, 0xee, 0xee, 0xee, 0xee, 0xee, 0xee, 0xee, 0xee, 0xee, 0x6a, 0x52, 0xe5, 0xbd, 0xdd,
    0xdd, 0xdd, 0xdd, 0xdd, 0xdd, 0xdd, 0xdc, 0xd7, 0x40, 0x00, 0x00, 0x00, 0x1a, 0xe8, 0x3d, 0x8d,
    0x1d, 0x72, 0x94, 0xa5, 0x27, 0x38, 0xee, 0x14, 0x00, 0x00, 0x18, 0x77, 0x77, 0x73, 0xae, 0x4e,
    0xee, 0xee, 0xee, 0xee, 0xee, 0xee, 0xee, 0xee, 0xe1, 0x0e, 0x5f, 0xdd, 0xdd, 0xdd, 0xdd, 0xdd,
    0xdd, 0xdd, 0xdd, 0xcf, 0x60, 0x00, 0x00, 0x00, 0x0f, 0x57, 0x8d, 0x60, 0x00, 0x00, 0xc4, 0xa5,
    0xc8, 0xe3, 0xb9, 0x58, 0x00, 0x00, 0x00, 0xc3, 0xbb, 0x9a, 0xe4, 0xee, 0xee, 0xee, 0xee, 0xee,
    0xee, 0xee, 0xee, 0xe7, 0xa5, 0xde, 0xee, 0xee, 0xee, 0xee, 0xee, 0xee, 0xee, 0xe1, 0x8f, 0x00,
    0x00, 0x00, 0x06, 0x34, 0x7a, 0xbc, 0x00, 0x00, 0x00, 0x54, 0xa5, 0xd7, 0x1c, 0xc7, 0x23, 0xaf,
    0x00, 0x00, 0x01, 0xee, 0xf7, 0x35, 0xc9, 0xdd, 0xdd, 0xdd, 0xdd, 0xdd, 0xdd, 0xdd, 0xdc, 0xea,
    0x4e, 0xee, 0xee, 0xee, 0xee, 0xee, 0xee, 0xee, 0x18, 0x00, 0x03, 0xd8, 0x84, 0x21, 0xd7, 0xa8,
    0x3a, 0xc0, 0x00, 0x00, 0x00, 0x01, 0x52, 0x97, 0x2e, 0x1e, 0x95, 0x74, 0x07, 0x40, 0x00, 0x00,
    0x60, 0xf7, 0x27, 0x77, 0x77, 0x77, 0x77, 0x77, 0x77, 0x70, 0x84, 0x1d, 0xdd, 0xdd, 0xdd, 0xdd,
    0xdd, 0xdd, 0xc3, 0x00, 0x07, 0xa1, 0x08, 0x42, 0x10, 0x84, 0x21, 0x0e, 0x5c, 0xbc, 0x00, 0x00,
    0x00, 0x00, 0x1e, 0x94, 0xa5, 0x2e, 0x15, 0xd0, 0x07, 0x41, 0xd6, 0x80, 0x00, 0x0f, 0x75, 0x2f,
    0xee, 0xee, 0xee, 0xee, 0xee, 0xee, 0xee, 0x43, 0xbd, 0xdd, 0xdd, 0xdd, 0xdd, 0xdd, 0xdd, 0xc3,
    0x00, 0x1e, 0xe5, 0xca, 0x1a, 0x00, 0x08, 0x4a, 0x52, 0x94, 0xa8, 0x00, 0x00, 0x00, 0x03, 0xa9,
    0x4a, 0x52, 0x97, 0x08, 0x78, 0x00, 0x3d, 0xd6, 0x39, 0x42, 0x10, 0xe5, 0xa0, 0x03, 0x97, 0xf7,
    0x77, 0x77, 0x77, 0x77, 0x77, 0x0e, 0x5d, 0xee, 0xee, 0xee, 0xee, 0xee, 0xee, 0xe1, 0x40, 0x18,
    0xa0, 0x00, 0x00, 0x03, 0x94, 0xa5, 0x29, 0x00, 0x1e, 0xaa, 0xeb, 0xc0, 0x00, 0x75, 0x29, 0x4a,
    0xb8, 0x4b, 0xc0, 0x00, 0x54, 0x21, 0x0e, 0x83, 0xd0, 0xa0, 0x21, 0x07, 0x77, 0x77, 0x77, 0x77,
    0x77, 0x2b, 0x7b, 0xbb, 0xbb, 0xbb, 0xbb, 0xbb, 0xb9, 0xd7, 0x80, 0xc7, 0x80, 0x00, 0x00, 0x00,
    0xc4, 0xa5, 0x2e, 0x55, 0xd0, 0x00, 0x00, 0x00, 0x04, 0x25, 0x2d, 0x70, 0xe5, 0x5d, 0x78, 0x00,
    0x84, 0x28, 0x00, 0x0e, 0xb0, 0x75, 0x0d, 0x7f, 0x77, 0x77, 0x77, 0x77, 0x31, 0xde, 0xee, 0xee,
    0xee, 0xee, 0xee, 0xee, 0x60, 0x0f, 0x68, 0x00, 0x00, 0x00, 0x00, 0xe5, 0x29, 0x60, 0x00, 0x00,
    0x00, 0x00, 0x0a, 0x97, 0x23, 0x86, 0x34, 0x01, 0xd6, 0x8a, 0x95, 0x00, 0x00, 0x15, 0xee, 0x46,
    0x1d, 0xdd, 0xdd, 0xdc, 0xf5, 0xee, 0xee, 0xee, 0xee, 0xee, 0xee, 0x7b, 0xc0, 0x60, 0x00, 0x00,
    0x00, 0x00, 0x25, 0x2d, 0x00, 0x00, 0x00, 0x00, 0x00, 0x6a, 0x52, 0xef, 0x38, 0x7a, 0x80, 0x00,
    0x39, 0x4b, 0xc0, 0x00, 0x07, 0xa1, 0x46, 0xbf, 0xbb, 0xbb, 0xb9, 0x5f, 0xdd, 0xdd, 0xdd, 0xdd,
    0xdd, 0xcc, 0x78, 0x35, 0xd0, 0x00, 0x00, 0x00, 0x01, 0x8e, 0x80, 0x00, 0x00, 0x00, 0x00, 0x03,
    0x12, 0x94, 0x77, 0x38, 0x10, 0xe8, 0x00, 0x02, 0x1c, 0xbc, 0x00, 0x00, 0x10, 0xf1, 0x9d, 0xdd,
    0xdc, 0xd4, 0x1d, 0xdd, 0xdd, 0xdd, 0xdd, 0xce, 0x80, 0xc7, 0x80, 0x00, 0x00, 0x03, 0xd8, 0xf0,
    0x00, 0x00, 0x00, 0x00, 0x00, 0x6b, 0x94, 0xa5, 0x29, 0x7f, 0x73, 0x8e, 0x7a, 0x52, 0xac, 0x74,
    0x00, 0x18, 0xd0, 0x00, 0x01, 0xec, 0x06, 0xf7, 0x77, 0x2b, 0x7b, 0xbb, 0xbb, 0xbb, 0xb8, 0x60,
    0x3d, 0xd0, 0x00, 0x00, 0x01, 0xd5, 0x00, 0x01, 0xac, 0x56, 0x31, 0xaf, 0x00, 0x00, 0x05, 0x4a,
    0x52, 0x94, 0xa5, 0x9d, 0xdc, 0xe3, 0xb9, 0xd7, 0x40, 0x00, 0x6b, 0x1d, 0x1e, 0xc0, 0x00, 0x05,
    0x68, 0xea, 0x15, 0x55, 0xca, 0xaa, 0xaa, 0xa1, 0xcb, 0xbd, 0xcd, 0x78, 0xf6, 0x00, 0x00, 0x00,
    0xc6, 0x80, 0xea, 0xb4, 0x00, 0x00, 0x00, 0x00, 0x00, 0x1e, 0x94, 0xa5, 0x29, 0x3b, 0xb9, 0xc7,
    0x70, 0xc0, 0x00, 0x00, 0x07, 0xba, 0xaf, 0x00, 0x7a, 0xa1, 0x8c, 0x63, 0x1d, 0x62, 0x15, 0x55,
    0x55, 0x55, 0x8a, 0xac, 0x1e, 0xf0, 0x00, 0x07, 0xb1, 0xef, 0x57, 0x40, 0x00, 0x00, 0x00, 0x00,
    0x00, 0x00, 0x04, 0x25, 0x29, 0x6f, 0x77, 0x73, 0x8e, 0xee, 0x18, 0x00, 0x00, 0x00, 0x03, 0xd8,
    0xf5, 0x75, 0xd7, 0x50, 0xc6, 0x3a, 0xc5, 0x55, 0x54, 0x31, 0xd7, 0x5d, 0x62, 0xb9, 0x55, 0x60,
    0x00, 0x3d, 0x55, 0xd0, 0x00, 0x00, 0x00, 0x00, 0x00, 0x00, 0x00, 0x00, 0x54, 0xa5, 0xc9, 0xdd,
    0xdc, 0xe3, 0xbb, 0xb9, 0xef, 0x00, 0x00, 0x00, 0x01, 0xd5, 0x63, 0x18, 0xc6, 0x31, 0x8a, 0xaa,
    0xaa, 0xa8, 0x7b, 0xda, 0xeb, 0xac, 0x62, 0xa1, 0x5d, 0x01, 0x5a, 0x00, 0x00, 0x00, 0x00, 0x00,
    0x00, 0x00, 0x00, 0x00, 0x0e, 0x52, 0x96, 0xf7, 0x77, 0x73, 0x8e, 0xee, 0xee, 0x74, 0x00, 0x00,
    0x00, 0x18, 0xd6, 0xba, 0xc4, 0x31, 0x55, 0x55, 0x55, 0x55, 0x50, 0xd6, 0xb5, 0xd7, 0x5d, 0x62,
    0xaa, 0xaa, 0xba, 0x00, 0x00, 0x00, 0x00, 0x00, 0x00, 0x00, 0x00, 0x00, 0x00, 0xd4, 0xa5, 0x7b,
    0xbb, 0xbb, 0x9c, 0x77, 0x77, 0x77, 0x31, 0x5e, 0xf0, 0x00, 0x01, 0x8f, 0x7b, 0x5d, 0x63, 0x10,
    0xaa, 0xaa, 0xaa, 0xaa, 0xa8, 0x63, 0xae, 0xba, 0xeb, 0x18, 0xc5, 0x54, 0x28, 0x00, 0x00, 0x00,
    0x00, 0x00, 0x00, 0x00, 0x00, 0x00, 0x03, 0xa9, 0x4a, 0x5f, 0xdd, 0xdd, 0xdc, 0xe3, 0xbb, 0xbb,
    0xb8, 0x50, 0x00, 0x00, 0x6b, 0x1d, 0x75, 0xd7, 0x58, 0xc5, 0x42, 0xaa, 0xaa, 0xaa, 0xaa, 0xa1,
    0x8c, 0x63, 0x18, 0xc6, 0x31, 0x50, 0xa0, 0x00, 0x3d, 0xad, 0x75, 0xd6, 0x2a, 0xaa, 0xab, 0x18,
    0xac, 0x55, 0x57, 0x5a, 0xf0, 0x00, 0x00, 0x7b, 0x94, 0xa5, 0x2b, 0xdd, 0xdd, 0xdd, 0xce, 0x3b,
    0xbb, 0xbb, 0xb8, 0x60, 0x00, 0x00, 0xf7, 0x5d, 0x75, 0x8c, 0x63, 0x15, 0x0a, 0xaa, 0xa8, 0x72,
    0xe5, 0x0a, 0xa8, 0x56, 0x31, 0x8c, 0x62, 0xaa, 0x18, 0x00, 0x00, 0x00, 0x00, 0x00, 0x00, 0x00,
    0x00, 0x03, 0xd0, 0xe5, 0x29, 0x4a, 0x52, 0x77, 0x77, 0x77, 0x73, 0x8e, 0xee, 0xee, 0xee, 0xe7,
    0xbc, 0x00, 0x00, 0x55, 0x56, 0x31, 0x8c, 0x55, 0x54, 0x35, 0xad, 0x6b, 0xac, 0x62, 0x15, 0x55,
    0xca, 0x15, 0x50, 0x86, 0x00, 0x00, 0x00, 0x00, 0x00, 0x00, 0x00, 0x00, 0x00, 0x03, 0xdc, 0xa5,
    0x29, 0x5e, 0xee, 0xee, 0xee, 0xe7, 0x1d, 0xdd, 0xdd, 0xdd, 0xdc, 0xc0, 0x00, 0x00, 0x55, 0x63,
    0x18, 0xc4, 0x2a, 0xab, 0x18, 0xc6, 0x31, 0x88, 0x55, 0x55, 0x55, 0x55, 0x43, 0x40, 0x00, 0x00,
    0x00, 0x00, 0x00, 0x00, 0x00, 0x00, 0x00, 0x1a, 0x94, 0xa5, 0xfd, 0xdd, 0xdd, 0xdd, 0xce, 0x3b,
    0xbb, 0xbb, 0xbb, 0xbb, 0x9d, 0x00, 0x00, 0x07, 0x50, 0xc5, 0x42, 0xaa, 0xaa, 0xa1, 0x55, 0x55,
    0x55, 0x55, 0x55, 0x50, 0x87, 0x2e, 0x58, 0xc7, 0x40, 0x00, 0x00, 0x00, 0x00, 0x00, 0x00, 0x00,
    0x00, 0x01, 0x29, 0x72, 0x77, 0x77, 0x77, 0x77, 0x38, 0xee, 0xee, 0xee, 0xee, 0xee, 0x1a, 0x00,
    0x00, 0x00, 0xf4, 0x2a, 0xaa, 0xaa, 0xaa, 0xaa, 0xaa, 0xaa, 0xa1, 0x0a, 0xaa, 0xaa, 0xa8, 0x68,
    0x00, 0xea, 0xba, 0x00, 0x00, 0x00, 0x00, 0x00, 0x00, 0x00, 0x3a, 0x94, 0xb7, 0xbb, 0xbb, 0xbb,
    0xbb, 0x9c, 0x77, 0x77, 0x77, 0x77, 0x77, 0x70, 0xe8, 0x00, 0x03, 0x1d, 0x00, 0x01, 0xae, 0x50,
    0xaa, 0xaa, 0xaa, 0xaa, 0x85, 0x54, 0x21, 0x55, 0x55, 0x5a, 0xf6, 0xbd, 0xef, 0x7b, 0xde, 0xf7,
    0xba, 0xc6, 0x80, 0x00, 0x00, 0x00, 0x00, 0x0f, 0x72, 0x95, 0xee, 0xee, 0xee, 0xee, 0xee, 0x71,
    0xdd, 0xdd, 0xdd, 0xdd, 0xdd, 0xdc, 0x30, 0x1e, 0xc0, 0x00, 0x00, 0x07, 0x50, 0xaa, 0xaa, 0xaa,
    0xaa, 0xaa, 0x86, 0xba, 0xc4, 0x2a, 0xaa, 0xa1, 0xad, 0x6b, 0x5a, 0xd6, 0xb5, 0xad, 0x6b, 0x5a,
    0xd7, 0xbd, 0xaa, 0xc7, 0x80, 0x00, 0x00, 0x3d, 0xa9, 0x4b, 0x93, 0xbb, 0xbb, 0xbb, 0xbb, 0xb9,
    0xc7, 0x77, 0x77, 0x77, 0x77, 0x77, 0x77, 0x08, 0x60, 0x00, 0x00, 0x03, 0xdd, 0x6a, 0x10, 0xaa,
    0xaa, 0xaa, 0xaa, 0x84, 0x31, 0x8c, 0x42, 0xaa, 0xaa, 0x18, 0xd6, 0xb5, 0xad, 0x6b, 0x5a, 0xd6,
    0xb5, 0xad, 0x6b, 0x5a, 0xd7, 0xbc, 0x1e, 0xc6, 0x3d, 0xef, 0x7b, 0xde, 0xc4, 0xa5, 0x2e, 0x4e,
    0xee, 0xee, 0xee, 0xee, 0xee, 0x71, 0xdd, 0xdd, 0xdd, 0xdd, 0xdd, 0xdd, 0xdd, 0xce, 0xb4, 0x00,
    0x00, 0x07, 0xb1, 0xd7, 0x50, 0xaa, 0xaa, 0xaa, 0xaa, 0xc7, 0x28, 0x42, 0x15, 0x55, 0x55, 0xcb,
    0x5a, 0xae, 0xb5, 0xad, 0x6b, 0x5a, 0xd6, 0xb5, 0xad, 0x6b, 0x5a, 0xd6, 0xb5, 0xef, 0x7b, 0xde,
    0xf7, 0x29, 0x4a, 0x52, 0x94, 0xa0, 0xee, 0xee, 0xee, 0xee, 0xee, 0xee, 0x71, 0xdd, 0xdd, 0xdd,
    0xdd, 0xdd, 0xdd, 0xdd, 0xdc, 0x2b, 0xc0, 0x00, 0x07, 0xb5, 0x08, 0x55, 0x55, 0x63, 0x15, 0x55,
    0x55, 0x55, 0x55, 0x55, 0x50, 0xeb, 0xde, 0xf7, 0xbd, 0x8a, 0xd6, 0xb5, 0xad, 0x6b, 0x5a, 0xd6,
    0xb5, 0xad, 0x6b, 0x5a, 0xf7, 0xbd, 0xee, 0x52, 0x94, 0xa5, 0x2d, 0xee, 0xee, 0xee, 0xee, 0xee,
    0xee, 0xee, 0x71, 0xdd, 0xdd, 0xdd, 0xdd, 0xdd, 0xdd, 0xdd, 0xdd, 0xdd, 0xc3, 0x18, 0xf0, 0x1e,
    0xf6, 0xba, 0xc7, 0xb1, 0x58, 0xaa, 0xaa, 0xc5, 0x55, 0x55, 0x55, 0x55, 0x42, 0x1a, 0xc7, 0xbd,
    0xef, 0x7b, 0xde, 0xf7, 0x50, 0xeb, 0x5a, 0xd6, 0xb5, 0xad, 0x6b, 0x5a, 0xd6, 0xbd, 0x89, 0x4a,
    0x52, 0x97, 0x7b, 0xbb, 0xbb, 0xbb, 0xbb, 0xbb, 0xbb, 0xbb, 0x9c, 0x77, 0x77, 0x77, 0x77, 0x77,
    0x77, 0x77, 0x77, 0x77, 0x77, 0x77, 0x77, 0x77, 0x3d, 0x2c, 0x7b, 0xdd, 0x7b, 0xde, 0xa8, 0x55,
    0x55, 0x55, 0x55, 0x55, 0x72, 0xaa, 0xaa, 0x86, 0x3d, 0xef, 0x7b, 0xde, 0xf7, 0xbd, 0xef, 0x75,
    0xed, 0x54, 0x2b, 0xae, 0xb1, 0x09, 0x4a, 0x52, 0x86, 0x9d, 0xdd, 0xdd, 0xdd, 0xdd, 0xdd, 0xdd,
    0xdd, 0xdd, 0xce, 0x3b, 0xbb, 0xbb, 0xbb, 0xbb, 0xbb, 0xbb, 0xbb, 0xbb, 0xbb, 0xbb, 0xbb, 0xbb,
    0x9d, 0x43, 0xaf, 0x6b, 0xaf, 0x7b, 0xde, 0xf6, 0x35, 0xd4, 0x21, 0x08, 0x42, 0xf3, 0xaa, 0xaa,
    0xaa, 0x86, 0xb1, 0xef, 0x7b, 0xde, 0xf7, 0xbd, 0xef, 0x63, 0x1e, 0xf7, 0xbd, 0xee, 0x52, 0x94,
    0xbb, 0xdd, 0xdd, 0xdd, 0xdd, 0xdd, 0xdd, 0xdd, 0xdd, 0xdd, 0xdd, 0xdc, 0xe3, 0xbb, 0xbb, 0xbb,
    0xbb, 0xbb, 0xbb, 0xbb, 0xbb, 0xbb, 0xbb, 0xbb, 0xbb, 0xb9, 0xd4, 0x31, 0xed, 0x6b, 0xde, 0xf7,
    0xbd, 0x5d, 0x62, 0xaa, 0xaa, 0xb3, 0x9a, 0xaa, 0xaa, 0xac, 0x57, 0xbd, 0x5e, 0xf7, 0xbd, 0xef,
    0x7b, 0xdd, 0x7b, 0xdd, 0x75, 0xef, 0x72, 0x94, 0xa5, 0xde, 0xee, 0xee, 0xee, 0xee, 0xee, 0xee,
    0xee, 0xee, 0xee, 0xee, 0xe7, 0x1d, 0xdd, 0xdd, 0xdd, 0xdd, 0xdd, 0xdd, 0xdd, 0xdd, 0xdd, 0xdd,
    0xdd, 0xdd, 0xcd, 0x42, 0x1a, 0xf6, 0xab, 0xde, 0xf7, 0x5a, 0xea, 0xaa, 0xaa, 0xaa, 0x1a, 0xd5,
    0x63, 0x18, 0xc6, 0x2b, 0xaf, 0x7b, 0xdd, 0x6a, 0xa1, 0x0e, 0xbd, 0xef, 0x7b, 0xde, 0xd6, 0x21,
    0x29, 0x4b, 0x7b, 0xbb, 0xbb, 0xbb, 0xbb, 0xbb, 0xbb, 0xbb, 0xbb, 0xbb, 0xbb, 0x9c, 0x77, 0x77,
    0x77, 0x77, 0x77, 0x77, 0x77, 0x77, 0x77, 0x77, 0x77, 0x77, 0x77, 0x08, 0x43, 0x96, 0xb5, 0xef,
    0x6b, 0xde, 0xf7, 0xb5, 0x0c, 0x63, 0x18, 0xc5, 0x15, 0x8c, 0x63, 0x18, 0xc5, 0x6b, 0xde, 0xf7,
    0x5e, 0xf7, 0xb5, 0xaf, 0x7b, 0xde, 0xf7, 0xb5, 0x29, 0x4a, 0x0e, 0xee, 0xee, 0xee, 0xee, 0xee,
    0xee, 0xee, 0xee, 0xee, 0xee, 0xe7, 0x1d, 0xdd, 0xdd, 0xdd, 0xdd, 0xdd, 0xdd, 0xdd, 0xdd, 0xdd,
    0xdd, 0xdd, 0xdd, 0xdc, 0xf7, 0x28, 0x72, 0xeb, 0xde, 0xd6, 0xbd, 0xef, 0x7a, 0xb1, 0x8c, 0x63,
    0x18, 0xf7, 0xb1, 0xd7, 0x5d, 0x75, 0xd6, 0x39, 0x75, 0xef, 0x6b, 0xde, 0xf7, 0xba, 0xf7, 0xbd,
    0xef, 0x6a, 0x52, 0x94, 0x9d, 0xdd, 0xdd, 0xdd, 0xdd, 0xdd, 0xdd, 0xdd, 0xdd, 0xdd, 0xdd, 0xdc,
    0xe3, 0xbb, 0xbb, 0xbb, 0xbb, 0xbb, 0xbb, 0xbb, 0xbb, 0xbb, 0xbb, 0xbb, 0xbb, 0xbb, 0xb8, 0x43,
    0x94, 0xa5, 0x8f, 0x75, 0xef, 0x7b, 0xda, 0xc6, 0xb5, 0xae, 0xb1, 0xbc, 0xc7, 0x5a, 0xd6, 0xb5,
    0xae, 0xa1, 0x2e, 0x5d, 0x6b, 0xde, 0xf7, 0xb5, 0xef, 0x6b, 0x94, 0xa5, 0x28, 0x3b, 0xbb, 0xbb,
    0xbb, 0xbb, 0xbb, 0xbb, 0xbb, 0xbb, 0xbb, 0xbb, 0xbb, 0x9c, 0x77, 0x77, 0x77, 0x77, 0x77, 0x77,
    0x77, 0x77, 0x77, 0x77, 0x77, 0x77, 0x77, 0x77, 0x77, 0x35, 0x29, 0x4a, 0x52, 0x95, 0x63, 0x12,
    0x97, 0x5a, 0xd6, 0xba, 0xef, 0x73, 0xae, 0xb5, 0xad, 0x6b, 0xaf, 0x1d, 0x4a, 0x52, 0x94, 0xa5,
    0x29, 0x4a, 0x52, 0x94, 0x1d, 0xdd, 0xdd, 0xdd, 0xdd, 0xdd, 0xdd, 0xdd, 0xdd, 0xdd, 0xdd, 0xdd,
    0xdd, 0xce, 0x3b, 0xbb, 0xbb, 0xbb, 0xbb, 0xbb, 0xbb, 0xbb, 0xbb, 0xbb, 0xbb, 0xbb, 0xbb, 0xbb,
    0xbb, 0xbb, 0x87, 0x29, 0x4a, 0x52, 0x94, 0xa0, 0x7b, 0xaf, 0x6b, 0xad, 0xee, 0xe1, 0x5e, 0xd6,
    0xba, 0x77, 0x77, 0x0d, 0x54, 0x39, 0x57, 0x4e, 0xee, 0xee, 0xee, 0xee, 0xee, 0xee, 0xee, 0xee,
    0xee, 0xee, 0xee, 0xee, 0xee, 0xee, 0xe7, 0x1d, 0xdd, 0xdd, 0xdd, 0xdd, 0xdd, 0xdd, 0xdd, 0xdd,
    0xdd, 0xdd, 0xdd, 0xdd, 0xdd, 0xdd, 0xdd, 0xdd, 0xdd, 0xdd, 0xdd, 0xdd, 0xdd, 0xcd, 0x43, 0x0e,
    0xee, 0xee, 0x18, 0xa7, 0x77, 0x77, 0x77, 0x77, 0x77, 0x77, 0x77, 0x77, 0x77, 0x77, 0x77, 0x77,
    0x77, 0x77, 0x77, 0x77, 0x77, 0x77, 0x77, 0x77, 0x77, 0x77, 0x77, 0x77, 0x77, 0x77, 0x77, 0x77,
    0x77, 0x77, 0x77, 0x77, 0x77, 0x77, 0x77, 0x77, 0x77, 0x77, 0x77, 0x77, 0x77, 0x77, 0x77, 0x77,
    0x77, 0x77, 0x77, 0x77, 0x77, 0x77, 0x77, 0x77, 0x77, 0x77, 0x77, 0x77, 0x77, 0x77, 0x77, 0x77,
    0x77, 0x77, 0x77, 0x77, 0x77, 0x77, 0x77, 0x38
};

const HuffmanFrequency SPRITE_07_FREQS[] = {
    {0x0a, 47},
    {0x23, 160},
    {0x25, 67},
    {0x2a, 356},
    {0x2b, 205},
    {0x2d, 210},
    {0x2e, 1377},
    {0x3a, 272},
    {0x3d, 154},
    {0x40, 185},
    {0xa0, 1731},
    {0xc2, 1731}
};
}

const HuffmanEncodedSprite SPRITE_07 = {
    SPRITE_07_BYTES,
    static_cast<int>(sizeof(SPRITE_07_BYTES) / sizeof(SPRITE_07_BYTES[0])),
    17984,
    6495,
    SPRITE_07_FREQS,
    static_cast<int>(sizeof(SPRITE_07_FREQS) / sizeof(SPRITE_07_FREQS[0]))
};

namespace
{
const unsigned char SPRITE_08_BYTES[] = {
    0xbf, 0x6d, 0xb6, 0xdb, 0x6d, 0xb6, 0xdb, 0x6d, 0xb6, 0xdb, 0x6d, 0xb6, 0xdb, 0x6d, 0xb6, 0xdb,
    0x6d, 0xb6, 0xdb, 0x6d, 0xb6, 0xdb, 0x6d, 0xb6, 0xe2, 0xd6, 0x6d, 0xb6, 0xdb, 0x6d, 0xb6, 0xdb,
    0x6d, 0xb6, 0xdb, 0x6d, 0xb6, 0xdb, 0x6d, 0xdf, 0xb6, 0xdb, 0x6d, 0xb6, 0xdb, 0x6d, 0xb6, 0xdb,
    0x6d, 0xb6, 0xdb, 0x6d, 0xb6, 0xdb, 0x6d, 0xb6, 0xdb, 0x6d, 0xb6, 0xdb, 0x6d, 0xb6, 0xdb, 0x71,
    0x36, 0xab, 0x6d, 0xb6, 0xdb, 0x6d, 0xb6, 0xdb, 0x6d, 0xb6, 0xdb, 0x6d, 0xb6, 0xdb, 0x77, 0xed,
    0xb6, 0xdb, 0x6d, 0xb6, 0xdb, 0x6d, 0xb6, 0xdb, 0x6d, 0xb6, 0xdb, 0x6d, 0xc4, 0x36, 0xdb, 0x6d,
    0xb6, 0xdb, 0x6d, 0xb6, 0xdb, 0x6d, 0xb7, 0x13, 0x16, 0xba, 0x1b, 0x6d, 0xb6, 0xdb, 0x6e, 0x2b,
    0x75, 0xd7, 0x56, 0x1b, 0x6d, 0xb6, 0xdb, 0x6d, 0xdf, 0xb6, 0xdb, 0x6d, 0xb6, 0xdb, 0x6d, 0xb6,
    0xdb, 0x6d, 0xb6, 0xdb, 0x6d, 0xda, 0x62, 0x22, 0x6a, 0xdb, 0x6d, 0xb6, 0xdb, 0x6d, 0xb6, 0xdb,
    0x6d, 0xb8, 0x98, 0x9b, 0x5c, 0xdb, 0x6d, 0xb8, 0xad, 0xa2, 0x22, 0x22, 0xb5, 0x88, 0x89, 0x96,
    0xdb, 0x6d, 0xb6, 0xef, 0xdb, 0x6d, 0xb6, 0xdb, 0x6d, 0xb6, 0xdb, 0x6d, 0xb6, 0xdb, 0x6d, 0xb8,
    0xac, 0xda, 0x22, 0xd7, 0xa9, 0x4b, 0xd4, 0xa5, 0x66, 0x1b, 0x6d, 0xb6, 0xdb, 0x6d, 0xb6, 0xe2,
    0x62, 0x2d, 0x6a, 0xc3, 0x76, 0xac, 0x44, 0x44, 0x44, 0xd6, 0x22, 0x22, 0x22, 0x22, 0xe6, 0xdb,
    0x6d, 0xb7, 0x7e, 0xdb, 0x6d, 0xb6, 0xdb, 0x6d, 0xb6, 0xdb, 0x6d, 0xb6, 0xdb, 0x6d, 0xcc, 0xc4,
    0x56, 0xd7, 0x56, 0xeb, 0xa9, 0x4a, 0x52, 0xeb, 0xab, 0x5a, 0x43, 0x6d, 0xb6, 0xdb, 0x6d, 0xcc,
    0xcc, 0x4d, 0xad, 0x5a, 0xc4, 0x44, 0x44, 0x45, 0xd3, 0x11, 0x11, 0x11, 0x11, 0x11, 0x59, 0x6d,
    0xb6, 0xdb, 0xbf, 0x6d, 0xb6, 0xdb, 0x6d, 0xb6, 0xdb, 0x6d, 0xb6, 0xdb, 0x6d, 0xb6, 0xeb, 0x11,
    0x11, 0x69, 0x88, 0x88, 0x8a, 0xc3, 0xb5, 0xeb, 0x36, 0xdb, 0x6d, 0xb6, 0xdb, 0x73, 0x69, 0x98,
    0xb5, 0xad, 0x6b, 0x44, 0x45, 0x66, 0x22, 0x22, 0x22, 0x22, 0x22, 0x6e, 0x99, 0x96, 0xdb, 0x6d,
    0xbb, 0xf6, 0xdb, 0x6d, 0xb6, 0xdb, 0x6d, 0xb6, 0xdb, 0x6d, 0xb6, 0xdb, 0x6e, 0xb6, 0xad, 0x29,
    0x31, 0x74, 0x44, 0x44, 0x5a, 0xb4, 0x6d, 0xb6, 0xdb, 0x6d, 0xb6, 0xdb, 0x99, 0x99, 0x99, 0xb5,
    0xad, 0x5b, 0x44, 0x44, 0x44, 0x44, 0x44, 0x44, 0xdd, 0x31, 0x11, 0x69, 0x6d, 0xb6, 0xdb, 0xbf,
    0x6d, 0xb6, 0xdb, 0x6d, 0xb6, 0xdb, 0x6d, 0xb6, 0xdb, 0x6d, 0xc5, 0xd7, 0x56, 0xeb, 0xa2, 0xd7,
    0xc9, 0x88, 0x88, 0x88, 0xad, 0xf2, 0x5b, 0x6d, 0xb6, 0xdb, 0x6d, 0xb6, 0xe6, 0x66, 0x66, 0x66,
    0x66, 0xd5, 0xb4, 0x44, 0x44, 0x4c, 0xc5, 0x6d, 0x31, 0x11, 0x13, 0x32, 0xdb, 0x6d, 0xb7, 0x7e,
    0xdb, 0x6d, 0xb6, 0xdb, 0x6d, 0xb6, 0xdb, 0x6d, 0xb7, 0x17, 0x56, 0xb7, 0x5a, 0xb1, 0x15, 0x8a,
    0xde, 0x88, 0x88, 0x89, 0xbd, 0x15, 0x98, 0x6d, 0xb6, 0xdb, 0x6d, 0xb7, 0x6a, 0xcc, 0xcc, 0xcc,
    0xcc, 0xcc, 0xda, 0xb1, 0x74, 0x45, 0xab, 0x16, 0x98, 0x88, 0x88, 0x89, 0x96, 0xdb, 0x6d, 0xbb,
    0xf6, 0xdb, 0x6d, 0xb6, 0xdb, 0x6d, 0xb6, 0xdb, 0x6e, 0x6b, 0x6a, 0xdd, 0x2d, 0xd6, 0x22, 0x6b,
    0x36, 0xa4, 0x4d, 0xd6, 0xba, 0xb3, 0x33, 0x36, 0xb5, 0x6b, 0x74, 0x36, 0xdb, 0x76, 0x99, 0xb4,
    0xcc, 0xcc, 0xcc, 0xcc, 0xcd, 0xad, 0x37, 0x44, 0x44, 0x4d, 0xa2, 0x22, 0x22, 0x2b, 0x0d, 0xb6,
    0xdb, 0x77, 0xed, 0xb6, 0xdb, 0x6d, 0xb6, 0xdb, 0x6d, 0xb6, 0xdd, 0x2e, 0xba, 0x5b, 0x6e, 0xd5,
    0x8a, 0xc4, 0x5d, 0x5b, 0xe5, 0xa6, 0x69, 0x69, 0x99, 0xb5, 0x6d, 0x5a, 0xda, 0xb6, 0x6d, 0xc5,
    0xd1, 0x13, 0x69, 0x99, 0x99, 0x99, 0x99, 0x99, 0xb5, 0x66, 0xb1, 0x11, 0x13, 0x68, 0x8a, 0xda,
    0x2e, 0x6d, 0xb6, 0xdb, 0x77, 0xed, 0xb6, 0xdb, 0x6d, 0xb6, 0xdb, 0x6d, 0xb6, 0xdb, 0x6d, 0xb6,
    0xdc, 0x4d, 0xab, 0x11, 0x6b, 0x4c, 0xcc, 0xcc, 0xd6, 0xb1, 0x15, 0xa5, 0x2b, 0x6b, 0x56, 0x5b,
    0xac, 0xc4, 0x4d, 0xa6, 0x66, 0x66, 0x66, 0x66, 0x66, 0xd5, 0xba, 0x22, 0x22, 0x22, 0xb7, 0x44,
    0x45, 0x61, 0xb6, 0xdb, 0x6d, 0xdf, 0xb6, 0xdb, 0x6d, 0xb6, 0xdb, 0x6d, 0xb6, 0xdb, 0x6d, 0xb6,
    0xdb, 0x6e, 0xb1, 0x35, 0xb4, 0xc4, 0x4c, 0xcd, 0xa9, 0x4a, 0x52, 0x94, 0xa5, 0x29, 0x5a, 0xd6,
    0xce, 0xe8, 0x88, 0x9b, 0xad, 0x33, 0x33, 0x33, 0x36, 0x99, 0x9b, 0x5a, 0xe8, 0x88, 0x9a, 0xcc,
    0x44, 0xcc, 0xcb, 0x6d, 0xb6, 0xdb, 0x77, 0xed, 0xb6, 0xdb, 0x6d, 0xb6, 0xdb, 0x6d, 0xb6, 0xdb,
    0x6d, 0xb6, 0xdb, 0x75, 0x89, 0xa4, 0xc4, 0xcc, 0xcd, 0x69, 0x75, 0x6b, 0x5a, 0xdd, 0x4a, 0xd6,
    0xb5, 0x99, 0x99, 0xac, 0x44, 0x56, 0x66, 0x66, 0x66, 0x66, 0xd6, 0xb5, 0xab, 0x69, 0xac, 0xcc,
    0xcc, 0xc4, 0x4d, 0x5b, 0x6d, 0xb6, 0xdb, 0x77, 0xed, 0xb6, 0xdb, 0x6d, 0xb6, 0xdb, 0x6d, 0xb6,
    0xdb, 0x6d, 0xb6, 0xdb, 0x71, 0x37, 0x5d, 0x33, 0x33, 0x33, 0x4b, 0x5a, 0xd6, 0xad, 0x2b, 0x5a,
    0xd6, 0xb6, 0x8a, 0x5a, 0x22, 0x22, 0x22, 0x93, 0x33, 0x33, 0x33, 0x6b, 0x5a, 0xea, 0x5a, 0x26,
    0x62, 0x22, 0x26, 0x6a, 0xdb, 0x6d, 0xb6, 0xdb, 0x77, 0xed, 0xb6, 0xdb, 0x6d, 0xb6, 0xdb, 0x6d,
    0xb6, 0xdb, 0x6d, 0xb6, 0xdb, 0x6e, 0xd6, 0xba, 0xb3, 0x33, 0x33, 0x36, 0xb5, 0xad, 0x5a, 0xd6,
    0xb7, 0x52, 0xd5, 0xbd, 0x58, 0x88, 0x88, 0x88, 0x88, 0xb5, 0x2e, 0xad, 0xad, 0x5a, 0x5a, 0x6e,
    0x99, 0x99, 0x88, 0x88, 0x8a, 0xb6, 0xdb, 0x6d, 0xb6, 0xdb, 0xbf, 0x6d, 0xb6, 0xdb, 0x6d, 0xb6,
    0xdb, 0x6d, 0xb6, 0xdb, 0x6d, 0xb6, 0xdb, 0x88, 0x9b, 0x5a, 0xd3, 0x33, 0x36, 0xb5, 0x6b, 0x5b,
    0xd7, 0x5a, 0xd6, 0x99, 0xb5, 0xd7, 0x5d, 0x4b, 0x44, 0x44, 0x5a, 0xd1, 0x33, 0x75, 0xd4, 0xa5,
    0x6d, 0x4b, 0x5a, 0xd6, 0xb5, 0xad, 0x6a, 0xcb, 0x6d, 0xb6, 0xdb, 0x6d, 0xb7, 0x7e, 0xdb, 0x6d,
    0xb6, 0xdb, 0x6d, 0xb6, 0xdb, 0x6d, 0xb6, 0xdb, 0x6d, 0xb8, 0xbd, 0x4a, 0x52, 0x94, 0xba, 0x6d,
    0x75, 0xeb, 0xd7, 0xa9, 0x75, 0xd3, 0x33, 0x33, 0x33, 0x36, 0xba, 0x94, 0xa5, 0x29, 0x4a, 0x52,
    0xf5, 0xea, 0x5d, 0x75, 0x29, 0x4a, 0xd6, 0xd6, 0xb5, 0xad, 0x6b, 0xad, 0x35, 0x6d, 0xb6, 0xdb,
    0x6d, 0xb6, 0xef, 0xdb, 0x6d, 0xb6, 0xdb, 0x6d, 0xb6, 0xdb, 0x6d, 0xb6, 0xdb, 0x6d, 0xc5, 0xd5,
    0xa5, 0x2e, 0x76, 0xbd, 0x7a, 0xf5, 0xeb, 0xd4, 0xac, 0xc4, 0xda, 0x66, 0x66, 0x66, 0x66, 0x6d,
    0x5a, 0xd2, 0xb6, 0xb5, 0xad, 0x6b, 0x52, 0xf5, 0x29, 0x6b, 0x52, 0xd6, 0xb5, 0xae, 0xac, 0x44,
    0x44, 0x56, 0x1b, 0x6d, 0xb6, 0xdb, 0x6e, 0xfd, 0xb6, 0xdb, 0x6d, 0xb6, 0xdb, 0x6d, 0xb6, 0xdb,
    0x6d, 0xb6, 0xeb, 0x5b, 0xaf, 0x56, 0x1b, 0x6e, 0x6d, 0x6b, 0x5a, 0xb5, 0xb5, 0xae, 0x99, 0x99,
    0x99, 0x9b, 0x5a, 0xb5, 0xad, 0xd3, 0x35, 0xba, 0xeb, 0xae, 0xad, 0xad, 0x6a, 0xde, 0xa5, 0x66,
    0x26, 0x22, 0x22, 0x22, 0x26, 0xcd, 0xb6, 0xdb, 0x6d, 0xb7, 0x7e, 0xdb, 0x6d, 0xb6, 0xdb, 0x6d,
    0xb6, 0xdb, 0x6e, 0x69, 0x4a, 0xd6, 0xeb, 0xd4, 0xb3, 0x6d, 0xb6, 0xdb, 0xb5, 0xab, 0x6b, 0x56,
    0xb6, 0xb5, 0x2d, 0x6b, 0x5a, 0xd5, 0xb5, 0xad, 0x5a, 0xdd, 0x11, 0x11, 0x11, 0x11, 0x16, 0xba,
    0xeb, 0xad, 0x11, 0x11, 0x31, 0x11, 0x11, 0x11, 0x73, 0x6d, 0xb6, 0xdb, 0x6d, 0xdf, 0xb6, 0xdb,
    0x6d, 0xb6, 0xdb, 0x6d, 0xb7, 0x15, 0x99, 0x99, 0x99, 0x99, 0xb5, 0xd0, 0xdb, 0x6d, 0xb7, 0x58,
    0x99, 0xba, 0xeb, 0xad, 0x5a, 0x5e, 0xba, 0xd6, 0xad, 0x6b, 0x5b, 0x5e, 0xa5, 0x6b, 0x5a, 0x5a,
    0x22, 0x22, 0x22, 0x22, 0x22, 0x22, 0x22, 0xd4, 0xa5, 0xd3, 0x11, 0x13, 0x66, 0xdb, 0x6d, 0xb6,
    0xdd, 0xfb, 0x6d, 0xb6, 0xdb, 0x6d, 0xb6, 0xdb, 0x77, 0x4c, 0xcc, 0xcc, 0xcd, 0xad, 0x6a, 0xd6,
    0x1b, 0x6d, 0xb7, 0x68, 0x9b, 0xad, 0x11, 0x13, 0x7a, 0xf4, 0xdd, 0x5a, 0x52, 0x94, 0xad, 0x6e,
    0xa5, 0x6b, 0x5b, 0x56, 0x93, 0x13, 0x33, 0x33, 0x11, 0x13, 0x11, 0x58, 0x88, 0x88, 0x88, 0xab,
    0x6d, 0xb6, 0xdb, 0x6e, 0xfd, 0xb6, 0xdb, 0x6d, 0xb6, 0xdb, 0x6e, 0x2d, 0x33, 0x33, 0x33, 0x33,
    0x6b, 0x5a, 0xd4, 0x86, 0xdb, 0x6d, 0xc5, 0x66, 0x6d, 0x33, 0x4b, 0xd5, 0xac, 0xcd, 0xab, 0x7a,
    0xf9, 0x7c, 0xbe, 0x5f, 0x2f, 0x97, 0xae, 0xba, 0xb5, 0xb5, 0xad, 0x49, 0x88, 0x88, 0x88, 0x88,
    0x89, 0xb4, 0x44, 0x44, 0x44, 0xd9, 0xb6, 0xdb, 0x6d, 0xb7, 0x7e, 0xdb, 0x6d, 0xb6, 0xdb, 0x6d,
    0xb8, 0xba, 0x66, 0x66, 0x66, 0x66, 0x66, 0x6d, 0x6b, 0x9b, 0x6d, 0xb6, 0xdd, 0xa6, 0x6b, 0x4a,
    0x52, 0xb5, 0xad, 0xd3, 0x5a, 0x52, 0x94, 0xa5, 0xeb, 0xd7, 0xaf, 0x56, 0xf9, 0x7d, 0xbe, 0x56,
    0xd6, 0xba, 0xd7, 0x5d, 0x31, 0x11, 0x11, 0x58, 0x88, 0x88, 0x88, 0xab, 0x6d, 0xb6, 0xdb, 0x6d,
    0xdf, 0xb6, 0xdb, 0x6d, 0xb6, 0xdb, 0x71, 0x59, 0x99, 0x99, 0x99, 0x99, 0x99, 0xb5, 0x6c, 0xdb,
    0x6d, 0xb6, 0xdd, 0xae, 0xba, 0x94, 0xbd, 0x6a, 0x52, 0xd3, 0x6a, 0x52, 0xeb, 0xae, 0xba, 0xea,
    0x5e, 0xbe, 0x5f, 0x2e, 0xba, 0xf9, 0x7d, 0xbe, 0xd2, 0xd5, 0x98, 0x88, 0x89, 0xa5, 0x2d, 0x11,
    0x11, 0x11, 0x32, 0xdb, 0x6d, 0xb6, 0xdb, 0x77, 0xed, 0xb6, 0xdb, 0x6d, 0xb6, 0xdd, 0x66, 0x66,
    0x66, 0xd3, 0x33, 0x36, 0xba, 0x5b, 0x6d, 0xb6, 0xeb, 0x4b, 0xae, 0xa5, 0x2f, 0x56, 0xd3, 0x4b,
    0xd7, 0x5a, 0x22, 0x66, 0x66, 0x66, 0x66, 0x66, 0x6d, 0x4b, 0xae, 0xbe, 0x5f, 0x6f, 0xb7, 0xab,
    0x31, 0x11, 0x11, 0x11, 0x33, 0x11, 0x16, 0x96, 0xdb, 0x6d, 0xb6, 0xdb, 0x77, 0xed, 0xb6, 0xdb,
    0x6d, 0xb7, 0x17, 0x4c, 0xcc, 0xcd, 0xa6, 0x6d, 0x6b, 0xa1, 0xb6, 0xdb, 0x6e, 0x2b, 0x75, 0xea,
    0xc3, 0x6e, 0x2e, 0x9b, 0xd6, 0x98, 0x89, 0x99, 0x99, 0x99, 0x99, 0x99, 0x9b, 0x5a, 0xb7, 0x5e,
    0xba, 0xf9, 0x7d, 0xbe, 0xcc, 0xc4, 0x44, 0x44, 0x4d, 0x66, 0x6e, 0x86, 0xdb, 0x6d, 0xb6, 0xdb,
    0x6e, 0xfd, 0xb6, 0xdb, 0x6d, 0xb6, 0xe6, 0xd3, 0x33, 0x6b, 0x5a, 0xd7, 0x4b, 0x6d, 0xb6, 0xdb,
    0x6e, 0x97, 0x52, 0xf4, 0x36, 0xdb, 0x71, 0x59, 0x9a, 0xd2, 0x94, 0xa5, 0x2f, 0x5e, 0xbd, 0x7a,
    0xf5, 0xf2, 0xf9, 0x4b, 0x56, 0xb5, 0xad, 0x69, 0x75, 0xea, 0xcc, 0x44, 0x4c, 0x44, 0xd6, 0xe8,
    0x6d, 0xb6, 0xdb, 0x6d, 0xb6, 0xdb, 0xbf, 0x6d, 0xb6, 0xdb, 0x6d, 0xcd, 0xa6, 0x26, 0xd6, 0xb5,
    0xcd, 0xb6, 0xdb, 0x6d, 0xb6, 0xe6, 0xeb, 0xa9, 0x7a, 0x1b, 0x6d, 0xb7, 0x5b, 0xa9, 0x4a, 0x52,
    0x97, 0xaf, 0x5e, 0xbd, 0x7a, 0xf5, 0xeb, 0xd7, 0xcb, 0xed, 0xf6, 0xfb, 0x7a, 0xb5, 0xad, 0x69,
    0x4a, 0xd6, 0x97, 0x56, 0xb3, 0x0d, 0xb6, 0xdb, 0x6d, 0xb6, 0xdb, 0x6d, 0xb7, 0x7e, 0xdb, 0x6d,
    0xb6, 0xdc, 0x5a, 0x22, 0xd6, 0xad, 0x9b, 0x6d, 0xb6, 0xdb, 0x6d, 0xb8, 0xba, 0xb4, 0xa5, 0xcd,
    0xb6, 0xdb, 0x76, 0xbd, 0x7a, 0xf5, 0xeb, 0xe5, 0xa6, 0x66, 0x6d, 0x75, 0xeb, 0xed, 0xf6, 0xfb,
    0x7d, 0xbe, 0xdf, 0x6f, 0xb4, 0xad, 0x6b, 0x6b, 0x52, 0x92, 0xdb, 0x6d, 0xb6, 0xdb, 0x6d, 0xb6,
    0xdb, 0x6d, 0xb7, 0x7e, 0xdb, 0x6d, 0xb6, 0xdd, 0x62, 0x6d, 0x74, 0xb6, 0xdb, 0x6d, 0xb6, 0xdb,
    0x6d, 0xda, 0xeb, 0xa9, 0x4b, 0x36, 0xdb, 0x6d, 0xc5, 0xeb, 0xd6, 0x99, 0x99, 0x99, 0x9b, 0x5a,
    0xd5, 0xad, 0xd7, 0xdb, 0xed, 0xf6, 0xfb, 0x7d, 0xbd, 0x5a, 0xc3, 0xad, 0x2f, 0x43, 0x6d, 0xb6,
    0xdb, 0x6d, 0xb6, 0xdb, 0x6d, 0xb6, 0xef, 0xdb, 0x6d, 0xb6, 0xdd, 0xd3, 0x6a, 0x43, 0x6d, 0xb6,
    0xdb, 0x6d, 0xb6, 0xdb, 0x9b, 0xab, 0x4a, 0x52, 0x5b, 0x6d, 0xb6, 0xdc, 0x5e, 0xb5, 0xad, 0x6b,
    0x5a, 0xd5, 0xad, 0x6b, 0x5a, 0xd6, 0xd5, 0xbe, 0xdf, 0x6f, 0xb7, 0xcb, 0xcd, 0xba, 0xd6, 0xb5,
    0xb9, 0xb6, 0xdb, 0x6d, 0xb6, 0xdb, 0x6d, 0xb6, 0xdb, 0xbf, 0x6d, 0xb6, 0xdb, 0x9b, 0xac, 0xdb,
    0x6d, 0xb6, 0xdb, 0x6d, 0xb6, 0xdb, 0x9a, 0xdd, 0x4a, 0x52, 0xcd, 0xb6, 0xdb, 0x6d, 0xb8, 0xba,
    0xb5, 0xb5, 0x6b, 0x5a, 0xd6, 0xb5, 0xad, 0xad, 0x5a, 0xd2, 0xfb, 0x7d, 0xb9, 0xb6, 0xdd, 0x6b,
    0x5a, 0xdd, 0x2d, 0xb6, 0xdb, 0x6d, 0xb6, 0xdb, 0x6d, 0xb7, 0x7e, 0xdb, 0x6d, 0xb6, 0xdb, 0x6d,
    0xb6, 0xdb, 0x6d, 0xb6, 0xdb, 0x6d, 0xdd, 0x75, 0x29, 0x4b, 0x36, 0xdb, 0x6d, 0xb6, 0xdb, 0x73,
    0x4b, 0xad, 0x33, 0x33, 0x6a, 0xd6, 0xb6, 0xb5, 0xaf, 0x5d, 0x0d, 0xb6, 0xdc, 0x5d, 0x5a, 0xd6,
    0xeb, 0x9b, 0x6d, 0xb6, 0xdb, 0x6d, 0xb6, 0xdb, 0x77, 0xed, 0xb6, 0xdb, 0x6d, 0xb6, 0xdb, 0x6d,
    0xb6, 0xdb, 0x6d, 0xb6, 0xdc, 0xd2, 0x94, 0xa3, 0x6d, 0xb6, 0xdb, 0x6d, 0xb6, 0xdb, 0xad, 0xa6,
    0x66, 0x6d, 0x5a, 0xd6, 0xb7, 0x43, 0x6d, 0xb6, 0xdb, 0x71, 0x4a, 0xd6, 0xb7, 0x55, 0xb6, 0xdb,
    0x6d, 0xb6, 0xdb, 0x6d, 0xbb, 0xf6, 0xdb, 0x6d, 0xb6, 0xdb, 0x6d, 0xb6, 0xdb, 0x6d, 0xb6, 0xdb,
    0x6d, 0xdd, 0x4a, 0x59, 0xb6, 0xdb, 0x6d, 0xb6, 0xdb, 0x6d, 0xda, 0xd3, 0x33, 0x6a, 0xd6, 0xb0,
    0xdb, 0x6d, 0xb6, 0xdb, 0x6d, 0xcd, 0xd5, 0xad, 0x69, 0x56, 0xdb, 0x6d, 0xb6, 0xdb, 0x6d, 0xb7,
    0x7e, 0xdb, 0x6d, 0xb6, 0xdb, 0x6d, 0xb6, 0xdb, 0x6d, 0xb6, 0xdb, 0x6d, 0xb9, 0xbd, 0x7a, 0x1b,
    0x6d, 0xb6, 0xdb, 0x6d, 0xb6, 0xdc, 0xda, 0x66, 0xd5, 0xad, 0x5b, 0x6d, 0xb6, 0xdb, 0x6d, 0xb6,
    0xdd, 0xd5, 0xad, 0x6e, 0xa4, 0x36, 0xdb, 0x6d, 0xb6, 0xdb, 0x6d, 0xdf, 0xb6, 0xdb, 0x6d, 0xb6,
    0xdb, 0x6d, 0xb6, 0xdb, 0x6d, 0xb6, 0xdb, 0x6e, 0xd4, 0xa5, 0x9b, 0x6d, 0xb6, 0xdb, 0x6d, 0xb6,
    0xdc, 0xda, 0x66, 0xd5, 0xb3, 0x6d, 0xb6, 0xdb, 0x6d, 0xb6, 0xdb, 0x6e, 0x95, 0xad, 0x69, 0x56,
    0xdb, 0x6d, 0xb6, 0xdb, 0x6d, 0xbb, 0xf6, 0xdb, 0x6d, 0xb6, 0xdb, 0x6d, 0xb6, 0xdb, 0x6d, 0xb6,
    0xdb, 0x6e, 0xd4, 0xa5, 0x2e, 0x6d, 0xb6, 0xdb, 0x6d, 0xb6, 0xdb, 0x71, 0x33, 0x6a, 0xc3, 0x6d,
    0xb6, 0xdb, 0x6d, 0xb6, 0xdb, 0x6d, 0xcd, 0xd5, 0xad, 0x2f, 0x36, 0xdb, 0x6d, 0xb6, 0xdb, 0x6d,
    0xdf, 0xb6, 0xdb, 0x6d, 0xb6, 0xdb, 0x6d, 0xb6, 0xdb, 0x6d, 0xb6, 0xe2, 0xeb, 0xa9, 0x4a, 0x52,
    0x92, 0xdb, 0x6d, 0xb6, 0xdb, 0x6d, 0xb7, 0x16, 0x9b, 0x9b, 0x6d, 0xb6, 0xdb, 0x6d, 0xb6, 0xdb,
    0x6d, 0xb7, 0x75, 0xd5, 0xa5, 0x2c, 0xdb, 0x6d, 0xb6, 0xdb, 0x6d, 0xbb, 0xf6, 0xdb, 0x6d, 0xb6,
    0xdb, 0x6d, 0xb6, 0xdb, 0x6e, 0x69, 0x75, 0x6e, 0xa5, 0xea, 0xc3, 0x6d, 0xb6, 0xdb, 0x6d, 0xb6,
    0xdb, 0x6d, 0xb8, 0xba, 0xad, 0xb6, 0xdb, 0x6d, 0xb6, 0xdb, 0x6d, 0xb6, 0xdb, 0x6e, 0x94, 0xa5,
    0x2e, 0x6d, 0xb6, 0xdb, 0x6d, 0xb6, 0xdd, 0xfb, 0x6d, 0xb6, 0xdb, 0x6d, 0xb6, 0xdb, 0x6d, 0xb9,
    0xa5, 0x2f, 0x4b, 0x6d, 0xb6, 0xdb, 0x6d, 0xb6, 0xdb, 0x6d, 0xb6, 0xdb, 0x6d, 0xb6, 0xdb, 0x6d,
    0xb6, 0xdb, 0x6d, 0xb6, 0xdb, 0x6d, 0xb7, 0x34, 0xa5, 0x2e, 0x6d, 0xb6, 0xdb, 0x6d, 0xb6, 0xdd,
    0xfb, 0x6d, 0xb6, 0xdb, 0x6d, 0xb6, 0xdb, 0x6d, 0xb9, 0xb3, 0x6d, 0xb6, 0xdb, 0x6d, 0xb6, 0xdb,
    0x6d, 0xb6, 0xdb, 0x6d, 0xb6, 0xdb, 0x6d, 0xb6, 0xdb, 0x6d, 0xb6, 0xdb, 0x6d, 0xb6, 0xdb, 0x77,
    0x52, 0xf4, 0x36, 0xdb, 0x6d, 0xb6, 0xdb, 0x6e, 0xfd, 0xb6, 0xdb, 0x6d, 0xb6, 0xdb, 0x6d, 0xb6,
    0xdb, 0x6d, 0xb6, 0xdb, 0x6d, 0xb6, 0xdb, 0x6d, 0xb6, 0xdb, 0x6d, 0xb6, 0xdb, 0x6d, 0xb6, 0xdb,
    0x6d, 0xb6, 0xdb, 0x6d, 0xb6, 0xdb, 0x6d, 0xd6, 0x97, 0xa5, 0xb6, 0xdb, 0x6d, 0xb6, 0xdb, 0x77,
    0xed, 0xb6, 0xdb, 0x6d, 0xb6, 0xdb, 0x6d, 0xb6, 0xdb, 0x6d, 0xb6, 0xdb, 0x6d, 0xb6, 0xdb, 0x6d,
    0xb6, 0xdb, 0x6d, 0xb6, 0xdb, 0x6d, 0xb6, 0xdb, 0x6d, 0xb6, 0xdb, 0x6d, 0xb6, 0xdb, 0x6e, 0xb4,
    0xa5, 0x21, 0xb6, 0xdb, 0x6d, 0xb6, 0xdb, 0xbf, 0x6d, 0xb6, 0xdb, 0x6d, 0xb6, 0xdb, 0x6d, 0xb6,
    0xdb, 0x6d, 0xb6, 0xdb, 0x6d, 0xb6, 0xdb, 0x6d, 0xb6, 0xdb, 0x6d, 0xb6, 0xdb, 0x6d, 0xb6, 0xdb,
    0x6d, 0xb6, 0xdb, 0x6d, 0xb6, 0xdb, 0x6e, 0x97, 0x5d, 0x2d, 0xb6, 0xdb, 0x6d, 0xb6, 0xdd, 0xfb,
    0x6d, 0xb6, 0xdb, 0x6d, 0xb6, 0xdb, 0x6d, 0xb6, 0xdb, 0x6d, 0xb6, 0xdb, 0x6d, 0xb6, 0xdb, 0x6d,
    0xb6, 0xdb, 0x6d, 0xb6, 0xdb, 0x6d, 0xb6, 0xdb, 0x6d, 0xb6, 0xdb, 0x6d, 0xb6, 0xdb, 0x6e, 0xea,
    0xdc, 0xdb, 0x6d, 0xb6, 0xdb, 0x6d, 0xdf, 0xb6, 0xdb, 0x6d, 0xb6, 0xdb, 0x6d, 0xb6, 0xdb, 0x6d,
    0xb6, 0xdb, 0x6d, 0xb6, 0xdb, 0x6d, 0xb6, 0xdb, 0x6d, 0xb6, 0xdb, 0x6d, 0xb6, 0xdb, 0x6d, 0xb6,
    0xdb, 0x6d, 0xb6, 0xdb, 0x6d, 0xb6, 0xdd, 0xd5, 0x6d, 0xb6, 0xdb, 0x6d, 0xb6, 0xef, 0xc0
};

const HuffmanFrequency SPRITE_08_FREQS[] = {
    {0x0a, 51},
    {0x23, 77},
    {0x25, 20},
    {0x2a, 188},
    {0x2b, 171},
    {0x2d, 291},
    {0x2e, 427},
    {0x3a, 454},
    {0x3d, 290},
    {0x40, 27},
    {0xa0, 3055},
    {0xc2, 3055}
};
}

const HuffmanEncodedSprite SPRITE_08 = {
    SPRITE_08_BYTES,
    static_cast<int>(sizeof(SPRITE_08_BYTES) / sizeof(SPRITE_08_BYTES[0])),
    18930,
    8106,
    SPRITE_08_FREQS,
    static_cast<int>(sizeof(SPRITE_08_FREQS) / sizeof(SPRITE_08_FREQS[0]))
};

namespace
{
const unsigned char SPRITE_09_BYTES[] = {
    0xa2, 0xdb, 0x6d, 0xb6, 0xdb, 0x6d, 0xb6, 0xdb, 0x6d, 0xb6, 0xdb, 0x6d, 0xb6, 0xdb, 0x6d, 0xb6,
    0xdb, 0x6d, 0xb6, 0xdb, 0x6d, 0xb6, 0xdb, 0x6d, 0xb6, 0xdb, 0x6d, 0xb7, 0x68, 0x8b, 0x36, 0xdb,
    0x6d, 0xb6, 0xdb, 0x6d, 0xb6, 0xdb, 0x6d, 0xd1, 0x76, 0x6d, 0xb6, 0xdb, 0x6d, 0xb6, 0xdb, 0x6d,
    0xb6, 0xdb, 0x6d, 0xb6, 0xdb, 0x6d, 0xb6, 0xdb, 0x6d, 0xb6, 0xdb, 0x6d, 0xb6, 0xdb, 0x6d, 0xb6,
    0xdb, 0x6d, 0xb7, 0x6a, 0xcd, 0xeb, 0x66, 0xdb, 0x6d, 0xb6, 0xdb, 0x6d, 0xb6, 0xdb, 0x6d, 0xd1,
    0x98, 0x88, 0x88, 0xbc, 0xcc, 0xcc, 0xd9, 0xb6, 0xdb, 0x6d, 0xb6, 0xdb, 0x6d, 0xb6, 0xdb, 0x6d,
    0xb6, 0xdb, 0x6d, 0xb6, 0xdb, 0x6d, 0xb6, 0xdb, 0x6d, 0xb6, 0xdb, 0x6d, 0xbb, 0x56, 0xf7, 0xbc,
    0x59, 0xb6, 0xdb, 0x6d, 0xb6, 0xdb, 0x6d, 0xb6, 0xdb, 0xa3, 0x59, 0x99, 0xbd, 0xef, 0x11, 0x78,
    0x88, 0x8b, 0xcd, 0xef, 0x33, 0x6b, 0x36, 0xdb, 0x6d, 0xb6, 0xdb, 0x6d, 0xb6, 0xdb, 0x6d, 0xb6,
    0xdb, 0x6d, 0xb6, 0xdb, 0x6d, 0xb6, 0xdb, 0x6d, 0xbb, 0x56, 0xf7, 0xbc, 0x4b, 0x6d, 0xb6, 0xdb,
    0x6d, 0xb6, 0xdb, 0x6d, 0xb7, 0x46, 0xd7, 0x89, 0x99, 0x99, 0x99, 0x99, 0xbd, 0xe2, 0x22, 0x22,
    0x2f, 0x79, 0x99, 0x99, 0xb3, 0x6d, 0xb6, 0xdb, 0x6d, 0xb6, 0xdb, 0x6d, 0xb6, 0xdb, 0x6d, 0xb6,
    0xdb, 0x6d, 0xb6, 0xdb, 0x76, 0xbd, 0x37, 0xbd, 0xef, 0x0d, 0xb6, 0xdb, 0x6d, 0xb6, 0xdb, 0x6d,
    0xb6, 0xdd, 0x16, 0xed, 0x7b, 0xc4, 0xcc, 0xcc, 0xcc, 0xcc, 0xcd, 0xef, 0x11, 0x5a, 0xd6, 0xb1,
    0x7a, 0xd6, 0x98, 0x8b, 0xcd, 0x9b, 0x6d, 0xb6, 0xdb, 0x6d, 0xb6, 0xdb, 0x6d, 0xb6, 0xdb, 0x6d,
    0xb6, 0xdb, 0x77, 0x89, 0xad, 0xef, 0x7b, 0xc4, 0xd9, 0xb6, 0xdb, 0x6d, 0xb6, 0xdb, 0x6d, 0xb6,
    0xe8, 0xb7, 0x69, 0xbd, 0xe2, 0xb4, 0xc4, 0xcc, 0xcc, 0xde, 0xf7, 0x8b, 0xcc, 0xcc, 0xde, 0xf1,
    0x11, 0x5a, 0x6b, 0x5a, 0xc4, 0x5e, 0xcd, 0xb6, 0xdb, 0x6d, 0xb6, 0xdb, 0x6d, 0xb6, 0xdb, 0x6d,
    0xb6, 0xdd, 0xa9, 0x9b, 0xd6, 0x2f, 0x11, 0x7a, 0xd9, 0xb6, 0xdb, 0x6d, 0xb6, 0xdb, 0x6d, 0xb6,
    0xe8, 0xb6, 0xed, 0x59, 0xb5, 0xa6, 0xf7, 0xbc, 0x45, 0xe6, 0x66, 0x22, 0xf3, 0x33, 0x33, 0x79,
    0x99, 0x9b, 0xc5, 0x69, 0xac, 0x56, 0x22, 0xf6, 0x6d, 0xb6, 0xdb, 0x6d, 0xb6, 0xdb, 0x6d, 0xb6,
    0xdb, 0x6e, 0xd5, 0xbc, 0x45, 0x31, 0x11, 0x15, 0xb3, 0x6d, 0xb6, 0xdb, 0x6d, 0xb6, 0xdb, 0x6d,
    0xd1, 0x6d, 0xbb, 0x5e, 0x2d, 0x6b, 0x4c, 0xcc, 0xcd, 0xef, 0x7b, 0xc4, 0x56, 0xb1, 0x79, 0xbd,
    0xe6, 0x66, 0x6f, 0x79, 0xbc, 0x56, 0x9a, 0xc4, 0x45, 0xec, 0xdb, 0x6d, 0xb6, 0xdb, 0x6d, 0xb6,
    0xdb, 0x6d, 0xbb, 0x56, 0x22, 0x29, 0x88, 0x88, 0x8b, 0xb6, 0xdb, 0x6d, 0xb6, 0xdb, 0x6d, 0xb6,
    0xdd, 0x16, 0xdb, 0x6e, 0xd3, 0x7b, 0xda, 0x66, 0x66, 0x66, 0x66, 0x6f, 0x59, 0xbc, 0x44, 0x44,
    0x5e, 0x66, 0x66, 0x66, 0xf7, 0xbc, 0x56, 0xb5, 0x88, 0x8b, 0x36, 0xdb, 0x6d, 0xb6, 0xdb, 0x6d,
    0xb6, 0xdb, 0x71, 0x11, 0x11, 0x4c, 0x44, 0x44, 0x36, 0xdb, 0x6d, 0xb6, 0xdb, 0x6d, 0xb6, 0xdd,
    0x16, 0xdb, 0x6d, 0xb7, 0x69, 0x9b, 0xde, 0x66, 0x66, 0x66, 0xf7, 0xac, 0xcc, 0xcc, 0xcd, 0xef,
    0x78, 0x88, 0xbc, 0xcc, 0xcc, 0xde, 0xb4, 0xd6, 0x2b, 0x2d, 0xb6, 0xdb, 0x6d, 0xb6, 0xdb, 0x6d,
    0xb7, 0x69, 0xac, 0x44, 0x56, 0xb5, 0xac, 0x56, 0xcd, 0xb6, 0xdb, 0x6d, 0xb6, 0xdb, 0x6d, 0xba,
    0x2d, 0xb6, 0xdb, 0x6e, 0xd1, 0x33, 0x37, 0x88, 0x8b, 0xcc, 0xde, 0xf7, 0x8a, 0xde, 0x66, 0xf7,
    0xbc, 0xde, 0xf7, 0x99, 0x99, 0x99, 0xbc, 0x50, 0x56, 0x29, 0xbb, 0x6d, 0xb6, 0xdb, 0x6d, 0xb6,
    0xdb, 0x6d, 0xda, 0x98, 0x88, 0xa6, 0xb1, 0x58, 0xab, 0x6d, 0xb6, 0xdb, 0x6d, 0xb6, 0xdb, 0x6d,
    0xd1, 0x6d, 0xb6, 0xdb, 0x6e, 0xd7, 0xbd, 0xa6, 0x66, 0x6f, 0x7b, 0xc4, 0x5e, 0x6f, 0x15, 0xad,
    0x62, 0xf3, 0x37, 0xbd, 0xef, 0x7b, 0xde, 0xf7, 0x9b, 0xd3, 0x58, 0xad, 0xac, 0xdb, 0x6d, 0xb6,
    0xdb, 0x6d, 0xb6, 0xdd, 0x62, 0xb1, 0x4d, 0x05, 0x34, 0xd6, 0x9a, 0xb6, 0xdb, 0x6d, 0xb6, 0xdb,
    0x6d, 0xb6, 0xdd, 0x16, 0xdb, 0x6d, 0xb6, 0xdb, 0xb5, 0xe2, 0xd3, 0x33, 0x33, 0x33, 0x79, 0x9a,
    0xcc, 0xcc, 0xcd, 0xef, 0x15, 0x8b, 0xde, 0xf7, 0xbc, 0xcd, 0xef, 0x4d, 0x62, 0x9b, 0xde, 0xcd,
    0xb6, 0xdb, 0x6d, 0xb6, 0xdb, 0x71, 0x15, 0xa6, 0x9a, 0x69, 0xa6, 0x9a, 0x0b, 0x36, 0xdb, 0x6d,
    0xb6, 0xdb, 0x6d, 0xb6, 0xdd, 0x16, 0xdb, 0x6d, 0xb6, 0xdb, 0x6e, 0xd3, 0x11, 0x33, 0x33, 0x33,
    0x33, 0x31, 0x13, 0x33, 0x33, 0x33, 0x37, 0xbd, 0xef, 0x79, 0x9b, 0xde, 0x29, 0xac, 0x56, 0x66,
    0x66, 0x2f, 0x66, 0xdb, 0x6d, 0xb6, 0xed, 0x31, 0x14, 0xd3, 0x4d, 0x34, 0xd3, 0x7b, 0x36, 0xdb,
    0x6d, 0xb6, 0xdb, 0x6d, 0xb6, 0xdd, 0x16, 0xdb, 0x6d, 0xb6, 0xdb, 0x6d, 0xb7, 0x6b, 0x4d, 0xe2,
    0x26, 0x66, 0xf3, 0x7b, 0xc4, 0x5e, 0x66, 0x6f, 0x7b, 0xde, 0xf7, 0x9b, 0xde, 0x66, 0x9a, 0xc4,
    0x53, 0x78, 0x9b, 0x4c, 0xcd, 0xe2, 0xf3, 0x66, 0xdb, 0xb5, 0x6b, 0x5a, 0x69, 0xa6, 0x9a, 0x69,
    0xb3, 0x6d, 0xd9, 0xd9, 0xb6, 0xdb, 0x6d, 0xb6, 0xdb, 0xa2, 0xdb, 0x6d, 0xb6, 0xdb, 0x6d, 0xb6,
    0xdb, 0x98, 0x99, 0xbd, 0xef, 0x7b, 0xde, 0x66, 0x62, 0xb5, 0xa6, 0x98, 0xbc, 0xcd, 0xef, 0x7b,
    0xcc, 0xcd, 0x35, 0x88, 0xa6, 0xb7, 0xbc, 0x5e, 0x66, 0x66, 0x66, 0x66, 0xf1, 0x7a, 0x6b, 0x4d,
    0x34, 0xd3, 0x4d, 0x34, 0xde, 0xf7, 0xbc, 0xcc, 0xcd, 0xe2, 0xf6, 0x6d, 0xb6, 0xdb, 0x6e, 0x8b,
    0x6d, 0xb6, 0xdb, 0x6d, 0xb6, 0xdb, 0x6d, 0xda, 0x2f, 0x69, 0x99, 0x99, 0x99, 0x99, 0xa6, 0x66,
    0x66, 0x6f, 0x7b, 0xde, 0xf3, 0x33, 0x37, 0xa6, 0xb1, 0x11, 0x6b, 0xd6, 0x2f, 0x7b, 0xde, 0xf7,
    0x99, 0x99, 0x99, 0x9b, 0xde, 0x22, 0x22, 0xf7, 0xbc, 0x5e, 0x2f, 0x79, 0x99, 0x99, 0xbc, 0x4b,
    0x6d, 0xb6, 0xe8, 0xb6, 0xdb, 0x6d, 0xb6, 0xdb, 0x6d, 0xb6, 0xdb, 0x98, 0xad, 0x37, 0xb4, 0xcc,
    0xcc, 0xcc, 0xc4, 0x4c, 0xcc, 0xcc, 0xcd, 0xe6, 0x66, 0x6f, 0x78, 0xa6, 0xb1, 0x5a, 0xd6, 0xb5,
    0xa6, 0xb5, 0xac, 0x44, 0x44, 0x44, 0x44, 0x44, 0x45, 0xef, 0x7b, 0xde, 0xf7, 0xbd, 0xef, 0x7b,
    0xde, 0x22, 0x66, 0x66, 0x2c, 0xdb, 0x74, 0x5b, 0x6d, 0xb6, 0xdb, 0x6d, 0xb6, 0xdb, 0x88, 0xad,
    0x6f, 0x36, 0xb5, 0xa6, 0xf1, 0x11, 0x17, 0xbd, 0xef, 0x7a, 0xd3, 0x4d, 0x62, 0xf7, 0x99, 0xbd,
    0xe6, 0x6f, 0x5a, 0x62, 0x29, 0x88, 0x88, 0x88, 0x88, 0x8a, 0xd6, 0xb5, 0xad, 0x34, 0xd3, 0x4d,
    0x34, 0x14, 0xd3, 0x4d, 0x34, 0xd0, 0x50, 0xa8, 0x29, 0xac, 0x44, 0x45, 0x66, 0xf3, 0x5a, 0xb6,
    0xe8, 0xb6, 0xdb, 0x6d, 0xb6, 0xdb, 0x6d, 0xda, 0x2d, 0x6b, 0x36, 0xdb, 0x76, 0x9b, 0xcc, 0xcc,
    0xcc, 0xcc, 0xc4, 0x4c, 0xcd, 0xe6, 0xf7, 0xbc, 0xcc, 0xcc, 0xde, 0x29, 0x8a, 0xd6, 0xd6, 0xb5,
    0xad, 0x6b, 0x5a, 0xd6, 0xad, 0x34, 0xd3, 0x4d, 0x34, 0xd6, 0xb5, 0xad, 0x68, 0x54, 0x3a, 0x1d,
    0x0e, 0x87, 0x13, 0x14, 0x14, 0xd6, 0xb5, 0xac, 0x45, 0x5b, 0xa2, 0xdb, 0x6d, 0xb6, 0xdb, 0x6d,
    0xb7, 0x66, 0xdb, 0x6d, 0xb6, 0xdb, 0xb5, 0xe2, 0xd3, 0x33, 0x33, 0x37, 0x8a, 0xc4, 0xcc, 0xde,
    0xf7, 0x9b, 0xde, 0x6f, 0x37, 0xbd, 0x6b, 0x15, 0xbb, 0x6d, 0xb6, 0xe6, 0x9a, 0x69, 0xa0, 0xac,
    0x45, 0x6b, 0x42, 0xa1, 0xd0, 0xe8, 0x74, 0x3a, 0x0a, 0xc5, 0xe6, 0x22, 0x22, 0x82, 0xb4, 0xd3,
    0x16, 0x74, 0x5b, 0x6d, 0xb6, 0xdb, 0x6d, 0xb6, 0xdb, 0x6d, 0xb6, 0xdb, 0x6d, 0xb7, 0x6b, 0x4c,
    0x44, 0x5e, 0xf3, 0x33, 0x7b, 0xde, 0xf5, 0xad, 0x6b, 0x58, 0x89, 0xbc, 0xcd, 0xef, 0x7a, 0xd6,
    0x2b, 0x7b, 0x36, 0xdc, 0x53, 0x4c, 0x44, 0x56, 0x82, 0x87, 0x43, 0xa1, 0xd0, 0xe2, 0xf3, 0x79,
    0x99, 0x99, 0x8a, 0xc4, 0x5e, 0xf3, 0x7b, 0xd1, 0x6d, 0xb6, 0xdb, 0x6d, 0xb6, 0xdb, 0x6d, 0xb6,
    0xdb, 0x6d, 0xb6, 0xdb, 0x6d, 0xbb, 0x56, 0x66, 0x66, 0x66, 0x66, 0x2b, 0x33, 0x33, 0x33, 0x7b,
    0xde, 0xf3, 0x33, 0x31, 0x4d, 0x62, 0x22, 0xf7, 0xa6, 0xb1, 0x15, 0xad, 0x68, 0x28, 0x74, 0x3a,
    0x1c, 0x5e, 0x66, 0x66, 0x66, 0xf4, 0xd6, 0xb5, 0xac, 0x45, 0xe6, 0xf4, 0x5b, 0x6d, 0xb6, 0xdb,
    0x6d, 0xb6, 0xdb, 0x6d, 0xb6, 0xdb, 0x6d, 0xb6, 0xdb, 0x6d, 0xda, 0xd1, 0x79, 0x99, 0x99, 0x9b,
    0xde, 0x2b, 0x4d, 0x34, 0xc5, 0xef, 0x33, 0x33, 0x33, 0x37, 0xa6, 0xb5, 0x8b, 0xd0, 0x56, 0xb5,
    0xad, 0x6b, 0x5a, 0x0a, 0x15, 0x0a, 0x82, 0x6f, 0x33, 0x37, 0xbd, 0xef, 0x58, 0x88, 0x8a, 0xde,
    0xb1, 0x45, 0xb6, 0xdb, 0x6d, 0xb6, 0xdb, 0x6d, 0xb6, 0xdb, 0x6d, 0xb6, 0xdb, 0x6d, 0xb6, 0xdb,
    0x6e, 0xd6, 0x8b, 0xcc, 0xcd, 0xef, 0x79, 0xbd, 0x66, 0x66, 0x66, 0x66, 0x66, 0x66, 0x6f, 0x14,
    0xd6, 0x22, 0x9a, 0xd6, 0xb5, 0xad, 0x6b, 0x4d, 0x0a, 0x82, 0x9b, 0xde, 0xf3, 0x33, 0x33, 0x78,
    0xac, 0x4d, 0x9b, 0x74, 0x5b, 0x6d, 0xb6, 0xdb, 0x6d, 0xb6, 0xdb, 0x6d, 0xb6, 0xdb, 0x6d, 0xb6,
    0xdb, 0x6d, 0xb6, 0xdb, 0xb4, 0xc4, 0xcc, 0xcc, 0xde, 0xf7, 0x9b, 0xd6, 0x26, 0x66, 0x66, 0x66,
    0x66, 0x66, 0x9a, 0xc5, 0x69, 0xad, 0x6b, 0x5a, 0xd6, 0xb5, 0xad, 0x0a, 0xb3, 0x33, 0x33, 0x33,
    0x31, 0x66, 0xdb, 0x6e, 0x8b, 0x6d, 0xb6, 0xdb, 0x6d, 0xb6, 0xdb, 0x6d, 0xb6, 0xdb, 0x6d, 0xb6,
    0xdb, 0x6d, 0xb6, 0xdb, 0x6d, 0xbb, 0x5e, 0x2f, 0x7b, 0xde, 0xf7, 0xbd, 0xe9, 0xad, 0x6b, 0x4d,
    0x31, 0x79, 0x99, 0x99, 0xa6, 0x22, 0x22, 0x2b, 0x5a, 0xd6, 0xb5, 0xad, 0x31, 0x33, 0x33, 0x6b,
    0x45, 0x9b, 0x6d, 0xb6, 0xe8, 0xb6, 0xdb, 0x6d, 0xb6, 0xdb, 0x6d, 0xb6, 0xdb, 0x6d, 0xb6, 0xdb,
    0x6d, 0xb6, 0xdb, 0x6d, 0xb6, 0xdb, 0x6e, 0xd5, 0x89, 0x9b, 0xcd, 0xef, 0x33, 0x35, 0xbc, 0xcc,
    0x44, 0xcd, 0xe6, 0x2b, 0x15, 0xad, 0x6b, 0x5a, 0xd6, 0xb5, 0x8b, 0x5a, 0xd6, 0xb5, 0xad, 0x7b,
    0x36, 0xdb, 0x6d, 0xba, 0x2d, 0xb6, 0xdb, 0x6d, 0xb6, 0xdb, 0x6d, 0xb6, 0xdb, 0x6d, 0xb6, 0xdb,
    0x6d, 0xb6, 0xdb, 0x6d, 0xb6, 0xdb, 0x6d, 0xb7, 0x78, 0x9b, 0xcd, 0xef, 0x79, 0xbd, 0x37, 0x88,
    0xbc, 0xcd, 0xad, 0x6b, 0x5a, 0xd6, 0xb5, 0xad, 0x6b, 0x5a, 0xd6, 0xb5, 0xad, 0x37, 0x6d, 0xb6,
    0xdb, 0x6d, 0xd1, 0x6d, 0xb6, 0xdb, 0x6d, 0xb6, 0xdb, 0x6d, 0xb6, 0xdb, 0x6d, 0xb6, 0xdb, 0x6d,
    0xb6, 0xdb, 0x6d, 0xb6, 0xdb, 0x6d, 0xb7, 0x6a, 0x0a, 0x69, 0xa6, 0x6f, 0x78, 0x99, 0x99, 0x9b,
    0x5a, 0xd6, 0xb5, 0xad, 0x6b, 0x5a, 0xd6, 0xb5, 0xad, 0x6b, 0x5a, 0xd6, 0x8b, 0x36, 0xdb, 0x6d,
    0xb6, 0xe8, 0xb6, 0xdb, 0x6d, 0xb6, 0xdb, 0x6d, 0xb6, 0xdb, 0x6d, 0xb6, 0xdb, 0x6d, 0xb6, 0xdb,
    0x6d, 0xb6, 0xdb, 0x6d, 0xb6, 0xdd, 0xab, 0x5a, 0xd6, 0xb5, 0xad, 0xad, 0x6b, 0x5a, 0xd6, 0xb5,
    0xad, 0x6b, 0x5a, 0xd6, 0xb5, 0xad, 0x6b, 0x5a, 0xd6, 0xb5, 0xad, 0x16, 0x6d, 0xb6, 0xdb, 0x6d,
    0xba, 0x2d, 0xb6, 0xdb, 0x6d, 0xb6, 0xdb, 0x6d, 0xb6, 0xdb, 0x6d, 0xb6, 0xdb, 0x6d, 0xb6, 0xdb,
    0x6d, 0xb6, 0xdb, 0x6d, 0xbb, 0x56, 0xb5, 0xad, 0x6b, 0x59, 0xb5, 0xad, 0x6b, 0x5a, 0xd6, 0xb5,
    0xad, 0x6b, 0x5a, 0xd6, 0xb5, 0xad, 0x6b, 0x5a, 0xd6, 0xb4, 0xdd, 0xb6, 0xdb, 0x6d, 0xb6, 0xdd,
    0x16, 0xdb, 0x6d, 0xb6, 0xdb, 0x6d, 0xb6, 0xdb, 0x6d, 0xb6, 0xdb, 0x6d, 0xb6, 0xdb, 0x6d, 0xb6,
    0xdb, 0x6d, 0xb6, 0xed, 0x78, 0x88, 0xad, 0x69, 0xbc, 0xda, 0xd6, 0xb5, 0xad, 0x6b, 0x5a, 0xd6,
    0xb5, 0xad, 0x6b, 0x5a, 0xd6, 0xb5, 0xad, 0x6b, 0x5a, 0x2c, 0xdb, 0x6d, 0xb6, 0xdb, 0x6e, 0x8b,
    0x6d, 0xb6, 0xdb, 0x6d, 0xb6, 0xdb, 0x6d, 0xb6, 0xdb, 0x6d, 0xb6, 0xdb, 0x6d, 0xb6, 0xdb, 0x6d,
    0xb6, 0xdb, 0x76, 0xac, 0x44, 0x56, 0xb1, 0x79, 0x9b, 0x5a, 0xd6, 0xb5, 0xad, 0x6b, 0x5a, 0xd6,
    0xb5, 0xad, 0x6b, 0x5a, 0xd6, 0xb5, 0xad, 0x37, 0xb3, 0x6d, 0xb6, 0xdb, 0x6d, 0xba, 0x2d, 0xb6,
    0xdb, 0x6d, 0xb6, 0xdb, 0x6d, 0xb6, 0xdb, 0x6d, 0xb6, 0xdb, 0x6d, 0xb6, 0xdb, 0x6d, 0xb6, 0xdb,
    0x6d, 0xde, 0x22, 0x2b, 0x5a, 0xcc, 0xcc, 0xda, 0xd6, 0xb5, 0xad, 0x6b, 0x5a, 0xd6, 0xb5, 0xad,
    0x6b, 0x5a, 0xd6, 0xb5, 0xad, 0x68, 0x6d, 0xb6, 0xdb, 0x6d, 0xb6, 0xdd, 0x16, 0xdb, 0x6d, 0xb6,
    0xdb, 0x6d, 0xb6, 0xdb, 0x6d, 0xb6, 0xdb, 0x6d, 0xb6, 0xdb, 0x6d, 0xb6, 0xdb, 0x6d, 0xb7, 0x6a,
    0xc4, 0x56, 0xb5, 0x8b, 0xcc, 0xcc, 0xda, 0xd6, 0xb5, 0xad, 0x6b, 0x5a, 0xd6, 0xb5, 0xad, 0x6b,
    0x5a, 0xd6, 0xb5, 0xaf, 0x66, 0xdb, 0x6d, 0xb6, 0xdb, 0x6d, 0xd1, 0x6d, 0xb6, 0xdb, 0x6d, 0xb6,
    0xdb, 0x6d, 0xb6, 0xdb, 0x6d, 0xb6, 0xdb, 0x6d, 0xb6, 0xdb, 0x6d, 0xb6, 0xdb, 0x77, 0x88, 0x8a,
    0xd6, 0x9b, 0xde, 0x66, 0xf3, 0x33, 0x6b, 0x5a, 0xd6, 0xb5, 0xad, 0x6b, 0x5a, 0xd6, 0xb5, 0xad,
    0x6b, 0x5e, 0xcd, 0xb6, 0xdb, 0x6d, 0xb6, 0xdb, 0x74, 0x5b, 0x6d, 0xb6, 0xdb, 0x6d, 0xb6, 0xdb,
    0x6d, 0xb6, 0xdb, 0x6d, 0xb6, 0xdb, 0x6d, 0xb6, 0xdb, 0x6d, 0xb6, 0xed, 0x58, 0xad, 0x6b, 0x58,
    0x99, 0xbd, 0xe2, 0x2f, 0x33, 0x6b, 0x5a, 0xd6, 0xb5, 0xad, 0x6b, 0x5a, 0xd6, 0xb5, 0xad, 0x7b,
    0x36, 0xdb, 0x6d, 0xb6, 0xdb, 0x6d, 0xba, 0x2d, 0xb6, 0xdb, 0x6d, 0xb6, 0xdb, 0x6d, 0xb6, 0xdb,
    0x6d, 0xb6, 0xdb, 0x6d, 0xb6, 0xdb, 0x6d, 0xb6, 0xdb, 0x76, 0xad, 0x6b, 0x58, 0xbd, 0xef, 0x7a,
    0xc4, 0x53, 0x58, 0xa6, 0x6d, 0x6b, 0x5a, 0xd6, 0xb5, 0xad, 0x6b, 0x5a, 0xd3, 0x76, 0xdb, 0x6d,
    0xb6, 0xdb, 0x6d, 0xb6, 0xdd, 0x16, 0xdb, 0x6d, 0xb6, 0xdb, 0x6d, 0xb6, 0xdb, 0x6d, 0xb6, 0xdb,
    0x6d, 0xb6, 0xdb, 0x6d, 0xb6, 0xdb, 0x6d, 0xb7, 0x5a, 0xd3, 0x37, 0x99, 0x8a, 0xc5, 0x62, 0x2b,
    0x15, 0x99, 0xb5, 0xa6, 0x6d, 0x6b, 0x5a, 0xd3, 0x37, 0x6d, 0xb6, 0xdb, 0x6d, 0xb6, 0xdb, 0x6d,
    0xb7, 0x45, 0xb6, 0xdb, 0x6d, 0xb6, 0xdb, 0x6d, 0xb6, 0xdb, 0x6d, 0xb6, 0xdb, 0x6d, 0xb6, 0xdb,
    0x6d, 0xb6, 0xed, 0x69, 0x99, 0xa6, 0xb7, 0x99, 0xbd, 0x62, 0x29, 0x8b, 0xcd, 0x37, 0xbd, 0xe6,
    0x66, 0x66, 0x66, 0xf7, 0xad, 0x36, 0x6d, 0xb6, 0xdb, 0x6d, 0xb6, 0xdb, 0x6d, 0xb6, 0xe8, 0xb6,
    0xdb, 0x6d, 0xb6, 0xdb, 0x6d, 0xb6, 0xdb, 0x6d, 0xb6, 0xdb, 0x6d, 0xb6, 0xdb, 0x76, 0x99, 0xbd,
    0x6b, 0x5a, 0xd6, 0xb5, 0xa6, 0x99, 0xbc, 0x56, 0xb4, 0xd6, 0xb1, 0x78, 0xac, 0x56, 0x66, 0x6f,
    0x7b, 0xc5, 0x69, 0x8a, 0x61, 0xb6, 0xdb, 0x6d, 0xb6, 0xdb, 0x6d, 0xb6, 0xdb, 0x74, 0x5b, 0x6d,
    0xb6, 0xdb, 0x6d, 0xb6, 0xdb, 0x6d, 0xb6, 0xdb, 0x6d, 0xb6, 0xdd, 0xa6, 0x62, 0xb5, 0xad, 0x6b,
    0x5a, 0xd6, 0xb5, 0xa6, 0x9a, 0xd3, 0x4c, 0xcc, 0xde, 0x62, 0xb5, 0xad, 0xef, 0x7b, 0xde, 0x29,
    0xac, 0x56, 0xb4, 0xde, 0xb5, 0x8b, 0x36, 0xdb, 0x6d, 0xb6, 0xdb, 0x6d, 0xb6, 0xdb, 0x74, 0x5b,
    0x6d, 0xb6, 0xdb, 0x6d, 0xb6, 0xdb, 0x6d, 0xb6, 0xdb, 0x6d, 0xda, 0x6f, 0x15, 0x88, 0x8a, 0xd6,
    0x2b, 0x5a, 0xd6, 0x9a, 0x6b, 0x5a, 0xd6, 0x9a, 0x0a, 0xd3, 0x14, 0xc5, 0xef, 0x33, 0x6b, 0x36,
    0xdb, 0xb5, 0xef, 0x78, 0x8b, 0x36, 0xdb, 0x6d, 0xb6, 0xdb, 0x6d, 0xb6, 0xdb, 0x6d, 0xba, 0x2d,
    0xb6, 0xdb, 0x6d, 0xb6, 0xdb, 0x6d, 0xb6, 0xdb, 0x6e, 0xd3, 0x78, 0xac, 0x44, 0x44, 0x44, 0x44,
    0x56, 0xb4, 0xd3, 0x5a, 0xd6, 0xb5, 0xa6, 0x9a, 0xd6, 0xb4, 0xd6, 0xb6, 0x6d, 0xb6, 0xdb, 0x6d,
    0xb6, 0xdb, 0x6d, 0xb6, 0xdb, 0x6d, 0xb6, 0xdb, 0x6d, 0xb6, 0xdb, 0x6d, 0xd1, 0x6d, 0xb6, 0xdb,
    0x6d, 0xb6, 0xdb, 0x6d, 0xb6, 0xe6, 0xf1, 0x58, 0x88, 0x88, 0x88, 0x88, 0x88, 0xad, 0x6b, 0x11,
    0x11, 0x5a, 0xd3, 0x4d, 0x6b, 0x5a, 0x69, 0xad, 0x66, 0xcd, 0xb6, 0xdb, 0x6d, 0xb6, 0xdb, 0x6d,
    0xb6, 0xdb, 0x6d, 0xb6, 0xdb, 0x6d, 0xb6, 0xdb, 0x6d, 0xba, 0x2d, 0xb6, 0xdb, 0x6d, 0xb6, 0xdb,
    0x6d, 0xbb, 0x5e, 0x22, 0xf1, 0x11, 0x11, 0x11, 0x11, 0x5a, 0xd6, 0xb1, 0x11, 0x11, 0x11, 0x4d,
    0x31, 0x11, 0x14, 0xd6, 0x22, 0x2c, 0xdb, 0x6d, 0xb6, 0xdb, 0x6d, 0xb6, 0xdb, 0x6d, 0xb6, 0xdb,
    0x6d, 0xb6, 0xdb, 0x6d, 0xb6, 0xdb, 0x74, 0x5b, 0x6d, 0xb6, 0xdb, 0x6d, 0xb6, 0xdb, 0x76, 0x88,
    0xbd, 0xef, 0x7b, 0xde, 0x22, 0xb5, 0xa6, 0x22, 0x22, 0x22, 0x22, 0x29, 0xa6, 0x22, 0x22, 0x29,
    0x88, 0x8a, 0xd9, 0xb6, 0xdb, 0x6d, 0xb6, 0xdb, 0x6d, 0xb6, 0xdb, 0x6d, 0xb6, 0xdb, 0x6d, 0xb6,
    0xdb, 0x6d, 0xb6, 0xdd, 0x16, 0xdb, 0x6d, 0xb6, 0xdb, 0x6d, 0xb6, 0xdb, 0x76, 0xbd, 0xef, 0x17,
    0xad, 0x62, 0xf7, 0x88, 0x88, 0x88, 0x8a, 0xd6, 0xb1, 0x11, 0x11, 0x5a, 0x62, 0x22, 0xb7, 0x6d,
    0xb6, 0xdb, 0x6d, 0xb6, 0xdb, 0x6d, 0xb6, 0xdb, 0x6d, 0xb6, 0xdb, 0x6d, 0xb6, 0xdb, 0x6d, 0xb6,
    0xe8, 0xb6, 0xdb, 0x6d, 0xb6, 0xdb, 0x6d, 0xb6, 0xdb, 0x6d, 0xb7, 0x6b, 0xc4, 0x5e, 0xf7, 0xbd,
    0xef, 0x7a, 0xc4, 0x44, 0x45, 0xe2, 0x2b, 0x58, 0xbd, 0xef, 0x16, 0x6d, 0xb6, 0xdb, 0x6d, 0xb6,
    0xdb, 0x6d, 0xb6, 0xdb, 0x6d, 0xb6, 0xdb, 0x6d, 0xb6, 0xdb, 0x6d, 0xb6, 0xe8, 0xb6, 0xdb, 0x6d,
    0xb6, 0xdb, 0x6d, 0xb6, 0xdb, 0x6d, 0xb6, 0xdb, 0xb4, 0xde, 0xf7, 0x8b, 0xde, 0x6b, 0x11, 0x11,
    0x11, 0x11, 0x17, 0xbd, 0xef, 0x66, 0xdb, 0x6d, 0xb6, 0xdb, 0x6d, 0xb6, 0xdb, 0x6d, 0xb6, 0xdb,
    0x6d, 0xb6, 0xdb, 0x6d, 0xb6, 0xdb, 0x6d, 0xd1
};

const HuffmanFrequency SPRITE_09_FREQS[] = {
    {0x0a, 53},
    {0x23, 18},
    {0x25, 7},
    {0x2a, 153},
    {0x2b, 336},
    {0x2d, 420},
    {0x2e, 386},
    {0x3a, 515},
    {0x3d, 453},
    {0x40, 15},
    {0xa0, 2897},
    {0xc2, 2897}
};
}

const HuffmanEncodedSprite SPRITE_09 = {
    SPRITE_09_BYTES,
    static_cast<int>(sizeof(SPRITE_09_BYTES) / sizeof(SPRITE_09_BYTES[0])),
    19904,
    8150,
    SPRITE_09_FREQS,
    static_cast<int>(sizeof(SPRITE_09_FREQS) / sizeof(SPRITE_09_FREQS[0]))
};

namespace
{
const unsigned char SPRITE_10_BYTES[] = {
    0x6d, 0xb6, 0xdb, 0x6d, 0xb6, 0xdb, 0x6d, 0xb6, 0xdb, 0x6d, 0xb6, 0xdb, 0x6d, 0xb6, 0xdb, 0x6d,
    0xb6, 0xdb, 0x6d, 0xb6, 0xdb, 0x6d, 0xb6, 0xdb, 0x6d, 0xb6, 0xdb, 0x6d, 0xb7, 0x31, 0xb6, 0xdb,
    0x6d, 0xb6, 0xdb, 0x6d, 0xb6, 0xe1, 0x60, 0xdb, 0x6d, 0xb6, 0xdb, 0x6d, 0xb6, 0xdb, 0x6d, 0xb6,
    0xdb, 0x6d, 0xb6, 0xdb, 0x6d, 0xb6, 0xdb, 0x6d, 0xb6, 0xdb, 0x6d, 0xb6, 0xdb, 0x6d, 0xb6, 0xdb,
    0x6d, 0xb6, 0xdb, 0x6e, 0x63, 0x6d, 0xb6, 0xdb, 0x6d, 0xb6, 0xdb, 0x6e, 0xce, 0x27, 0x31, 0x83,
    0x6d, 0xb6, 0xdb, 0x6d, 0xb6, 0xdb, 0x6d, 0xb6, 0xdb, 0x6d, 0xb6, 0xdb, 0x6d, 0xb6, 0xdb, 0x6d,
    0xb6, 0xdb, 0x6d, 0xb6, 0xdb, 0x6d, 0xb6, 0xdb, 0x6d, 0xb6, 0xdb, 0x6d, 0xcc, 0x6d, 0xb6, 0xdb,
    0x6d, 0xb6, 0xdb, 0x70, 0x8c, 0xe6, 0x76, 0x73, 0x36, 0x0d, 0xb6, 0xdb, 0x6d, 0xb6, 0xdb, 0x6d,
    0xb6, 0xdb, 0x6d, 0xb6, 0xdb, 0x6d, 0xb6, 0xdb, 0x6d, 0xb6, 0xdb, 0x6d, 0xb6, 0xdb, 0x6d, 0xb6,
    0xdb, 0x6d, 0xb6, 0xdb, 0x6d, 0xb7, 0x31, 0xb6, 0xdb, 0x6d, 0xb6, 0xdb, 0x6e, 0x13, 0xe7, 0x33,
    0xb3, 0xb3, 0xb3, 0x98, 0x36, 0xdb, 0x6d, 0xb6, 0xdb, 0x6d, 0xb6, 0xdb, 0x6d, 0xb6, 0xdb, 0x6d,
    0xb6, 0xdb, 0x6d, 0xb6, 0xdb, 0x6d, 0xb6, 0xdb, 0x6d, 0xb6, 0xdb, 0x6d, 0xb6, 0xdb, 0x6d, 0xb6,
    0xdc, 0xc6, 0xdb, 0x6d, 0xb6, 0xdb, 0x6d, 0xb9, 0xf3, 0x99, 0xd9, 0xd9, 0xd9, 0xd9, 0xcd, 0x6d,
    0xb6, 0xdb, 0x6d, 0xb6, 0xdb, 0x6d, 0xb6, 0xdb, 0x6d, 0xb6, 0xdb, 0x6d, 0xb6, 0xdb, 0x6d, 0xb6,
    0xdb, 0x6d, 0xb6, 0xdb, 0x6d, 0xb6, 0xdb, 0x6d, 0xb6, 0xdb, 0x6d, 0xb9, 0x8d, 0xb6, 0xdb, 0x6d,
    0xb6, 0xdb, 0x8c, 0xe6, 0x76, 0x76, 0x6c, 0xac, 0x60, 0xdb, 0x6d, 0xb6, 0xdb, 0x6d, 0xb6, 0xdb,
    0x6d, 0xb6, 0xdb, 0x6d, 0xb6, 0xdb, 0x6d, 0xb6, 0xdb, 0x6d, 0xb6, 0xdb, 0x6d, 0xb6, 0xdb, 0x6d,
    0xb6, 0xdb, 0x70, 0xb3, 0xe0, 0xdb, 0x73, 0x1b, 0x6d, 0xb6, 0xdb, 0x6d, 0xb9, 0x4e, 0x67, 0x33,
    0xed, 0xb6, 0x30, 0x6d, 0xb6, 0xdb, 0x6d, 0xb6, 0xdb, 0x6d, 0xb6, 0xdb, 0x6d, 0xb6, 0xdb, 0x6d,
    0xb6, 0xdb, 0x6d, 0xb6, 0xdb, 0x6d, 0xb6, 0xdb, 0x6d, 0xb6, 0xdb, 0x70, 0x84, 0x6c, 0x21, 0x3e,
    0x0d, 0xb9, 0x8d, 0xb6, 0xdb, 0x6d, 0xb6, 0xe1, 0x36, 0x7d, 0xb6, 0xdb, 0x18, 0x36, 0xdb, 0x6d,
    0xb6, 0xdb, 0x6d, 0xb6, 0xdb, 0x6d, 0xb6, 0xdb, 0x6d, 0xb6, 0xdb, 0x85, 0x8c, 0xf9, 0xb3, 0x89,
    0xc4, 0xe2, 0x71, 0x39, 0x9c, 0xce, 0x27, 0x13, 0x88, 0x36, 0xdb, 0x6d, 0xb6, 0xdc, 0xa5, 0x08,
    0x42, 0x10, 0x84, 0x5b, 0x73, 0x1b, 0x6d, 0xb6, 0xdb, 0x6d, 0xdb, 0x6d, 0xb6, 0xd8, 0xc1, 0xb6,
    0xdb, 0x6d, 0xb6, 0xdb, 0x6d, 0xb6, 0xdb, 0x6d, 0xb6, 0xdc, 0x2d, 0x94, 0x65, 0x61, 0x19, 0xd9,
    0xd9, 0xd9, 0xd9, 0xd9, 0xd9, 0xd9, 0xd9, 0xcc, 0xe6, 0x73, 0x38, 0xad, 0xb6, 0xdb, 0x6e, 0x10,
    0x8d, 0x84, 0x21, 0x08, 0x42, 0x10, 0xb5, 0xb9, 0x8d, 0xb6, 0xdb, 0x6d, 0xb6, 0xec, 0xad, 0xb6,
    0xdb, 0x18, 0x36, 0xdb, 0x6d, 0xb6, 0xdb, 0x6d, 0xb6, 0xdb, 0x6d, 0xb8, 0x4a, 0x52, 0xb6, 0xdb,
    0x6d, 0x9c, 0xce, 0xce, 0xce, 0xce, 0xce, 0xce, 0xce, 0xce, 0xce, 0x67, 0x16, 0x0d, 0xb6, 0xdb,
    0x6e, 0x11, 0xb0, 0x84, 0x21, 0x08, 0x42, 0x10, 0x85, 0x94, 0x1c, 0xc6, 0xdb, 0x6d, 0xb6, 0xdb,
    0x84, 0xad, 0xb6, 0xdb, 0x2b, 0x06, 0xdb, 0x6d, 0xb6, 0xdb, 0x6d, 0xb6, 0xdb, 0x84, 0x25, 0x19,
    0x5b, 0x6d, 0xb6, 0xdb, 0x67, 0x13, 0xb3, 0xb3, 0xb3, 0xb3, 0xb3, 0xb3, 0xb3, 0x99, 0xb5, 0xb6,
    0xdb, 0x6d, 0xc2, 0xca, 0xdb, 0x61, 0x08, 0x42, 0x10, 0x85, 0xb6, 0x55, 0xcc, 0x6d, 0xb6, 0xdb,
    0x6d, 0xb8, 0x4a, 0xdb, 0x6d, 0xb2, 0xad, 0xb8, 0x42, 0x0d, 0xb6, 0xdb, 0x6d, 0xb7, 0x09, 0x4a,
    0xdb, 0x6d, 0xb6, 0xdb, 0x6d, 0xb3, 0x99, 0xd9, 0xd9, 0xd9, 0xd9, 0xd9, 0xd9, 0xf6, 0x0d, 0xb6,
    0xdb, 0x6d, 0xca, 0x36, 0xdb, 0x6c, 0x21, 0x61, 0x0b, 0x6d, 0xb2, 0x94, 0x26, 0x36, 0xdb, 0x6d,
    0xb6, 0xdc, 0x25, 0x6d, 0xb6, 0x51, 0x8d, 0x84, 0x21, 0x08, 0x42, 0xdb, 0x6c, 0xa3, 0x1b, 0x0b,
    0x3e, 0x56, 0xdb, 0x6d, 0xb6, 0xdb, 0x6d, 0xb3, 0x89, 0xd9, 0xd9, 0xd9, 0xc4, 0xf8, 0x36, 0xdb,
    0x6d, 0xb6, 0xe1, 0x65, 0x6d, 0xb6, 0xdb, 0x6d, 0xb6, 0xdb, 0x6d, 0x8c, 0x26, 0x36, 0xdb, 0x6d,
    0xb6, 0xdc, 0x25, 0x2b, 0x61, 0x08, 0x42, 0x10, 0x84, 0x21, 0x08, 0x42, 0xdb, 0x6d, 0xb6, 0xdb,
    0x6d, 0xb6, 0xdb, 0x6d, 0xb6, 0xdb, 0x29, 0xc4, 0xe2, 0x36, 0x0d, 0xb6, 0xdb, 0x6d, 0xb6, 0xe5,
    0x1b, 0x6d, 0xb6, 0xdb, 0x6d, 0xb6, 0xdb, 0x6d, 0xb1, 0x84, 0xc6, 0xdb, 0x6d, 0xb6, 0xdb, 0x84,
    0xa5, 0x08, 0x42, 0x10, 0x84, 0x21, 0x08, 0x42, 0x16, 0x52, 0x8c, 0xe2, 0x7d, 0xb6, 0xdb, 0x6d,
    0xb6, 0xdb, 0x6d, 0xb2, 0x94, 0x63, 0x5b, 0x6d, 0xb6, 0xdb, 0x6d, 0xb6, 0xe1, 0x63, 0x6d, 0xb6,
    0xdb, 0x6d, 0xb6, 0xdb, 0x6d, 0xb6, 0xd9, 0x4a, 0x63, 0x6d, 0xb6, 0xdb, 0x70, 0x8d, 0x84, 0x21,
    0x08, 0x42, 0x10, 0x85, 0xb6, 0xd9, 0xb3, 0x99, 0x4f, 0x9d, 0x9d, 0x9b, 0x6d, 0xb6, 0xdb, 0x6c,
    0xa3, 0x18, 0xca, 0xc2, 0x0d, 0xb6, 0xdb, 0x6d, 0xb6, 0xdb, 0x6d, 0xbb, 0x1b, 0x6d, 0xb6, 0xdb,
    0x6d, 0xb6, 0xdb, 0x6d, 0xb6, 0xdb, 0x67, 0xcc, 0x6d, 0xb6, 0xdb, 0x84, 0xa3, 0x3e, 0xca, 0x10,
    0x84, 0x21, 0x6d, 0xb6, 0xdb, 0x38, 0x9d, 0x9d, 0x9d, 0x9c, 0xce, 0x27, 0xdb, 0x6d, 0xb6, 0xdb,
    0x65, 0x18, 0x36, 0xdb, 0x6d, 0xb6, 0xdb, 0x6d, 0xb6, 0xdb, 0xb1, 0xb6, 0xdb, 0x6d, 0xb6, 0xdb,
    0x6d, 0xb6, 0xdb, 0x6d, 0xb6, 0xd8, 0xcc, 0x6d, 0xb6, 0xdb, 0x94, 0xf9, 0xd9, 0xcc, 0xe2, 0x7d,
    0xb6, 0xdb, 0x6d, 0xb6, 0xdb, 0x28, 0xc6, 0x56, 0xd9, 0x46, 0x32, 0xb6, 0xdb, 0x6c, 0xa2, 0xdb,
    0x6d, 0xb6, 0xdb, 0x6d, 0xb6, 0xdb, 0x84, 0x65, 0x6d, 0xb6, 0xdb, 0x6d, 0xb6, 0xdb, 0x6d, 0xb6,
    0xdb, 0x65, 0x2b, 0x07, 0x31, 0xb6, 0xdb, 0x76, 0x53, 0x67, 0x33, 0x99, 0xb6, 0xdb, 0x6d, 0xb6,
    0xd9, 0x46, 0xdb, 0x6d, 0xb2, 0x8c, 0x63, 0x18, 0xcd, 0x95, 0xb6, 0xdb, 0x63, 0x06, 0xdb, 0x6d,
    0xb6, 0xdb, 0x6d, 0xc2, 0x52, 0xb6, 0xdb, 0x6d, 0xb6, 0xdb, 0x6d, 0xb6, 0xdb, 0x6d, 0x94, 0xa0,
    0xdb, 0x6e, 0x63, 0x6d, 0xb7, 0x08, 0xdb, 0x2b, 0x65, 0x29, 0x46, 0x7c, 0xf9, 0xf3, 0xe6, 0xcd,
    0x9b, 0x36, 0xdb, 0x6d, 0xb2, 0x8c, 0x63, 0x18, 0xc6, 0x7c, 0xdb, 0x6d, 0xb6, 0xca, 0x4d, 0xb6,
    0xdb, 0x6d, 0xb6, 0xdc, 0x23, 0x2b, 0x6d, 0xb6, 0xdb, 0x6d, 0xb6, 0xdb, 0x6d, 0xb6, 0x32, 0x83,
    0x6d, 0xb6, 0xdc, 0xc6, 0xdb, 0x6e, 0xcf, 0x8c, 0x6d, 0xb6, 0xdb, 0x3e, 0x6c, 0xd9, 0xb3, 0x66,
    0xcd, 0x9b, 0x1b, 0x6d, 0xb6, 0x7c, 0xf8, 0xc6, 0x33, 0xe7, 0xcf, 0x9f, 0x6d, 0xb6, 0xdb, 0x2a,
    0xdb, 0x6d, 0xb6, 0xdb, 0x6e, 0x11, 0x95, 0xb6, 0xdb, 0x6d, 0xb6, 0xdb, 0x6d, 0xb2, 0x8c, 0x60,
    0xdb, 0x6d, 0xb6, 0xdb, 0x98, 0xdb, 0x6d, 0xc2, 0x6c, 0x63, 0x1b, 0x6d, 0xb6, 0x53, 0x66, 0xcd,
    0x9b, 0x36, 0x6c, 0xd9, 0xf6, 0xdb, 0x6c, 0xa7, 0xcf, 0x9f, 0x3e, 0x7c, 0xf9, 0xf1, 0xb6, 0xdb,
    0x6d, 0xb1, 0x83, 0x6d, 0xb6, 0xdb, 0x6d, 0xb8, 0x46, 0x56, 0xdb, 0x6d, 0xb6, 0xdb, 0x6d, 0x8c,
    0x61, 0x06, 0xdb, 0x6d, 0xb6, 0xdb, 0x73, 0x1b, 0x6d, 0xb7, 0x67, 0xc6, 0x7c, 0xad, 0xb6, 0xd9,
    0x4d, 0x9b, 0x36, 0x6c, 0xf9, 0xf3, 0xed, 0xb6, 0xdb, 0x19, 0xf3, 0xe7, 0xcf, 0x9f, 0x2b, 0x6d,
    0xb6, 0xdb, 0x6c, 0xf8, 0x36, 0xdb, 0x6d, 0xb6, 0xdb, 0x84, 0x6d, 0xb6, 0xca, 0xdb, 0x6c, 0xa5,
    0x28, 0x36, 0xdb, 0x6d, 0xb6, 0xdb, 0x6d, 0xb9, 0x8d, 0xb6, 0xdb, 0x76, 0x7c, 0xf9, 0xf6, 0xdb,
    0x6d, 0xb3, 0xe6, 0xc6, 0x51, 0x8d, 0xb6, 0xdb, 0x6d, 0xb6, 0xdb, 0x6d, 0xb6, 0xdb, 0x6d, 0x94,
    0x5b, 0x6d, 0xb6, 0xdb, 0x6d, 0xb8, 0x4f, 0x94, 0xa5, 0x29, 0x4a, 0x52, 0x8c, 0xa0, 0xdb, 0x6d,
    0xb6, 0xdb, 0x6d, 0xb6, 0xdb, 0x73, 0x1b, 0x6d, 0xb6, 0xdc, 0x23, 0x36, 0xdb, 0x6d, 0xb6, 0xca,
    0x33, 0x67, 0xdb, 0x6d, 0xb6, 0xdb, 0x6d, 0xb6, 0xdb, 0x29, 0x4a, 0x52, 0x95, 0xb6, 0x51, 0x83,
    0x6d, 0xb6, 0xdb, 0x6d, 0xb8, 0x46, 0x32, 0x94, 0xa3, 0x3e, 0x0d, 0xb6, 0xdb, 0x6d, 0xb6, 0xdb,
    0x6d, 0xb6, 0xdb, 0x98, 0xdb, 0x6d, 0xb6, 0xdb, 0x85, 0x8c, 0xad, 0xb6, 0xdb, 0x6d, 0xb6, 0xdb,
    0x6d, 0xb6, 0xdb, 0x6c, 0x67, 0xc6, 0x32, 0x94, 0x6d, 0xb6, 0xdb, 0x28, 0x36, 0xdb, 0x6d, 0xb6,
    0xdb, 0x84, 0x65, 0x29, 0x4a, 0x6c, 0x1b, 0x6d, 0xb6, 0xdb, 0x6d, 0xb6, 0xdb, 0x6d, 0xb7, 0x31,
    0xb6, 0xdb, 0x6d, 0xc2, 0x16, 0xca, 0x33, 0xe5, 0x6d, 0xb6, 0xdb, 0x6d, 0xb6, 0xdb, 0x6d, 0xb6,
    0xc6, 0x6d, 0xb2, 0xb6, 0x33, 0x6d, 0xb6, 0xd8, 0xcf, 0x83, 0x6d, 0xb6, 0xdb, 0x6e, 0x11, 0x8c,
    0x63, 0x18, 0xc6, 0x6c, 0x1b, 0x6d, 0xb6, 0xdb, 0x6d, 0xb6, 0xdb, 0x6d, 0xb9, 0x8d, 0xb7, 0x0b,
    0x18, 0xdb, 0x6d, 0xb6, 0xdb, 0x6d, 0xb6, 0xdb, 0x6d, 0xb6, 0xdb, 0x6d, 0xb1, 0x94, 0xa5, 0x29,
    0x46, 0x52, 0x8d, 0xb6, 0xdb, 0x67, 0xcd, 0x93, 0x6d, 0xb6, 0xe1, 0x29, 0xf1, 0x8c, 0x63, 0x18,
    0xc6, 0x31, 0x8c, 0x1b, 0x6d, 0xb6, 0xdb, 0x6d, 0xb6, 0xdb, 0x6d, 0xcc, 0x84, 0xa5, 0x6d, 0xb6,
    0xdb, 0x6d, 0xb6, 0xdb, 0x6d, 0xb6, 0xdb, 0x6d, 0xb6, 0xdb, 0x6d, 0xb3, 0xed, 0x94, 0xf8, 0xca,
    0x52, 0xb6, 0xdb, 0x6d, 0xb2, 0x94, 0x1b, 0x85, 0x9f, 0x3e, 0x31, 0x8c, 0x63, 0x18, 0xc6, 0x7c,
    0x60, 0xdb, 0x6d, 0xb6, 0xdb, 0x6d, 0xb6, 0xdb, 0x6d, 0xb9, 0x96, 0x52, 0x8c, 0x6d, 0xb6, 0xdb,
    0x6d, 0xb6, 0xdb, 0x6d, 0xb6, 0xdb, 0x6d, 0xb6, 0xdb, 0x6d, 0xb3, 0xed, 0xb2, 0xb6, 0xdb, 0x6d,
    0xb6, 0xdb, 0x63, 0x07, 0x67, 0xc6, 0x31, 0x8c, 0x63, 0x19, 0xf1, 0x84, 0x1b, 0x6d, 0xb6, 0xdb,
    0x6d, 0xb6, 0xdb, 0x6d, 0xb6, 0xdc, 0xc8, 0xca, 0x52, 0x95, 0xb6, 0xdb, 0x6d, 0xb6, 0xdb, 0x6d,
    0xb6, 0xdb, 0x6d, 0xb6, 0xdb, 0x6d, 0xb6, 0xc6, 0xdb, 0x6d, 0xb6, 0xdb, 0x6d, 0xb6, 0xd9, 0x4a,
    0x0e, 0xcf, 0x8c, 0x63, 0x18, 0xc1, 0xb6, 0xdb, 0x6d, 0xb6, 0xdb, 0x6d, 0xb6, 0xdb, 0x6d, 0xb6,
    0xe6, 0x42, 0x33, 0xe3, 0x1b, 0x6d, 0xb6, 0xdb, 0x6d, 0xb2, 0xb6, 0xdb, 0x6d, 0xb6, 0xdb, 0x6d,
    0xb6, 0xdb, 0x6d, 0xb6, 0xdb, 0x6d, 0xb6, 0xdb, 0x6d, 0xb6, 0x53, 0xe0, 0xe1, 0x29, 0xf1, 0x8c,
    0x67, 0xc9, 0xb6, 0xdb, 0x6d, 0xb6, 0xdb, 0x6d, 0xb6, 0xdb, 0x6d, 0xb7, 0x31, 0xb6, 0xdb, 0x6e,
    0x16, 0x51, 0x8c, 0x63, 0x19, 0x4a, 0x33, 0xed, 0xb6, 0xdb, 0x6d, 0xb6, 0xdb, 0x6d, 0xb6, 0xdb,
    0x6d, 0xb6, 0xdb, 0x6d, 0xb6, 0xdb, 0x6d, 0x9f, 0x38, 0xad, 0xb8, 0xcd, 0x9f, 0x3e, 0x6c, 0xdb,
    0x06, 0xdb, 0x6d, 0xb6, 0xdb, 0x6d, 0xb6, 0xdb, 0x6d, 0xb9, 0x8d, 0xb6, 0xdb, 0x6d, 0xb6, 0xdb,
    0x6d, 0xbb, 0x1b, 0x6d, 0xb6, 0xdb, 0x6d, 0xb6, 0xdb, 0x6d, 0xb6, 0xdb, 0x6d, 0xb6, 0xdb, 0x6d,
    0xb6, 0xdb, 0x65, 0x19, 0x59, 0xf3, 0xe6, 0xcf, 0x9f, 0x36, 0x7c, 0xd9, 0xb0, 0x6d, 0xb6, 0xdb,
    0x6d, 0xb6, 0xdb, 0x6d, 0xb6, 0xdc, 0xc6, 0xdb, 0x6d, 0xb6, 0xdb, 0x6d, 0xb6, 0xdb, 0x8d, 0xb6,
    0xdb, 0x6d, 0xb6, 0xdb, 0x6d, 0xb6, 0xdb, 0x6d, 0xb6, 0xdb, 0x6d, 0xb6, 0xdb, 0x6d, 0xb6, 0x53,
    0xe6, 0xcd, 0x9f, 0x3e, 0x6c, 0xd9, 0xf3, 0xec, 0x1b, 0x6d, 0xb6, 0xdb, 0x6d, 0xb6, 0xdb, 0x6d,
    0xb6, 0xe6, 0x36, 0xdb, 0x6d, 0xb6, 0xdb, 0x6d, 0xb6, 0xdc, 0x23, 0x6d, 0xb6, 0xdb, 0x6d, 0xb6,
    0xdb, 0x6d, 0xb6, 0xdb, 0x6d, 0xb6, 0xdb, 0x6d, 0xb6, 0xdb, 0x65, 0x29, 0x4d, 0x9b, 0x36, 0xc2,
    0x0d, 0xb6, 0xdb, 0x6d, 0xb6, 0xdb, 0x6d, 0xb6, 0xdb, 0x6d, 0xb7, 0x31, 0xb6, 0xdb, 0x6d, 0xb6,
    0xdb, 0x6d, 0xb6, 0xe1, 0x1b, 0x6d, 0xb6, 0xdb, 0x6d, 0xb6, 0xdb, 0x6d, 0xb6, 0xdb, 0x6d, 0xb6,
    0xdb, 0x6d, 0xb6, 0xdb, 0x29, 0x4a, 0x33, 0x66, 0xcf, 0xb0, 0x6d, 0xb6, 0xdb, 0x6d, 0xb6, 0xdb,
    0x6d, 0xb6, 0xdb, 0x6d, 0xb9, 0x8d, 0xb6, 0xdb, 0x6d, 0xb6, 0xdb, 0x6d, 0xb7, 0x0b, 0x61, 0x6d,
    0xb6, 0xdb, 0x6d, 0xb6, 0xdb, 0x6d, 0xb6, 0xdb, 0x6d, 0xb6, 0xdb, 0x6d, 0xb6, 0xd9, 0x4a, 0x51,
    0x9c, 0x4f, 0x9b, 0x38, 0x8b, 0x6d, 0xb6, 0xdb, 0x6d, 0xb6, 0xdb, 0x6d, 0xb6, 0xdb, 0x6d, 0xcc,
    0x6d, 0xb6, 0xdb, 0x6d, 0xb6, 0xdb, 0x6d, 0xb7, 0x65, 0x0b, 0x6d, 0xb6, 0xdb, 0x6d, 0xb6, 0xdb,
    0x6d, 0xb6, 0xdb, 0x6d, 0xb6, 0xdb, 0x6d, 0xb2, 0x94, 0xa5, 0x29, 0x4f, 0x6d, 0xb6, 0xdb, 0x6d,
    0xb6, 0xdb, 0x6d, 0xb6, 0xdb, 0x6d, 0xb6, 0xdb, 0x98, 0xdb, 0x6d, 0xb6, 0xdb, 0x6d, 0xb6, 0xdb,
    0x6e, 0xca, 0x16, 0xdb, 0x6d, 0xb6, 0xdb, 0x6d, 0xb6, 0xdb, 0x6d, 0xb6, 0xdb, 0x6d, 0xb6, 0xdb,
    0x29, 0x4a, 0x52, 0x94, 0x62, 0xdb, 0x6d, 0xb6, 0xdb, 0x6d, 0xb6, 0xdb, 0x6d, 0xb6, 0xdb, 0x6d,
    0xb7, 0x31, 0xb6, 0xdb, 0x6d, 0xb6, 0xdb, 0x6d, 0xb6, 0xdc, 0x23, 0x6d, 0xb6, 0xdb, 0x6d, 0xb6,
    0xdb, 0x65, 0x29, 0x5b, 0x6d, 0xb6, 0xdb, 0x6d, 0x94, 0xa5, 0x29, 0x4a, 0x52, 0x94, 0xa7, 0xc1,
    0xb6, 0xdb, 0x6d, 0xb6, 0xdb, 0x6d, 0xb6, 0xdb, 0x6d, 0xb6, 0xdb, 0x6e, 0x63, 0x6d, 0xb6, 0xdb,
    0x6d, 0xb6, 0xdb, 0x6d, 0xb7, 0x63, 0x6d, 0xb6, 0xdb, 0x6c, 0xa5, 0x29, 0x4a, 0x52, 0x94, 0xa5,
    0x29, 0x4a, 0x52, 0x94, 0xa5, 0x29, 0x4a, 0x52, 0x94, 0xa5, 0x29, 0x4a, 0x52, 0x94, 0x60, 0xdb,
    0x6d, 0xb6, 0xdb, 0x6d, 0xb6, 0xdb, 0x6d, 0xb6, 0xdb, 0x6d, 0xb7, 0x31, 0xb6, 0xdb, 0x6d, 0xb6,
    0xdb, 0x6d, 0xb6, 0xdb, 0x6e, 0x51, 0x94, 0xa5, 0x29, 0x4a, 0x52, 0x94, 0xa5, 0x28, 0xc6, 0x31,
    0x94, 0xa5, 0x28, 0xc6, 0x51, 0x94, 0xa5, 0x29, 0x4a, 0x52, 0x94, 0xa5, 0x29, 0x4a, 0x31, 0x83,
    0x6d, 0xb6, 0xdb, 0x6d, 0xb6, 0xdb, 0x6d, 0xb6, 0xdb, 0x6d, 0xb6, 0xdb, 0x98, 0xdb, 0x6d, 0xb6,
    0xdb, 0x6d, 0xb6, 0xdb, 0x6d, 0xb6, 0xe1, 0x63, 0x3e, 0x32, 0x94, 0xa5, 0x29, 0xf3, 0x63, 0x60,
    0xdb, 0x6d, 0xb6, 0xe1, 0x0b, 0x28, 0xcf, 0x9f, 0x19, 0x4a, 0x31, 0x8c, 0x63, 0x19, 0x36, 0xdb,
    0x6d, 0xb6, 0xdb, 0x6d, 0xb6, 0xdb, 0x6d, 0xb6, 0xdb, 0x6d, 0xb7, 0x31, 0xb6, 0xdb, 0x6d, 0xb6,
    0xdb, 0x6d, 0xb6, 0xdb, 0x6d, 0xb6, 0xdb, 0x84, 0xf8, 0xc6, 0x31, 0x9e, 0xdb, 0x6d, 0xb6, 0xdb,
    0x6d, 0xb6, 0xdb, 0x6d, 0xc6, 0x31, 0x8c, 0x63, 0x1a, 0xdb, 0x6d, 0xb6, 0xdb, 0x6d, 0xb6, 0xdb,
    0x6d, 0xb6, 0xdb, 0x6d, 0xb6, 0xe6, 0x36, 0xdb, 0x6d, 0xb6, 0xdb, 0x6d, 0xb6, 0xdb, 0x6d, 0xb6,
    0xdb, 0x6e, 0xcf, 0x9f, 0x18, 0xcf, 0x6d, 0xb6, 0xdb, 0x6d, 0xb6, 0xdb, 0x6d, 0xb6, 0xe1, 0x3e,
    0x31, 0x94, 0xf8, 0xd6, 0xdb, 0x6d, 0xb6, 0xdb, 0x6d, 0xb6, 0xdb, 0x6d, 0xb6, 0xdb, 0x6d, 0xb7,
    0x31, 0xb6, 0xdb, 0x6d, 0xb6, 0xdb, 0x6d, 0xb6, 0xdb, 0x6d, 0xb6, 0xdb, 0x6e, 0xcf, 0x8c, 0xf8,
    0xb6, 0xdb, 0x6d, 0xb6, 0xdb, 0x6d, 0xb6, 0xdb, 0x6e, 0x12, 0x9f, 0x29, 0x4f, 0xad, 0xb6, 0xdb,
    0x6d, 0xb6, 0xdb, 0x6d, 0xb6, 0xdb, 0x6d, 0xb6, 0xdb, 0x6e, 0x63, 0x6d, 0xb6, 0xdb, 0x6d, 0xb6,
    0xdb, 0x6d, 0xb6, 0xdb, 0x6d, 0xb6, 0xdb, 0x70, 0x83, 0x6d, 0xb6, 0xdb, 0x6d, 0xb6, 0xdb, 0x6d,
    0xb6, 0xdb, 0x6e, 0x16, 0x0d, 0xb6, 0xdb, 0x6d, 0xb6, 0xdb, 0x6d, 0xb6, 0xdb, 0x6d, 0xb6, 0xdb,
    0x6d, 0xb6, 0xdb, 0x6d, 0xb6, 0xdb, 0x6d, 0xb6, 0xdb, 0x6d, 0xb6, 0xdb, 0x6d, 0xb6, 0xdb, 0x6d,
    0xb6, 0xdb, 0x6d, 0xb6, 0xdb, 0x6d, 0xb6, 0xdb, 0x6d, 0xb6, 0xdb, 0x6d, 0xb6, 0xdb, 0x6e, 0x60
};

const HuffmanFrequency SPRITE_10_FREQS[] = {
    {0x0a, 49},
    {0x23, 22},
    {0x25, 24},
    {0x2a, 60},
    {0x2b, 107},
    {0x2d, 268},
    {0x2e, 212},
    {0x3a, 1370},
    {0x3d, 217},
    {0x40, 48},
    {0xa0, 2628},
    {0xc2, 2628}
};
}

const HuffmanEncodedSprite SPRITE_10 = {
    SPRITE_10_BYTES,
    static_cast<int>(sizeof(SPRITE_10_BYTES) / sizeof(SPRITE_10_BYTES[0])),
    17789,
    7633,
    SPRITE_10_FREQS,
    static_cast<int>(sizeof(SPRITE_10_FREQS) / sizeof(SPRITE_10_FREQS[0]))
};

namespace
{
const unsigned char SPRITE_11_BYTES[] = {
    0x6d, 0xb6, 0xdb, 0x6d, 0xb6, 0xdb, 0x6d, 0xb6, 0xdb, 0x6d, 0xb6, 0xdb, 0x6d, 0xb6, 0xdb, 0x6d,
    0xb6, 0xdd, 0xcb, 0x6d, 0xb7, 0x32, 0xdb, 0x6d, 0xb6, 0xdb, 0x6d, 0xb6, 0xdb, 0x6d, 0xb6, 0xdb,
    0x6d, 0xb6, 0xdb, 0x6d, 0xb6, 0xdb, 0x6d, 0xb6, 0xdb, 0x6d, 0xb6, 0xdb, 0x6d, 0xb6, 0xdb, 0x6d,
    0xb6, 0xdb, 0x6d, 0xb6, 0xdb, 0x6d, 0xb6, 0xdb, 0x77, 0x2d, 0xb6, 0xdc, 0xda, 0xa5, 0xb6, 0xdb,
    0x6d, 0xb6, 0xdb, 0x6d, 0xb6, 0xdb, 0x6d, 0xb6, 0xdb, 0x6d, 0xb6, 0xdb, 0x6d, 0xb6, 0xdc, 0xcb,
    0x6d, 0xb6, 0xdb, 0x6d, 0xb6, 0xdb, 0x6d, 0xb6, 0xdb, 0x6d, 0xb6, 0xdb, 0x6d, 0xb6, 0xdb, 0x6e,
    0xe5, 0xb6, 0xdb, 0x73, 0x6b, 0xf5, 0x2d, 0xb6, 0xdb, 0x6d, 0xb6, 0xdb, 0x6d, 0xb6, 0xdb, 0x6d,
    0xb6, 0xdb, 0x6d, 0xb9, 0x8b, 0x5d, 0xbf, 0x7e, 0xd1, 0x33, 0x2d, 0xb6, 0xdb, 0x6d, 0xb6, 0xdb,
    0x6d, 0xb6, 0xdb, 0x6d, 0xb6, 0xdb, 0x6d, 0xb6, 0xdb, 0x6d, 0xdc, 0xb6, 0xdb, 0x6d, 0xcd, 0xdb,
    0xd7, 0xe1, 0xb6, 0xdb, 0x6d, 0xb6, 0xdb, 0x6d, 0xb6, 0xdb, 0x6d, 0xb6, 0xe6, 0x62, 0xd7, 0xef,
    0xde, 0xbd, 0x7e, 0xd1, 0x2d, 0xb6, 0xdb, 0x6d, 0xb6, 0xdb, 0x6d, 0xb6, 0xdb, 0x6d, 0xb6, 0xdb,
    0x6d, 0xb6, 0xdb, 0x6d, 0xb6, 0xdb, 0xb9, 0x6d, 0xb6, 0xdb, 0x98, 0xbb, 0x7e, 0xf5, 0xa5, 0xb6,
    0xdb, 0x6d, 0xb6, 0xdb, 0x6d, 0xb6, 0xdb, 0x73, 0x16, 0xbf, 0x7a, 0xfd, 0xeb, 0xf7, 0x6a, 0xa2,
    0x5b, 0x6d, 0xb6, 0xdb, 0x6d, 0xb6, 0xdb, 0x6d, 0xb6, 0xdb, 0x6d, 0xb6, 0xdb, 0x6d, 0xb6, 0xdb,
    0x6d, 0xb6, 0xdd, 0xcb, 0x6d, 0xb6, 0xdc, 0xc5, 0xae, 0xde, 0xbd, 0x7e, 0x5b, 0x6d, 0xb6, 0xdb,
    0x6d, 0xb6, 0xdb, 0x6e, 0x6d, 0x7e, 0xfd, 0xfb, 0xd7, 0xaf, 0xda, 0xaa, 0xd2, 0xdb, 0x6d, 0xb6,
    0xdb, 0x6d, 0xb6, 0xdb, 0x6d, 0xb6, 0xdb, 0x6d, 0xb6, 0xdb, 0x6d, 0xb6, 0xdb, 0x6d, 0xb6, 0xdb,
    0xb9, 0x6d, 0xcc, 0xcc, 0xb9, 0x8a, 0xab, 0xf7, 0xaf, 0x5d, 0x86, 0xdb, 0x6d, 0xb6, 0xdb, 0x6d,
    0xb7, 0x35, 0x7a, 0xf5, 0xeb, 0xd7, 0xaf, 0xd5, 0x54, 0x45, 0x36, 0xdb, 0x6d, 0xb6, 0xdb, 0x6d,
    0xb6, 0xdb, 0x6d, 0xb6, 0xdb, 0x6d, 0xb6, 0xdb, 0x6d, 0xb6, 0xdb, 0x6d, 0xb6, 0xdd, 0xcb, 0x73,
    0x51, 0x15, 0x55, 0x11, 0x16, 0xbd, 0x7a, 0xf5, 0xd9, 0x6d, 0xb7, 0x33, 0x33, 0x33, 0x33, 0x2d,
    0xda, 0xf5, 0xeb, 0xd7, 0xaf, 0x55, 0x54, 0x44, 0x44, 0x55, 0x55, 0x54, 0xb6, 0xdb, 0x6d, 0xb6,
    0xdb, 0x6d, 0xb6, 0xdb, 0x6d, 0xb6, 0xdb, 0x6d, 0xb6, 0xdb, 0x6d, 0xb6, 0xdb, 0x77, 0x2d, 0xcc,
    0x44, 0xc4, 0xc4, 0x44, 0x45, 0xeb, 0xd7, 0xaf, 0x5a, 0x62, 0x22, 0xaa, 0x22, 0x22, 0x2a, 0xaa,
    0xaa, 0xf5, 0xeb, 0xd7, 0xaf, 0xd5, 0x54, 0x44, 0x45, 0x44, 0xcc, 0xcd, 0xa5, 0xb6, 0xdb, 0x6d,
    0xb6, 0xdb, 0x6d, 0xb6, 0xdb, 0x6d, 0xb6, 0xdb, 0x6d, 0xb6, 0xdb, 0x6d, 0xb6, 0xdb, 0xb9, 0x6d,
    0xb9, 0x99, 0x73, 0x15, 0x11, 0x7e, 0xf5, 0xeb, 0xd6, 0x89, 0x98, 0x88, 0x88, 0x88, 0x8a, 0xaa,
    0xaa, 0xab, 0x5f, 0xbd, 0x76, 0xaa, 0x22, 0x22, 0x5b, 0x98, 0xbb, 0x69, 0x6d, 0xb6, 0xdb, 0x6d,
    0xb6, 0xdb, 0x6d, 0xb6, 0xdb, 0x6d, 0xb6, 0xdb, 0x6d, 0xb6, 0xdb, 0x6d, 0xb6, 0xdd, 0xcb, 0x6d,
    0xb6, 0xdb, 0x98, 0xa8, 0xb5, 0xeb, 0xb6, 0xb5, 0xa2, 0x22, 0x22, 0x22, 0xaa, 0xae, 0xdd, 0xab,
    0xd5, 0x55, 0x57, 0x6f, 0xdd, 0xaa, 0x89, 0x6d, 0xb6, 0xdb, 0x6d, 0xb6, 0xdb, 0x6d, 0xb6, 0xdb,
    0x6d, 0xb6, 0xdb, 0x6d, 0xb6, 0xdb, 0x6d, 0xb6, 0xdb, 0x6d, 0xb6, 0xdb, 0xb9, 0x6d, 0xb6, 0xdb,
    0x6d, 0xcd, 0x5d, 0xb5, 0xae, 0x2e, 0x2f, 0x54, 0x45, 0x5a, 0xd5, 0x55, 0x55, 0x76, 0xed, 0xda,
    0xb5, 0xaa, 0xad, 0x0d, 0xb6, 0xdb, 0x6d, 0xb6, 0xdb, 0x6d, 0xb6, 0xdb, 0x6d, 0xb6, 0xdb, 0x6d,
    0xb6, 0xdb, 0x6d, 0xb6, 0xdb, 0x6d, 0xb6, 0xdb, 0x6d, 0xb7, 0x72, 0xdb, 0x6d, 0xb6, 0xdb, 0x73,
    0x55, 0x55, 0x55, 0x55, 0x55, 0x55, 0x55, 0x55, 0x55, 0x55, 0x11, 0x11, 0x55, 0x69, 0x6d, 0xb6,
    0xdb, 0x6d, 0xb6, 0xdb, 0x6d, 0xb6, 0xdb, 0x6d, 0xb6, 0xdb, 0x6d, 0xb6, 0xdb, 0x6d, 0xb6, 0xdb,
    0x6d, 0xb6, 0xdb, 0x6d, 0xdc, 0xb6, 0xdb, 0x6d, 0xb6, 0xe6, 0xd1, 0x15, 0x6a, 0xab, 0x5a, 0xd5,
    0x55, 0x55, 0x55, 0x55, 0x51, 0x11, 0x11, 0x56, 0xa8, 0x6d, 0xb6, 0xdb, 0x6d, 0xb6, 0xdb, 0x6d,
    0xb6, 0xdb, 0x6d, 0xb6, 0xdb, 0x6d, 0xb6, 0xdb, 0x6d, 0xb6, 0xdb, 0x6d, 0xb6, 0xdb, 0x6d, 0xdc,
    0xb6, 0xdb, 0x6d, 0xb6, 0xe6, 0xa2, 0x22, 0xaa, 0xaa, 0xaa, 0xaa, 0xaa, 0xaa, 0xaa, 0xaa, 0xd1,
    0x11, 0x15, 0x6b, 0x5a, 0x5b, 0x6d, 0xb6, 0xdb, 0x6d, 0xb6, 0xdb, 0x6d, 0xb6, 0xdb, 0x6d, 0xb6,
    0xdb, 0x6d, 0xb6, 0xdb, 0x6d, 0xb6, 0xdb, 0x6d, 0xb6, 0xdb, 0xb9, 0x6d, 0xb6, 0xdb, 0x6d, 0xcd,
    0x44, 0x45, 0x55, 0x55, 0x55, 0x55, 0x55, 0x55, 0x55, 0x55, 0x5a, 0xd6, 0xb5, 0xad, 0x6b, 0xb2,
    0xdb, 0x6d, 0xb6, 0xdb, 0x6d, 0xb6, 0xdb, 0x6d, 0xb6, 0xdb, 0x6d, 0xb6, 0xdb, 0x6d, 0xb6, 0xdb,
    0x6d, 0xb6, 0xdb, 0x6d, 0xb6, 0xdd, 0xcb, 0x6d, 0xb6, 0xdb, 0x6d, 0xcd, 0xfa, 0xb5, 0x55, 0x55,
    0x55, 0x55, 0x55, 0x55, 0x55, 0x55, 0x55, 0x55, 0x5a, 0xd6, 0xb4, 0xb6, 0xdb, 0x6d, 0xb6, 0xdb,
    0x6d, 0xb6, 0xdb, 0x6d, 0xb6, 0xdb, 0x6d, 0xb6, 0xdb, 0x6d, 0xb6, 0xdb, 0x6d, 0xb6, 0xdb, 0x6d,
    0xb7, 0x72, 0xdb, 0x6d, 0xb6, 0xdb, 0x6e, 0x6d, 0x55, 0x55, 0x55, 0x55, 0x55, 0x55, 0x55, 0x55,
    0x55, 0x55, 0x6b, 0x5a, 0xd6, 0xbb, 0x13, 0x32, 0xdb, 0x6d, 0xb6, 0xdb, 0x6d, 0xb6, 0xdb, 0x6d,
    0xb6, 0xdb, 0x6d, 0xb6, 0xdb, 0x6d, 0xb6, 0xdb, 0x6d, 0xb6, 0xdb, 0x6d, 0xbb, 0x96, 0xe6, 0x62,
    0xaa, 0xd5, 0x55, 0x51, 0x16, 0xaa, 0xaa, 0xa8, 0x88, 0x88, 0x88, 0xaa, 0xaa, 0xb5, 0xad, 0x6b,
    0x5a, 0xd6, 0xaa, 0xaa, 0xab, 0x5d, 0xbb, 0x6a, 0x96, 0xdb, 0x6d, 0xb6, 0xdb, 0x9a, 0x89, 0x6d,
    0xb6, 0xdb, 0x6d, 0xb6, 0xdb, 0x6d, 0xb6, 0xdb, 0x6d, 0xb6, 0xdb, 0x6e, 0xe6, 0xd7, 0x6e, 0xdf,
    0xbf, 0x7e, 0xfd, 0xaa, 0xaa, 0xaa, 0xaa, 0xaa, 0x22, 0x66, 0x66, 0x66, 0x66, 0x62, 0x2a, 0xd6,
    0xb5, 0xad, 0x6b, 0x5a, 0xd5, 0x57, 0x6f, 0xdf, 0xbf, 0x7e, 0xfd, 0xdb, 0xb7, 0x6d, 0x2d, 0xb6,
    0xdb, 0x6e, 0x62, 0xaa, 0xad, 0x68, 0x96, 0xdb, 0x6d, 0xb6, 0xdb, 0x6d, 0xb6, 0xdb, 0x6d, 0xb6,
    0xdb, 0x77, 0x37, 0x6f, 0xdf, 0xbf, 0x7e, 0xfd, 0xdb, 0x55, 0x55, 0x55, 0x54, 0x4c, 0xcc, 0xcc,
    0xcc, 0xcc, 0xcc, 0xcc, 0xcc, 0x55, 0xad, 0x6b, 0x5a, 0xd6, 0xb5, 0xad, 0x76, 0xfd, 0xeb, 0xd7,
    0xaf, 0x5e, 0xbd, 0x7a, 0xeb, 0x6d, 0xb6, 0xdb, 0x6e, 0x6a, 0xd5, 0x55, 0x55, 0x6b, 0x44, 0xcc,
    0xb6, 0xdb, 0x6d, 0xb6, 0xdb, 0x6d, 0xb6, 0xdb, 0x77, 0x33, 0x17, 0x6f, 0xde, 0xbf, 0x76, 0xaa,
    0xaa, 0xaa, 0xa2, 0x66, 0x66, 0x66, 0x66, 0x66, 0x66, 0x66, 0x66, 0x62, 0xad, 0x6b, 0x5a, 0xd6,
    0xb5, 0xad, 0x76, 0xfd, 0xeb, 0xd7, 0xaf, 0x5e, 0xbb, 0x52, 0xdb, 0x6d, 0xb6, 0xdb, 0x6e, 0x2d,
    0x55, 0x55, 0x55, 0x55, 0x6b, 0x54, 0x4b, 0x6d, 0xb6, 0xdb, 0x6d, 0xb6, 0xdb, 0x6e, 0xe5, 0xb7,
    0x33, 0x57, 0x6e, 0xda, 0xaa, 0xaa, 0xa6, 0x66, 0x66, 0x66, 0x66, 0x66, 0x66, 0x66, 0x66, 0x66,
    0x2a, 0xaa, 0xd6, 0xb5, 0xad, 0x53, 0x33, 0x33, 0x32, 0xe6, 0x66, 0x62, 0x22, 0x22, 0x22, 0x22,
    0x26, 0x66, 0xad, 0x55, 0x55, 0x55, 0x55, 0x55, 0x55, 0x51, 0x2d, 0xb6, 0xdb, 0x6d, 0xb6, 0xdb,
    0xb9, 0x6d, 0xb6, 0xdb, 0x73, 0x15, 0x69, 0x99, 0x99, 0x99, 0x99, 0x99, 0x99, 0x99, 0x99, 0x99,
    0x99, 0x8a, 0xab, 0xb7, 0x6a, 0x2a, 0xed, 0xdb, 0x5d, 0xbf, 0x7e, 0xfd, 0xfb, 0xf6, 0xb5, 0x55,
    0x55, 0x55, 0x55, 0x55, 0x55, 0x55, 0x55, 0x55, 0x55, 0x55, 0x55, 0x55, 0x54, 0x44, 0x55, 0x4c,
    0xb6, 0xdb, 0x6d, 0xb6, 0xdd, 0xcb, 0x6d, 0xb6, 0xdb, 0x6e, 0x66, 0x66, 0x66, 0x66, 0x66, 0x66,
    0x66, 0x66, 0x66, 0x66, 0x66, 0x62, 0xad, 0x55, 0x13, 0x31, 0x51, 0x52, 0xdb, 0x6d, 0xcc, 0xc5,
    0x55, 0x55, 0x55, 0x55, 0x55, 0x55, 0x55, 0x55, 0x55, 0x55, 0x55, 0x54, 0x44, 0x44, 0x44, 0x55,
    0x44, 0xb6, 0xdb, 0x6d, 0xbb, 0x96, 0xdb, 0x6d, 0xb6, 0xe6, 0x26, 0x66, 0x66, 0x66, 0x66, 0x66,
    0x66, 0x66, 0x66, 0x66, 0x66, 0xa2, 0x2a, 0x22, 0xa2, 0x22, 0x22, 0x29, 0xb6, 0xdb, 0x6d, 0xb6,
    0xe6, 0x62, 0xd5, 0x55, 0x55, 0x55, 0x55, 0x55, 0x55, 0x55, 0x55, 0x51, 0x11, 0x11, 0x11, 0x11,
    0x11, 0x2d, 0xb6, 0xdb, 0xb9, 0x6d, 0xb6, 0xdb, 0x6e, 0x62, 0x66, 0x66, 0x66, 0x66, 0x66, 0x66,
    0x66, 0x66, 0x66, 0x66, 0xaa, 0x22, 0x2a, 0x22, 0x22, 0x22, 0x22, 0xa1, 0xb6, 0xdb, 0x6d, 0xb6,
    0xdb, 0x73, 0x16, 0xaa, 0xaa, 0xaa, 0xaa, 0xab, 0x5d, 0xb5, 0x44, 0x44, 0x44, 0x44, 0x44, 0x44,
    0x44, 0x5a, 0x5b, 0x6d, 0xdc, 0xb6, 0xdb, 0x6d, 0xb7, 0x33, 0x33, 0x33, 0x33, 0x33, 0x33, 0x33,
    0x33, 0x33, 0x33, 0x33, 0x56, 0xaa, 0xaa, 0xb5, 0x44, 0xc4, 0x44, 0x45, 0x4b, 0x6d, 0xb6, 0xdb,
    0x6d, 0xb6, 0xdb, 0x71, 0x55, 0x55, 0x55, 0x55, 0x52, 0xdb, 0x99, 0x8a, 0xaa, 0x88, 0x88, 0x88,
    0x88, 0xa9, 0x96, 0xee, 0x5b, 0x6d, 0xb6, 0xdb, 0x98, 0x99, 0x99, 0x99, 0x99, 0x99, 0x99, 0x99,
    0x99, 0x99, 0x99, 0x9b, 0x5a, 0xd5, 0x55, 0x6b, 0xb1, 0x33, 0x11, 0x11, 0x0d, 0xb6, 0xdb, 0x6d,
    0xb6, 0xdb, 0x6d, 0xb7, 0x31, 0x55, 0x55, 0x55, 0x12, 0xdb, 0x6d, 0xb7, 0x33, 0x11, 0x55, 0x11,
    0x11, 0x53, 0x37, 0x2d, 0xb6, 0xdb, 0x6d, 0xcc, 0x4c, 0xcc, 0xcc, 0xcc, 0xcc, 0xcc, 0xcc, 0xcc,
    0xcc, 0xcc, 0xcc, 0x5a, 0xd5, 0x56, 0xb5, 0xae, 0xd5, 0x55, 0x5a, 0xd5, 0x2d, 0xb6, 0xdb, 0x6d,
    0xb6, 0xdb, 0x6d, 0xb6, 0xdc, 0xda, 0xa2, 0x2a, 0x1b, 0x6d, 0xb6, 0xdb, 0x6d, 0xb9, 0x99, 0xaa,
    0x8a, 0xb9, 0x6d, 0xb6, 0xdb, 0x6d, 0xc4, 0x4c, 0xcc, 0xcc, 0xcc, 0xcc, 0xcc, 0xcc, 0xcc, 0xcc,
    0xcc, 0x55, 0x5a, 0xaa, 0xd6, 0xb5, 0xae, 0xda, 0xaa, 0xad, 0x50, 0xdb, 0x6d, 0xb6, 0xdb, 0x6d,
    0xb6, 0xdb, 0x6d, 0xb7, 0x35, 0x11, 0x69, 0x6d, 0xb6, 0xdb, 0x6d, 0xb6, 0xdb, 0x6d, 0xcd, 0xcb,
    0x6d, 0xb6, 0xdb, 0x6d, 0xd5, 0x44, 0x4c, 0xcc, 0xcc, 0xcc, 0xcc, 0xcc, 0xcc, 0x45, 0x55, 0x5a,
    0xad, 0x6b, 0x5a, 0xd6, 0xb5, 0xad, 0x6b, 0x5a, 0xa1, 0xb6, 0xdb, 0x6d, 0xb6, 0xdb, 0x6d, 0xb6,
    0xdb, 0x6d, 0xb9, 0xa8, 0xb4, 0xb6, 0xdb, 0x6d, 0xb6, 0xdb, 0x6d, 0xb6, 0xee, 0x5b, 0x6d, 0xb6,
    0xdb, 0x73, 0x76, 0xf5, 0xaa, 0xa2, 0x22, 0x22, 0x66, 0x22, 0x2a, 0xad, 0x6b, 0x5d, 0xbd, 0x7e,
    0x66, 0x66, 0x2d, 0x6b, 0xb6, 0xaa, 0xaa, 0xa9, 0x6d, 0xb6, 0xdb, 0x6d, 0xb6, 0xdb, 0x6d, 0xb6,
    0xdb, 0x6d, 0xb9, 0xa8, 0x6d, 0xb6, 0xdb, 0x6d, 0xb6, 0xdb, 0x6d, 0xdc, 0xb6, 0xdb, 0x6d, 0xb9,
    0xab, 0xf7, 0xe6, 0x6d, 0x6b, 0x5a, 0xaa, 0xaa, 0xaa, 0xad, 0x6b, 0x5a, 0x26, 0xed, 0xeb, 0xd2,
    0xdb, 0x6d, 0xb9, 0xaa, 0x8a, 0x96, 0xdb, 0x6d, 0xb6, 0xdb, 0x6d, 0xb6, 0xdb, 0x6d, 0xb6, 0xdb,
    0x6d, 0xb6, 0xdb, 0x6d, 0xb6, 0xdb, 0x6d, 0xb6, 0xdd, 0xcb, 0x6d, 0xb6, 0xdc, 0xd5, 0xfb, 0x4b,
    0x73, 0x16, 0xb5, 0xad, 0x6b, 0x55, 0x5a, 0xd6, 0x96, 0xdc, 0xde, 0xbd, 0x2d, 0xb6, 0xdb, 0x6d,
    0xb6, 0xdb, 0x6d, 0xb6, 0xdb, 0x6d, 0xb6, 0xdb, 0x6d, 0xb6, 0xdb, 0x6d, 0xb6, 0xdb, 0x6d, 0xb6,
    0xdb, 0x6d, 0xb6, 0xdb, 0x77, 0x2d, 0xb6, 0xdb, 0x71, 0x7e, 0xec, 0xb6, 0xdb, 0x73, 0x15, 0x76,
    0xd6, 0xb5, 0xaf, 0xcb, 0x6d, 0xcd, 0xeb, 0xf2, 0xdb, 0x6d, 0xb6, 0xdb, 0x6d, 0xb6, 0xdb, 0x6d,
    0xb6, 0xdb, 0x6d, 0xb6, 0xdb, 0x6d, 0xb6, 0xdb, 0x6d, 0xb6, 0xdb, 0x6d, 0xb6, 0xdb, 0x6d, 0xb7,
    0x72, 0xdb, 0x6d, 0xb9, 0xb5, 0xfa, 0x6d, 0xb6, 0xdb, 0x6e, 0x6e, 0xda, 0xd6, 0xb5, 0xa1, 0xb7,
    0x7e, 0xf4, 0x36, 0xdb, 0x6d, 0xb6, 0xdb, 0x6d, 0xb6, 0xdb, 0x6d, 0xb6, 0xdb, 0x6d, 0xb6, 0xdb,
    0x6d, 0xb6, 0xdb, 0x6d, 0xb6, 0xdb, 0x6d, 0xb6, 0xdb, 0x6d, 0xbb, 0x96, 0xdb, 0x6d, 0xcd, 0xdb,
    0xb0, 0xdb, 0x6d, 0xb6, 0xdc, 0xdd, 0xb5, 0xad, 0x6b, 0x59, 0xcd, 0xdb, 0xd4, 0xdb, 0x6d, 0xb6,
    0xdb, 0x6d, 0xb6, 0xdb, 0x6d, 0xb6, 0xdb, 0x6d, 0xb6, 0xdb, 0x6d, 0xb6, 0xdb, 0x6d, 0xb6, 0xdb,
    0x6d, 0xb6, 0xdb, 0x6d, 0xb6, 0xdd, 0xcb, 0x6d, 0xb6, 0xe6, 0xed, 0xfa, 0x6d, 0xb6, 0xdb, 0x6e,
    0x6d, 0x6b, 0x5a, 0xd6, 0xb4, 0x5f, 0xbd, 0x0d, 0xb6, 0xdb, 0x6d, 0xb6, 0xdb, 0x6d, 0xb6, 0xdb,
    0x6d, 0xb6, 0xdb, 0x6d, 0xb6, 0xdb, 0x6d, 0xb6, 0xdb, 0x6d, 0xb6, 0xdb, 0x6d, 0xb6, 0xdb, 0x6d,
    0xbb, 0x96, 0xdb, 0x6d, 0xcd, 0x5f, 0xbf, 0x0d, 0xb6, 0xdb, 0x73, 0x55, 0x6b, 0x55, 0x5d, 0xbd,
    0x7a, 0xd2, 0xdb, 0x6d, 0xb6, 0xdb, 0x6d, 0xb6, 0xdb, 0x6d, 0xb6, 0xdb, 0x6d, 0xb6, 0xdb, 0x6d,
    0xb6, 0xdb, 0x6d, 0xb6, 0xdb, 0x6d, 0xb6, 0xdb, 0x6d, 0xb6, 0xdb, 0x77, 0x2d, 0xb6, 0xdb, 0x73,
    0x17, 0x6f, 0xdf, 0x88, 0x99, 0x99, 0x98, 0xaa, 0xaa, 0xab, 0x5e, 0xb4, 0xb6, 0xdb, 0x6d, 0xb6,
    0xdb, 0x6d, 0xb6, 0xdb, 0x6d, 0xb6, 0xdb, 0x6d, 0xb6, 0xdb, 0x6d, 0xb6, 0xdb, 0x6d, 0xb6, 0xdb,
    0x6d, 0xb6, 0xdb, 0x6d, 0xb6, 0xdb, 0x77, 0x2d, 0xb6, 0xdb, 0x6d, 0xcc, 0x5a, 0xed, 0xfb, 0xf7,
    0xef, 0xde, 0xbd, 0x7e, 0xaa, 0xd7, 0x6f, 0xde, 0xba, 0xdb, 0x6d, 0xb6, 0xdb, 0x6d, 0xb6, 0xdb,
    0x6d, 0xb6, 0xdb, 0x6d, 0xb6, 0xdb, 0x6d, 0xb6, 0xdb, 0x6d, 0xb6, 0xdb, 0x6d, 0xb6, 0xdb, 0x6d,
    0xb6, 0xdb, 0x6d, 0xb7, 0x72, 0xdb, 0x6d, 0xb6, 0xdb, 0x6d, 0xcc, 0xcc, 0xda, 0xfd, 0xfb, 0xf7,
    0xef, 0xdf, 0xbf, 0x7a, 0x5b, 0x6d, 0xb6, 0xdb, 0x6d, 0xb6, 0xdb, 0x6d, 0xb6, 0xdb, 0x6d, 0xb6,
    0xdb, 0x6d, 0xb6, 0xdb, 0x6d, 0xb6, 0xdb, 0x6d, 0xb6, 0xdb, 0x6d, 0xb6, 0xdb, 0x6d, 0xb6, 0xee,
    0x5b, 0x6d, 0xb6, 0xdb, 0x6d, 0xb6, 0xe6, 0xd7, 0xef, 0xdf, 0xbf, 0x7e, 0xfd, 0xfb, 0xd2, 0xdb,
    0x6d, 0xb6, 0xdb, 0x6d, 0xb6, 0xdb, 0x6d, 0xb6, 0xdb, 0x6d, 0xb6, 0xdb, 0x6d, 0xb6, 0xdb, 0x6d,
    0xb6, 0xdb, 0x6d, 0xb6, 0xdb, 0x6d, 0xb6, 0xdb, 0x6d, 0xb6, 0xee, 0x5b, 0x6d, 0xb6, 0xdb, 0x6d,
    0xb6, 0xe6, 0x2e, 0xdf, 0xbf, 0x7a, 0xf5, 0xeb, 0xb2, 0xdb, 0x6d, 0xb6, 0xdb, 0x6d, 0xb6, 0xdb,
    0x6d, 0xb6, 0xdb, 0x6d, 0xb6, 0xdb, 0x6d, 0xb6, 0xdb, 0x6d, 0xb6, 0xdb, 0x6d, 0xb6, 0xdb, 0x6d,
    0xb6, 0xdb, 0x6d, 0xb6, 0xdd, 0xcb, 0x6d, 0xb6, 0xdb, 0x6d, 0xb6, 0xdb, 0x73, 0x33, 0x33, 0x32,
    0xdb, 0x6d, 0xb6, 0xdb, 0x6d, 0xb6, 0xdb, 0x6d, 0xb6, 0xdb, 0x6d, 0xb6, 0xdb, 0x6d, 0xb6, 0xdb,
    0x6d, 0xb6, 0xdb, 0x6d, 0xb6, 0xdb, 0x6d, 0xb6, 0xdb, 0x6d, 0xb6, 0xdb, 0x6d, 0xb6, 0xdb, 0x6d,
    0xb6, 0xdb, 0x6d, 0xb6, 0xdb, 0x6d, 0xb6, 0xdb, 0x6d, 0xb6, 0xdb, 0x6d, 0xb6, 0xdb, 0x6d, 0xb6,
    0xdb, 0x6d, 0xb7, 0x72
};

const HuffmanFrequency SPRITE_11_FREQS[] = {
    {0x0a, 47},
    {0x23, 74},
    {0x25, 2},
    {0x2a, 83},
    {0x2b, 66},
    {0x2d, 478},
    {0x2e, 453},
    {0x3a, 280},
    {0x3d, 221},
    {0xa0, 3051},
    {0xc2, 3051}
};
}

const HuffmanEncodedSprite SPRITE_11 = {
    SPRITE_11_BYTES,
    static_cast<int>(sizeof(SPRITE_11_BYTES) / sizeof(SPRITE_11_BYTES[0])),
    17055,
    7806,
    SPRITE_11_FREQS,
    static_cast<int>(sizeof(SPRITE_11_FREQS) / sizeof(SPRITE_11_FREQS[0]))
};

namespace
{
const unsigned char SPRITE_12_BYTES[] = {
    0xee, 0xee, 0xee, 0xee, 0xee, 0xee, 0xee, 0xee, 0xee, 0xe6, 0x3d, 0xdd, 0xdd, 0xdd, 0xdd, 0xdd,
    0xdd, 0xdd, 0xdd, 0xdd, 0xdd, 0xdd, 0xdd, 0xdd, 0xdd, 0xdd, 0xdd, 0xdd, 0xdd, 0xdd, 0xdd, 0xdd,
    0xdd, 0xdc, 0xa4, 0xde, 0xee, 0xee, 0xee, 0x0d, 0xee, 0xee, 0xee, 0xee, 0xee, 0xee, 0xee, 0xee,
    0xee, 0xee, 0xee, 0xee, 0xee, 0xee, 0xee, 0xee, 0xee, 0xee, 0xee, 0xee, 0xe6, 0x3d, 0xdd, 0xdd,
    0xdd, 0xdd, 0xdd, 0xdd, 0xdd, 0xdd, 0xdd, 0xdd, 0xdd, 0xdd, 0xdd, 0xdd, 0xdd, 0xdd, 0xdd, 0xdd,
    0xdd, 0xdd, 0xdd, 0xdd, 0xdc, 0xae, 0xec, 0x8e, 0xee, 0xe0, 0xa6, 0xa8, 0xde, 0xee, 0xee, 0xee,
    0xee, 0x6b, 0x7b, 0xbb, 0xbb, 0xbb, 0xbb, 0xbb, 0xbb, 0xbb, 0xbb, 0xbb, 0xbb, 0xbb, 0xbb, 0xb9,
    0x8f, 0x77, 0x77, 0x77, 0x77, 0x77, 0x77, 0x77, 0x77, 0x77, 0x77, 0x77, 0x77, 0x77, 0x77, 0x77,
    0x77, 0x77, 0x34, 0xdd, 0x43, 0x7b, 0xbb, 0xbb, 0x81, 0x3b, 0xbb, 0x86, 0xf1, 0x92, 0xaa, 0x92,
    0x37, 0xbb, 0xbb, 0xb9, 0xa6, 0x41, 0xbd, 0xdd, 0xdd, 0xdd, 0xdd, 0xdd, 0xdd, 0xdd, 0xdd, 0xdd,
    0xdd, 0xdd, 0xdc, 0xc7, 0xbb, 0xbb, 0xbb, 0xbb, 0xbb, 0xbb, 0xbb, 0xbb, 0xbb, 0xbb, 0xbb, 0xbb,
    0xbb, 0xbb, 0xbb, 0xbb, 0xbb, 0x9a, 0x6c, 0xbb, 0xb9, 0x27, 0x72, 0x1a, 0x3b, 0xb2, 0xcb, 0x2c,
    0x90, 0x52, 0x22, 0x55, 0x22, 0x0d, 0xee, 0xee, 0x42, 0x55, 0x3e, 0xee, 0xee, 0xee, 0xee, 0x6b,
    0x7b, 0xbb, 0xbb, 0xbb, 0xbb, 0xbb, 0xbb, 0x98, 0xf7, 0x77, 0x77, 0x77, 0x77, 0x77, 0x77, 0x77,
    0x77, 0x77, 0x77, 0x77, 0x77, 0x70, 0x25, 0x34, 0x6f, 0x77, 0x02, 0x77, 0x77, 0x77, 0x53, 0x30,
    0x11, 0xd9, 0x65, 0x96, 0x59, 0x65, 0xc8, 0x88, 0x94, 0x88, 0x9b, 0xdd, 0xc8, 0xe4, 0x44, 0x7d,
    0xdd, 0xdd, 0xcd, 0x53, 0x36, 0xf7, 0x77, 0x77, 0x77, 0x77, 0x77, 0x73, 0x1e, 0xee, 0xee, 0xee,
    0xee, 0xee, 0xee, 0xee, 0xee, 0xee, 0xee, 0xee, 0xee, 0xee, 0x6a, 0x12, 0xaa, 0xa9, 0x3a, 0xab,
    0xbb, 0xbb, 0xbb, 0xba, 0x80, 0x02, 0x2b, 0x2c, 0xb2, 0xcb, 0x91, 0x11, 0x11, 0x11, 0x11, 0xf3,
    0x4d, 0xdc, 0x88, 0x93, 0xbb, 0xb9, 0x10, 0x21, 0x8e, 0xee, 0xee, 0xee, 0xee, 0xee, 0xee, 0x63,
    0xdd, 0xdd, 0xdd, 0xdd, 0xdd, 0xdd, 0xdd, 0xdd, 0xdd, 0xdd, 0xdd, 0xdd, 0xdd, 0xdc, 0xd3, 0x25,
    0x55, 0x52, 0x22, 0x27, 0x65, 0x97, 0x77, 0x76, 0x4c, 0x00, 0x11, 0x15, 0xd9, 0x77, 0x22, 0x22,
    0x22, 0x22, 0x27, 0x32, 0x77, 0x22, 0x22, 0x00, 0x1a, 0x04, 0x33, 0x46, 0xb5, 0xbd, 0xdd, 0xdd,
    0xdd, 0xdd, 0xcc, 0x7b, 0xbb, 0xbb, 0xbb, 0xbb, 0xbb, 0xbb, 0xbb, 0xbb, 0xbb, 0xbb, 0xbb, 0xbb,
    0xbb, 0xb9, 0xa8, 0x4a, 0xa4, 0x44, 0x44, 0xee, 0xee, 0xee, 0xee, 0x48, 0x00, 0x01, 0x10, 0x9d,
    0xdd, 0xc8, 0x88, 0x88, 0x89, 0xdd, 0xdd, 0xdd, 0xdd, 0xdc, 0x95, 0x02, 0x19, 0xaa, 0x99, 0xaa,
    0x99, 0x9a, 0x37, 0xbb, 0xb9, 0x8f, 0x77, 0x77, 0x77, 0x77, 0x77, 0x77, 0x77, 0x77, 0x77, 0x77,
    0x77, 0x77, 0x77, 0x77, 0x77, 0x34, 0x88, 0x88, 0x9d, 0xdd, 0xdd, 0xdd, 0xdd, 0xdd, 0x50, 0x00,
    0x11, 0x10, 0xd9, 0x77, 0x77, 0x27, 0x22, 0x77, 0x77, 0x24, 0x37, 0x77, 0x75, 0x44, 0x43, 0x33,
    0x52, 0x55, 0x53, 0x33, 0x35, 0x51, 0xdd, 0xcc, 0x7b, 0xbb, 0xbb, 0xbb, 0xbb, 0xbb, 0xbb, 0xbb,
    0xbb, 0xbb, 0xbb, 0x95, 0x4d, 0x49, 0xc8, 0xc3, 0x79, 0x1d, 0xdd, 0xdd, 0xdd, 0xdd, 0xdd, 0xdd,
    0xdc, 0xd0, 0x00, 0x02, 0x21, 0xbb, 0xbb, 0xbb, 0xb9, 0x3b, 0xbb, 0xa8, 0x06, 0xee, 0xe4, 0x66,
    0x66, 0x66, 0xa4, 0xaa, 0xaa, 0xaa, 0xaa, 0x66, 0x1b, 0xcc, 0x7b, 0xbb, 0xbb, 0xbb, 0xbb, 0xbb,
    0xbb, 0xbb, 0xbb, 0xbb, 0xbb, 0x9a, 0x4a, 0x66, 0x6a, 0xa4, 0x44, 0x4e, 0xcb, 0xbb, 0xbb, 0xbb,
    0xbb, 0xbb, 0xbb, 0xbb, 0xa2, 0x22, 0x00, 0x88, 0x6e, 0xee, 0xee, 0xee, 0xee, 0xe4, 0x80, 0x03,
    0x77, 0x75, 0x33, 0x33, 0x32, 0x55, 0x55, 0x55, 0x55, 0x43, 0x43, 0x46, 0xb1, 0xee, 0xee, 0xee,
    0xee, 0xee, 0xee, 0xee, 0xee, 0xe6, 0x80, 0xd6, 0xf3, 0x55, 0x55, 0x55, 0x48, 0x88, 0x88, 0x9d,
    0xdd, 0xd9, 0x65, 0x97, 0x77, 0x77, 0x77, 0x76, 0x55, 0x11, 0x00, 0x43, 0x52, 0x27, 0x72, 0x77,
    0x77, 0x54, 0x00, 0x21, 0x39, 0x29, 0x99, 0x9a, 0xa9, 0x2a, 0xaa, 0x92, 0xa2, 0x21, 0xa1, 0x86,
    0x3d, 0xdd, 0xdd, 0xdd, 0xdd, 0xdd, 0xdd, 0xdd, 0xdc, 0xd4, 0x77, 0x77, 0x22, 0x77, 0x22, 0x22,
    0x22, 0x22, 0x77, 0x77, 0x77, 0x77, 0x76, 0x59, 0x65, 0xdd, 0xdd, 0xdd, 0xd4, 0xd1, 0x10, 0xcd,
    0x55, 0x0d, 0x0c, 0x9c, 0x91, 0x10, 0x00, 0x84, 0x66, 0x66, 0x6a, 0xde, 0x69, 0x92, 0xab, 0xa2,
    0x20, 0x06, 0x15, 0x8f, 0x77, 0x77, 0x77, 0x77, 0x77, 0x77, 0x77, 0x77, 0x77, 0x02, 0x77, 0x76,
    0x59, 0x65, 0x92, 0x22, 0x22, 0x77, 0x77, 0x77, 0x77, 0x77, 0x77, 0x77, 0x65, 0x97, 0x77, 0x77,
    0x75, 0x25, 0x33, 0x33, 0x53, 0x40, 0x88, 0x64, 0x88, 0x00, 0x08, 0x46, 0x6a, 0x43, 0xbb, 0xbb,
    0xb9, 0xad, 0x6b, 0x55, 0x00, 0x08, 0xac, 0x7b, 0xbb, 0xbb, 0xbb, 0x9a, 0xd6, 0xb5, 0xad, 0x00,
    0x00, 0x02, 0xb2, 0xcb, 0x2c, 0xb2, 0xcb, 0x2e, 0x4e, 0xee, 0xee, 0xee, 0xee, 0xee, 0xee, 0xee,
    0xee, 0xee, 0xcb, 0xbb, 0xb2, 0xa1, 0x11, 0x11, 0x0d, 0x11, 0x02, 0x22, 0xa2, 0x22, 0x00, 0x84,
    0x66, 0x64, 0xde, 0xee, 0xee, 0xee, 0xee, 0xe6, 0x9a, 0x06, 0x9a, 0x31, 0xee, 0xee, 0xe6, 0x99,
    0x12, 0xa9, 0xaa, 0xa9, 0x11, 0x11, 0x11, 0x11, 0x11, 0x3b, 0x2c, 0xb2, 0xcb, 0x2e, 0xee, 0xee,
    0xee, 0xee, 0xee, 0xee, 0xcb, 0x2c, 0xb2, 0xcb, 0x2e, 0xcb, 0xb2, 0xa8, 0x88, 0x64, 0x60, 0x00,
    0x02, 0x1a, 0x9a, 0x22, 0x21, 0x9a, 0x21, 0x9a, 0x77, 0x77, 0x77, 0x77, 0x77, 0x73, 0x50, 0x03,
    0x6b, 0x1e, 0xee, 0xee, 0xe6, 0x9a, 0x99, 0x99, 0x9a, 0xaa, 0x91, 0x11, 0x11, 0x11, 0x3b, 0xbb,
    0xbb, 0xbb, 0xb2, 0xec, 0xbb, 0xbb, 0x24, 0x4a, 0xaa, 0xaa, 0xaa, 0x44, 0x4e, 0xee, 0xa0, 0x05,
    0x60, 0xc1, 0x81, 0x20, 0x00, 0x21, 0xa9, 0x99, 0xa9, 0xa2, 0x21, 0xab, 0x7b, 0xbb, 0xbb, 0xbb,
    0xbb, 0xbb, 0x82, 0x03, 0x6b, 0x1e, 0xee, 0xee, 0xee, 0xe6, 0xa3, 0xaa, 0xa9, 0x11, 0x11, 0x11,
    0x11, 0x13, 0xbb, 0xbb, 0xbb, 0xbb, 0xbb, 0xb2, 0x4a, 0x66, 0x66, 0x66, 0x6a, 0xa4, 0xaa, 0x44,
    0x44, 0xe4, 0x1a, 0xd5, 0x60, 0xc1, 0xd1, 0x50, 0x00, 0x81, 0x0c, 0xd1, 0x02, 0x21, 0x32, 0x3b,
    0xbb, 0xbb, 0xbb, 0xbb, 0xbb, 0xbb, 0x91, 0x43, 0x58, 0xf7, 0x77, 0x77, 0x77, 0x77, 0x70, 0x52,
    0x22, 0x22, 0x22, 0x22, 0x77, 0x77, 0x77, 0x77, 0x77, 0x65, 0x4c, 0xcc, 0xcc, 0xcc, 0xd5, 0x54,
    0x88, 0x88, 0x88, 0x89, 0xdd, 0x94, 0x6b, 0x43, 0x06, 0x0e, 0x1a, 0x48, 0x02, 0x00, 0x00, 0x01,
    0x11, 0x5c, 0x77, 0x77, 0x77, 0x77, 0x77, 0x77, 0x77, 0x77, 0x77, 0x31, 0xee, 0xee, 0xee, 0xee,
    0xee, 0xee, 0xe6, 0x9b, 0xb9, 0x13, 0xbb, 0xbb, 0xbb, 0xbb, 0xbb, 0x92, 0xaa, 0xaa, 0xaa, 0xaa,
    0xa9, 0x11, 0x11, 0x11, 0x11, 0x13, 0xbb, 0xb9, 0x28, 0x6b, 0x51, 0xd9, 0x65, 0x96, 0x0a, 0x00,
    0x00, 0x00, 0x11, 0x10, 0x8d, 0xbd, 0xdd, 0xdd, 0xdd, 0xdd, 0xdd, 0xdd, 0xdd, 0xdd, 0xcc, 0x7b,
    0xbb, 0xbb, 0xbb, 0xb9, 0xa6, 0xae, 0xcb, 0x2c, 0xb2, 0xcb, 0x2c, 0xb2, 0xee, 0xee, 0xee, 0xcb,
    0x91, 0x11, 0x11, 0x11, 0x11, 0x11, 0x11, 0x11, 0x11, 0x3b, 0xbb, 0xbb, 0x92, 0x99, 0x9a, 0xa0,
    0x01, 0x0d, 0x55, 0x00, 0x00, 0x00, 0x11, 0x83, 0x2a, 0xde, 0xee, 0xee, 0xee, 0xee, 0xee, 0xee,
    0xee, 0xee, 0xee, 0x63, 0xdd, 0xdd, 0xdd, 0xcd, 0x77, 0x77, 0x76, 0x59, 0x65, 0x96, 0x48, 0x88,
    0x89, 0xdd, 0xdd, 0xdd, 0xdd, 0x96, 0x59, 0x77, 0x77, 0x77, 0x77, 0x77, 0x77, 0x77, 0x64, 0x8d,
    0x0c, 0x94, 0x22, 0x22, 0x21, 0xa9, 0xa0, 0x08, 0x00, 0x00, 0x00, 0x86, 0xad, 0xee, 0xee, 0xee,
    0xee, 0xee, 0xee, 0xee, 0xee, 0xee, 0xee, 0x63, 0xdd, 0xdd, 0xdd, 0xdd, 0xdc, 0xd4, 0x72, 0x55,
    0x22, 0x22, 0x22, 0x77, 0x77, 0x77, 0x77, 0x77, 0x77, 0x77, 0x25, 0x55, 0x55, 0x55, 0x55, 0x55,
    0x73, 0x42, 0x30, 0xd6, 0x80, 0xaa, 0x88, 0x8a, 0xe4, 0x81, 0x00, 0x00, 0x00, 0x6d, 0xee, 0xee,
    0xee, 0xee, 0xee, 0xee, 0xee, 0xee, 0xee, 0xee, 0xee, 0x63, 0xdd, 0xdd, 0xdd, 0xdc, 0x0c, 0x95,
    0x55, 0x55, 0x48, 0x9d, 0xdd, 0xdd, 0xdd, 0xdd, 0xdd, 0xdd, 0x92, 0x23, 0x40, 0x88, 0x86, 0x6a,
    0xaa, 0xa8, 0x08, 0x80, 0x00, 0x00, 0x02, 0x2a, 0xa9, 0xb5, 0xa6, 0x80, 0x00, 0x02, 0xb7, 0xbb,
    0xbb, 0xbb, 0xbb, 0xbb, 0xbb, 0xbb, 0xbb, 0xbb, 0xbb, 0xbb, 0x98, 0xf7, 0x77, 0x73, 0x4d, 0x55,
    0x55, 0x48, 0x89, 0xdd, 0xdd, 0xdd, 0xdd, 0xdd, 0xdd, 0xdd, 0xdd, 0x50, 0x00, 0x00, 0x01, 0x11,
    0x48, 0xd0, 0x21, 0x80, 0x02, 0x20, 0x00, 0x00, 0x86, 0x66, 0xd6, 0x99, 0x80, 0x11, 0x5b, 0xdd,
    0xdd, 0xdd, 0xdd, 0xdd, 0xdd, 0xdd, 0xdd, 0xdd, 0xdd, 0xdd, 0xdc, 0xc7, 0xbb, 0xb9, 0x09, 0xdd,
    0xdd, 0xdd, 0xdd, 0xdd, 0xdd, 0xdd, 0xdd, 0xdd, 0xdd, 0x96, 0x5d, 0x40, 0x00, 0x00, 0x02, 0x00,
    0x10, 0xd4, 0x02, 0x40, 0x10, 0x00, 0x00, 0x01, 0x11, 0x11, 0x10, 0xd4, 0xd4, 0xda, 0xde, 0xee,
    0xee, 0xee, 0xee, 0xee, 0xee, 0xee, 0xee, 0xee, 0xee, 0xee, 0xee, 0xe6, 0x3d, 0xdd, 0xdd, 0xdd,
    0xcd, 0x06, 0xec, 0xb2, 0xcb, 0x2c, 0xb2, 0xcb, 0x2c, 0x19, 0x25, 0x55, 0x55, 0x40, 0x00, 0x00,
    0x00, 0x00, 0x01, 0x10, 0xcc, 0x21, 0xa0, 0x08, 0x00, 0x00, 0x00, 0x10, 0x22, 0x22, 0x19, 0xaa,
    0x37, 0xbb, 0xbb, 0xbb, 0xbb, 0xbb, 0xbb, 0xbb, 0xbb, 0xbb, 0xbb, 0xbb, 0xbb, 0xb9, 0x8f, 0x77,
    0x77, 0x77, 0x77, 0x77, 0x77, 0x77, 0x70, 0x0a, 0xaa, 0xaa, 0xaa, 0xa4, 0x80, 0x00, 0x00, 0x00,
    0x00, 0x00, 0x01, 0x11, 0x02, 0x12, 0x20, 0x00, 0x00, 0x00, 0x44, 0x30, 0xd6, 0xb5, 0xad, 0x37,
    0x1d, 0xdd, 0xdd, 0xdd, 0xdd, 0xdd, 0xdd, 0xdd, 0xdd, 0xdd, 0xdd, 0xdd, 0xdd, 0xcc, 0x7b, 0xbb,
    0xbb, 0xbb, 0xbb, 0xbb, 0x9a, 0x10, 0xd1, 0x0d, 0x55, 0x55, 0x55, 0x5d, 0x00, 0x00, 0x00, 0x00,
    0x00, 0x00, 0x02, 0x29, 0x80, 0x14, 0x91, 0x11, 0x00, 0x01, 0x0d, 0x1a, 0xd6, 0xb5, 0xad, 0x6b,
    0x5a, 0x88, 0x9d, 0xdd, 0xdd, 0xdd, 0xdd, 0xdd, 0xdd, 0xdd, 0xdd, 0xdd, 0xdd, 0xdd, 0xcc, 0x7b,
    0xbb, 0xbb, 0xbb, 0xb9, 0xa1, 0x51, 0x11, 0x0c, 0xd5, 0x55, 0x55, 0x55, 0x48, 0xd0, 0x00, 0x00,
    0x40, 0x00, 0x00, 0x00, 0x14, 0xc0, 0x00, 0x2a, 0x9a, 0x22, 0x22, 0x21, 0xa9, 0x86, 0xb5, 0xad,
    0x6b, 0x5a, 0xd6, 0xb5, 0x0d, 0xbd, 0xdd, 0xdd, 0xdd, 0xdd, 0xdd, 0xdd, 0xdd, 0xdd, 0xdd, 0xdc,
    0xc7, 0xbb, 0xbb, 0xbb, 0x9a, 0x46, 0x88, 0x88, 0x66, 0xaa, 0xaa, 0xaa, 0xaa, 0xaa, 0x46, 0x88,
    0x00, 0x00, 0x00, 0x00, 0x00, 0x04, 0x44, 0x40, 0x00, 0x00, 0x94, 0xcc, 0xd4, 0x83, 0x5a, 0x6a,
    0x03, 0x5a, 0xd6, 0xb5, 0xad, 0x6b, 0x5a, 0x0c, 0x77, 0x77, 0x77, 0x77, 0x77, 0x77, 0x77, 0x77,
    0x77, 0x31, 0xee, 0xe6, 0xb4, 0xcd, 0x11, 0x11, 0x0c, 0xd5, 0x55, 0x55, 0x55, 0x55, 0x55, 0x5c,
    0xcc, 0xd1, 0x00, 0x00, 0x00, 0x00, 0x01, 0x0c, 0xd1, 0x11, 0x10, 0xd4, 0x95, 0x5d, 0x4c, 0x9a,
    0xd6, 0xb5, 0xad, 0x6a, 0x2a, 0x06, 0xb5, 0xad, 0x6b, 0x5a, 0xd6, 0xb5, 0xa1, 0x1a, 0xd6, 0xf7,
    0x77, 0x77, 0x77, 0x77, 0x77, 0x31, 0xe6, 0xa1, 0xa2, 0x22, 0x21, 0x99, 0xaa, 0xaa, 0xaa, 0xaa,
    0xaa, 0xaa, 0xa9, 0x3a, 0x99, 0x99, 0x99, 0xa2, 0x22, 0x22, 0x22, 0x21, 0x93, 0xaa, 0x9a, 0x92,
    0xaa, 0xaa, 0xaa, 0x92, 0x9a, 0xa3, 0x5a, 0xd6, 0xb5, 0xad, 0x68, 0x33, 0x30, 0x1a, 0xd6, 0xb5,
    0xad, 0x6b, 0x5a, 0xd0, 0x00, 0x0d, 0xee, 0xee, 0xee, 0xe6, 0x26, 0x68, 0x66, 0x66, 0x66, 0xaa,
    0xaa, 0xaa, 0xa4, 0xe4, 0x68, 0x00, 0x69, 0x1a, 0xa9, 0x99, 0x99, 0x99, 0x99, 0x99, 0x99, 0x92,
    0x34, 0x2a, 0x99, 0xaa, 0xaa, 0xa9, 0x18, 0x6f, 0x73, 0x5a, 0x86, 0x03, 0x5a, 0xd6, 0xb5, 0xad,
    0x68, 0x44, 0x35, 0x25, 0x44, 0x40, 0x10, 0xcc, 0x06, 0xf7, 0x77, 0x77, 0x73, 0x1e, 0x6b, 0x40,
    0x01, 0xad, 0x6b, 0x5b, 0xdd, 0xdd, 0xdd, 0xdd, 0xdd, 0xdc, 0x66, 0x66, 0x66, 0x66, 0x66, 0x66,
    0x66, 0xa4, 0x8d, 0xee, 0xee, 0x6a, 0x2b, 0xa9, 0x13, 0xba, 0x77, 0x77, 0x77, 0x77, 0x77, 0x34,
    0xdc, 0x80, 0x01, 0xad, 0x6b, 0x5a, 0x00, 0x01, 0x15, 0x1b, 0xdd, 0xdd, 0xdd, 0xdd, 0xdd, 0xdc,
    0xc7, 0xbb, 0xbb, 0xbb, 0xbb, 0xbb, 0xbb, 0xbb, 0xbb, 0xbb, 0xbb, 0xbb, 0xb8, 0x8c, 0xcc, 0xcc,
    0xcc, 0xcd, 0xad, 0xee, 0xee, 0xee, 0xee, 0xee, 0xe5, 0x54, 0x43, 0x34, 0x54, 0xee, 0xee, 0xee,
    0xee, 0xee, 0xee, 0xee, 0xee, 0x6b, 0x5a, 0xd6, 0x80, 0xd6, 0xb7, 0xbb, 0xbb, 0xbb, 0xbb, 0xbb,
    0xbb, 0xbb, 0xbb, 0xb9, 0x8f, 0x77, 0x77, 0x77, 0x77, 0x77, 0x77, 0x77, 0x77, 0x77, 0x77, 0x77,
    0x73, 0x99, 0x99, 0x99, 0x99, 0xbf, 0x77, 0x77, 0x77, 0x77, 0x77, 0x77, 0x22, 0x22, 0x3a, 0x1a,
    0x37, 0xbb, 0xbb, 0xbb, 0xbb, 0xbb, 0xbb, 0xbb, 0xbb, 0xbb, 0xbb, 0xbb, 0xbb, 0xbb, 0xbb, 0xbb,
    0xbb, 0xbb, 0xbb, 0xbb, 0xbb, 0xbb, 0xb9, 0x8f, 0x77, 0x77, 0x77, 0x77, 0x77, 0x77, 0x77, 0x77,
    0x77, 0x77, 0x77, 0x71, 0x19, 0x99, 0x99, 0xa1, 0xaf, 0x77, 0x77, 0x77, 0x77, 0x77, 0x77, 0x00,
    0x11, 0x94, 0x46, 0xf7, 0x77, 0x77, 0x77, 0x77, 0x77, 0x77, 0x77, 0x77, 0x77, 0x77, 0x77, 0x77,
    0x77, 0x77, 0x77, 0x77, 0x77, 0x77, 0x77, 0x77, 0x77, 0x73, 0x1e, 0xee, 0xee, 0xee, 0xee, 0xee,
    0xee, 0xee, 0xee, 0xee, 0xee, 0xee, 0xe4, 0x33, 0x44, 0x00, 0x04, 0x4e, 0xee, 0xee, 0xee, 0xee,
    0xee, 0xe6, 0x80, 0xa4, 0x6d, 0xee, 0xee, 0xee, 0xee, 0xee, 0xee, 0xee, 0xee, 0xee, 0xee, 0xee,
    0xee, 0xee, 0xee, 0xee, 0xee, 0xee, 0xee, 0xee, 0xee, 0xee, 0xee, 0xee, 0x63, 0xdd, 0xdd, 0xdd,
    0xdd, 0xdd, 0xdd, 0xdd, 0xdd, 0xdd, 0xdd, 0xdd, 0xdc, 0xd2, 0x44, 0x00, 0x00, 0x0f, 0xbb, 0xbb,
    0xbb, 0xbb, 0xbb, 0xb9, 0xaa, 0x6d, 0x1d, 0xdd, 0xdd, 0xdd, 0xdd, 0xdd, 0xdd, 0xdd, 0xdd, 0xdd,
    0xdd, 0xdd, 0xdd, 0xdd, 0xdd, 0xdd, 0xdd, 0xdd, 0xdd, 0xdd, 0xdd, 0xdd, 0xdd, 0xdd, 0xcc, 0x7b,
    0xbb, 0xbb, 0xbb, 0xbb, 0xbb, 0xbb, 0xbb, 0xbb, 0xbb, 0xbb, 0xbb, 0xb9, 0x40, 0x08, 0x00, 0x34,
    0x1d, 0xdd, 0xdd, 0xdd, 0xdd, 0xdd, 0xcd, 0x6f, 0x77, 0x77, 0x77, 0x77, 0x77, 0x77, 0x77, 0x77,
    0x77, 0x77, 0x77, 0x77, 0x77, 0x77, 0x77, 0x77, 0x77, 0x77, 0x77, 0x77, 0x77, 0x77, 0x77, 0x77,
    0x73, 0x1e, 0xee, 0xee, 0xee, 0xee, 0xee, 0xee, 0xee, 0xee, 0xee, 0xee, 0xee, 0xee, 0x6a, 0xa1,
    0xa1, 0x9a, 0xa1, 0x9f, 0x77, 0x77, 0x77, 0x77, 0x77, 0x77, 0x77, 0x77, 0x77, 0x77, 0x77, 0x77,
    0x77, 0x77, 0x77, 0x77, 0x77, 0x77, 0x77, 0x77, 0x77, 0x77, 0x77, 0x77, 0x77, 0x77, 0x77, 0x77,
    0x77, 0x77, 0x77, 0x73, 0x1e, 0xee, 0xee, 0xee, 0xee, 0xee, 0xee, 0xee, 0xee, 0xee, 0xee, 0xee,
    0xee, 0xe4, 0x26, 0xb5, 0x15, 0x11, 0x17, 0xbb, 0xbb, 0xbb, 0xbb, 0xbb, 0xbb, 0xbb, 0xbb, 0xbb,
    0xbb, 0xbb, 0xbb, 0xbb, 0xbb, 0xbb, 0xbb, 0xbb, 0xbb, 0xbb, 0xbb, 0xbb, 0xbb, 0xbb, 0xbb, 0xbb,
    0xbb, 0xbb, 0xbb, 0xbb, 0xbb, 0xbb, 0xb9, 0x8f, 0x77, 0x77, 0x77, 0x77, 0x77, 0x77, 0x77, 0x77,
    0x77, 0x77, 0x77, 0x77, 0x73, 0x43, 0x5a, 0xd5, 0x40, 0x17, 0xbb, 0xbb, 0xbb, 0xbb, 0xbb, 0xbb,
    0xbb, 0xbb, 0xbb, 0xbb, 0xbb, 0xbb, 0xbb, 0xbb, 0xbb, 0xbb, 0xbb, 0xbb, 0xbb, 0xbb, 0xbb, 0xbb,
    0xbb, 0xbb, 0xbb, 0xbb, 0xbb, 0xbb, 0xbb, 0xbb, 0xbb, 0xb9, 0x8f, 0x77, 0x77, 0x77, 0x77, 0x77,
    0x77, 0x77, 0x77, 0x77, 0x77, 0x77, 0x77, 0x77, 0x35, 0x1a, 0xd4, 0x36, 0x85, 0xee, 0xee, 0xee,
    0xee, 0xee, 0xee, 0xee, 0xee, 0xee, 0xee, 0xee, 0xee, 0xee, 0xee, 0xee, 0xee, 0xee, 0xee, 0xee,
    0xee, 0xee, 0xee, 0xee, 0xee, 0xee, 0xee, 0xee, 0xee, 0xee, 0xee, 0xee, 0xee, 0x63, 0xdd, 0xdd,
    0xdd, 0xdd, 0xdd, 0xdd, 0xdd, 0xdd, 0xdd, 0xdd, 0xdd, 0xdd, 0xdd, 0xcd, 0x08, 0xd0, 0x80, 0x2f,
    0x77, 0x77, 0x77, 0x77, 0x77, 0x77, 0x77, 0x77, 0x77, 0x77, 0x77, 0x77, 0x77, 0x77, 0x77, 0x77,
    0x77, 0x77, 0x77, 0x77, 0x77, 0x77, 0x77, 0x77, 0x77, 0x77, 0x77, 0x77, 0x77, 0x77, 0x77, 0x73,
    0x1e, 0xee, 0xee, 0xee, 0xee, 0xee, 0xee, 0xee, 0xee, 0xee, 0xee, 0xee, 0xee, 0xee, 0xe6, 0xa2,
    0x23, 0x49, 0x1b, 0xdd, 0xdd, 0xdd, 0xdd, 0xdd, 0xdd, 0xdd, 0xdd, 0xdd, 0xdd, 0xdd, 0xdd, 0xdd,
    0xdd, 0xdd, 0xdd, 0xdd, 0xdd, 0xdd, 0xdd, 0xdd, 0xdd, 0xdd, 0xdd, 0xdd, 0xdd, 0xdd, 0xdd, 0xdd,
    0xdd, 0xdd, 0xdc, 0xc7, 0xbb, 0xbb, 0xbb, 0xbb, 0xbb, 0xbb, 0xbb, 0xbb, 0xbb, 0xbb, 0xbb, 0xbb,
    0xbb, 0xbb, 0x9a, 0x84, 0xd6, 0xb7, 0xbb, 0xbb, 0xbb, 0xbb, 0xbb, 0xbb, 0xbb, 0xbb, 0xbb, 0xbb,
    0xbb, 0xbb, 0xbb, 0xbb, 0xbb, 0xbb, 0xbb, 0xbb, 0xbb, 0xbb, 0xbb, 0xbb, 0xbb, 0xbb, 0xbb, 0xbb,
    0xbb, 0xbb, 0xbb, 0xbb, 0xbb, 0xbb, 0xbb, 0xbb, 0xbb, 0xbb, 0xbb, 0xbb, 0xbb, 0xbb, 0xbb, 0xbb,
    0xbb, 0xbb, 0xbb, 0xbb, 0xbb, 0xbb, 0xbb, 0xbb, 0xbb, 0xbb, 0xbb, 0xbb, 0xbb, 0xbb, 0xbb, 0xbb,
    0xbb, 0xbb, 0xbb, 0xbb, 0xbb, 0xb9, 0x88
};

const HuffmanFrequency SPRITE_12_FREQS[] = {
    {0x0a, 49},
    {0x23, 438},
    {0x25, 99},
    {0x2a, 296},
    {0x2b, 335},
    {0x2d, 327},
    {0x2e, 240},
    {0x3a, 446},
    {0x3d, 310},
    {0x40, 10},
    {0xa0, 2381},
    {0xc2, 2381}
};
}

const HuffmanEncodedSprite SPRITE_12 = {
    SPRITE_12_BYTES,
    static_cast<int>(sizeof(SPRITE_12_BYTES) / sizeof(SPRITE_12_BYTES[0])),
    19893,
    7312,
    SPRITE_12_FREQS,
    static_cast<int>(sizeof(SPRITE_12_FREQS) / sizeof(SPRITE_12_FREQS[0]))
};

namespace
{
const unsigned char SPRITE_13_BYTES[] = {
    0xaf, 0x44, 0x44, 0x44, 0x44, 0xb5, 0x2b, 0x56, 0xa5, 0x2f, 0x7b, 0xce, 0xc8, 0x88, 0x88, 0x88,
    0x88, 0x88, 0x88, 0x88, 0x88, 0x88, 0x88, 0x88, 0x88, 0x88, 0x88, 0x88, 0x88, 0x88, 0x88, 0x88,
    0x88, 0x88, 0x88, 0x88, 0x88, 0x88, 0x88, 0x88, 0x88, 0x88, 0x88, 0x88, 0x88, 0x88, 0x88, 0x88,
    0x88, 0x88, 0x88, 0x88, 0x95, 0xe8, 0x88, 0x88, 0x88, 0x96, 0xab, 0x56, 0xb5, 0x29, 0x7b, 0xde,
    0xf7, 0xa5, 0x29, 0x7e, 0xc8, 0x88, 0x88, 0x88, 0x88, 0x88, 0x88, 0x88, 0x88, 0x88, 0x88, 0x88,
    0x88, 0x88, 0x88, 0x88, 0x88, 0x88, 0x88, 0x88, 0x88, 0x88, 0x88, 0x88, 0x88, 0x88, 0x88, 0x88,
    0x88, 0x88, 0x88, 0x88, 0x88, 0x88, 0x88, 0x88, 0x88, 0x89, 0x5e, 0x88, 0x88, 0x88, 0x89, 0xd5,
    0xa9, 0x5a, 0x94, 0xa5, 0x2f, 0x7b, 0xde, 0xf7, 0xa5, 0x6e, 0xf4, 0xec, 0x88, 0x88, 0x88, 0x88,
    0x88, 0x88, 0x88, 0x89, 0x6b, 0xd5, 0xab, 0x5a, 0x94, 0xa5, 0xfb, 0x22, 0x22, 0x22, 0x22, 0x22,
    0x22, 0x22, 0x22, 0x22, 0x22, 0x22, 0x22, 0x22, 0x22, 0x22, 0x22, 0x22, 0x22, 0x22, 0x22, 0x22,
    0x22, 0x57, 0xa2, 0x22, 0x22, 0x22, 0x75, 0x6a, 0x57, 0x52, 0x94, 0xa5, 0x29, 0x4a, 0x5e, 0xb4,
    0xb5, 0xad, 0x6b, 0x74, 0xbd, 0x91, 0x11, 0x11, 0x11, 0x12, 0xd7, 0xa4, 0xed, 0x6b, 0x5a, 0xd6,
    0xb5, 0xad, 0x69, 0x49, 0x64, 0x44, 0x44, 0x44, 0x44, 0x44, 0x44, 0x44, 0x44, 0x44, 0x44, 0x44,
    0x44, 0x44, 0x44, 0x44, 0x44, 0x44, 0x44, 0x44, 0x4a, 0xf4, 0x44, 0x44, 0x44, 0x4e, 0xad, 0x4a,
    0x95, 0xd4, 0xa5, 0x29, 0x4a, 0x56, 0xa4, 0xff, 0xb5, 0xad, 0x6b, 0x77, 0xbf, 0x64, 0x4b, 0x4a,
    0x76, 0xb5, 0xad, 0x6b, 0x5a, 0xd6, 0xb5, 0xad, 0x6b, 0x5a, 0xd6, 0xef, 0xd9, 0x11, 0x11, 0x11,
    0x11, 0x11, 0x11, 0x11, 0x11, 0x11, 0x11, 0x11, 0x11, 0x11, 0x11, 0x11, 0x11, 0x11, 0x11, 0x2b,
    0xd1, 0x11, 0x11, 0x11, 0x2d, 0x56, 0xa5, 0x4a, 0x95, 0x69, 0x4a, 0x56, 0xad, 0x7f, 0xff, 0xff,
    0xff, 0xef, 0x7b, 0xd3, 0xed, 0x6b, 0x5a, 0xd6, 0xb5, 0xad, 0x6b, 0x5a, 0xd6, 0xb5, 0xad, 0x6b,
    0x5b, 0xbc, 0xb2, 0x22, 0x22, 0x22, 0x22, 0x22, 0x22, 0x22, 0x22, 0x22, 0x22, 0x22, 0x22, 0x22,
    0x22, 0x22, 0x22, 0x22, 0x57, 0xa2, 0x22, 0x22, 0x22, 0x5a, 0xad, 0x4a, 0x95, 0x2a, 0x56, 0xa5,
    0x6a, 0xd3, 0xff, 0xff, 0xff, 0xff, 0xa5, 0xff, 0xfb, 0x5a, 0xd6, 0xb5, 0xad, 0x6b, 0x5a, 0xd6,
    0xb5, 0xad, 0x6b, 0x7f, 0xde, 0xc8, 0x88, 0x89, 0x6b, 0x5a, 0xd6, 0xb5, 0xad, 0x6b, 0x5a, 0xd6,
    0xb5, 0xad, 0x64, 0x44, 0x44, 0x44, 0x44, 0x44, 0x4a, 0xf4, 0x44, 0x44, 0x44, 0x4b, 0x56, 0xae,
    0xa9, 0x52, 0xa5, 0x75, 0x6a, 0x7f, 0xff, 0xff, 0xff, 0xf2, 0x94, 0xff, 0xff, 0xed, 0x6b, 0x5b,
    0xb5, 0xad, 0x6f, 0xff, 0xff, 0xbd, 0x59, 0x24, 0x92, 0x49, 0x3f, 0xfe, 0xf5, 0xa9, 0x4a, 0x52,
    0x94, 0xa5, 0x6a, 0x4e, 0xc8, 0x89, 0x5e, 0x88, 0x88, 0x88, 0x88, 0x92, 0xba, 0xa5, 0x4a, 0x95,
    0x2b, 0x7f, 0xff, 0xff, 0xff, 0xc9, 0xd3, 0xff, 0xff, 0xf9, 0x49, 0xfc, 0xbc, 0xff, 0xff, 0xfb,
    0xd6, 0x9f, 0xfd, 0xad, 0x6b, 0x5a, 0xd6, 0xb5, 0xad, 0x4b, 0xde, 0xf7, 0xbd, 0xef, 0x4a, 0x52,
    0xb5, 0x5e, 0xc9, 0x5e, 0x88, 0x88, 0x88, 0x88, 0x9d, 0x75, 0x4a, 0x95, 0x2a, 0x57, 0x4f, 0xff,
    0xff, 0xff, 0xff, 0x9f, 0xff, 0xff, 0x5a, 0x7f, 0xff, 0xde, 0xff, 0xff, 0xf2, 0xf7, 0xbf, 0xff,
    0xff, 0xff, 0xf4, 0xa5, 0x29, 0x4a, 0x52, 0x94, 0xad, 0x5d, 0x57, 0x44, 0xaf, 0x44, 0x44, 0x4b,
    0x7d, 0xad, 0x5a, 0xba, 0xa5, 0x75, 0x75, 0x75, 0x6f, 0xff, 0xff, 0xff, 0xff, 0xe7, 0xff, 0xff,
    0xff, 0xff, 0xfd, 0x2f, 0xff, 0xff, 0xf3, 0xff, 0xff, 0xff, 0xfa, 0xd5, 0xa9, 0x4a, 0x52, 0x94,
    0xab, 0x5d, 0x52, 0xf6, 0x44, 0xaf, 0x44, 0x44, 0xb4, 0x9d, 0xe4, 0xae, 0xa9, 0x5d, 0x56, 0xad,
    0x6b, 0xff, 0xff, 0xff, 0xff, 0xfd, 0x6f, 0xff, 0xfe, 0x7f, 0xff, 0xfd, 0xe7, 0xff, 0xff, 0xff,
    0xff, 0xff, 0xff, 0xca, 0xd4, 0xa5, 0x29, 0x5a, 0xba, 0xa5, 0x4a, 0xd6, 0x44, 0x4a, 0xf4, 0x44,
    0x4b, 0x5e, 0x5b, 0xbd, 0x6a, 0x95, 0x2b, 0xaa, 0xd5, 0xab, 0x5a, 0x7f, 0xff, 0xff, 0xff, 0xfd,
    0x6f, 0xff, 0xff, 0xff, 0xff, 0xe9, 0x7f, 0xff, 0xff, 0xff, 0xff, 0xff, 0xff, 0xeb, 0x52, 0x95,
    0xaa, 0xd4, 0xa9, 0x52, 0xae, 0x88, 0x89, 0x5f, 0x69, 0x4a, 0x49, 0x7b, 0xde, 0xff, 0xfd, 0x2a,
    0xd6, 0xbf, 0xff, 0xff, 0xff, 0xff, 0xf4, 0xa7, 0xff, 0xff, 0xff, 0xfd, 0x29, 0x3f, 0xff, 0xff,
    0xff, 0xff, 0xff, 0xff, 0xad, 0x4a, 0xd5, 0xd5, 0x2a, 0x54, 0xae, 0xbd, 0x91, 0x11, 0x2b, 0xef,
    0x6e, 0x5e, 0xd6, 0xb5, 0xad, 0x6f, 0xfa, 0xb5, 0x6a, 0xd6, 0x9f, 0xff, 0xff, 0xff, 0xff, 0xf4,
    0xa7, 0xff, 0xff, 0xfc, 0xa5, 0xff, 0xff, 0xff, 0xff, 0xff, 0xff, 0xff, 0xfa, 0x55, 0xa9, 0x52,
    0xa5, 0x4a, 0xeb, 0xd9, 0x11, 0x11, 0x2b, 0xef, 0xda, 0x5e, 0xd6, 0xb5, 0xad, 0x6b, 0x7f, 0x56,
    0xad, 0x3f, 0xff, 0xff, 0xff, 0xff, 0xff, 0xe5, 0x6a, 0x4f, 0xfe, 0x52, 0xb4, 0xff, 0xff, 0xff,
    0xff, 0xff, 0xff, 0xff, 0xf9, 0x5d, 0x52, 0xa5, 0x4a, 0x95, 0xd4, 0xb2, 0x22, 0x22, 0x25, 0x7a,
    0x5e, 0x7f, 0x6b, 0x5b, 0xff, 0xfb, 0xdf, 0xff, 0xfe, 0xd6, 0xb5, 0xbf, 0xfb, 0xff, 0xff, 0xff,
    0xff, 0xff, 0xff, 0xff, 0xfd, 0xad, 0xff, 0xff, 0xff, 0xfc, 0xa5, 0x75, 0x4a, 0xea, 0x95, 0x2b,
    0xae, 0x88, 0x88, 0x88, 0x89, 0x5e, 0x9d, 0x3f, 0xff, 0xff, 0xfe, 0x5f, 0xff, 0xed, 0x6b, 0x5a,
    0xd6, 0xb7, 0x2f, 0xfd, 0x59, 0xff, 0xff, 0xff, 0x6b, 0x5b, 0xfe, 0x7d, 0xbf, 0xff, 0xff, 0xff,
    0xff, 0x95, 0x6a, 0x54, 0xae, 0xae, 0xae, 0xae, 0xba, 0x22, 0x22, 0x22, 0x22, 0x57, 0xa5, 0xaf,
    0xff, 0xff, 0xff, 0xfc, 0xad, 0x7f, 0xfb, 0x5a, 0xd6, 0xb5, 0xad, 0x6b, 0xcf, 0x95, 0x2b, 0xbf,
    0xff, 0xfe, 0xd6, 0xb5, 0xbb, 0xd6, 0xbf, 0x6b, 0xcb, 0x5b, 0xff, 0xff, 0xff, 0xe5, 0xe5, 0x2b,
    0xaa, 0x57, 0x55, 0xab, 0x56, 0xb5, 0x91, 0x11, 0x11, 0x11, 0x11, 0x2b, 0xd2, 0xdd, 0xff, 0xff,
    0xff, 0xff, 0x97, 0x9f, 0xff, 0x6b, 0x5a, 0xd6, 0xe9, 0xf2, 0xad, 0x5b, 0x7f, 0xdb, 0xfe, 0xd6,
    0xb5, 0xaf, 0x52, 0xa5, 0x3e, 0xd5, 0x7b, 0x5b, 0xff, 0xff, 0xff, 0xe5, 0x5a, 0xea, 0xea, 0xb5,
    0x6a, 0xd5, 0xbd, 0x91, 0x11, 0x11, 0x11, 0x11, 0x12, 0xbd, 0x12, 0xd3, 0xff, 0xff, 0xff, 0xff,
    0xff, 0xff, 0xff, 0xed, 0xff, 0xff, 0xf6, 0xff, 0xed, 0x6b, 0x5e, 0xad, 0x27, 0xf4, 0xff, 0xff,
    0xff, 0xff, 0xfa, 0xd5, 0x6a, 0xd5, 0xab, 0x5b, 0x44, 0x4b, 0x59, 0x11, 0x11, 0x11, 0x12, 0xbd,
    0x11, 0x3b, 0xff, 0xff, 0xff, 0xff, 0xff, 0xf2, 0xf3, 0xff, 0xad, 0x3f, 0xe5, 0x69, 0xff, 0xff,
    0xff, 0xfc, 0xad, 0x3f, 0xff, 0xff, 0xff, 0xff, 0xbd, 0x5a, 0xb5, 0x65, 0x91, 0x2d, 0x4e, 0x44,
    0x44, 0x44, 0x44, 0xaf, 0x44, 0x4b, 0x4b, 0xff, 0xff, 0xff, 0xff, 0xff, 0xff, 0xcb, 0xde, 0x7f,
    0xff, 0x29, 0x7b, 0xde, 0xf7, 0xbd, 0x5b, 0xd5, 0xff, 0xff, 0xff, 0xff, 0xff, 0xff, 0xff, 0x95,
    0xaf, 0x6b, 0x5a, 0xd5, 0xaf, 0xfd, 0xef, 0xcf, 0xb5, 0xab, 0xd1, 0x11, 0x2d, 0x27, 0xff, 0xff,
    0xff, 0xff, 0xff, 0xff, 0xff, 0xff, 0xca, 0xd7, 0xbd, 0xef, 0x7b, 0xd2, 0xad, 0x3f, 0xfe, 0x97,
    0x9f, 0xfd, 0xef, 0xff, 0xff, 0xf2, 0x5e, 0xb5, 0x69, 0xff, 0xff, 0xc9, 0x6b, 0x74, 0xeb, 0xd1,
    0x11, 0x13, 0xbc, 0xff, 0xff, 0xff, 0xff, 0xff, 0xff, 0xff, 0xff, 0xe5, 0x6b, 0xc9, 0x2f, 0x7b,
    0xd6, 0xff, 0xff, 0xf9, 0x7a, 0x52, 0xff, 0xff, 0xc9, 0x4a, 0xd3, 0xff, 0xff, 0xff, 0xb5, 0xb9,
    0x29, 0x7b, 0x25, 0x7a, 0x22, 0x22, 0x27, 0x79, 0xff, 0xff, 0xff, 0xff, 0xff, 0xff, 0xff, 0xff,
    0xca, 0x4f, 0xfa, 0x7f, 0xff, 0xff, 0xff, 0xff, 0xff, 0xff, 0xff, 0xff, 0xff, 0xda, 0xd6, 0xb5,
    0xba, 0x4b, 0x25, 0x7a, 0x22, 0x22, 0x22, 0x77, 0x9f, 0xff, 0xff, 0xff, 0xff, 0xff, 0xff, 0xff,
    0xff, 0x24, 0x93, 0xff, 0xff, 0xff, 0xff, 0xff, 0xff, 0xff, 0xff, 0xff, 0xff, 0xb5, 0xad, 0x6e,
    0xfd, 0x34, 0xaf, 0x44, 0x44, 0x44, 0x4b, 0x52, 0xb4, 0xff, 0xff, 0xff, 0xff, 0xff, 0xff, 0xff,
    0xff, 0xff, 0xff, 0xff, 0xff, 0xff, 0xff, 0xff, 0xff, 0xff, 0xff, 0xff, 0xff, 0xf9, 0x7e, 0x5e,
    0xc9, 0x5e, 0x88, 0x88, 0x88, 0x9c, 0xff, 0xff, 0xff, 0xff, 0xff, 0xff, 0xff, 0xff, 0xff, 0xff,
    0xff, 0xff, 0xff, 0xff, 0xff, 0xff, 0xff, 0xff, 0xff, 0xff, 0xff, 0xef, 0x11, 0x11, 0x2b, 0xd1,
    0x11, 0x11, 0x13, 0x9f, 0xff, 0xff, 0xff, 0xff, 0xff, 0xff, 0xff, 0xff, 0xff, 0xff, 0xff, 0xff,
    0xff, 0xff, 0xff, 0xff, 0xff, 0xff, 0xff, 0xff, 0x2f, 0xa2, 0x22, 0x22, 0x57, 0xa2, 0x22, 0x22,
    0x27, 0x3f, 0xff, 0xff, 0xff, 0xff, 0xff, 0xff, 0xff, 0xff, 0xff, 0xff, 0xff, 0xff, 0xff, 0xff,
    0xff, 0xff, 0xff, 0xff, 0xfe, 0x5e, 0x95, 0xb4, 0x44, 0x44, 0x44, 0x4a, 0xf4, 0x44, 0x44, 0x44,
    0xb5, 0xe7, 0xff, 0xff, 0xff, 0xff, 0xff, 0xff, 0xff, 0xff, 0xff, 0xff, 0xff, 0xff, 0xff, 0xff,
    0xff, 0xff, 0xff, 0xff, 0xde, 0x94, 0xbc, 0x97, 0xa5, 0x91, 0x11, 0x11, 0x12, 0xbd, 0x11, 0x11,
    0x11, 0x2d, 0x24, 0xff, 0xff, 0xff, 0xff, 0xff, 0xff, 0xff, 0xff, 0xff, 0xff, 0xff, 0xff, 0xff,
    0xff, 0xff, 0xff, 0xfe, 0x52, 0x95, 0xaa, 0xd2, 0xf2, 0x49, 0x2f, 0x7d, 0x11, 0x11, 0x11, 0x2b,
    0xd1, 0x11, 0x11, 0x12, 0xd7, 0x92, 0x7f, 0xff, 0xff, 0xff, 0xff, 0xff, 0xff, 0xff, 0xff, 0xff,
    0xff, 0xff, 0xff, 0xff, 0xff, 0xff, 0xc9, 0x24, 0xa5, 0x6a, 0x5e, 0xf7, 0x92, 0x4b, 0xdd, 0x11,
    0x11, 0x11, 0x2b, 0xd1, 0x11, 0x11, 0x11, 0x2f, 0x24, 0x93, 0xff, 0xff, 0xff, 0xff, 0xff, 0xff,
    0xff, 0xff, 0xff, 0xff, 0xff, 0xff, 0xff, 0xff, 0xff, 0xe4, 0x92, 0xf4, 0xa5, 0x2f, 0x7b, 0xde,
    0xf2, 0x5e, 0xe8, 0x88, 0x88, 0x89, 0x5e, 0x88, 0x88, 0x88, 0x89, 0x2f, 0x24, 0x92, 0x7f, 0xff,
    0xff, 0xff, 0xff, 0xff, 0xff, 0xff, 0xff, 0xff, 0xff, 0xff, 0xff, 0xff, 0xfc, 0x92, 0x49, 0x7a,
    0x52, 0x97, 0xbd, 0xef, 0x7b, 0xde, 0xf1, 0x11, 0x11, 0x11, 0x2b, 0xd1, 0x11, 0x11, 0x11, 0x2d,
    0x79, 0x24, 0x92, 0x49, 0xff, 0xff, 0xff, 0xff, 0xff, 0xff, 0xff, 0xff, 0xff, 0xff, 0xff, 0xff,
    0xff, 0xc9, 0x24, 0x92, 0xf4, 0xbd, 0x2f, 0x7b, 0xde, 0xf7, 0xbd, 0xef, 0xa2, 0x22, 0x22, 0x25,
    0x7a, 0x22, 0x22, 0x22, 0x25, 0xaf, 0x24, 0x92, 0x4b, 0xc9, 0x24, 0xff, 0xff, 0xff, 0xff, 0xff,
    0xff, 0xff, 0xff, 0xff, 0xff, 0xff, 0xf9, 0x24, 0x92, 0x49, 0x29, 0x4a, 0x52, 0xf7, 0xbd, 0xef,
    0x7b, 0xde, 0xf6, 0x44, 0x44, 0x44, 0x4a, 0xf4, 0x44, 0x44, 0x44, 0x44, 0xef, 0x24, 0x92, 0x4b,
    0xde, 0x49, 0x24, 0xff, 0xff, 0xff, 0xff, 0xff, 0xff, 0xff, 0xff, 0xff, 0xfe, 0x49, 0x24, 0x92,
    0x49, 0x25, 0xeb, 0x52, 0x97, 0xbd, 0xef, 0x2f, 0x7b, 0xd3, 0x44, 0x44, 0x44, 0x44, 0xaf, 0x44,
    0x44, 0x44, 0x44, 0x4b, 0x5e, 0x49, 0x24, 0x92, 0x5e, 0xf2, 0x49, 0x24, 0x93, 0xff, 0xff, 0xff,
    0xff, 0xff, 0xff, 0xff, 0x92, 0x49, 0x24, 0x92, 0x49, 0x24, 0x97, 0xab, 0x4b, 0xde, 0xf7, 0xbd,
    0xe4, 0xbd, 0x22, 0x22, 0x22, 0x22, 0x22, 0x57, 0xa2, 0x22, 0x22, 0x22, 0x22, 0x5a, 0x92, 0x49,
    0x24, 0x92, 0x52, 0xf2, 0x49, 0x24, 0x92, 0x49, 0x3f, 0xff, 0xff, 0xfe, 0x49, 0x24, 0x92, 0x49,
    0x24, 0x92, 0x49, 0x24, 0x92, 0x4a, 0xd7, 0xbd, 0xef, 0x7b, 0xde, 0xf7, 0xbd, 0x34, 0x44, 0x44,
    0x44, 0x44, 0x4a, 0xf4, 0x44, 0x44, 0x44, 0x44, 0x44, 0xe9, 0x24, 0x92, 0x49, 0x24, 0xbd, 0x24,
    0x92, 0x49, 0x24, 0x9f, 0xff, 0xc9, 0x24, 0x92, 0x49, 0x24, 0x92, 0x49, 0x24, 0x92, 0x49, 0x24,
    0x92, 0x56, 0xbd, 0xef, 0x7b, 0xde, 0xf7, 0xbd, 0xeb, 0x59, 0x11, 0x11, 0x11, 0x11, 0x11, 0x2b,
    0xd1, 0x11, 0x11, 0x11, 0x11, 0x11, 0x2f, 0x24, 0x92, 0x49, 0x24, 0x92, 0x52, 0xf2, 0x49, 0x24,
    0x93, 0xfe, 0x49, 0x24, 0x92, 0x49, 0x24, 0x92, 0x49, 0x24, 0x92, 0x49, 0x24, 0x92, 0x56, 0xbd,
    0xef, 0x7b, 0xde, 0xf7, 0xbd, 0x22, 0x22, 0x22, 0x22, 0x22, 0x22, 0x22, 0x57, 0xa2, 0x22, 0x22,
    0x22, 0x22, 0x22, 0x5a, 0x92, 0x49, 0x24, 0x92, 0x49, 0x24, 0xbd, 0xef, 0x24, 0x92, 0x49, 0x24,
    0x92, 0x49, 0x24, 0x92, 0x49, 0x24, 0x92, 0x49, 0x24, 0x92, 0x49, 0x25, 0x6b, 0xde, 0xf7, 0xbd,
    0xef, 0x7a, 0x5e, 0xc8, 0x88, 0x88, 0x88, 0x88, 0x88, 0x88, 0x95, 0xe8, 0x88, 0x88, 0x88, 0x88,
    0x88, 0x89, 0x6b, 0xc9, 0x24, 0x92, 0x49, 0x24, 0x92, 0x49, 0x7b, 0xde, 0xf2, 0x49, 0x24, 0x92,
    0x49, 0x24, 0x92, 0x5e, 0xf7, 0xbc, 0x92, 0x49, 0x24, 0x92, 0x4b, 0xd2, 0xf7, 0xbd, 0xef, 0x7a,
    0x52, 0x59, 0x11, 0x11, 0x11, 0x11, 0x11, 0x11, 0x11, 0x12, 0xbd, 0x11, 0x11, 0x11, 0x11, 0x11,
    0x11, 0x12, 0xd7, 0x92, 0x49, 0x24, 0x92, 0x49, 0x24, 0x92, 0x52, 0xff, 0xc9, 0x7b, 0xde, 0xf7,
    0xa5, 0x5a, 0x5e, 0xf7, 0x92, 0x49, 0x24, 0x92, 0x49, 0x24, 0x92, 0x94, 0xbd, 0xef, 0x5a, 0x93,
    0xb2, 0x22, 0x22, 0x22, 0x22, 0x22, 0x22, 0x22, 0x22, 0x22, 0x57, 0xa2, 0x22, 0x22, 0x22, 0x22,
    0x22, 0x22, 0x25, 0xaf, 0x79, 0x24, 0x92, 0x49, 0x24, 0x92, 0x5e, 0x96, 0x44, 0x44, 0x44, 0x44,
    0x44, 0x44, 0xb5, 0x24, 0x92, 0x49, 0x24, 0x92, 0x49, 0x24, 0x97, 0xad, 0x4b, 0xf6, 0xb5, 0x91,
    0x11, 0x11, 0x11, 0x11, 0x11, 0x11, 0x11, 0x11, 0x11, 0x11, 0x12, 0xbd, 0x11, 0x11, 0x11, 0x11,
    0x11, 0x11, 0x11, 0x12, 0xd2, 0x92, 0x5e, 0x97, 0xbc, 0x92, 0x49, 0x4a, 0x68, 0x88, 0x88, 0x88,
    0x88, 0x88, 0x88, 0x88, 0x96, 0xa4, 0x92, 0x49, 0x24, 0x92, 0x49, 0x25, 0x2f, 0x64, 0x44, 0x44,
    0x44, 0x44, 0x44, 0x44, 0x44, 0x44, 0x44, 0x44, 0x44, 0x44, 0x44, 0x44, 0xaf, 0x44, 0x44, 0x44,
    0x44, 0x44, 0x44, 0x44, 0x44, 0x4b, 0x4b, 0xda, 0xd6, 0xb7, 0xf2, 0x97, 0xbd, 0x91, 0x11, 0x11,
    0x11, 0x11, 0x11, 0x11, 0x11, 0x11, 0x12, 0xd2, 0xf7, 0xbd, 0x29, 0x7b, 0xde, 0xf4, 0xbc, 0xbd,
    0x6b, 0xd9, 0x11, 0x11, 0x11, 0x11, 0x11, 0x11, 0x11, 0x11, 0x11, 0x11, 0x11, 0x11, 0x11, 0x11,
    0x11, 0x2b, 0xd1, 0x11, 0x11, 0x11, 0x11, 0x11, 0x11, 0x11, 0x11, 0x12, 0xd3, 0xe4, 0x93, 0xb2,
    0x22, 0x22, 0x22, 0x22, 0x22, 0x22, 0x22, 0x22, 0x22, 0x22, 0x22, 0x25, 0xbb, 0xc9, 0x24, 0x92,
    0xf4, 0xec, 0x88, 0x88, 0x88, 0x88, 0x88, 0x88, 0x88, 0x88, 0x88, 0x88, 0x88, 0x88, 0x88, 0x88,
    0x88, 0x88, 0x95, 0xe0
};

const HuffmanFrequency SPRITE_13_FREQS[] = {
    {0x0a, 51},
    {0x23, 55},
    {0x25, 34},
    {0x2a, 71},
    {0x2b, 178},
    {0x2d, 665},
    {0x2e, 281},
    {0x3a, 2191},
    {0x3d, 305},
    {0x40, 52},
    {0xa0, 1168},
    {0xc2, 1168}
};
}

const HuffmanEncodedSprite SPRITE_13 = {
    SPRITE_13_BYTES,
    static_cast<int>(sizeof(SPRITE_13_BYTES) / sizeof(SPRITE_13_BYTES[0])),
    16795,
    6219,
    SPRITE_13_FREQS,
    static_cast<int>(sizeof(SPRITE_13_FREQS) / sizeof(SPRITE_13_FREQS[0]))
};

namespace
{
const unsigned char SPRITE_14_BYTES[] = {
    0x63, 0xdd, 0xdd, 0xdd, 0xdd, 0xdd, 0xdd, 0xdd, 0xdd, 0xdd, 0xdd, 0xdd, 0xdd, 0xdd, 0xdd, 0xdd,
    0xdd, 0xdd, 0xdd, 0xdd, 0xdd, 0xdd, 0xdd, 0xdd, 0xdd, 0xdd, 0xdd, 0xdd, 0xdd, 0xdd, 0xdd, 0xdd,
    0xdd, 0xdd, 0xdc, 0x02, 0x73, 0xbb, 0xbb, 0xbb, 0xbb, 0xbb, 0x8e, 0xee, 0xee, 0xee, 0xee, 0xee,
    0xee, 0xe6, 0x3d, 0xdd, 0xdd, 0xdd, 0xdd, 0xdd, 0xdd, 0xdd, 0xdd, 0xdd, 0xdd, 0xdd, 0xdd, 0xdd,
    0xdd, 0xdd, 0xdd, 0xc0, 0x07, 0x77, 0x77, 0x77, 0x77, 0x77, 0x77, 0x77, 0x77, 0x77, 0x77, 0x77,
    0x70, 0xed, 0x49, 0xd9, 0x6a, 0x03, 0xbb, 0xbb, 0x81, 0xda, 0xd7, 0x3b, 0xbb, 0xbb, 0xbb, 0xbb,
    0xbb, 0xb9, 0x8f, 0x77, 0x77, 0x77, 0x77, 0x77, 0x77, 0x77, 0x77, 0x77, 0x77, 0x77, 0x77, 0x77,
    0x70, 0xee, 0x80, 0x00, 0x04, 0xe8, 0xee, 0xee, 0xee, 0xee, 0xee, 0xee, 0xee, 0x13, 0xa1, 0xdc,
    0x00, 0x00, 0x00, 0x01, 0x39, 0xdd, 0xdd, 0xdd, 0xdd, 0xdd, 0xdd, 0xdd, 0xcc, 0x7b, 0xbb, 0xbb,
    0xbb, 0xbb, 0xbb, 0xbb, 0xbb, 0xbb, 0xbb, 0xbb, 0xbb, 0xbb, 0x93, 0x44, 0x00, 0x00, 0x00, 0x03,
    0x9d, 0xdd, 0xdd, 0xdd, 0xdd, 0xc3, 0x41, 0xa8, 0x00, 0x00, 0x00, 0x04, 0xd6, 0x9d, 0xdd, 0xdd,
    0xdd, 0xdd, 0xdd, 0xdd, 0xdd, 0xdd, 0xcc, 0x7b, 0xbb, 0xbb, 0xbb, 0xbb, 0xbb, 0xbb, 0xbb, 0xbb,
    0xbb, 0xb8, 0x4e, 0xee, 0x9d, 0xdd, 0x00, 0x00, 0x00, 0x80, 0x4d, 0x3b, 0xbb, 0xbb, 0xb9, 0xd0,
    0x0c, 0xbb, 0x40, 0x00, 0x00, 0x49, 0x3b, 0xa3, 0xbb, 0xbb, 0xbb, 0xbb, 0xbb, 0xbb, 0xbb, 0xbb,
    0xb9, 0x8f, 0x77, 0x77, 0x77, 0x77, 0x77, 0x77, 0x77, 0x77, 0x0e, 0xe0, 0x00, 0x00, 0x0e, 0xe8,
    0x00, 0x00, 0x01, 0x39, 0xdc, 0x99, 0x77, 0x00, 0x4c, 0xb4, 0x68, 0x00, 0x93, 0xa4, 0x90, 0x92,
    0x4d, 0x47, 0x77, 0x77, 0x77, 0x77, 0x77, 0x77, 0x77, 0x31, 0xee, 0xee, 0xee, 0xee, 0xee, 0xee,
    0xee, 0x1d, 0x00, 0x00, 0x00, 0x00, 0x09, 0xa9, 0x00, 0x00, 0x00, 0xcf, 0x77, 0x0d, 0x77, 0x01,
    0xda, 0xd4, 0x9a, 0x00, 0x02, 0x6a, 0x04, 0xd6, 0xa4, 0x9d, 0xce, 0xee, 0xee, 0xee, 0xee, 0xee,
    0xee, 0x63, 0xdd, 0xdd, 0xdd, 0xdd, 0xdd, 0xdd, 0xce, 0x80, 0x00, 0x00, 0x00, 0x00, 0x04, 0xd4,
    0x00, 0x00, 0x09, 0x97, 0x38, 0x77, 0x65, 0xd3, 0xbb, 0xb5, 0x26, 0x41, 0x24, 0x92, 0x4d, 0x5d,
    0xdc, 0x27, 0x74, 0xeb, 0xbb, 0xbb, 0xbb, 0xbb, 0xbb, 0xb9, 0x8f, 0x77, 0x77, 0x77, 0x77, 0x77,
    0x0e, 0x00, 0x00, 0x00, 0x00, 0x00, 0x00, 0x9d, 0x20, 0x40, 0x24, 0x9a, 0x9d, 0xa3, 0xa4, 0xed,
    0x12, 0x49, 0x26, 0x0c, 0xb5, 0x24, 0x92, 0x77, 0x73, 0xbb, 0xbb, 0x86, 0xa7, 0xee, 0xee, 0xee,
    0xee, 0xee, 0xe6, 0x3d, 0xdd, 0xdd, 0xdd, 0xdd, 0xc3, 0xa0, 0x00, 0x00, 0x00, 0x00, 0x00, 0x01,
    0x35, 0x24, 0x81, 0x24, 0xed, 0x77, 0x6b, 0x53, 0x5d, 0xd2, 0x49, 0x24, 0x93, 0x82, 0x74, 0x92,
    0x76, 0x5f, 0xbb, 0xbb, 0xbb, 0x86, 0x9d, 0xdd, 0xdd, 0xdd, 0xdd, 0xcc, 0x7b, 0xbb, 0xbb, 0xbb,
    0xbb, 0x86, 0xa7, 0x77, 0x77, 0x49, 0x00, 0x00, 0x00, 0x90, 0x09, 0x3b, 0x52, 0x49, 0x24, 0xec,
    0x1c, 0x00, 0x12, 0x49, 0x24, 0x92, 0x4e, 0xbb, 0xb9, 0xdd, 0x24, 0xe1, 0xdd, 0xdd, 0xdd, 0xdd,
    0xdd, 0xdd, 0xdd, 0xdd, 0xdd, 0xcc, 0x7b, 0xbb, 0xbb, 0xbb, 0x93, 0x50, 0x00, 0x00, 0x9a, 0xd4,
    0x02, 0x49, 0x09, 0x24, 0x24, 0x99, 0x49, 0x24, 0x93, 0xb4, 0x13, 0xb5, 0xd2, 0x49, 0x24, 0x92,
    0x49, 0x34, 0xee, 0xe4, 0xe9, 0x39, 0xdd, 0xdd, 0xdd, 0xdd, 0xdd, 0xdd, 0xdd, 0xdd, 0xdd, 0xdc,
    0xc7, 0xbb, 0xbb, 0xb9, 0x38, 0x00, 0x00, 0x00, 0x0e, 0xd4, 0x92, 0x49, 0x24, 0x92, 0x49, 0x32,
    0x92, 0x49, 0xdd, 0xd9, 0x76, 0xb5, 0xae, 0x92, 0x49, 0x24, 0x92, 0x49, 0x26, 0x9d, 0xdc, 0x9d,
    0x39, 0xdd, 0xdd, 0xdd, 0xdd, 0xdd, 0xdd, 0xdd, 0xdd, 0xdd, 0xdc, 0xc7, 0xbb, 0xb8, 0x68, 0x00,
    0x00, 0x00, 0x00, 0x0d, 0x74, 0x92, 0x49, 0x24, 0x92, 0x76, 0xa4, 0x92, 0x77, 0x6b, 0xbb, 0xbb,
    0xbb, 0x44, 0xd4, 0x92, 0x49, 0x24, 0x92, 0x7e, 0xee, 0xe6, 0xa5, 0xdd, 0xdd, 0xdd, 0xdd, 0xdd,
    0xdd, 0xdd, 0xdd, 0xdd, 0xdd, 0xcc, 0x7b, 0xbb, 0x9c, 0x00, 0x00, 0x00, 0x00, 0x00, 0x76, 0xa4,
    0x92, 0x49, 0x24, 0x99, 0x49, 0x27, 0x77, 0x6b, 0x5d, 0xdd, 0xdd, 0xac, 0x9c, 0x9d, 0x24, 0x92,
    0x49, 0x24, 0xe7, 0x77, 0x0e, 0x77, 0x77, 0x77, 0x77, 0x77, 0x77, 0x77, 0x77, 0x77, 0x77, 0x73,
    0x1e, 0xee, 0x74, 0x00, 0x00, 0x00, 0x00, 0x00, 0x0e, 0xe9, 0x24, 0x92, 0x49, 0xdd, 0x27, 0x77,
    0x76, 0x5a, 0xee, 0xee, 0xee, 0xcb, 0x59, 0x13, 0x44, 0x92, 0x49, 0x24, 0x93, 0xf7, 0x77, 0x77,
    0x77, 0x77, 0x77, 0x77, 0x77, 0x77, 0x77, 0x77, 0x77, 0x77, 0x73, 0x1e, 0xee, 0x64, 0x00, 0x07,
    0x00, 0x00, 0x00, 0x01, 0x35, 0x24, 0x92, 0x49, 0xda, 0xee, 0xee, 0xee, 0xcb, 0xbb, 0xbb, 0xbb,
    0xb0, 0x77, 0x76, 0x09, 0x02, 0x49, 0x24, 0x92, 0x1f, 0xbb, 0xbb, 0xbb, 0xbb, 0xbb, 0xbb, 0xbb,
    0xbb, 0xbb, 0xbb, 0xbb, 0xbb, 0xbb, 0x98, 0xf7, 0x73, 0x40, 0x01, 0x38, 0x00, 0x00, 0x02, 0x49,
    0x35, 0xdd, 0x24, 0x93, 0xbb, 0xbb, 0xbb, 0xbb, 0x2e, 0xee, 0xee, 0xed, 0x6b, 0xbb, 0xb2, 0x80,
    0x01, 0x24, 0x80, 0x13, 0xf7, 0x77, 0x77, 0x77, 0x77, 0x77, 0x77, 0x77, 0x77, 0x77, 0x77, 0x77,
    0x77, 0x31, 0xee, 0xe4, 0xe0, 0x00, 0xe9, 0x00, 0x00, 0x02, 0x49, 0x3b, 0x53, 0xbb, 0xbb, 0xbb,
    0x2e, 0xee, 0xed, 0x65, 0xdd, 0xdd, 0xdd, 0xad, 0x77, 0x76, 0xb8, 0x00, 0x00, 0x00, 0x03, 0x3d,
    0xdd, 0xdd, 0xdd, 0xdd, 0xdd, 0xdd, 0xdd, 0xdd, 0xdd, 0xdd, 0xdd, 0xdd, 0xcc, 0x7b, 0xbb, 0x9d,
    0x00, 0x0e, 0x92, 0x49, 0x20, 0x04, 0x92, 0x77, 0x65, 0xdd, 0xdd, 0xdd, 0xad, 0x77, 0x76, 0xb5,
    0xdd, 0xdd, 0xda, 0xd7, 0x77, 0x76, 0xb2, 0x00, 0x00, 0x00, 0x00, 0x37, 0xbb, 0xbb, 0xbb, 0xbb,
    0xbb, 0xbb, 0xbb, 0xbb, 0xbb, 0xbb, 0xbb, 0xbb, 0xb9, 0x8f, 0x77, 0x72, 0x74, 0x00, 0x35, 0x24,
    0x92, 0x49, 0x24, 0x9d, 0xdd, 0xd9, 0x77, 0x77, 0x77, 0x65, 0xdd, 0xda, 0xcb, 0xbb, 0xbb, 0xb2,
    0xd7, 0x77, 0x76, 0xb5, 0xc0, 0x00, 0x00, 0x00, 0x07, 0xee, 0xee, 0xee, 0xee, 0xee, 0xee, 0xee,
    0xee, 0xee, 0xee, 0xee, 0xee, 0xee, 0x63, 0xdd, 0xdd, 0xce, 0x92, 0x49, 0x26, 0x52, 0x49, 0x24,
    0x93, 0xbb, 0xbb, 0xbb, 0x59, 0x77, 0x77, 0x76, 0x5d, 0xdd, 0xad, 0x77, 0x76, 0xb2, 0xee, 0xee,
    0xec, 0xa7, 0x74, 0x90, 0x00, 0x00, 0x00, 0x37, 0xbb, 0xbb, 0xbb, 0xbb, 0xbb, 0xbb, 0xbb, 0xbb,
    0xbb, 0xbb, 0xbb, 0xbb, 0xb9, 0x8f, 0x77, 0x77, 0x70, 0xd4, 0x92, 0x49, 0xdd, 0x24, 0x93, 0xbb,
    0xbb, 0xbb, 0xbb, 0xb0, 0x77, 0x77, 0x6b, 0x2e, 0xee, 0xcb, 0xbb, 0xb5, 0xae, 0xee, 0xee, 0xd7,
    0x13, 0x5d, 0xd2, 0x00, 0x00, 0x04, 0x9a, 0x77, 0x77, 0x77, 0x77, 0x77, 0x77, 0x77, 0x77, 0x77,
    0x77, 0x77, 0x77, 0x77, 0x31, 0xee, 0xee, 0xee, 0xe1, 0xdd, 0x24, 0x93, 0xb5, 0x27, 0x77, 0x77,
    0x77, 0x77, 0x77, 0x6b, 0x5d, 0xdd, 0xac, 0xbb, 0xbb, 0x2e, 0xed, 0x65, 0xdd, 0xdd, 0xd9, 0x01,
    0xd3, 0x2c, 0xba, 0x49, 0x21, 0x24, 0x93, 0xb2, 0xbb, 0xbb, 0xbb, 0xbb, 0xbb, 0xbb, 0xbb, 0xbb,
    0xbb, 0xbb, 0xbb, 0xbb, 0xbb, 0xb9, 0x8f, 0x77, 0x77, 0x77, 0x77, 0x09, 0xa9, 0x24, 0x9d, 0xae,
    0xee, 0xee, 0xee, 0xee, 0xee, 0xed, 0x6b, 0xbb, 0xb0, 0x77, 0x6b, 0x5d, 0xac, 0xbb, 0xbb, 0xb5,
    0xc0, 0x1c, 0x13, 0x5d, 0xae, 0xe9, 0x24, 0x9d, 0xac, 0xb9, 0xdd, 0xdd, 0xdd, 0xdd, 0xdd, 0xdd,
    0xdd, 0xdd, 0xdd, 0xdd, 0xdd, 0xdd, 0xdd, 0xcc, 0x7b, 0xbb, 0xbb, 0xb8, 0x4e, 0xee, 0xe8, 0x00,
    0x49, 0xda, 0xd6, 0xb5, 0xae, 0xee, 0xed, 0x65, 0xdd, 0xda, 0xcb, 0xb5, 0xae, 0xcb, 0xbb, 0xbb,
    0x50, 0x00, 0xe0, 0x0e, 0xd6, 0xbb, 0xbb, 0xb2, 0xd6, 0x5d, 0x3f, 0x77, 0x77, 0x77, 0x77, 0x77,
    0x77, 0x77, 0x77, 0x77, 0x77, 0x77, 0x77, 0x77, 0x73, 0x1e, 0xee, 0xe1, 0xd0, 0x00, 0x00, 0x00,
    0x00, 0x09, 0xd9, 0x6b, 0xbb, 0xb0, 0x77, 0x76, 0x5a, 0xec, 0xb5, 0xae, 0xec, 0x80, 0x09, 0x3b,
    0x50, 0x03, 0xb2, 0xee, 0xd6, 0x0c, 0x12, 0x4d, 0xee, 0xee, 0xee, 0xee, 0xee, 0xee, 0xee, 0xee,
    0xee, 0xee, 0xee, 0xee, 0xee, 0xee, 0xe6, 0x3d, 0xdc, 0xe8, 0x00, 0x00, 0x00, 0x00, 0x04, 0x92,
    0x49, 0xda, 0xcb, 0x59, 0x6b, 0xb5, 0x96, 0xb5, 0xad, 0x65, 0xc0, 0x04, 0xee, 0xed, 0x70, 0x13,
    0xb5, 0xac, 0xba, 0x49, 0x34, 0xee, 0xee, 0xee, 0xee, 0xee, 0xee, 0xee, 0xee, 0xee, 0xee, 0xee,
    0xee, 0xee, 0xee, 0xe6, 0x3d, 0xce, 0x00, 0x00, 0x00, 0x00, 0x92, 0x4e, 0xee, 0xee, 0xee, 0xee,
    0xee, 0xd6, 0x58, 0x35, 0xd9, 0x6b, 0x2e, 0x00, 0x02, 0x76, 0xbb, 0x5a, 0x92, 0x4c, 0xb2, 0xed,
    0x49, 0x27, 0x5d, 0xdd, 0xdd, 0xdd, 0xdd, 0xdd, 0xdd, 0xdd, 0xdd, 0xdd, 0xdd, 0xdd, 0xdd, 0xdd,
    0xdd, 0xcc, 0x7b, 0x9c, 0x00, 0x00, 0x00, 0x4e, 0x90, 0x00, 0x00, 0x92, 0x4e, 0xcb, 0x2c, 0xb5,
    0xad, 0x6b, 0x50, 0x00, 0x92, 0x4d, 0x6b, 0x5d, 0x24, 0x99, 0x65, 0x83, 0x5a, 0xd7, 0x48, 0xee,
    0xee, 0xee, 0xee, 0xee, 0xee, 0xee, 0xee, 0xee, 0xee, 0xee, 0xee, 0xee, 0xee, 0xee, 0x63, 0xdc,
    0xe0, 0x00, 0x00, 0x27, 0x00, 0x00, 0x00, 0x04, 0xee, 0xd7, 0x76, 0xb5, 0xae, 0xc1, 0x24, 0x92,
    0x49, 0x26, 0xb2, 0xd7, 0x74, 0x00, 0x00, 0x00, 0x9d, 0xdd, 0x1d, 0xdd, 0xdd, 0xdd, 0xdd, 0xdd,
    0xdd, 0xdd, 0xdd, 0xdd, 0xdd, 0xdd, 0xdc, 0xc7, 0xbb, 0x99, 0x00, 0x00, 0x13, 0x80, 0x00, 0x00,
    0x26, 0xb8, 0x00, 0x03, 0xa4, 0xd6, 0x5d, 0xdd, 0xac, 0xb5, 0xc0, 0x00, 0x00, 0x00, 0x00, 0x13,
    0xbb, 0xbb, 0x28, 0xee, 0xee, 0xee, 0xee, 0xee, 0xee, 0xee, 0xee, 0xee, 0xee, 0xee, 0x63, 0xdd,
    0xdc, 0xe9, 0x00, 0x03, 0x20, 0x00, 0x00, 0x9d, 0x00, 0x00, 0x02, 0x71, 0x00, 0x00, 0x00, 0x00,
    0x02, 0x6b, 0x2d, 0x6b, 0x5a, 0xca, 0x49, 0xda, 0xcb, 0xbb, 0xbb, 0x5a, 0x77, 0x77, 0x77, 0x77,
    0x77, 0x77, 0x77, 0x77, 0x77, 0x77, 0x31, 0xee, 0xee, 0xe4, 0xd7, 0x49, 0x24, 0xd0, 0x00, 0x01,
    0xd0, 0x00, 0x00, 0x00, 0xe8, 0x00, 0x00, 0x00, 0x04, 0xd6, 0x59, 0x65, 0x96, 0x5a, 0xee, 0xef,
    0xdd, 0xdd, 0xdd, 0xc9, 0xad, 0x77, 0x6a, 0xee, 0xee, 0xee, 0xee, 0xee, 0xee, 0xee, 0xee, 0xee,
    0xe6, 0x3d, 0xdd, 0xdd, 0xdc, 0x26, 0xb2, 0xe9, 0xd0, 0x00, 0x0e, 0x80, 0x00, 0x00, 0x00, 0x1a,
    0xe8, 0x40, 0x00, 0x3b, 0x06, 0x5d, 0xdd, 0x96, 0x5a, 0xcb, 0xbb, 0xb4, 0xee, 0xee, 0xee, 0xee,
    0xee, 0x1a, 0xee, 0xfd, 0xdd, 0xdd, 0xdd, 0xdd, 0xdd, 0xdd, 0xdd, 0xdd, 0xcc, 0x7b, 0xbb, 0xbb,
    0xbb, 0xbb, 0xbb, 0xbb, 0x93, 0xa0, 0x01, 0xa0, 0x00, 0x00, 0x00, 0x00, 0x09, 0xdd, 0xdd, 0xad,
    0x73, 0x93, 0x5d, 0xdd, 0xc1, 0xdd, 0xdd, 0xa7, 0x77, 0x77, 0x77, 0x77, 0x77, 0x70, 0xee, 0x77,
    0x77, 0x77, 0x77, 0x77, 0x77, 0x77, 0x77, 0x73, 0x1e, 0xee, 0xee, 0xee, 0xee, 0xee, 0xee, 0xee,
    0x19, 0x74, 0x92, 0x76, 0x80, 0x00, 0x00, 0x00, 0x00, 0x00, 0x00, 0xec, 0xb2, 0x92, 0x4f, 0xc3,
    0xa4, 0x93, 0x21, 0xdd, 0xdd, 0xdd, 0xdd, 0xdd, 0xc3, 0xae, 0xee, 0xee, 0xee, 0xee, 0xee, 0xee,
    0xee, 0xee, 0x63, 0xdd, 0xdd, 0xdd, 0xdd, 0xdd, 0xdd, 0xdd, 0xdd, 0xc2, 0x6b, 0x5d, 0x26, 0xa0,
    0x00, 0x00, 0x00, 0x00, 0x12, 0x77, 0x77, 0x77, 0x76, 0xb5, 0x97, 0x70, 0x6b, 0xa7, 0x49, 0xaf,
    0xdd, 0xdd, 0xdd, 0xdd, 0xdd, 0xdd, 0xdd, 0xdd, 0xdd, 0xdd, 0xdd, 0xdd, 0xdd, 0xdd, 0xdd, 0xcc,
    0x7b, 0xbb, 0xbb, 0xbb, 0xbb, 0xbb, 0xbb, 0xbb, 0xbb, 0xbb, 0xbb, 0x84, 0xed, 0x74, 0x80, 0x00,
    0x00, 0x00, 0x01, 0x3b, 0xbb, 0xbb, 0xbb, 0xbb, 0xb2, 0xe0, 0xed, 0x6b, 0xb5, 0x77, 0x77, 0x77,
    0x77, 0x77, 0x77, 0x77, 0x77, 0x77, 0x77, 0x77, 0x77, 0x77, 0x77, 0x77, 0x77, 0x31, 0xee, 0xee,
    0xee, 0xee, 0xee, 0xee, 0xee, 0xee, 0xee, 0xee, 0xee, 0xee, 0xee, 0xe0, 0x4d, 0x65, 0xae, 0xee,
    0xee, 0xd6, 0xb2, 0xcb, 0x2d, 0x6b, 0x5a, 0xd6, 0xb2, 0xcb, 0x2c, 0xb5, 0xdd, 0xdd, 0xdd, 0xae,
    0x77, 0x77, 0x77, 0x77, 0x77, 0x77, 0x77, 0x77, 0x77, 0x77, 0x77, 0x77, 0x77, 0x77, 0x77, 0x77,
    0x77, 0x77, 0x73, 0x1e, 0xee, 0xee, 0xee, 0xee, 0xee, 0xee, 0xee, 0xee, 0xee, 0xee, 0xee, 0xee,
    0xee, 0xee, 0xee, 0xee, 0xee, 0xee, 0xee, 0xee, 0xee, 0xee, 0xee, 0xee, 0xee, 0xee, 0xee, 0xe1,
    0x3b, 0x5a, 0xee, 0x77, 0x77, 0x77, 0x77, 0x77, 0x77, 0x77, 0x77, 0x77, 0x77, 0x77, 0x77, 0x77,
    0x77, 0x77, 0x77, 0x77, 0x77, 0x31, 0xee, 0xee, 0xee, 0xee, 0xee, 0xee, 0xee, 0xee, 0xee, 0xee,
    0xee, 0xee, 0xee, 0xee, 0xee, 0xee, 0xee, 0xee, 0xee, 0xee, 0xee, 0xee, 0xee, 0xee, 0xee, 0xee,
    0xee, 0xee, 0xee, 0xee, 0xe1, 0xd9, 0x3b, 0xbb, 0xbb, 0xbb, 0xbb, 0xbb, 0xbb, 0xbb, 0xbb, 0xbb,
    0xbb, 0xbb, 0xbb, 0xbb, 0xbb, 0xbb, 0xbb, 0xb9, 0x88
};

const HuffmanFrequency SPRITE_14_FREQS[] = {
    {0x0a, 43},
    {0x2a, 13},
    {0x2b, 106},
    {0x2d, 551},
    {0x2e, 1039},
    {0x3a, 583},
    {0x3d, 226},
    {0xa0, 1682},
    {0xc2, 1682}
};
}

const HuffmanEncodedSprite SPRITE_14 = {
    SPRITE_14_BYTES,
    static_cast<int>(sizeof(SPRITE_14_BYTES) / sizeof(SPRITE_14_BYTES[0])),
    14917,
    5925,
    SPRITE_14_FREQS,
    static_cast<int>(sizeof(SPRITE_14_FREQS) / sizeof(SPRITE_14_FREQS[0]))
};

namespace
{
const unsigned char SPRITE_15_BYTES[] = {
    0xee, 0xee, 0xee, 0xee, 0xee, 0xee, 0xee, 0xee, 0xee, 0xee, 0xee, 0xee, 0xee, 0xee, 0xee, 0xee,
    0xee, 0xee, 0xee, 0xee, 0xee, 0xee, 0xee, 0xee, 0x63, 0xdd, 0xdd, 0xdd, 0xdd, 0xdd, 0xdd, 0xdd,
    0xdd, 0xdd, 0xdd, 0xdd, 0xcd, 0x5a, 0x1c, 0x6f, 0x77, 0x77, 0x77, 0x77, 0x77, 0x77, 0x77, 0x77,
    0x77, 0x77, 0x77, 0x77, 0x77, 0x77, 0x77, 0x77, 0x77, 0x77, 0x77, 0x77, 0x77, 0x77, 0x77, 0x77,
    0x77, 0x77, 0x77, 0x77, 0x77, 0x77, 0x77, 0x77, 0x77, 0x77, 0x77, 0x31, 0xee, 0xee, 0xee, 0xee,
    0xee, 0xee, 0xee, 0xee, 0xee, 0xee, 0xee, 0x75, 0x80, 0x0b, 0x42, 0xdb, 0xdd, 0xdd, 0xdd, 0xdd,
    0xdd, 0xdd, 0xdd, 0xdd, 0xdd, 0xdd, 0xdd, 0xdd, 0xdd, 0xdd, 0xdd, 0xdd, 0xdd, 0xdd, 0xdd, 0xdd,
    0xdd, 0xdd, 0xdd, 0xdd, 0xdd, 0xdd, 0xdd, 0xdd, 0xdd, 0xdd, 0xdd, 0xdd, 0xdd, 0xcc, 0x7b, 0xbb,
    0xbb, 0xbb, 0xbb, 0xbb, 0xbb, 0xbb, 0xbb, 0xbb, 0xb8, 0x58, 0xeb, 0x01, 0xad, 0x07, 0x43, 0xf7,
    0x77, 0x77, 0x77, 0x77, 0x77, 0x77, 0x77, 0x77, 0x77, 0x77, 0x77, 0x77, 0x77, 0x77, 0x77, 0x77,
    0x77, 0x77, 0x77, 0x77, 0x77, 0x77, 0x77, 0x77, 0x77, 0x77, 0x77, 0x77, 0x77, 0x77, 0x77, 0x31,
    0xee, 0xee, 0xee, 0xee, 0xee, 0xee, 0xee, 0xee, 0xee, 0xee, 0x6a, 0x07, 0x53, 0x2c, 0xa0, 0x01,
    0xa0, 0x08, 0x6f, 0x77, 0x77, 0x77, 0x77, 0x77, 0x77, 0x77, 0x77, 0x77, 0x77, 0x77, 0x77, 0x77,
    0x77, 0x77, 0x77, 0x77, 0x77, 0x77, 0x77, 0x77, 0x77, 0x77, 0x77, 0x77, 0x77, 0x77, 0x77, 0x77,
    0x77, 0x31, 0xee, 0xee, 0xee, 0xee, 0xee, 0xee, 0xee, 0xee, 0xee, 0xee, 0x58, 0xea, 0x65, 0x96,
    0x59, 0x65, 0x00, 0x00, 0x02, 0xd0, 0xde, 0xee, 0xee, 0xee, 0xee, 0xee, 0xee, 0xee, 0xee, 0xee,
    0xee, 0xee, 0xee, 0xee, 0xee, 0xee, 0xee, 0xee, 0xee, 0xee, 0xee, 0xee, 0xee, 0xee, 0xee, 0xee,
    0xee, 0xee, 0xee, 0xe6, 0x3d, 0xdd, 0xdd, 0xdd, 0xdd, 0xdd, 0xdd, 0xdd, 0xdd, 0xdc, 0xeb, 0x10,
    0xcb, 0x2c, 0xb2, 0xcb, 0x2c, 0xb0, 0x70, 0x00, 0x00, 0x43, 0x7b, 0xbb, 0xbb, 0xb9, 0xa0, 0xeb,
    0x5a, 0xd6, 0xe3, 0x7b, 0xbb, 0xbb, 0xbb, 0xbb, 0xbb, 0xbb, 0xbb, 0xbb, 0xbb, 0xbb, 0xbb, 0xbb,
    0xbb, 0xbb, 0xbb, 0xbb, 0xbb, 0xbb, 0x98, 0xf7, 0x77, 0x77, 0x77, 0x77, 0x77, 0x77, 0x77, 0x77,
    0x35, 0x63, 0xb0, 0x65, 0x96, 0x59, 0x65, 0x96, 0x59, 0x65, 0x40, 0x00, 0x00, 0xb5, 0xb5, 0xd0,
    0x85, 0x80, 0x00, 0x00, 0x2d, 0x0f, 0xdd, 0xdd, 0xdd, 0xdd, 0xdd, 0xdd, 0xdd, 0xdd, 0xdd, 0xdd,
    0xdd, 0xdd, 0xdd, 0xdd, 0xdd, 0xdd, 0xdd, 0xcc, 0x7b, 0xbb, 0xbb, 0xbb, 0xbb, 0xbb, 0xbb, 0xbb,
    0xbb, 0x9d, 0xc4, 0x32, 0xcb, 0x2c, 0xb2, 0xcb, 0x2c, 0xb2, 0xcb, 0x2c, 0xb8, 0x00, 0x02, 0x16,
    0x03, 0x5a, 0xd6, 0xb5, 0xad, 0x6b, 0x5a, 0xd6, 0xb5, 0xad, 0x6b, 0x45, 0x37, 0xbb, 0xbb, 0xbb,
    0xbb, 0xbb, 0xbb, 0xbb, 0xbb, 0xbb, 0xbb, 0xbb, 0xbb, 0xbb, 0xbb, 0xbb, 0xb9, 0x8f, 0x77, 0x77,
    0x77, 0x77, 0x77, 0x77, 0x77, 0x77, 0x72, 0x87, 0x60, 0xc1, 0x83, 0x06, 0x59, 0x65, 0x96, 0x59,
    0x65, 0x96, 0x0b, 0x00, 0x04, 0x80, 0x00, 0xd6, 0xb5, 0xad, 0x6b, 0x5a, 0xd6, 0xb5, 0xad, 0x6b,
    0x5a, 0xd6, 0x89, 0x6f, 0x77, 0x77, 0x77, 0x77, 0x77, 0x77, 0x77, 0x77, 0x77, 0x77, 0x77, 0x77,
    0x77, 0x77, 0x73, 0x1e, 0xee, 0xee, 0xee, 0xee, 0xee, 0xee, 0xee, 0xee, 0x6a, 0x87, 0x4a, 0x94,
    0xa4, 0xa5, 0x83, 0x2c, 0x1c, 0x00, 0x01, 0x40, 0xd6, 0xb5, 0xad, 0x00, 0x06, 0xb5, 0xad, 0x6b,
    0x5a, 0xd6, 0xb5, 0xa0, 0x02, 0x9b, 0xdd, 0xdd, 0xdd, 0xdd, 0xdd, 0xdd, 0xdd, 0xdd, 0xdd, 0xdd,
    0xdd, 0xdd, 0xdd, 0xdd, 0xcc, 0x7b, 0xbb, 0xbb, 0xbb, 0xbb, 0xbb, 0xbb, 0xbb, 0xb9, 0xc1, 0xd2,
    0xa5, 0x25, 0x2a, 0x00, 0x1a, 0xd6, 0xb5, 0xae, 0xe0, 0x35, 0xad, 0x6b, 0x5a, 0xd6, 0xb5, 0xad,
    0x6b, 0x5a, 0xd6, 0xb5, 0xa0, 0x00, 0x00, 0xa6, 0xf7, 0x77, 0x77, 0x77, 0x77, 0x77, 0x77, 0x77,
    0x77, 0x77, 0x77, 0x77, 0x77, 0x77, 0x31, 0xee, 0xee, 0xee, 0xee, 0xee, 0xee, 0xee, 0xee, 0xe5,
    0xbb, 0xbb, 0x04, 0xa0, 0x00, 0x01, 0xad, 0x6b, 0x54, 0x00, 0x03, 0x40, 0x00, 0x00, 0x00, 0x00,
    0x00, 0x07, 0x7e, 0xee, 0xee, 0xee, 0xee, 0xee, 0xee, 0xee, 0xee, 0xee, 0xee, 0xee, 0xee, 0xee,
    0xe6, 0x3d, 0xdd, 0xdd, 0xdd, 0xdd, 0xdd, 0xdd, 0xdd, 0xdc, 0x87, 0x77, 0x70, 0x00, 0x00, 0x1a,
    0xd4, 0x00, 0x00, 0x00, 0x00, 0x00, 0x00, 0x00, 0x00, 0x00, 0xa4, 0x37, 0xbb, 0xbb, 0xbb, 0xbb,
    0xbb, 0xbb, 0xbb, 0xbb, 0xbb, 0xbb, 0xbb, 0xbb, 0xb9, 0x8f, 0x77, 0x77, 0x77, 0x77, 0x77, 0x77,
    0x77, 0x77, 0x25, 0x60, 0x00, 0xd6, 0xb4, 0x00, 0x05, 0x00, 0x00, 0x00, 0x00, 0x00, 0x00, 0x00,
    0x00, 0x00, 0x02, 0x54, 0xa5, 0x25, 0x2a, 0x5b, 0x8d, 0xee, 0xee, 0xee, 0xee, 0xee, 0xee, 0xee,
    0xe6, 0x3d, 0xdd, 0xdd, 0xdd, 0xdd, 0xdd, 0xdd, 0xdc, 0xd5, 0x00, 0x00, 0x00, 0x0d, 0x1a, 0x20,
    0x00, 0x00, 0x00, 0x00, 0x00, 0x00, 0x00, 0x00, 0x00, 0x00, 0x00, 0x00, 0x00, 0x5a, 0x94, 0x37,
    0xbb, 0xbb, 0xbb, 0x98, 0xf7, 0x77, 0x77, 0x77, 0x77, 0x77, 0x77, 0x3b, 0x80, 0x00, 0x00, 0x00,
    0x02, 0xc0, 0x00, 0x00, 0x00, 0x00, 0x00, 0x00, 0x00, 0x00, 0x00, 0x00, 0x00, 0x00, 0x00, 0x00,
    0x42, 0x06, 0xf7, 0x31, 0xee, 0xee, 0xee, 0xee, 0xee, 0xee, 0x6a, 0x00, 0x00, 0x01, 0x6b, 0x5a,
    0xd6, 0xb7, 0x01, 0x00, 0x00, 0x00, 0x00, 0x00, 0x3a, 0xd6, 0x84, 0x21, 0x4a, 0x42, 0x10, 0x00,
    0x00, 0x00, 0x00, 0x00, 0x00, 0x00, 0x00, 0x2d, 0xd8, 0xf7, 0x77, 0x77, 0x77, 0x77, 0x77, 0x2c,
    0x00, 0x07, 0x40, 0xde, 0xee, 0x6b, 0x5a, 0xd6, 0xba, 0xd4, 0xe0, 0x00, 0x00, 0x00, 0x21, 0x4b,
    0x74, 0x3b, 0xbb, 0xbb, 0xbb, 0x80, 0x00, 0x00, 0x00, 0x96, 0x59, 0x65, 0x96, 0x59, 0x65, 0x96,
    0x59, 0x65, 0x96, 0x09, 0x52, 0xc0, 0x53, 0x1e, 0xee, 0xee, 0xee, 0xee, 0xe6, 0xa8, 0x00, 0x1d,
    0x6d, 0xee, 0x6a, 0x92, 0x94, 0xa5, 0x29, 0x4a, 0x5d, 0x6a, 0x00, 0x00, 0x00, 0x10, 0xee, 0xee,
    0xeb, 0x43, 0xbb, 0xbb, 0x80, 0x00, 0x00, 0x00, 0x03, 0x06, 0x59, 0x65, 0x96, 0x59, 0x65, 0x96,
    0x59, 0x65, 0x96, 0x59, 0x43, 0x8e, 0x31, 0xee, 0xee, 0xee, 0xee, 0xee, 0x00, 0x01, 0x6d, 0xee,
    0x6a, 0x94, 0x94, 0xa5, 0x29, 0x53, 0x5a, 0xd1, 0x82, 0x54, 0x00, 0x00, 0x00, 0x0e, 0xee, 0xe8,
    0x5b, 0xb8, 0x00, 0x00, 0x00, 0x00, 0x00, 0xec, 0x19, 0x65, 0x96, 0x59, 0x65, 0x96, 0x59, 0x65,
    0x96, 0x56, 0xe2, 0xdb, 0xcc, 0x7b, 0xbb, 0xbb, 0xbb, 0xb9, 0xaa, 0x00, 0x14, 0xde, 0xe1, 0x2a,
    0x52, 0x52, 0x94, 0xa5, 0x4e, 0xd6, 0xba, 0x52, 0xe8, 0x00, 0x00, 0x00, 0x1d, 0xdd, 0x69, 0x70,
    0x00, 0x00, 0x00, 0x00, 0x00, 0x04, 0x32, 0xcb, 0x2c, 0xb2, 0xcb, 0x2c, 0xb2, 0xc1, 0x2e, 0xe2,
    0x4e, 0xe6, 0x3d, 0xdd, 0xdd, 0xdd, 0xdc, 0x80, 0x01, 0xc6, 0xb5, 0xaa, 0x52, 0x94, 0xa4, 0xa5,
    0x29, 0x4a, 0x52, 0x94, 0xa5, 0x40, 0xeb, 0x00, 0x00, 0x07, 0x77, 0x52, 0x1d, 0xc0, 0x00, 0x00,
    0x00, 0x00, 0x00, 0x04, 0xa5, 0x29, 0x4b, 0x06, 0x0c, 0x18, 0x2d, 0xdd, 0xd4, 0xde, 0xee, 0x63,
    0xdd, 0xdd, 0xdd, 0xdc, 0xd4, 0x00, 0x0e, 0x35, 0xad, 0x60, 0xa5, 0x29, 0x4a, 0x52, 0x52, 0x94,
    0xa5, 0x29, 0x60, 0xa0, 0x01, 0x6a, 0x43, 0x80, 0xe8, 0x52, 0x1d, 0xdd, 0xc0, 0x42, 0x94, 0x84,
    0x21, 0xc0, 0x00, 0x00, 0x00, 0x16, 0x95, 0x29, 0x4a, 0x4a, 0x1d, 0xc4, 0x2f, 0xbb, 0xbb, 0x98,
    0xf7, 0x77, 0x77, 0x77, 0x35, 0x60, 0x03, 0x8d, 0x6b, 0x50, 0xa5, 0x29, 0x48, 0x42, 0x10, 0x85,
    0x29, 0x49, 0x52, 0xc0, 0x00, 0x77, 0x77, 0x77, 0x77, 0x77, 0x71, 0x6a, 0x6b, 0x7b, 0x9a, 0x3a,
    0xdd, 0xae, 0xa0, 0x00, 0x00, 0x00, 0x60, 0xa5, 0x30, 0x43, 0xbb, 0xba, 0x1b, 0xdd, 0xdd, 0xdc,
    0xc7, 0xbb, 0xbb, 0xbb, 0xb8, 0x70, 0x00, 0x43, 0x5a, 0xd6, 0xa5, 0x4b, 0x77, 0x77, 0x5a, 0xd6,
    0x84, 0xba, 0xc0, 0x00, 0x00, 0x00, 0x00, 0x76, 0xb5, 0xae, 0x94, 0xa5, 0x29, 0x4a, 0x1d, 0x0c,
    0x16, 0x80, 0x00, 0x00, 0x04, 0xb0, 0x5b, 0xbb, 0xba, 0x9b, 0xdd, 0xdd, 0xdd, 0xdc, 0xc7, 0xbb,
    0xbb, 0xbb, 0xb8, 0x58, 0x00, 0x08, 0x6b, 0x5a, 0xd1, 0x2a, 0x5a, 0xd0, 0x85, 0x28, 0x5b, 0x80,
    0x00, 0x00, 0x00, 0x02, 0xdb, 0xdc, 0xd4, 0xa5, 0x29, 0x4a, 0x52, 0xb6, 0xf3, 0x5d, 0x82, 0x1c,
    0x00, 0x00, 0x07, 0x77, 0x75, 0xa9, 0xbd, 0xdd, 0xdd, 0xdd, 0xdd, 0xcc, 0x7b, 0xbb, 0xbb, 0xbb,
    0x9a, 0x80, 0x00, 0x05, 0x3b, 0x5a, 0xd6, 0xb5, 0xad, 0x6b, 0x44, 0x2c, 0x00, 0x00, 0x00, 0x00,
    0x04, 0x0d, 0x68, 0x94, 0xa5, 0x29, 0x4a, 0x52, 0x95, 0x2d, 0x09, 0x4a, 0x54, 0x00, 0x00, 0x03,
    0xad, 0x67, 0x77, 0x77, 0x77, 0x77, 0x77, 0x77, 0x31, 0xe1, 0x08, 0x5a, 0xdd, 0x68, 0x43, 0x80,
    0x00, 0x0e, 0x84, 0x21, 0x6b, 0x52, 0xdc, 0x00, 0x00, 0x00, 0x00, 0x00, 0x16, 0xde, 0xe5, 0xa5,
    0x49, 0x4a, 0x52, 0x94, 0xa5, 0x29, 0x4a, 0x52, 0x94, 0xb8, 0x00, 0x00, 0x29, 0xbd, 0xdd, 0xdd,
    0xdd, 0xdd, 0xdd, 0xdd, 0xdc, 0xc5, 0x00, 0x00, 0x0b, 0x77, 0x00, 0x00, 0x00, 0x00, 0x00, 0x00,
    0x00, 0x00, 0x00, 0x07, 0x76, 0xb5, 0xaa, 0x52, 0x94, 0xa5, 0x25, 0x29, 0x4a, 0x52, 0x94, 0xa5,
    0x29, 0x00, 0x00, 0x07, 0x57, 0x77, 0x77, 0x77, 0x77, 0x77, 0x77, 0x77, 0x73, 0x15, 0xb8, 0x00,
    0x03, 0xbb, 0xb8, 0x00, 0x00, 0x00, 0x00, 0x03, 0xa8, 0x00, 0x00, 0x00, 0x05, 0x35, 0xad, 0x74,
    0xa9, 0x4a, 0x52, 0x94, 0xa5, 0x29, 0x4a, 0x52, 0x92, 0xa0, 0x00, 0x00, 0x43, 0x7b, 0xbb, 0xbb,
    0xbb, 0xbb, 0xbb, 0xbb, 0xbb, 0x98, 0xf3, 0x50, 0x00, 0x03, 0xbb, 0xbb, 0xb8, 0x00, 0x00, 0x00,
    0x00, 0x00, 0xa5, 0xb8, 0x03, 0xb8, 0x00, 0xb1, 0xad, 0x6a, 0x12, 0x85, 0xbb, 0xba, 0xd6, 0xb5,
    0xad, 0x08, 0x40, 0x00, 0x00, 0x08, 0xee, 0xee, 0xee, 0xee, 0xee, 0xee, 0xee, 0xee, 0xe6, 0x3d,
    0xdc, 0xd4, 0x20, 0x1d, 0xd6, 0xee, 0xee, 0xee, 0xe0, 0x00, 0x00, 0x00, 0x00, 0x00, 0x00, 0x00,
    0x00, 0xb5, 0xb5, 0xad, 0x14, 0xa7, 0x77, 0x75, 0xad, 0x6a, 0x74, 0x00, 0x00, 0x00, 0x96, 0xf7,
    0x77, 0x77, 0x77, 0x77, 0x77, 0x77, 0x77, 0x73, 0x1e, 0xee, 0xee, 0xe6, 0xad, 0x4b, 0x74, 0xbb,
    0xbb, 0xbb, 0xbb, 0x80, 0x00, 0x00, 0x00, 0x00, 0x00, 0x00, 0x00, 0x02, 0x1d, 0xad, 0x6b, 0x47,
    0x5a, 0xd6, 0xe2, 0x16, 0x00, 0x00, 0x02, 0xce, 0xee, 0xee, 0xee, 0xee, 0xee, 0xee, 0xee, 0xee,
    0xe6, 0x3d, 0xdd, 0xdd, 0xdd, 0xdd, 0xcd, 0x10, 0xee, 0xee, 0xee, 0xee, 0xee, 0x00, 0x00, 0x00,
    0x00, 0x00, 0x00, 0x00, 0x00, 0x08, 0x52, 0xdd, 0x6b, 0x52, 0x9c, 0x00, 0x00, 0x00, 0x5b, 0xf7,
    0x77, 0x77, 0x77, 0x77, 0x77, 0x77, 0x77, 0x77, 0x73, 0x1e, 0xee, 0xee, 0xee, 0xee, 0xee, 0xee,
    0x53, 0xbb, 0xbb, 0xbb, 0xbb, 0xbb, 0xb8, 0x00, 0x00, 0x00, 0x00, 0x00, 0x00, 0x00, 0x00, 0x00,
    0x00, 0x00, 0x00, 0x3b, 0xbb, 0xf7, 0x77, 0x77, 0x77, 0x77, 0x77, 0x77, 0x77, 0x77, 0x77, 0x31,
    0xee, 0xee, 0xee, 0xee, 0xee, 0xee, 0xe6, 0xa1, 0x6e, 0xee, 0xee, 0xee, 0xee, 0xee, 0xee, 0x00,
    0x00, 0x00, 0x00, 0x00, 0x00, 0x00, 0x00, 0x00, 0x00, 0x00, 0xee, 0xee, 0x87, 0xee, 0xee, 0xee,
    0xee, 0xee, 0xee, 0xee, 0xee, 0xee, 0xee, 0xe6, 0x3d, 0xdd, 0xdd, 0xdd, 0xdd, 0xdd, 0xdd, 0xdc,
    0x29, 0xdd, 0xdd, 0xdd, 0xdd, 0xdd, 0xdd, 0xdd, 0xdd, 0xdd, 0xdd, 0xdc, 0x00, 0x00, 0x00, 0x00,
    0x00, 0x00, 0x00, 0x77, 0x77, 0x77, 0x77, 0x53, 0x7b, 0xbb, 0xbb, 0xbb, 0xbb, 0xbb, 0xbb, 0xbb,
    0xbb, 0xbb, 0xbb, 0x98, 0xf7, 0x77, 0x77, 0x77, 0x77, 0x77, 0x77, 0x77, 0x72, 0xd0, 0xee, 0xee,
    0xee, 0xee, 0xee, 0xee, 0xee, 0xee, 0xee, 0xee, 0xee, 0xee, 0xee, 0xee, 0xee, 0xee, 0xee, 0xee,
    0xee, 0xe0, 0x00, 0x00, 0xa5, 0xbb, 0xbb, 0xa8, 0xee, 0xee, 0xee, 0xee, 0xee, 0xee, 0xee, 0xee,
    0xee, 0xee, 0xee, 0xee, 0x63, 0xdd, 0xdd, 0xdd, 0xdd, 0xdd, 0xdd, 0xdd, 0xdd, 0xdc, 0xd4, 0x21,
    0xdd, 0xdd, 0xdd, 0xdd, 0xdd, 0xdd, 0xdd, 0xdd, 0xdd, 0xdd, 0xdd, 0xdd, 0xdd, 0xdd, 0xdd, 0xdd,
    0xdd, 0xdd, 0x6b, 0x00, 0x00, 0x75, 0x3b, 0xba, 0x06, 0xf7, 0x77, 0x77, 0x77, 0x77, 0x77, 0x77,
    0x77, 0x77, 0x77, 0x77, 0x77, 0x73, 0x1e, 0xee, 0xee, 0xee, 0xee, 0xee, 0xee, 0xee, 0xe6, 0xb5,
    0x6a, 0x42, 0x50, 0xee, 0xee, 0xee, 0xee, 0xee, 0xee, 0xee, 0xee, 0xee, 0xee, 0xee, 0xee, 0xee,
    0xee, 0xee, 0xee, 0xee, 0xea, 0x58, 0x00, 0x0e, 0x97, 0x41, 0xdd, 0xdd, 0xdd, 0xdd, 0xdd, 0xdd,
    0xdd, 0xdd, 0xdd, 0xdd, 0xdd, 0xdd, 0xdd, 0xdc, 0xc7, 0xbb, 0xbb, 0xbb, 0xbb, 0xbb, 0xbb, 0x9a,
    0xea, 0x01, 0xdd, 0x6b, 0x5a, 0xdd, 0xdd, 0xdd, 0xdd, 0xdd, 0xdd, 0xdd, 0xdd, 0xdd, 0xdd, 0xdd,
    0xdd, 0xdd, 0xdd, 0xdd, 0xdd, 0xdd, 0xd4, 0xb7, 0x00, 0x75, 0xa5, 0xbd, 0xdd, 0xdd, 0xdd, 0xdd,
    0xdd, 0xdd, 0xdd, 0xdd, 0xdd, 0xdd, 0xdd, 0xdd, 0xdd, 0xdd, 0xcc, 0x7b, 0xbb, 0xbb, 0xbb, 0xbb,
    0xb9, 0xa8, 0x70, 0x00, 0x07, 0x5a, 0xd6, 0xb4, 0x21, 0xdd, 0xdd, 0xdd, 0xdd, 0xdd, 0xdd, 0xdd,
    0xdd, 0xdd, 0xdd, 0xdd, 0xdd, 0xdd, 0xdd, 0xdd, 0x6b, 0x52, 0xdd, 0xdd, 0xd7, 0xdd, 0xdd, 0xdd,
    0xdd, 0xdd, 0xdd, 0xdd, 0xdd, 0xdd, 0xdd, 0xdd, 0xdd, 0xdd, 0xdd, 0xdd, 0xdc, 0xc7, 0xbb, 0xbb,
    0xbb, 0xbb, 0xb8, 0x40, 0xd6, 0xb5, 0xad, 0x00, 0x07, 0x5a, 0xd6, 0xb5, 0xa1, 0x2b, 0x77, 0x77,
    0x77, 0x77, 0x77, 0x77, 0x77, 0x77, 0x77, 0x77, 0x77, 0x77, 0x5a, 0xd6, 0xa4, 0x2d, 0x0a, 0x52,
    0xd0, 0xde, 0xee, 0xee, 0xee, 0xee, 0xee, 0xee, 0xee, 0xee, 0xee, 0xee, 0xee, 0xee, 0xee, 0xee,
    0xee, 0x63, 0xdd, 0xdd, 0xdd, 0xdd, 0xdc, 0x80, 0x00, 0x00, 0x00, 0x77, 0x5a, 0x90, 0xde, 0xe6,
    0xb4, 0x52, 0x96, 0xee, 0xee, 0xee, 0xee, 0xee, 0xee, 0xee, 0xb5, 0x29, 0x6b, 0x5a, 0xd6, 0xe0,
    0x00, 0xe8, 0x6f, 0x77, 0x77, 0x77, 0x77, 0x77, 0x77, 0x77, 0x77, 0x77, 0x77, 0x77, 0x77, 0x77,
    0x77, 0x31, 0xee, 0xee, 0xee, 0xee, 0xee, 0x6a, 0x5c, 0x00, 0x00, 0x16, 0x94, 0xbb, 0x7b, 0xbb,
    0xbb, 0xbb, 0xbb, 0xbb, 0xbb, 0x9a, 0xd6, 0xb4, 0x6b, 0x7b, 0xb8, 0x4a, 0xd6, 0xb5, 0xad, 0xc0,
    0x00, 0x01, 0xce, 0xee, 0xee, 0xee, 0xee, 0xee, 0xee, 0xee, 0xee, 0xee, 0xee, 0xee, 0xee, 0xee,
    0xe6, 0x3d, 0xdd, 0xdd, 0xdd, 0xdd, 0xdd, 0xdd, 0xdc, 0xd6, 0xb5, 0xad, 0xee, 0xee, 0xee, 0xee,
    0xee, 0xee, 0xee, 0xee, 0xee, 0xee, 0xee, 0xee, 0xee, 0xee, 0xee, 0xee, 0xee, 0x6a, 0x90, 0xb7,
    0x00, 0x00, 0x00, 0x1f, 0xbb, 0xbb, 0xbb, 0xbb, 0xbb, 0xbb, 0xbb, 0xbb, 0xbb, 0xbb, 0xbb, 0xbb,
    0xbb, 0x98, 0xf7, 0x77, 0x77, 0x77, 0x77, 0x77, 0x77, 0x77, 0x77, 0x77, 0x77, 0x77, 0x77, 0x77,
    0x77, 0x77, 0x77, 0x77, 0x77, 0x77, 0x77, 0x77, 0x77, 0x77, 0x77, 0x77, 0x77, 0x77, 0x73, 0x56,
    0x87, 0x00, 0x00, 0x07, 0x7e, 0xee, 0xee, 0xee, 0xee, 0xee, 0xee, 0xee, 0xee, 0xee, 0xee, 0xee,
    0xee, 0xee, 0x63, 0xdd, 0xdd, 0xdd, 0xdd, 0xdd, 0xdd, 0xdd, 0xdd, 0xdd, 0xdd, 0xdd, 0xdd, 0xdd,
    0xdd, 0xdd, 0xdd, 0xdd, 0xdd, 0xdd, 0xdd, 0xdd, 0xdd, 0xdd, 0xdd, 0xdd, 0xdd, 0xdd, 0xdd, 0xdd,
    0xdd, 0xcd, 0x1d, 0x68, 0x42, 0x14, 0x87, 0x6f, 0x77, 0x77, 0x77, 0x77, 0x77, 0x77, 0x77, 0x77,
    0x77, 0x77, 0x77, 0x77, 0x77, 0x77, 0x77, 0x77, 0x77, 0x77, 0x77, 0x77, 0x77, 0x77, 0x77, 0x77,
    0x77, 0x77, 0x77, 0x77, 0x77, 0x73, 0x10
};

const HuffmanFrequency SPRITE_15_FREQS[] = {
    {0x0a, 49},
    {0x23, 133},
    {0x25, 26},
    {0x2a, 142},
    {0x2b, 121},
    {0x2d, 524},
    {0x2e, 236},
    {0x3a, 1470},
    {0x3d, 157},
    {0x40, 91},
    {0xa0, 1980},
    {0xc2, 1980}
};
}

const HuffmanEncodedSprite SPRITE_15 = {
    SPRITE_15_BYTES,
    static_cast<int>(sizeof(SPRITE_15_BYTES) / sizeof(SPRITE_15_BYTES[0])),
    17972,
    6909,
    SPRITE_15_FREQS,
    static_cast<int>(sizeof(SPRITE_15_FREQS) / sizeof(SPRITE_15_FREQS[0]))
};

namespace
{
const unsigned char SPRITE_16_BYTES[] = {
    0x6d, 0xb6, 0xdb, 0x6d, 0xb6, 0xdb, 0x6d, 0xb9, 0x4d, 0xb6, 0xdb, 0x6d, 0xb6, 0xdb, 0x6d, 0xb6,
    0xdb, 0x6d, 0xb6, 0xdb, 0x6d, 0xb6, 0xdb, 0x92, 0x08, 0x73, 0x87, 0x23, 0x6d, 0xb6, 0xdb, 0x6d,
    0xb6, 0xdb, 0x6d, 0xb6, 0xdb, 0x6d, 0xb6, 0xdb, 0x6d, 0xb6, 0xdb, 0x6d, 0xb6, 0xdb, 0x6d, 0xb6,
    0xe5, 0x36, 0xdb, 0x6d, 0xb6, 0xdb, 0x6d, 0xb6, 0xdb, 0x6d, 0xb6, 0xdb, 0x6d, 0xc9, 0x57, 0x55,
    0x77, 0x75, 0x39, 0xd4, 0x0d, 0xb6, 0xdb, 0x6d, 0xb6, 0xdb, 0x6d, 0xb6, 0xdb, 0x6d, 0xb6, 0xdb,
    0x6d, 0xb6, 0xdb, 0x6d, 0xb6, 0xdb, 0x6d, 0xb6, 0xdb, 0x94, 0xdb, 0x6d, 0xb6, 0xdb, 0x6d, 0xb6,
    0xdb, 0x6d, 0xb6, 0xdb, 0x92, 0xae, 0xae, 0x30, 0xa3, 0x77, 0x77, 0x71, 0xaa, 0x81, 0xb6, 0xdb,
    0x6d, 0xb6, 0xdb, 0x6d, 0xb6, 0xdb, 0x6d, 0xb6, 0xdb, 0x6d, 0xb6, 0xdb, 0x6d, 0xb6, 0xdb, 0x6d,
    0xb6, 0xdb, 0x6e, 0x53, 0x6d, 0xb6, 0xdb, 0x6d, 0xb6, 0xdb, 0x6d, 0xb6, 0xe4, 0x9d, 0xd4, 0x61,
    0x46, 0xee, 0xee, 0xee, 0xee, 0xe3, 0x57, 0x03, 0x6d, 0xb6, 0xdb, 0x6d, 0xb6, 0xdb, 0x6d, 0xb6,
    0xdb, 0x6d, 0xb6, 0xdb, 0x6d, 0xb6, 0xdb, 0x6d, 0xb6, 0xdb, 0x6d, 0xb6, 0xdb, 0x94, 0xdb, 0x6d,
    0xb6, 0xdb, 0x6d, 0xb6, 0xdb, 0x72, 0x5d, 0x5c, 0x6e, 0xee, 0xee, 0xee, 0xee, 0xee, 0xee, 0x37,
    0x53, 0x6d, 0xb6, 0xdb, 0x6d, 0xb6, 0xdb, 0x6d, 0xb6, 0xdb, 0x6d, 0xb6, 0xdb, 0x6d, 0xb6, 0xdb,
    0x6d, 0xb6, 0xdb, 0x6d, 0xb6, 0xdb, 0x6e, 0x53, 0x6d, 0xb6, 0xdb, 0x6d, 0xb6, 0xdb, 0x92, 0xaa,
    0xe3, 0x77, 0x77, 0x77, 0x77, 0x77, 0x77, 0x77, 0x77, 0x1a, 0xa8, 0x1b, 0x6d, 0xb6, 0xdb, 0x6d,
    0xb6, 0xdb, 0x6d, 0xb6, 0xdb, 0x6d, 0xb6, 0xdb, 0x6d, 0xb6, 0xdb, 0x6d, 0xb6, 0xdb, 0x6d, 0xb6,
    0xdb, 0x94, 0xdb, 0x6d, 0xb6, 0xdb, 0x6d, 0xc9, 0x0e, 0xee, 0x37, 0x77, 0x77, 0x77, 0x77, 0x77,
    0x77, 0x77, 0x77, 0x77, 0x1a, 0xa9, 0x1b, 0x73, 0xba, 0x9c, 0xdb, 0x6d, 0xb6, 0xdb, 0x6d, 0xb6,
    0xdb, 0x6d, 0xb6, 0xdb, 0x6d, 0xb6, 0xdb, 0x6d, 0xb6, 0xdb, 0x6d, 0xb6, 0xdb, 0x94, 0xdb, 0x6d,
    0xb6, 0xdb, 0x72, 0x5d, 0x46, 0xee, 0xee, 0xea, 0xee, 0xee, 0xee, 0xee, 0xee, 0xee, 0xee, 0xee,
    0x35, 0x52, 0x37, 0x04, 0x6e, 0xe3, 0x53, 0x9b, 0x6d, 0xb6, 0xdb, 0x6d, 0xb6, 0xdb, 0x6d, 0xb6,
    0xdb, 0x6d, 0xb6, 0xdb, 0x6d, 0xb6, 0xdb, 0x6d, 0xb6, 0xdc, 0xa6, 0xdb, 0x6d, 0xb6, 0xe0, 0xab,
    0xba, 0xaa, 0xba, 0xaa, 0xaa, 0xbb, 0xbb, 0xbb, 0xbb, 0xbb, 0xbb, 0xb8, 0xd5, 0x55, 0x36, 0xee,
    0xee, 0xee, 0xe3, 0x53, 0x81, 0xb6, 0xdb, 0x6d, 0xb6, 0xdb, 0x6d, 0xb6, 0xdb, 0x6d, 0xb6, 0xdb,
    0x6d, 0xb6, 0xdb, 0x6d, 0xb6, 0xdb, 0x94, 0xdb, 0x6d, 0xb7, 0x0e, 0xae, 0xea, 0xaa, 0xaa, 0xaa,
    0xaa, 0xaa, 0xae, 0xee, 0xee, 0xee, 0xee, 0xea, 0x31, 0xb8, 0xdd, 0xb7, 0x24, 0x6e, 0xee, 0xee,
    0xe3, 0x75, 0x03, 0x6d, 0xb6, 0xdb, 0x6d, 0xb6, 0xdb, 0x6d, 0xb6, 0xdb, 0x6d, 0xb6, 0xdb, 0x6d,
    0xb6, 0xdb, 0x6d, 0xb9, 0x4d, 0xb6, 0xdc, 0x15, 0x77, 0x55, 0x55, 0x55, 0x55, 0x55, 0x57, 0x77,
    0x77, 0x77, 0x77, 0x1b, 0x8d, 0xdd, 0xdd, 0xc6, 0xee, 0x47, 0x24, 0x6e, 0xee, 0xee, 0xee, 0x35,
    0x50, 0x36, 0xdb, 0x6d, 0xb6, 0xdb, 0x6d, 0xb6, 0xdb, 0x6d, 0xb6, 0xdb, 0x6d, 0xb6, 0xdc, 0x14,
    0xdb, 0x6d, 0xca, 0x6d, 0xb9, 0x2a, 0xa3, 0x55, 0x55, 0x55, 0x55, 0x39, 0xce, 0xa7, 0x57, 0x77,
    0x77, 0x71, 0xb8, 0xdd, 0xdd, 0xdd, 0xdd, 0xdd, 0xc0, 0xdd, 0xdd, 0xdc, 0x63, 0x18, 0xc6, 0x14,
    0xe6, 0xdb, 0x6d, 0xb6, 0xdb, 0x6d, 0xb6, 0xdb, 0x6d, 0xb6, 0xdb, 0x6d, 0xb6, 0xdb, 0x92, 0xe1,
    0xce, 0x46, 0xdb, 0x94, 0xdb, 0x82, 0xe3, 0x55, 0x55, 0x53, 0x9c, 0xe7, 0x39, 0xce, 0x73, 0xaa,
    0xba, 0xbb, 0x8d, 0xc6, 0xee, 0xee, 0xee, 0xee, 0xee, 0x37, 0x0d, 0xb8, 0x71, 0xb8, 0xc6, 0x31,
    0x8c, 0x6e, 0xa7, 0x0e, 0x1c, 0xee, 0x1c, 0x8d, 0xb6, 0xdb, 0x72, 0x41, 0x3a, 0x9c, 0x39, 0x24,
    0x6d, 0xb6, 0xdb, 0x6d, 0xb9, 0x2a, 0x73, 0x9d, 0x36, 0xdc, 0xa6, 0xe1, 0xdc, 0x6a, 0xaa, 0x73,
    0x9c, 0xe7, 0x39, 0xce, 0x73, 0x9c, 0xe7, 0x57, 0x57, 0x71, 0xbb, 0xbb, 0xbb, 0xbb, 0xbb, 0xbb,
    0xb8, 0xdb, 0x6e, 0xa3, 0x0a, 0x31, 0xaa, 0xb9, 0x77, 0x0e, 0x5c, 0xb8, 0x55, 0x39, 0xce, 0x09,
    0x2a, 0xa1, 0xce, 0x77, 0x18, 0x51, 0x8d, 0xc6, 0x31, 0xa9, 0xb6, 0xdb, 0x6d, 0xba, 0x9c, 0x6a,
    0x75, 0x36, 0xdc, 0xa7, 0x57, 0x75, 0x53, 0x9d, 0x4e, 0x73, 0x9c, 0xe7, 0x39, 0xce, 0x73, 0x9d,
    0x5d, 0xc6, 0xee, 0xee, 0xee, 0xee, 0xee, 0xee, 0xee, 0xe3, 0x18, 0x6d, 0xb8, 0x71, 0xb8, 0xcb,
    0x97, 0x2e, 0x5c, 0x28, 0x52, 0xe5, 0xcb, 0x97, 0x0a, 0xaa, 0xaa, 0xe1, 0x5d, 0xdd, 0xdd, 0xdd,
    0xdd, 0xdc, 0x63, 0x0d, 0xb6, 0xdb, 0x72, 0x55, 0x5d, 0xdd, 0xce, 0xa4, 0x6e, 0x54, 0x17, 0x18,
    0x6d, 0xb6, 0xdb, 0x6e, 0x4b, 0x9c, 0xe7, 0x39, 0xd4, 0x6e, 0xee, 0xee, 0xee, 0xee, 0xee, 0xee,
    0xee, 0xee, 0xee, 0x37, 0x23, 0x72, 0x54, 0x29, 0x72, 0xe5, 0xcb, 0x97, 0x2e, 0x5c, 0xb9, 0x72,
    0xe5, 0xc3, 0x8c, 0xbb, 0xb8, 0xc6, 0x31, 0x8d, 0xdd, 0xdd, 0xdd, 0xc6, 0x30, 0xdb, 0x6d, 0xb7,
    0x05, 0xdd, 0xdd, 0xdd, 0xdd, 0x43, 0x6e, 0x55, 0xc0, 0xdb, 0x6d, 0xb6, 0xdb, 0x6d, 0xce, 0x73,
    0xa8, 0xc6, 0xee, 0xee, 0xee, 0xee, 0xee, 0xee, 0xee, 0xee, 0xee, 0xee, 0x36, 0xdc, 0x11, 0x97,
    0x2e, 0x5c, 0xb9, 0x72, 0xe5, 0xcb, 0x97, 0x2e, 0x5c, 0xb9, 0x72, 0xe5, 0xc2, 0xa8, 0xc6, 0x31,
    0x8d, 0x55, 0x55, 0x55, 0xc6, 0x46, 0xdb, 0x6d, 0xd5, 0x46, 0xee, 0xee, 0xee, 0x35, 0x72, 0x39,
    0x4d, 0xb6, 0xdb, 0x6d, 0xb6, 0xdb, 0x6e, 0x75, 0x57, 0x55, 0x77, 0x77, 0x77, 0x77, 0x77, 0x77,
    0x77, 0x77, 0x77, 0x71, 0x8d, 0xc1, 0x77, 0x70, 0x4b, 0x97, 0x0a, 0x14, 0xb9, 0x72, 0xe5, 0xcb,
    0x97, 0x2e, 0x5c, 0xb8, 0x55, 0x18, 0xdd, 0xdd, 0x55, 0x54, 0x63, 0x0d, 0xb6, 0xdb, 0x73, 0xab,
    0xbb, 0xbb, 0xbb, 0xbb, 0xb8, 0xd4, 0xdc, 0xa6, 0xdb, 0x6d, 0xb6, 0xdb, 0x6d, 0xb6, 0xea, 0x06,
    0xdb, 0x6d, 0xb6, 0xdc, 0x93, 0x8d, 0xdd, 0xdd, 0xdd, 0xdd, 0xdc, 0x2b, 0xaa, 0xa8, 0xc2, 0x85,
    0x0a, 0x14, 0x28, 0x50, 0xa1, 0x4b, 0x97, 0x2e, 0x5c, 0xbb, 0xb8, 0x50, 0xa3, 0x18, 0xc6, 0x37,
    0x03, 0x6d, 0xb6, 0xe0, 0xba, 0xbb, 0xbb, 0xba, 0xaa, 0xab, 0xbb, 0x8d, 0x54, 0x92, 0x9b, 0x6d,
    0xb6, 0xdb, 0x6d, 0xb6, 0xdb, 0x6d, 0xb6, 0xdb, 0x6d, 0xb6, 0xdb, 0x6e, 0x1c, 0x6e, 0xee, 0xee,
    0x37, 0x55, 0x55, 0x53, 0x9d, 0x55, 0x54, 0x28, 0x57, 0x24, 0x29, 0x77, 0x72, 0x36, 0xdb, 0x6d,
    0xb6, 0xdb, 0x82, 0xea, 0x30, 0xae, 0xee, 0xea, 0xaa, 0xaa, 0xaa, 0xae, 0xee, 0xa0, 0x94, 0xdb,
    0x6d, 0xb6, 0xdb, 0x6d, 0xb6, 0xdb, 0x6d, 0xb6, 0xdb, 0x6d, 0xb6, 0xdb, 0x6d, 0xc9, 0x77, 0x71,
    0xbb, 0xba, 0xaa, 0xaa, 0xa9, 0xd5, 0x55, 0x54, 0x63, 0x75, 0x70, 0x36, 0xdb, 0x6d, 0xb9, 0x21,
    0xc6, 0xee, 0x31, 0xbb, 0xb8, 0xc6, 0xea, 0xaa, 0xaa, 0xaa, 0xaa, 0xaa, 0xea, 0x09, 0x4d, 0xb6,
    0xdb, 0x6d, 0xb6, 0xdb, 0x6d, 0xb6, 0xdb, 0x6d, 0xb6, 0xdb, 0x6d, 0xb6, 0xdb, 0x72, 0x46, 0xee,
    0xee, 0xaa, 0xaa, 0xaa, 0xa7, 0x55, 0x55, 0x55, 0x55, 0x18, 0x70, 0x41, 0x0e, 0xae, 0x31, 0xb8,
    0xc6, 0x37, 0x77, 0x77, 0x55, 0x51, 0xb8, 0xd5, 0x55, 0x55, 0x55, 0x55, 0x54, 0x6a, 0x1c, 0xa6,
    0xdb, 0x6d, 0xb6, 0xdb, 0x6d, 0xb6, 0xdb, 0x6d, 0xb6, 0xdb, 0x6d, 0xb6, 0xdb, 0x6d, 0xb7, 0x57,
    0x77, 0x77, 0x55, 0x55, 0x55, 0x55, 0x55, 0x55, 0x57, 0x1b, 0xbb, 0xbb, 0xbb, 0xbb, 0xbb, 0xbb,
    0xaa, 0xaa, 0xaa, 0xaa, 0x8d, 0xc6, 0xaa, 0xaa, 0xaa, 0xaa, 0xaa, 0xae, 0xaa, 0x53, 0x6d, 0xb6,
    0xdb, 0x6d, 0xb6, 0xdb, 0x6d, 0xb6, 0xdb, 0x6d, 0xb6, 0xdb, 0x6d, 0xb6, 0xdb, 0xab, 0xbb, 0xbb,
    0xbb, 0xaa, 0xaa, 0xaa, 0xaa, 0xbb, 0xbb, 0xbb, 0xbb, 0xbb, 0xbb, 0xbb, 0xba, 0xaa, 0xaa, 0xaa,
    0xaa, 0xaa, 0x8d, 0xdd, 0x55, 0x55, 0x55, 0x55, 0x55, 0x5d, 0xd4, 0xa6, 0xdb, 0x6d, 0xb6, 0xdb,
    0x6d, 0xb6, 0xdb, 0x6d, 0xb6, 0xdb, 0x6d, 0xb6, 0xdb, 0x6d, 0xb7, 0x04, 0x6e, 0xee, 0xee, 0xee,
    0xee, 0xee, 0xee, 0xee, 0xee, 0x37, 0x77, 0x77, 0x77, 0x75, 0x55, 0x55, 0x55, 0x55, 0x55, 0x55,
    0x51, 0xbb, 0xaa, 0xaa, 0xaa, 0xaa, 0xaa, 0xaa, 0xbb, 0x94, 0xdb, 0x6d, 0xb6, 0xdb, 0x6d, 0xb6,
    0xdb, 0x6d, 0xb6, 0xdb, 0x6d, 0xb6, 0xdb, 0x6d, 0xb6, 0xe0, 0x8d, 0xdd, 0xdd, 0xdd, 0xdd, 0xdd,
    0xdd, 0xdd, 0xdc, 0x67, 0x04, 0x10, 0xea, 0x37, 0x55, 0x55, 0x55, 0x55, 0x55, 0x55, 0x55, 0x55,
    0x1b, 0xba, 0xaa, 0xaa, 0xaa, 0xaa, 0xaa, 0xa8, 0xdc, 0xa6, 0xdb, 0x6d, 0xb6, 0xdb, 0x6d, 0xb6,
    0xdb, 0x6d, 0xb6, 0xdb, 0x6d, 0xb6, 0xdb, 0x6d, 0xb9, 0x2e, 0xee, 0xee, 0xee, 0xee, 0xee, 0xee,
    0xee, 0xee, 0x06, 0xdb, 0x6d, 0xb7, 0x05, 0xd5, 0x55, 0x55, 0x55, 0x55, 0x55, 0x5d, 0xc6, 0xaa,
    0xaa, 0xaa, 0xa7, 0x39, 0xce, 0x75, 0x77, 0x29, 0xb6, 0xdb, 0x6d, 0xb6, 0xdb, 0x6d, 0xb6, 0xdb,
    0x6d, 0xb6, 0xdb, 0x6d, 0xb6, 0xdb, 0x72, 0x46, 0xee, 0x32, 0x39, 0x2a, 0x37, 0x77, 0x77, 0x71,
    0x91, 0xb6, 0xdb, 0x6d, 0xb6, 0xdc, 0x95, 0x75, 0x55, 0x55, 0x55, 0x55, 0x77, 0x1a, 0xaa, 0xaa,
    0xa9, 0xce, 0x73, 0x9c, 0xea, 0x37, 0x29, 0xb6, 0xdb, 0x6d, 0xb6, 0xdb, 0x6d, 0xb6, 0xdb, 0x6d,
    0xb6, 0xdb, 0x6d, 0xb6, 0xdb, 0x82, 0xee, 0xe4, 0x6d, 0xb6, 0xdb, 0xbb, 0xbb, 0x91, 0xb6, 0xdb,
    0x6d, 0xb6, 0xdb, 0x6d, 0xc3, 0xba, 0xaa, 0xaa, 0xaa, 0x8c, 0x6a, 0xaa, 0xa7, 0x39, 0xce, 0x73,
    0x9c, 0xe7, 0x51, 0xa9, 0x4d, 0xb6, 0xdb, 0x6d, 0xb6, 0xdb, 0x6d, 0xb6, 0xdb, 0x6d, 0xb6, 0xdb,
    0x6d, 0xb6, 0xe4, 0x8d, 0xc8, 0xdb, 0x6d, 0xb6, 0xdc, 0xe3, 0x73, 0x6d, 0xb6, 0xdb, 0x6d, 0xb6,
    0xdb, 0x6d, 0xb9, 0xdd, 0x55, 0x55, 0xdd, 0xd5, 0x54, 0xe7, 0x39, 0xce, 0x73, 0x9c, 0xe7, 0x77,
    0x39, 0x4d, 0xb6, 0xdb, 0x6d, 0xb6, 0xdb, 0x6d, 0xb6, 0xdb, 0x6d, 0xb6, 0xdb, 0x6d, 0xb7, 0x05,
    0xd4, 0x8d, 0xb6, 0xdb, 0x6d, 0xb9, 0x23, 0x19, 0x1b, 0x6d, 0xb6, 0xdb, 0x6d, 0xb6, 0xdb, 0x6d,
    0xc9, 0x75, 0x55, 0x75, 0x75, 0x53, 0x9c, 0xe7, 0x39, 0xce, 0x73, 0x9c, 0xee, 0xa1, 0xca, 0x6d,
    0xb6, 0xdb, 0x6d, 0xb6, 0xdb, 0x6d, 0xb6, 0xdb, 0x6d, 0xb6, 0xdb, 0x6d, 0xce, 0x30, 0x36, 0xdb,
    0x6d, 0xb6, 0xdb, 0x92, 0x34, 0xdb, 0x6d, 0xb6, 0xdb, 0x6d, 0xb6, 0xdb, 0x6d, 0xb7, 0x55, 0x75,
    0x75, 0x53, 0x9c, 0xe7, 0x39, 0xce, 0x73, 0x9c, 0xe7, 0x1a, 0x82, 0x53, 0x6d, 0xb6, 0xdb, 0x6d,
    0xb6, 0xdb, 0x6d, 0xb6, 0xdb, 0x6d, 0xb6, 0xdb, 0x70, 0xe3, 0x23, 0x6d, 0xb6, 0xdb, 0x6d, 0xb7,
    0x04, 0x61, 0xb6, 0xdb, 0x6d, 0xb6, 0xdb, 0x6d, 0xb6, 0xdb, 0x6d, 0xc9, 0x55, 0x55, 0x53, 0x9c,
    0xe7, 0x39, 0xce, 0x73, 0x9c, 0xe7, 0x57, 0x52, 0x4a, 0x6d, 0xb6, 0xdb, 0x6d, 0xb6, 0xdb, 0x6d,
    0xb6, 0xdb, 0x6d, 0xb6, 0xdb, 0x73, 0xa9, 0x1b, 0x6d, 0xb6, 0xdb, 0x6d, 0xb7, 0x0e, 0xe0, 0x6d,
    0xb6, 0xdb, 0x6d, 0xb6, 0xdb, 0x6d, 0xb6, 0xdb, 0x92, 0xa6, 0xdb, 0x6d, 0xc9, 0x55, 0x39, 0xce,
    0x73, 0x9d, 0xd4, 0xdc, 0xa6, 0xdb, 0x6d, 0xb6, 0xdb, 0x6d, 0xb6, 0xdb, 0x6d, 0xb6, 0xdb, 0x6d,
    0xba, 0xa6, 0xdb, 0x6d, 0xb6, 0xdb, 0x6d, 0xb7, 0x3a, 0x91, 0xb6, 0xdb, 0x6d, 0xb6, 0xdb, 0x6d,
    0xb6, 0xdb, 0x6d, 0xb6, 0xdb, 0x6d, 0xb6, 0xe0, 0xa9, 0xce, 0x75, 0x77, 0x23, 0x94, 0xdb, 0x6d,
    0xb6, 0xdb, 0x6d, 0xb6, 0xdb, 0x6d, 0xb6, 0xdb, 0x6d, 0xc9, 0x74, 0xdb, 0x6d, 0xb6, 0xdb, 0x6d,
    0xb6, 0xdd, 0x53, 0x6d, 0xb6, 0xdb, 0x6d, 0xb6, 0xdb, 0x6d, 0xb6, 0xdb, 0x6d, 0xb6, 0xdb, 0x6d,
    0xb6, 0xe1, 0xce, 0xae, 0xe1, 0xb7, 0x29, 0xb6, 0xdb, 0x6d, 0xb6, 0xdb, 0x6d, 0xb6, 0xdb, 0x6d,
    0xb6, 0xdc, 0x17, 0x03, 0x6d, 0xb6, 0xdb, 0x6d, 0xb6, 0xdb, 0x72, 0x54, 0xdb, 0x6d, 0xb6, 0xdb,
    0x6d, 0xb6, 0xdb, 0x6d, 0xb6, 0xdb, 0x6d, 0xb6, 0xdb, 0x6d, 0xb6, 0xe7, 0x57, 0x52, 0x37, 0x29,
    0xb6, 0xdb, 0x6d, 0xb6, 0xdb, 0x6d, 0xb6, 0xdb, 0x6d, 0xb6, 0xe1, 0xc6, 0x46, 0xdb, 0x6d, 0xb6,
    0xdb, 0x6d, 0xb6, 0xdc, 0x17, 0x03, 0x6d, 0xb6, 0xdb, 0x6d, 0xb6, 0xdb, 0x6d, 0xb6, 0xdb, 0x6d,
    0xb6, 0xdb, 0x6d, 0xb6, 0xdb, 0xbb, 0x91, 0xb7, 0x29, 0xb6, 0xdb, 0x6d, 0xb6, 0xdb, 0x6d, 0xb6,
    0xdb, 0x6d, 0xb9, 0x2a, 0xe4, 0x6d, 0xb6, 0xdb, 0x6d, 0xb6, 0xdb, 0x6d, 0xb8, 0x2d, 0xb6, 0xdb,
    0x6d, 0xb6, 0xdb, 0x6d, 0xb6, 0xdb, 0x6d, 0xb6, 0xdb, 0x6d, 0xb6, 0xdb, 0x6d, 0xc1, 0x50, 0x36,
    0xdc, 0xa6, 0xdb, 0x6d, 0xb6, 0xdb, 0x6d, 0xb6, 0xdb, 0x6d, 0xb6, 0xee, 0x6d, 0xb6, 0xdb, 0x6d,
    0xb6, 0xdb, 0x6d, 0xb6, 0xdc, 0x3a, 0x6d, 0xb6, 0xdb, 0x6d, 0xb6, 0xdb, 0x6d, 0xb6, 0xdb, 0x6d,
    0xb6, 0xdb, 0x6d, 0xb6, 0xdb, 0x6d, 0xb6, 0xdb, 0x94, 0xdb, 0x6d, 0xb6, 0xdb, 0x6d, 0xb6, 0xdb,
    0x6d, 0xb7, 0x25, 0x43, 0x6d, 0xb6, 0xdb, 0x6d, 0xb6, 0xdb, 0x6d, 0xb6, 0xdd, 0x43, 0x6d, 0xb6,
    0xdb, 0x6d, 0xb6, 0xdb, 0x6d, 0xb6, 0xdb, 0x6d, 0xb6, 0xdb, 0x6d, 0xb6, 0xdb, 0x6d, 0xb6, 0xdb,
    0x94, 0xdb, 0x6d, 0xb6, 0xdb, 0x6d, 0xb6, 0xdb, 0x6d, 0xb8, 0x2e, 0x06, 0xdb, 0x6d, 0xb6, 0xdb,
    0x6d, 0xb6, 0xdb, 0x6d, 0xbb, 0x81, 0xb6, 0xdb, 0x6d, 0xb6, 0xdb, 0x6d, 0xb6, 0xdb, 0x6d, 0xb6,
    0xdb, 0x6d, 0xb6, 0xdb, 0x6d, 0xb6, 0xdb, 0x6e, 0x53, 0x6d, 0xb6, 0xdb, 0x6d, 0xb6, 0xdb, 0x6d,
    0xb6, 0xdb, 0x6d, 0xb6, 0xdb, 0x6d, 0xb6, 0xdb, 0x6d, 0xb6, 0xdb, 0x82, 0xe0, 0x6d, 0xb6, 0xdb,
    0x6d, 0xb6, 0xdb, 0x6d, 0xb6, 0xdb, 0x6d, 0xb6, 0xdb, 0x6d, 0xb6, 0xdb, 0x6d, 0xb6, 0xdb, 0x94,
    0xdb, 0x6d, 0xb6, 0xdb, 0x6d, 0xb6, 0xdb, 0x6d, 0xb6, 0xdb, 0x6d, 0xb6, 0xdb, 0x6d, 0xb6, 0xdb,
    0x6d, 0xb6, 0xe1, 0xd4, 0x8d, 0xb6, 0xdb, 0x6d, 0xb6, 0xdb, 0x6d, 0xb6, 0xdb, 0x6d, 0xb6, 0xdb,
    0x6d, 0xb6, 0xdb, 0x6d, 0xb6, 0xdb, 0x72, 0x9b, 0x6d, 0xb6, 0xdb, 0x6d, 0xb6, 0xdb, 0x6d, 0xb6,
    0xdb, 0x6d, 0xb6, 0xdb, 0x6d, 0xb6, 0xdb, 0x6d, 0xb6, 0xdc, 0xe6, 0xdb, 0x6d, 0xb6, 0xdb, 0x6d,
    0xb6, 0xdb, 0x6d, 0xb6, 0xdb, 0x6d, 0xb6, 0xdb, 0x6d, 0xb6, 0xdb, 0x6d, 0xb6, 0xe5, 0x36, 0xdb,
    0x6d, 0xb6, 0xdb, 0x6d, 0xb6, 0xdb, 0x6d, 0xb6, 0xdb, 0x6d, 0xb6, 0xdb, 0x6d, 0xb6, 0xdb, 0x6d,
    0xba, 0x86, 0xdb, 0x6d, 0xb6, 0xdb, 0x6d, 0xb6, 0xdb, 0x6d, 0xb6, 0xdb, 0x6d, 0xb6, 0xdb, 0x6d,
    0xb6, 0xdb, 0x6d, 0xb6, 0xe5, 0x36, 0xdb, 0x6d, 0xb6, 0xdb, 0x6d, 0xb6, 0xdb, 0x6d, 0xb6, 0xdb,
    0x6d, 0xb6, 0xdb, 0x6d, 0xb6, 0xdb, 0x6d, 0xc9, 0x50, 0x36, 0xdb, 0x6d, 0xb6, 0xdb, 0x6d, 0xb6,
    0xdb, 0x6d, 0xb6, 0xdb, 0x6d, 0xb6, 0xdb, 0x6d, 0xb6, 0xdb, 0x6d, 0xb9, 0x4d, 0xb6, 0xdb, 0x6d,
    0xb6, 0xdb, 0x6d, 0xb6, 0xdb, 0x6d, 0xb6, 0xdb, 0x6d, 0xb6, 0xdb, 0x6d, 0xb6, 0xdb, 0x72, 0x48,
    0xdb, 0x6d, 0xb6, 0xdb, 0x6d, 0xb6, 0xdb, 0x6d, 0xb6, 0xdb, 0x6d, 0xb6, 0xdb, 0x6d, 0xb6, 0xdb,
    0x6d, 0xb6, 0xdb, 0x6d, 0xb6, 0xdb, 0x6d, 0xb6, 0xdb, 0x6d, 0xb6, 0xdb, 0x6d, 0xb6, 0xdb, 0x6d,
    0xb6, 0xdb, 0x6e, 0x50
};

const HuffmanFrequency SPRITE_16_FREQS[] = {
    {0x0a, 49},
    {0x23, 158},
    {0x25, 30},
    {0x2a, 615},
    {0x2b, 457},
    {0x2d, 41},
    {0x2e, 72},
    {0x3a, 57},
    {0x3d, 177},
    {0x40, 55},
    {0xa0, 3201},
    {0xc2, 3201}
};
}

const HuffmanEncodedSprite SPRITE_16 = {
    SPRITE_16_BYTES,
    static_cast<int>(sizeof(SPRITE_16_BYTES) / sizeof(SPRITE_16_BYTES[0])),
    17565,
    8113,
    SPRITE_16_FREQS,
    static_cast<int>(sizeof(SPRITE_16_FREQS) / sizeof(SPRITE_16_FREQS[0]))
};

namespace
{
const unsigned char SPRITE_17_BYTES[] = {
    0x97, 0x6d, 0xb6, 0xdb, 0x6d, 0xb6, 0xdc, 0x97, 0x12, 0x36, 0xdb, 0x6d, 0xb6, 0xdb, 0x6d, 0xb6,
    0xdb, 0x6d, 0xb6, 0xdb, 0x6d, 0xb6, 0xdb, 0x6d, 0xb6, 0xdb, 0x6d, 0xb6, 0xdb, 0x6d, 0xb6, 0xdb,
    0x6d, 0xb6, 0xdb, 0x6d, 0xb6, 0xdb, 0x6d, 0xb9, 0x76, 0xdb, 0x6d, 0xb6, 0xdb, 0x6d, 0xca, 0xd4,
    0x5c, 0xa3, 0x6d, 0xb6, 0xdb, 0x6d, 0xb6, 0xdb, 0x6d, 0xb6, 0xdb, 0x6d, 0xc8, 0xdb, 0x6d, 0xb6,
    0xdb, 0x6d, 0xb6, 0xdb, 0x6d, 0xb6, 0xdb, 0x6d, 0xb6, 0xdb, 0x6d, 0xb6, 0xdb, 0x6d, 0xb6, 0xdb,
    0x97, 0x6d, 0xb6, 0xdb, 0x6d, 0xb6, 0xe4, 0xa8, 0x88, 0x8a, 0x94, 0x6d, 0xb6, 0xdb, 0x6d, 0xb6,
    0xdb, 0x6d, 0xb6, 0xdc, 0x92, 0xb7, 0x39, 0x1b, 0x6d, 0xb6, 0xdb, 0x6d, 0xb6, 0xdb, 0x6d, 0xb6,
    0xdb, 0x6d, 0xb6, 0xdb, 0x6d, 0xb6, 0xdb, 0x6d, 0xb6, 0xdb, 0x97, 0x6d, 0xb6, 0xdb, 0x6d, 0xb6,
    0xe5, 0x2a, 0x22, 0xa2, 0x2a, 0x24, 0x6d, 0xb6, 0xdb, 0x6d, 0xb6, 0xdb, 0x6e, 0x49, 0x5b, 0xbb,
    0xba, 0x91, 0xb6, 0xdb, 0x6d, 0xb6, 0xdb, 0x6d, 0xb6, 0xdb, 0x6d, 0xb6, 0xdb, 0x6d, 0xb6, 0xdb,
    0x6d, 0xb6, 0xdb, 0x6d, 0xb9, 0x76, 0xdb, 0x6d, 0xb6, 0xdb, 0x72, 0x54, 0x44, 0x45, 0xc4, 0x55,
    0x48, 0xdb, 0x6d, 0xb6, 0xdb, 0x6d, 0xb9, 0x2a, 0x77, 0x73, 0xbb, 0x95, 0x91, 0xb6, 0xdb, 0x6d,
    0xb6, 0xdb, 0x6d, 0xb6, 0xdb, 0x6d, 0xb6, 0xdb, 0x6d, 0xb6, 0xdb, 0x6d, 0xb6, 0xdb, 0x6d, 0xb9,
    0x76, 0xdb, 0x6d, 0xb6, 0xdb, 0x72, 0x91, 0x11, 0x11, 0x17, 0x11, 0x17, 0x4d, 0xb6, 0xdb, 0x6d,
    0xb9, 0x22, 0xee, 0xee, 0x77, 0x77, 0x39, 0x56, 0xdb, 0x6d, 0xb6, 0xdb, 0x6d, 0xb6, 0xdb, 0x6d,
    0xb6, 0xdb, 0x6d, 0xb6, 0xdb, 0x6d, 0xb6, 0xdb, 0x6d, 0xb6, 0xdc, 0xbb, 0x6d, 0xb6, 0xdb, 0x6d,
    0xb8, 0xa8, 0x88, 0x88, 0xaa, 0x88, 0x8a, 0xb9, 0x1b, 0x6d, 0xb7, 0x24, 0xac, 0xee, 0xee, 0xe7,
    0x77, 0x77, 0x39, 0x56, 0xdb, 0x6d, 0xb9, 0x24, 0x92, 0x49, 0x25, 0x6a, 0xe7, 0x77, 0x51, 0x11,
    0x11, 0x11, 0x11, 0x52, 0xad, 0xb6, 0xdb, 0x6d, 0xb6, 0xdb, 0x6d, 0xb7, 0x2e, 0xdb, 0x6d, 0xb6,
    0xdb, 0x72, 0x55, 0x44, 0x44, 0x44, 0x54, 0x44, 0x45, 0x5c, 0xa3, 0x6d, 0xc9, 0x53, 0x9c, 0xe7,
    0x73, 0x9d, 0xdd, 0xdd, 0xd4, 0x8d, 0xb9, 0x25, 0x22, 0x2a, 0xa2, 0x22, 0x22, 0x22, 0x22, 0x22,
    0x2a, 0xaa, 0xa2, 0x22, 0xae, 0x72, 0xad, 0xb6, 0xdb, 0x6d, 0xb6, 0xdb, 0x6d, 0xb9, 0x76, 0xdb,
    0x6d, 0xb6, 0xdb, 0x94, 0xaa, 0x88, 0x88, 0x88, 0xaa, 0x88, 0xaa, 0xa9, 0xc8, 0xe4, 0x89, 0xce,
    0x73, 0x9c, 0xe5, 0xa7, 0x39, 0xce, 0x73, 0x9c, 0x49, 0x13, 0xba, 0x88, 0x88, 0x88, 0x88, 0x88,
    0x88, 0x8a, 0xba, 0x88, 0x88, 0x88, 0x8a, 0x9d, 0xdd, 0xc8, 0xdb, 0x6d, 0xb6, 0xdb, 0x6d, 0xb6,
    0xdc, 0xbb, 0x6d, 0xb6, 0xdb, 0x6d, 0xca, 0xd5, 0x55, 0x55, 0x54, 0x45, 0x55, 0x55, 0x55, 0x5c,
    0xac, 0xe7, 0x39, 0xce, 0x73, 0x9c, 0xe7, 0x39, 0xce, 0x73, 0x9d, 0xd5, 0x55, 0x44, 0x44, 0x44,
    0x44, 0x45, 0x55, 0xc4, 0x44, 0x44, 0x44, 0x44, 0x45, 0x4e, 0xee, 0xe7, 0x23, 0x6d, 0xb6, 0xdb,
    0x6d, 0xb6, 0xdb, 0x72, 0xed, 0xb6, 0xdb, 0x6d, 0xb7, 0x17, 0x55, 0x55, 0x55, 0x51, 0x55, 0x55,
    0x55, 0x55, 0x2d, 0x39, 0xce, 0x73, 0x9c, 0xe7, 0x39, 0xcb, 0x4e, 0xee, 0xaa, 0xaa, 0xaa, 0xaa,
    0xa2, 0x22, 0xae, 0xaa, 0x22, 0x22, 0x22, 0x22, 0x22, 0x22, 0x2e, 0xee, 0xee, 0xee, 0x51, 0xb6,
    0xdb, 0x6d, 0xb6, 0xdb, 0x6d, 0xb9, 0x76, 0xdb, 0x6d, 0xb6, 0xdc, 0x91, 0x75, 0x55, 0x55, 0x55,
    0x55, 0x75, 0x55, 0x55, 0x57, 0x2d, 0x39, 0xce, 0x72, 0xd3, 0x9c, 0xb5, 0xd5, 0x55, 0x55, 0x55,
    0x55, 0x54, 0x44, 0x44, 0x44, 0x44, 0x44, 0x44, 0x44, 0x44, 0x44, 0x45, 0x4e, 0x51, 0xca, 0x4e,
    0xee, 0xe1, 0xb6, 0xdb, 0x6d, 0xb6, 0xdb, 0x6d, 0xb9, 0x76, 0xdb, 0x6d, 0xb6, 0xdb, 0x95, 0xaa,
    0xaa, 0xaa, 0xaa, 0xaa, 0xa9, 0xd5, 0x55, 0x55, 0xce, 0x73, 0x9c, 0xb4, 0xee, 0xea, 0xaa, 0xaa,
    0xaa, 0xaa, 0xaa, 0xaa, 0xa2, 0x22, 0x22, 0x22, 0x22, 0x22, 0x22, 0x22, 0x22, 0xae, 0xa5, 0x1b,
    0x72, 0x45, 0xdd, 0x36, 0xdb, 0x6d, 0xb6, 0xdb, 0x6d, 0xb7, 0x2e, 0xdb, 0x6d, 0xb6, 0xdb, 0x72,
    0x55, 0xd5, 0x55, 0x55, 0x55, 0x55, 0xdd, 0x55, 0x55, 0x5c, 0xe7, 0x2d, 0x3b, 0xaa, 0xaa, 0xaa,
    0xaa, 0xaa, 0xab, 0xba, 0x88, 0xaa, 0x88, 0x88, 0xaa, 0xaa, 0xaa, 0xaa, 0xaa, 0xab, 0x96, 0xba,
    0xa8, 0x94, 0x92, 0x49, 0x2a, 0xe4, 0x6d, 0xb6, 0xdb, 0x6d, 0xb6, 0xdb, 0x72, 0xed, 0xb6, 0xdb,
    0x6d, 0xb6, 0xe2, 0xea, 0xaa, 0xaa, 0xaa, 0xaa, 0xa7, 0x75, 0x55, 0x57, 0x2d, 0x3b, 0xaa, 0xaa,
    0xaa, 0xaa, 0xaa, 0xbb, 0xba, 0xaa, 0xaa, 0xaa, 0xaa, 0xaa, 0xaa, 0xaa, 0xaa, 0xaa, 0xab, 0x96,
    0x9c, 0xe7, 0x39, 0xce, 0x73, 0x9c, 0xe7, 0x3b, 0x89, 0x59, 0x49, 0x24, 0x6d, 0xb6, 0xdb, 0x6d,
    0xb9, 0x76, 0xdb, 0x6d, 0xb6, 0xdb, 0x72, 0x5d, 0x55, 0x55, 0x55, 0x55, 0x55, 0xce, 0xaa, 0xee,
    0xe7, 0x55, 0x55, 0x55, 0x55, 0x57, 0x3b, 0xaa, 0xaa, 0xaa, 0xaa, 0xaa, 0xaa, 0xaa, 0xaa, 0xaa,
    0xaa, 0xab, 0x9c, 0xe7, 0x39, 0xce, 0x73, 0x9c, 0xe7, 0x39, 0xce, 0xee, 0xee, 0xee, 0xee, 0xa5,
    0x64, 0x6d, 0xb6, 0xdb, 0x97, 0x6d, 0xb6, 0xdb, 0x6d, 0xb6, 0xdd, 0x5d, 0x55, 0xdd, 0xdd, 0x55,
    0x5d, 0xdd, 0xdc, 0xea, 0xaa, 0xaa, 0xae, 0xee, 0x77, 0x55, 0x55, 0x55, 0x55, 0x55, 0x55, 0x55,
    0x55, 0x55, 0x55, 0x57, 0x2d, 0x39, 0x69, 0x69, 0x69, 0x69, 0xce, 0x73, 0x9c, 0xe7, 0x39, 0xce,
    0xee, 0xee, 0xee, 0xee, 0xee, 0xe7, 0x39, 0x46, 0xdb, 0x72, 0xed, 0xb6, 0xdb, 0x6d, 0xb6, 0xdb,
    0x92, 0x56, 0xee, 0xee, 0xee, 0xee, 0xee, 0x77, 0x73, 0xbb, 0xbb, 0xbb, 0xbb, 0xbb, 0xbb, 0xaa,
    0xaa, 0xaa, 0xaa, 0xaa, 0xaa, 0xaa, 0xaa, 0xaa, 0xb9, 0xce, 0x73, 0x9c, 0xe7, 0x39, 0xce, 0x73,
    0x9c, 0xe7, 0x39, 0xce, 0x73, 0x9d, 0xdd, 0xdd, 0xdd, 0xc4, 0x4a, 0x48, 0xdb, 0x6d, 0xcb, 0xb6,
    0xdb, 0x6d, 0xb6, 0xdb, 0x6d, 0xb9, 0x2a, 0xee, 0xee, 0xee, 0xee, 0xee, 0xe5, 0xae, 0xee, 0xee,
    0xe7, 0x77, 0x77, 0x77, 0x55, 0x55, 0x55, 0x55, 0x55, 0x55, 0x55, 0x72, 0xd2, 0xd3, 0xbb, 0xbb,
    0x9c, 0xe5, 0xa5, 0xa5, 0xa5, 0xa5, 0xa5, 0xa7, 0x39, 0xce, 0x73, 0x9c, 0xe7, 0x39, 0xc4, 0x92,
    0x48, 0xdb, 0x6d, 0xb6, 0xdb, 0x97, 0x6d, 0xb6, 0xdb, 0x6d, 0xb6, 0xdb, 0x6d, 0xc9, 0x57, 0x77,
    0x77, 0x73, 0xb9, 0xdd, 0xdd, 0xdc, 0xe7, 0x77, 0x77, 0x77, 0x55, 0x55, 0x55, 0x55, 0x55, 0x57,
    0x73, 0xba, 0xaa, 0xaa, 0xaa, 0xaa, 0xaa, 0xaa, 0xaa, 0xaa, 0xaa, 0x88, 0xa9, 0xce, 0xa5, 0x65,
    0x24, 0x91, 0xb6, 0xdb, 0x6d, 0xb6, 0xdc, 0xbb, 0x6d, 0xb6, 0xdb, 0x6d, 0xb6, 0xdb, 0x6d, 0xb7,
    0x29, 0x2b, 0x2d, 0x3b, 0xbb, 0x9d, 0xdd, 0xce, 0x77, 0x77, 0x77, 0x77, 0x77, 0x55, 0x55, 0x55,
    0x73, 0xbb, 0xaa, 0xaa, 0xaa, 0xaa, 0xaa, 0xaa, 0xaa, 0xaa, 0xaa, 0x88, 0x88, 0x88, 0x88, 0x88,
    0x88, 0x88, 0xaa, 0xa9, 0x49, 0x1b, 0x6d, 0xb6, 0xdc, 0xbb, 0x6d, 0xb6, 0xdb, 0x6d, 0xb6, 0xdc,
    0x92, 0x4a, 0xce, 0xa2, 0x22, 0x22, 0x22, 0x22, 0xae, 0xee, 0xee, 0xee, 0xee, 0xee, 0xee, 0xee,
    0x5a, 0x77, 0x77, 0x77, 0x77, 0x77, 0x77, 0x77, 0x77, 0x77, 0x77, 0x75, 0x55, 0x11, 0x11, 0x11,
    0x11, 0x11, 0x11, 0x11, 0x11, 0x11, 0x11, 0x57, 0x2b, 0x23, 0x6d, 0xb9, 0x76, 0xdb, 0x6d, 0xb6,
    0xdb, 0x92, 0x56, 0x27, 0x51, 0x12, 0xb2, 0xb2, 0xb2, 0xb1, 0x11, 0x11, 0x11, 0x11, 0x11, 0x15,
    0x57, 0x39, 0xce, 0xee, 0xe7, 0x39, 0xdd, 0xce, 0x73, 0x9d, 0xdd, 0x55, 0x55, 0x55, 0x55, 0x54,
    0x44, 0x44, 0x44, 0x44, 0x44, 0x44, 0x44, 0x44, 0x44, 0x44, 0x44, 0x44, 0x45, 0x44, 0x4a, 0x36,
    0xdb, 0x97, 0x6d, 0xb6, 0xdb, 0x6e, 0x4a, 0xbb, 0xba, 0x88, 0x88, 0x88, 0x88, 0x88, 0x88, 0x88,
    0x88, 0x88, 0x88, 0x88, 0xab, 0xbb, 0xbb, 0xbb, 0xbb, 0xbb, 0xbb, 0xbb, 0xbb, 0xaa, 0xaa, 0xaa,
    0xaa, 0xaa, 0xaa, 0xaa, 0xaa, 0x88, 0x88, 0x88, 0x88, 0x88, 0x88, 0x88, 0x88, 0xba, 0x92, 0x46,
    0xdb, 0x6d, 0xb9, 0x76, 0xdb, 0x6d, 0xb9, 0x2e, 0xee, 0xee, 0xea, 0x22, 0x22, 0x22, 0x22, 0x22,
    0x22, 0x22, 0x22, 0x22, 0x22, 0x22, 0x2a, 0xae, 0xee, 0xee, 0xee, 0xee, 0xee, 0xea, 0xaa, 0xaa,
    0xaa, 0xaa, 0xaa, 0xaa, 0xaa, 0xaa, 0xa2, 0x22, 0x22, 0x22, 0x22, 0x22, 0x22, 0x2a, 0xa5, 0x1b,
    0x6d, 0xb6, 0xdb, 0x6e, 0x5d, 0xb6, 0xdb, 0x92, 0x56, 0xee, 0xee, 0xee, 0xea, 0xae, 0xe2, 0x22,
    0x22, 0x22, 0x22, 0x22, 0x22, 0x22, 0x22, 0x22, 0xaa, 0xee, 0xee, 0x77, 0x77, 0x77, 0x77, 0x75,
    0x55, 0x55, 0x55, 0x55, 0x55, 0x55, 0x55, 0x55, 0x55, 0x55, 0x55, 0x55, 0x55, 0x55, 0x75, 0x2b,
    0x23, 0x6d, 0xb6, 0xdb, 0x6d, 0xb7, 0x2e, 0xdb, 0x6e, 0x48, 0x9d, 0xdd, 0xdd, 0xdd, 0xdc, 0xe5,
    0xaa, 0x22, 0x22, 0x22, 0x22, 0x22, 0x22, 0x22, 0x22, 0x2a, 0xae, 0xee, 0xee, 0xee, 0xee, 0x72,
    0xd7, 0x77, 0x55, 0x55, 0x55, 0x55, 0x55, 0x55, 0x55, 0x55, 0x55, 0x55, 0x55, 0x55, 0x55, 0x55,
    0x3a, 0x91, 0xb6, 0xdb, 0x6d, 0xb6, 0xdb, 0x6d, 0xcb, 0xb6, 0xdb, 0x94, 0x9d, 0xdd, 0xdd, 0xdd,
    0xdd, 0xdd, 0xdd, 0xdd, 0x55, 0x55, 0x55, 0x55, 0x55, 0x5d, 0x4e, 0xee, 0xee, 0xee, 0xee, 0xee,
    0xee, 0xe7, 0x2b, 0x24, 0xac, 0x54, 0xee, 0xaa, 0xaa, 0xaa, 0xaa, 0xaa, 0xaa, 0xaa, 0xaa, 0xaa,
    0xaa, 0xea, 0x24, 0x6d, 0xb6, 0xdb, 0x6d, 0xb6, 0xdb, 0x6d, 0xb9, 0x76, 0xdb, 0x75, 0x77, 0x77,
    0x77, 0x77, 0x77, 0x77, 0x77, 0x3b, 0xbb, 0xbb, 0x9d, 0xdd, 0xdd, 0xce, 0x5a, 0xee, 0xee, 0xee,
    0xee, 0xee, 0xee, 0xee, 0xee, 0x51, 0xb6, 0xe4, 0x92, 0x52, 0x52, 0xa5, 0xa5, 0xa7, 0x77, 0x55,
    0x55, 0x57, 0x39, 0x6a, 0x94, 0x92, 0x46, 0xdb, 0x6d, 0xb6, 0xdb, 0x6d, 0xb6, 0xdb, 0x6d, 0xcb,
    0xb6, 0xdc, 0x93, 0xbb, 0xbb, 0xbb, 0xbb, 0xbb, 0xbb, 0xbb, 0x9d, 0xdd, 0xdd, 0xce, 0xee, 0xee,
    0xee, 0xee, 0xee, 0xee, 0xee, 0xee, 0xee, 0xee, 0xee, 0xe5, 0x9b, 0x6d, 0xb6, 0xdb, 0x6d, 0xb6,
    0xdb, 0x6d, 0xb6, 0xdb, 0x6d, 0xb6, 0xdb, 0x6d, 0xb6, 0xdb, 0x6d, 0xb6, 0xdc, 0xbb, 0x6d, 0xc9,
    0x3b, 0xba, 0xab, 0xbb, 0xbb, 0xbb, 0xbb, 0xb9, 0xc4, 0x44, 0x4e, 0xee, 0xee, 0xee, 0xee, 0xee,
    0xee, 0xee, 0xee, 0xee, 0xee, 0xee, 0xee, 0xe4, 0x6d, 0xb6, 0xdb, 0x6d, 0xb6, 0xdb, 0x6d, 0xb6,
    0xdb, 0x6d, 0xb6, 0xdb, 0x6d, 0xb6, 0xdb, 0x6d, 0xb6, 0xdb, 0x97, 0x6d, 0xb7, 0x77, 0x55, 0x55,
    0x57, 0x77, 0x77, 0x77, 0x73, 0x89, 0x58, 0x9d, 0xdd, 0xdd, 0xdd, 0xdd, 0xdd, 0xdd, 0xdd, 0xdd,
    0xdd, 0xdd, 0xdd, 0xdd, 0xdd, 0x36, 0xdb, 0x6d, 0xb6, 0xdb, 0x6d, 0xb6, 0xdb, 0x6d, 0xb6, 0xdb,
    0x6d, 0xb6, 0xdb, 0x6d, 0xb6, 0xdb, 0x6d, 0xcb, 0xb6, 0xdb, 0x92, 0xea, 0xaa, 0xaa, 0xaa, 0xee,
    0xee, 0xee, 0xe7, 0x3b, 0xbb, 0xbb, 0xbb, 0xbb, 0xbb, 0xbb, 0xbb, 0xbb, 0xbb, 0xbb, 0xbb, 0xbb,
    0xbb, 0xb8, 0x6d, 0xb6, 0xdb, 0x6d, 0xb6, 0xdb, 0x6d, 0xb6, 0xdb, 0x6d, 0xb6, 0xdb, 0x6d, 0xb6,
    0xdb, 0x6d, 0xb6, 0xdb, 0x97, 0x6d, 0xb6, 0xe5, 0x2e, 0xaa, 0xaa, 0xaa, 0xae, 0xee, 0xee, 0xee,
    0xee, 0xee, 0xee, 0xee, 0xee, 0xee, 0xee, 0xee, 0xee, 0xee, 0xee, 0xee, 0xee, 0xee, 0x72, 0x36,
    0xdb, 0x6d, 0xb6, 0xdb, 0x6d, 0xb6, 0xdb, 0x6d, 0xb6, 0xdb, 0x6d, 0xb6, 0xdb, 0x6d, 0xb6, 0xdb,
    0x6d, 0xcb, 0xb6, 0xdb, 0x6e, 0x52, 0xea, 0xaa, 0xaa, 0xaa, 0xae, 0xee, 0xee, 0xee, 0xee, 0xee,
    0xee, 0xee, 0xee, 0xee, 0xee, 0xee, 0xee, 0xee, 0xee, 0xee, 0xee, 0x59, 0xb6, 0xdb, 0x6d, 0xb6,
    0xdb, 0x6d, 0xb6, 0xdb, 0x6d, 0xb6, 0xdb, 0x6d, 0xb6, 0xdb, 0x6d, 0xb6, 0xdb, 0x6d, 0xcb, 0xb6,
    0xdb, 0x6d, 0xc9, 0x53, 0xaa, 0xaa, 0xbb, 0xbb, 0xbb, 0xbb, 0xbb, 0xbb, 0xbb, 0xbb, 0xbb, 0xbb,
    0xbb, 0xbb, 0xbb, 0xbb, 0xbb, 0xbb, 0xbb, 0x9c, 0x8d, 0xb6, 0xdb, 0x6d, 0xb6, 0xdb, 0x6d, 0xb6,
    0xdb, 0x6d, 0xb6, 0xdb, 0x6d, 0xb6, 0xdb, 0x6d, 0xb6, 0xdb, 0x6e, 0x5d, 0xb6, 0xdb, 0x6d, 0xb9,
    0x2a, 0x77, 0x77, 0x77, 0x77, 0x77, 0x77, 0x77, 0x77, 0x77, 0x77, 0x77, 0x77, 0x77, 0x77, 0x77,
    0x77, 0x77, 0x77, 0x39, 0x1b, 0x6d, 0xb6, 0xdb, 0x6d, 0xb6, 0xdb, 0x6d, 0xb6, 0xdb, 0x6d, 0xb6,
    0xdb, 0x6d, 0xb6, 0xdb, 0x6d, 0xb6, 0xdb, 0x97, 0x6d, 0xb6, 0xdb, 0x6d, 0xb9, 0x22, 0x77, 0x77,
    0x77, 0x77, 0x77, 0x77, 0x77, 0x77, 0x77, 0x77, 0x77, 0x77, 0x77, 0x77, 0x77, 0x77, 0x77, 0x28,
    0xdb, 0x6d, 0xb6, 0xdb, 0x6d, 0xb6, 0xdb, 0x6d, 0xb6, 0xdb, 0x6d, 0xb6, 0xdb, 0x6d, 0xb6, 0xdb,
    0x6d, 0xb6, 0xdb, 0x97, 0x6d, 0xb6, 0xdb, 0x6d, 0xb6, 0xe4, 0xb9, 0x69, 0x69, 0xdd, 0xdd, 0xdd,
    0xdd, 0xdd, 0xdd, 0xdd, 0xdd, 0xdd, 0xdd, 0xdd, 0xdd, 0xdd, 0xce, 0x52, 0x46, 0xdb, 0x6d, 0xb6,
    0xdb, 0x6d, 0xb6, 0xdb, 0x6d, 0xb6, 0xdb, 0x6d, 0xb6, 0xdb, 0x6d, 0xb6, 0xdb, 0x6d, 0xb6, 0xdb,
    0x97, 0x6d, 0xb6, 0xdb, 0x6d, 0xb9, 0x2a, 0x73, 0x9c, 0xe7, 0x39, 0x69, 0x69, 0xdd, 0xdd, 0xdd,
    0xdd, 0xdd, 0xdd, 0xdd, 0xdd, 0xdd, 0xdd, 0xd4, 0x8d, 0xb6, 0xdb, 0x6d, 0xb6, 0xdb, 0x6d, 0xb6,
    0xdb, 0x6d, 0xb6, 0xdb, 0x6d, 0xb6, 0xdb, 0x6d, 0xb6, 0xdb, 0x6d, 0xb6, 0xdb, 0x97, 0x6d, 0xb6,
    0xdb, 0x6d, 0xc9, 0x73, 0x9c, 0xe7, 0x39, 0xce, 0x73, 0x9d, 0xc9, 0x29, 0x2b, 0x11, 0x52, 0xd2,
    0xd3, 0x9c, 0xe7, 0x39, 0xcb, 0x4a, 0xca, 0x48, 0xdb, 0x6d, 0xb6, 0xdb, 0x6d, 0xb6, 0xdb, 0x6d,
    0xb6, 0xdb, 0x6d, 0xb6, 0xdb, 0x6d, 0xb6, 0xdb, 0x6d, 0xb6, 0xdb, 0x6d, 0xb6, 0xdc, 0xbb, 0x6d,
    0xb6, 0xdb, 0x72, 0x5c, 0xe7, 0x39, 0xce, 0x73, 0x9c, 0xe7, 0x3b, 0x91, 0xb7, 0x25, 0xce, 0x73,
    0x9c, 0xe7, 0x39, 0xce, 0x6d, 0xb6, 0xdb, 0x6d, 0xb6, 0xdb, 0x6d, 0xb6, 0xdb, 0x6d, 0xb6, 0xdb,
    0x6d, 0xb6, 0xdb, 0x6d, 0xb6, 0xdb, 0x6d, 0xb6, 0xdb, 0x6d, 0xb7, 0x2e, 0xdb, 0x6d, 0xb6, 0xdc,
    0x4e, 0x73, 0x9c, 0xe7, 0x39, 0xce, 0x73, 0x9c, 0x48, 0xdc, 0x95, 0x39, 0xce, 0x73, 0x9c, 0xe7,
    0x39, 0xce, 0x55, 0xb6, 0xdb, 0x6d, 0xb6, 0xdb, 0x6d, 0xb6, 0xdb, 0x6d, 0xb6, 0xdb, 0x6d, 0xb6,
    0xdb, 0x6d, 0xb6, 0xdb, 0x6d, 0xb6, 0xdb, 0x6d, 0xb7, 0x2e, 0xdb, 0x6d, 0xb6, 0xdc, 0xe7, 0x39,
    0xce, 0x73, 0x9c, 0xe7, 0x39, 0xce, 0x51, 0xb7, 0x13, 0x9c, 0xe7, 0x39, 0xce, 0x73, 0x9c, 0xe7,
    0x6d, 0xb6, 0xdb, 0x6d, 0xb6, 0xdb, 0x6d, 0xb6, 0xdb, 0x6d, 0xb6, 0xdb, 0x6d, 0xb6, 0xdb, 0x6d,
    0xb6, 0xdb, 0x6d, 0xb6, 0xdb, 0x6d, 0xb9, 0x76, 0xdb, 0x6d, 0xb6, 0xee, 0x77, 0x77, 0x39, 0xce,
    0x73, 0x9c, 0xe5, 0x5b, 0x72, 0x54, 0xe7, 0x39, 0xce, 0x73, 0x9c, 0xe7, 0x39, 0xc3, 0x6d, 0xb6,
    0xdb, 0x6d, 0xb6, 0xdb, 0x6d, 0xb6, 0xdb, 0x6d, 0xb6, 0xdb, 0x6d, 0xb6, 0xdb, 0x6d, 0xb6, 0xdb,
    0x6d, 0xb6, 0xdb, 0x6e, 0x5d, 0xb6, 0xdb, 0x6d, 0xb9, 0x5b, 0xaa, 0xaa, 0xbb, 0x9c, 0xee, 0x46,
    0xdb, 0x92, 0xa7, 0x39, 0xce, 0x73, 0x9c, 0xe7, 0x39, 0xcb, 0x48, 0xdb, 0x6d, 0xb6, 0xdb, 0x6d,
    0xb6, 0xdb, 0x6d, 0xb6, 0xdb, 0x6d, 0xb6, 0xdb, 0x6d, 0xb6, 0xdb, 0x6d, 0xb6, 0xdb, 0x6d, 0xb6,
    0xdb, 0x97, 0x6d, 0xb6, 0xdb, 0x6e, 0x49, 0x5b, 0xaa, 0xaa, 0xba, 0x91, 0xb6, 0xdb, 0x92, 0xa7,
    0x39, 0xce, 0x73, 0x9c, 0xe7, 0x39, 0xd3, 0x6d, 0xb6, 0xdb, 0x6d, 0xb6, 0xdb, 0x6d, 0xb6, 0xdb,
    0x6d, 0xb6, 0xdb, 0x6d, 0xb6, 0xdb, 0x6d, 0xb6, 0xdb, 0x6d, 0xb6, 0xdb, 0x6d, 0xcb, 0xb6, 0xdb,
    0x6d, 0xb6, 0xdc, 0x92, 0x4a, 0x4a, 0xca, 0x48, 0xdb, 0x6d, 0xb7, 0x24, 0x4e, 0xee, 0xee, 0xee,
    0xe7, 0x3b, 0x91, 0xb6, 0xdb, 0x6d, 0xb6, 0xdb, 0x6d, 0xb6, 0xdb, 0x6d, 0xb6, 0xdb, 0x6d, 0xb6,
    0xdb, 0x6d, 0xb6, 0xdb, 0x6d, 0xb6, 0xdb, 0x6d, 0xb6, 0xe5, 0xdb, 0x6d, 0xb6, 0xdb, 0x6d, 0xb6,
    0xdb, 0x6d, 0xb6, 0xdb, 0x72, 0x45, 0xd5, 0x55, 0x55, 0x5d, 0x48, 0xdb, 0x6d, 0xb6, 0xdb, 0x6d,
    0xb6, 0xdb, 0x6d, 0xb6, 0xdb, 0x6d, 0xb6, 0xdb, 0x6d, 0xb6, 0xdb, 0x6d, 0xb6, 0xdb, 0x6d, 0xb6,
    0xdb, 0x6e, 0x5d, 0xb6, 0xdb, 0x6d, 0xb6, 0xdb, 0x6d, 0xb6, 0xdb, 0x6d, 0xb6, 0xdc, 0x95, 0x55,
    0x55, 0x52, 0x8d, 0xb6, 0xdb, 0x6d, 0xb6, 0xdb, 0x6d, 0xb6, 0xdb, 0x6d, 0xb6, 0xdb, 0x6d, 0xb6,
    0xdb, 0x6d, 0xb6, 0xdb, 0x6d, 0xb6, 0xdb, 0x6d, 0xb6, 0xdb, 0x97
};

const HuffmanFrequency SPRITE_17_FREQS[] = {
    {0x0a, 51},
    {0x23, 358},
    {0x25, 43},
    {0x2a, 830},
    {0x2b, 644},
    {0x2d, 37},
    {0x2e, 106},
    {0x3a, 35},
    {0x3d, 413},
    {0xa0, 2534},
    {0xc2, 2534}
};
}

const HuffmanEncodedSprite SPRITE_17 = {
    SPRITE_17_BYTES,
    static_cast<int>(sizeof(SPRITE_17_BYTES) / sizeof(SPRITE_17_BYTES[0])),
    18904,
    7585,
    SPRITE_17_FREQS,
    static_cast<int>(sizeof(SPRITE_17_FREQS) / sizeof(SPRITE_17_FREQS[0]))
};

namespace
{
const unsigned char SPRITE_18_BYTES[] = {
    0xee, 0xee, 0xee, 0x53, 0xdd, 0xdd, 0xdd, 0xdd, 0xdd, 0xdd, 0xdd, 0xdd, 0xdd, 0xdd, 0xdd, 0xdd,
    0xdd, 0xdd, 0xdd, 0xdd, 0xdd, 0xdd, 0xdd, 0xdd, 0xdd, 0xdd, 0xdd, 0xdd, 0xdd, 0xdd, 0xdd, 0xdd,
    0xdd, 0xdd, 0xdd, 0xdd, 0xcb, 0xae, 0xb2, 0xac, 0x84, 0x04, 0xb6, 0xaa, 0xcb, 0xaf, 0xdd, 0xdd,
    0xdd, 0xdd, 0xdd, 0xdd, 0xdd, 0xdd, 0xdc, 0xa7, 0xbb, 0xbb, 0xbb, 0xbb, 0xbb, 0xbb, 0xbb, 0xbb,
    0xbb, 0xbb, 0xbb, 0xbb, 0xbb, 0xbb, 0xbb, 0xbb, 0xbb, 0xbb, 0xbb, 0xbb, 0xbb, 0xbb, 0xbb, 0xbb,
    0xbb, 0xbb, 0xbb, 0xbb, 0xbb, 0x97, 0x59, 0x80, 0xdb, 0x6d, 0xb5, 0x96, 0x6d, 0xb6, 0xc9, 0x24,
    0x20, 0x55, 0x7e, 0xee, 0xee, 0xee, 0xee, 0xee, 0xe5, 0x3d, 0xdd, 0xdd, 0xdd, 0xdd, 0xdd, 0xdd,
    0xdd, 0xdd, 0xdd, 0xdd, 0xdd, 0xdd, 0xdd, 0xdd, 0xdd, 0xdd, 0xdd, 0xdd, 0xdd, 0xdd, 0xdd, 0xdd,
    0xdd, 0xdd, 0xdd, 0xdc, 0xba, 0xca, 0x92, 0xda, 0xaa, 0xac, 0xba, 0xeb, 0x2c, 0xdb, 0x6d, 0xb6,
    0xaa, 0xcb, 0x2a, 0xc9, 0x24, 0x92, 0x41, 0x59, 0x7e, 0xee, 0xee, 0xee, 0xe5, 0x3d, 0xdd, 0xdd,
    0xdd, 0xdd, 0xdd, 0xdd, 0xdd, 0xdd, 0xdd, 0xdd, 0xdd, 0xdd, 0xdd, 0xdd, 0xdd, 0xdd, 0xdd, 0xdd,
    0xdd, 0xdd, 0xdd, 0xdd, 0xdd, 0xdd, 0xcb, 0xaa, 0x43, 0x6d, 0xb6, 0xaa, 0xaa, 0xaa, 0xdb, 0x6d,
    0xb6, 0xdb, 0x6d, 0xb6, 0xdb, 0x24, 0x92, 0x49, 0x2b, 0x2f, 0xdd, 0xdd, 0xdc, 0xa7, 0xbb, 0xbb,
    0xbb, 0xbb, 0xbb, 0xbb, 0xbb, 0xbb, 0xbb, 0xbb, 0xbb, 0xbb, 0xbb, 0xbb, 0xbb, 0xbb, 0xbb, 0xbb,
    0xb9, 0x75, 0xd6, 0x59, 0x56, 0xdb, 0x55, 0x66, 0x1b, 0x6d, 0xaa, 0xaa, 0xad, 0xb6, 0xdb, 0x6a,
    0xac, 0xb2, 0xeb, 0xac, 0xab, 0x64, 0x92, 0x48, 0x00, 0x12, 0x40, 0x00, 0xaa, 0xba, 0xfd, 0xdc,
    0xa7, 0xbb, 0xbb, 0xbb, 0xbb, 0xbb, 0xbb, 0xbb, 0xbb, 0xbb, 0xbb, 0xbb, 0xbb, 0xbb, 0xbb, 0xbb,
    0xbb, 0x97, 0x5d, 0x96, 0x5b, 0x6d, 0xb6, 0x40, 0x2c, 0x92, 0xd5, 0x55, 0x56, 0xd9, 0x24, 0xb6,
    0xaa, 0xac, 0x02, 0x4b, 0x6d, 0xb6, 0xaa, 0xca, 0xaa, 0xdb, 0x6d, 0x92, 0x48, 0x2b, 0x2f, 0xca,
    0x7b, 0xbb, 0xbb, 0xbb, 0xbb, 0xbb, 0xbb, 0xbb, 0xbb, 0xbb, 0xbb, 0xbb, 0xbb, 0xbb, 0xb9, 0x75,
    0xd9, 0x6d, 0xb6, 0xb2, 0xcb, 0x2a, 0xdb, 0x60, 0x12, 0x49, 0x24, 0x92, 0x49, 0x24, 0x92, 0x10,
    0x16, 0xdb, 0x6d, 0xb6, 0xd5, 0x5d, 0x65, 0x55, 0x6d, 0xb6, 0xdb, 0x24, 0x92, 0xd7, 0x53, 0xdd,
    0xdd, 0xdd, 0xdd, 0xdd, 0xdd, 0xdd, 0xdd, 0xdd, 0xdd, 0xdd, 0xdd, 0xdd, 0xcb, 0x15, 0x57, 0x59,
    0xb6, 0xdb, 0x6c, 0xb2, 0x48, 0x04, 0x92, 0x49, 0x24, 0x92, 0x49, 0x28, 0x84, 0xb5, 0x97, 0x55,
    0xb6, 0xdb, 0x6d, 0xb6, 0xdb, 0x6d, 0xb6, 0xdb, 0x24, 0x92, 0x0a, 0x9e, 0xee, 0xee, 0xee, 0xee,
    0xee, 0xee, 0xee, 0xee, 0xee, 0xee, 0xee, 0x5d, 0x70, 0xdb, 0x6d, 0xb6, 0x49, 0x24, 0x92, 0x40,
    0x05, 0xb6, 0xdb, 0x08, 0x49, 0x21, 0x10, 0x92, 0xd5, 0x59, 0x66, 0xdb, 0x6d, 0xb6, 0xdb, 0x6d,
    0xb6, 0xdb, 0x6c, 0x92, 0x49, 0x25, 0x14, 0xf7, 0x77, 0x77, 0x77, 0x77, 0x77, 0x77, 0x77, 0x77,
    0x77, 0x72, 0xeb, 0x06, 0xab, 0x6d, 0xb6, 0xc9, 0x24, 0x90, 0x41, 0x08, 0xa2, 0xa2, 0xa2, 0xa0,
    0xa0, 0xa0, 0x15, 0x6c, 0x84, 0x40, 0x49, 0x2d, 0xb6, 0xdb, 0x59, 0x75, 0x5b, 0x6d, 0xb6, 0xdb,
    0x6d, 0xb6, 0xd9, 0x24, 0x92, 0x4a, 0x29, 0xee, 0xee, 0xee, 0xee, 0xee, 0xee, 0xee, 0xee, 0xee,
    0xe5, 0xd5, 0x2d, 0xaa, 0xab, 0x6a, 0xaa, 0xc9, 0x24, 0x80, 0x42, 0x28, 0xa8, 0xa2, 0x02, 0x48,
    0x2a, 0xb6, 0x48, 0x04, 0x92, 0x49, 0x2d, 0xb6, 0xaa, 0xaa, 0xb6, 0xdb, 0x6d, 0xb6, 0xd5, 0x5d,
    0x66, 0xdb, 0x24, 0x92, 0x48, 0x0a, 0x7b, 0xbb, 0xbb, 0xbb, 0xbb, 0xbb, 0xbb, 0xbb, 0xbb, 0x96,
    0x2d, 0xb6, 0xdb, 0x6d, 0x92, 0x48, 0x05, 0x14, 0x14, 0x54, 0x41, 0x6d, 0x92, 0x5b, 0x64, 0x80,
    0x49, 0x24, 0x92, 0xdb, 0x6d, 0xb6, 0xdb, 0x6d, 0xb6, 0xdb, 0x59, 0x75, 0x95, 0x6c, 0x92, 0x49,
    0x24, 0x05, 0xd4, 0xf7, 0x77, 0x77, 0x77, 0x77, 0x77, 0x77, 0x77, 0x2e, 0xa8, 0x6d, 0xb6, 0xd9,
    0x20, 0x00, 0x10, 0x95, 0x15, 0x05, 0x00, 0x48, 0x2d, 0xb6, 0xc9, 0x24, 0x12, 0x49, 0x25, 0xb6,
    0xaa, 0xca, 0xb6, 0xdb, 0x6b, 0x2e, 0xba, 0xad, 0xb6, 0xdb, 0x6d, 0xb2, 0x49, 0x24, 0x90, 0x16,
    0xe5, 0x3d, 0xdd, 0xdd, 0xdd, 0xdd, 0xdd, 0xdd, 0xdd, 0xcb, 0x00, 0x80, 0x92, 0x49, 0x24, 0x92,
    0x0b, 0x55, 0xb6, 0xdb, 0x6d, 0x92, 0x49, 0x24, 0x02, 0x4a, 0xab, 0x36, 0xdb, 0x55, 0xb6, 0xdb,
    0x6a, 0xaa, 0xab, 0x6d, 0xb6, 0xdb, 0x6d, 0xb2, 0x49, 0x24, 0x80, 0xb7, 0x72, 0x9e, 0xee, 0xee,
    0xee, 0xee, 0xee, 0xee, 0x5d, 0x50, 0x5b, 0x6c, 0xb6, 0xdb, 0x24, 0x92, 0x01, 0x6d, 0xb6, 0x49,
    0x24, 0x92, 0x49, 0x28, 0x09, 0x24, 0x92, 0xdb, 0x6d, 0xb6, 0xdb, 0x6d, 0x92, 0x49, 0x24, 0x92,
    0x49, 0x24, 0x92, 0x41, 0x5f, 0xbb, 0x94, 0xf7, 0x77, 0x77, 0x77, 0x77, 0x2e, 0xb0, 0x6d, 0xaa,
    0xba, 0xcb, 0x2a, 0xdb, 0x6d, 0xb2, 0x49, 0x20, 0x92, 0x40, 0x40, 0x09, 0x24, 0x92, 0x49, 0x24,
    0x00, 0x4b, 0x6d, 0xb6, 0xdb, 0x6d, 0xb5, 0x55, 0x59, 0x65, 0x95, 0x24, 0x92, 0x49, 0x24, 0x92,
    0x03, 0x5f, 0xbb, 0xb9, 0x4f, 0x77, 0x77, 0x77, 0x72, 0xea, 0x96, 0xdb, 0x6d, 0xb6, 0xda, 0xab,
    0x36, 0xdb, 0x24, 0x84, 0x40, 0x49, 0x24, 0x92, 0x49, 0x24, 0xb6, 0xdb, 0x6d, 0xb2, 0x0b, 0x6d,
    0xb6, 0xdb, 0x6b, 0x2e, 0xba, 0xcb, 0x2a, 0x49, 0x24, 0x92, 0x49, 0x00, 0x15, 0xbb, 0xbb, 0xbb,
    0x94, 0xf7, 0x77, 0x77, 0x2e, 0xdb, 0x6d, 0xb6, 0xdb, 0x6d, 0xb5, 0x55, 0x6d, 0xb2, 0x40, 0x24,
    0x92, 0x49, 0x24, 0x96, 0xaa, 0xcb, 0x2a, 0xdb, 0x6d, 0xb6, 0xdb, 0x6c, 0x82, 0xdb, 0x6d, 0xb5,
    0x55, 0x64, 0x92, 0x49, 0x24, 0x92, 0x00, 0x2b, 0x2f, 0xdd, 0xdd, 0xdd, 0xca, 0x7b, 0xbb, 0x97,
    0x54, 0xb6, 0xaa, 0xad, 0xb6, 0xdb, 0x6d, 0xb6, 0xdb, 0x64, 0x12, 0x5b, 0x65, 0xb6, 0x49, 0x25,
    0xaa, 0xdb, 0x6d, 0xb6, 0xdb, 0x6d, 0xb6, 0xd9, 0x00, 0x92, 0x49, 0x24, 0x92, 0x49, 0x24, 0x80,
    0x11, 0xac, 0xbf, 0x77, 0x77, 0x77, 0x77, 0x29, 0xee, 0xe5, 0x8b, 0x6d, 0xb6, 0xdb, 0x6d, 0xb5,
    0x57, 0x59, 0x56, 0xdb, 0x46, 0xdb, 0x55, 0x65, 0xd6, 0x6d, 0xb6, 0xdb, 0x6d, 0xb6, 0xdb, 0x6d,
    0xb6, 0xdb, 0x6d, 0xb2, 0x49, 0x04, 0x92, 0x49, 0x24, 0x92, 0x40, 0x00, 0x2c, 0xbf, 0x77, 0x77,
    0x77, 0x77, 0x77, 0x72, 0x9e, 0x5d, 0x60, 0xdb, 0x6d, 0xb6, 0xdb, 0x6d, 0xb6, 0xdb, 0x61, 0xb6,
    0xdb, 0x6d, 0xb6, 0xda, 0xcb, 0x2c, 0xdb, 0x6d, 0xb6, 0xd5, 0x59, 0x75, 0xd7, 0x5d, 0x75, 0xd5,
    0x6d, 0x92, 0x49, 0x08, 0x49, 0x24, 0x92, 0x00, 0x01, 0x1a, 0xfd, 0xdd, 0xdd, 0xdd, 0xdd, 0xdd,
    0xdd, 0xdc, 0xa7, 0x97, 0x0d, 0xb6, 0xd5, 0x59, 0x75, 0xd7, 0x59, 0xb6, 0xdb, 0x6c, 0x96, 0xdb,
    0x6d, 0xb6, 0xdb, 0x6d, 0xb6, 0xdb, 0x6d, 0xb6, 0xb2, 0xeb, 0xae, 0xba, 0xeb, 0x2a, 0xab, 0x64,
    0x92, 0x49, 0x08, 0x80, 0x00, 0x00, 0x00, 0x15, 0x97, 0xee, 0xee, 0xee, 0xee, 0xee, 0xee, 0xee,
    0xee, 0xe5, 0x2b, 0x86, 0xdb, 0x6a, 0xac, 0xb2, 0xcb, 0x2a, 0xdb, 0x6d, 0xb6, 0x0b, 0x6d, 0xb6,
    0xdb, 0x6d, 0xb6, 0xdb, 0x6d, 0xb6, 0xdb, 0x6d, 0xb6, 0xdb, 0x6d, 0xb6, 0x49, 0x24, 0x84, 0x40,
    0x00, 0x00, 0x35, 0x97, 0xee, 0xee, 0xee, 0xee, 0xee, 0xee, 0xee, 0xee, 0xee, 0xee, 0x52, 0xc9,
    0x25, 0xb6, 0xdb, 0x6d, 0x96, 0xc9, 0x20, 0xb6, 0xdb, 0x55, 0x65, 0x97, 0x5d, 0x65, 0x5b, 0x6d,
    0xb6, 0xdb, 0x6d, 0xb6, 0xdb, 0x6d, 0xb2, 0xdb, 0x24, 0x92, 0x40, 0x44, 0x44, 0x45, 0x15, 0x97,
    0xee, 0xee, 0xee, 0xee, 0xee, 0xee, 0xee, 0xee, 0xee, 0xee, 0xee, 0xee, 0x52, 0x84, 0x96, 0xdb,
    0x6d, 0x92, 0x49, 0x24, 0x02, 0xdb, 0x6d, 0xaa, 0xb2, 0xca, 0xaa, 0xdb, 0x6c, 0x96, 0xdb, 0x6d,
    0xb6, 0xdb, 0x6d, 0xb2, 0x49, 0x24, 0x92, 0x40, 0x45, 0x14, 0x44, 0x44, 0x4e, 0xee, 0xee, 0xee,
    0xee, 0xee, 0xee, 0xee, 0xee, 0xee, 0xee, 0xee, 0xee, 0x52, 0x84, 0x92, 0x49, 0x24, 0x92, 0x49,
    0x20, 0x12, 0xdb, 0x6d, 0xb6, 0xdb, 0x6d, 0xb2, 0xd6, 0x59, 0x65, 0x95, 0x64, 0xb6, 0xd9, 0x24,
    0x92, 0x49, 0x24, 0x80, 0x11, 0x45, 0x11, 0x11, 0x11, 0x11, 0x3b, 0xbb, 0xbb, 0xbb, 0xbb, 0xbb,
    0xbb, 0xbb, 0xbb, 0xbb, 0xbb, 0xbb, 0x94, 0x92, 0x49, 0x24, 0x92, 0x49, 0x24, 0x90, 0x49, 0x2d,
    0xb2, 0x49, 0x2d, 0xb6, 0xc9, 0x6a, 0xb6, 0x49, 0x24, 0x96, 0xc9, 0x24, 0x92, 0x48, 0x00, 0x28,
    0xa2, 0x22, 0x22, 0x22, 0x22, 0x22, 0x1e, 0xee, 0xee, 0xee, 0xee, 0xee, 0xee, 0xee, 0xee, 0xee,
    0xee, 0xee, 0x52, 0xb8, 0x24, 0x92, 0x49, 0x24, 0x92, 0x42, 0x12, 0x49, 0x24, 0x92, 0x49, 0x2d,
    0x92, 0x49, 0x24, 0x92, 0x49, 0x24, 0x92, 0x49, 0x00, 0x04, 0x51, 0x51, 0x44, 0x44, 0x44, 0x44,
    0x44, 0x44, 0x44, 0x45, 0xbb, 0xbb, 0xbb, 0xbb, 0xbb, 0xbb, 0xbb, 0xbb, 0xbb, 0xbb, 0xbb, 0x94,
    0xf2, 0xe4, 0x02, 0x49, 0x24, 0x92, 0x48, 0x42, 0x49, 0x24, 0x92, 0x49, 0x24, 0x92, 0x49, 0x24,
    0x92, 0x49, 0x24, 0x80, 0x00, 0x44, 0x45, 0x14, 0x44, 0x01, 0x11, 0x11, 0x11, 0x11, 0x11, 0x11,
    0x10, 0x2f, 0xdd, 0xdd, 0xdd, 0xdd, 0xdd, 0xdd, 0xdd, 0xdd, 0xdd, 0xdd, 0xca, 0x7b, 0x97, 0x59,
    0x84, 0x00, 0x00, 0x00, 0x08, 0x84, 0x92, 0x49, 0x24, 0x92, 0x49, 0x24, 0x92, 0x49, 0x00, 0x00,
    0x00, 0x44, 0x44, 0x44, 0x44, 0x44, 0x44, 0x40, 0x88, 0x88, 0x88, 0x88, 0x88, 0x88, 0x80, 0x15,
    0xd7, 0x5d, 0x75, 0xd7, 0x5d, 0x75, 0xfb, 0xbb, 0xbb, 0xbb, 0xbb, 0xbb, 0x94, 0xf7, 0x77, 0x77,
    0x2e, 0xb2, 0xa4, 0x22, 0x22, 0x22, 0x00, 0x00, 0x00, 0x00, 0x00, 0x00, 0x00, 0x00, 0x00, 0x22,
    0x20, 0x08, 0x88, 0x88, 0x88, 0x88, 0x88, 0x88, 0x88, 0x88, 0x88, 0x88, 0x88, 0x88, 0x88, 0x00,
    0x44, 0x44, 0x00, 0x00, 0x88, 0x0a, 0xfd, 0xdd, 0xdd, 0xdd, 0xdd, 0xca, 0x7b, 0xbb, 0xbb, 0xbb,
    0xbb, 0xbb, 0xbb, 0xbb, 0xbb, 0x97, 0x5d, 0x66, 0x11, 0x11, 0x11, 0x11, 0x11, 0x10, 0x28, 0xa2,
    0x22, 0x22, 0x22, 0x22, 0x22, 0x22, 0x22, 0x22, 0x22, 0x22, 0x22, 0x22, 0x22, 0x22, 0x22, 0x22,
    0x00, 0x00, 0x00, 0x00, 0x00, 0x00, 0x00, 0x8b, 0x77, 0x77, 0x77, 0x77, 0x77, 0x29, 0xee, 0xee,
    0xee, 0xee, 0xee, 0xee, 0xee, 0xee, 0xee, 0xee, 0xee, 0xee, 0xee, 0xee, 0xee, 0xee, 0xee, 0xe0,
    0x80, 0x00, 0x00, 0x44, 0x44, 0x44, 0x45, 0x15, 0x15, 0x15, 0x14, 0x44, 0x44, 0x44, 0x44, 0x40,
    0x00, 0x00, 0x00, 0x14, 0x51, 0x00, 0x00, 0x00, 0x11, 0x45, 0x7e, 0xee, 0xee, 0xee, 0xee, 0xee,
    0x53, 0xdd, 0xdd, 0xdd, 0xdd, 0xdd, 0xdd, 0xdd, 0xdd, 0xdd, 0xdd, 0xdd, 0xdd, 0xdd, 0xdd, 0xdd,
    0xdd, 0xcb, 0xae, 0x10, 0x22, 0x20, 0x00, 0x00, 0x88, 0x00, 0x00, 0x00, 0x00, 0x00, 0x00, 0x00,
    0x00, 0x00, 0x11, 0x10, 0x2b, 0xcb, 0xae, 0xba, 0xeb, 0xf7, 0x77, 0x77, 0x77, 0x77, 0x77, 0x77,
    0x72, 0x9e, 0xee, 0xee, 0xee, 0xee, 0xee, 0xee, 0xee, 0xee, 0xee, 0xee, 0xee, 0xee, 0x5d, 0x55,
    0x55, 0x55, 0x56, 0x88, 0x88, 0x00, 0x00, 0x00, 0x49, 0x04, 0x92, 0x40, 0x00, 0x00, 0x00, 0x00,
    0x00, 0x00, 0x08, 0x88, 0x88, 0x17, 0xee, 0xee, 0xee, 0xee, 0xee, 0xee, 0xee, 0xee, 0xee, 0xee,
    0xe5, 0x3d, 0xdd, 0xdd, 0xdd, 0xdd, 0xdd, 0xdd, 0xdd, 0xdd, 0xdd, 0xdd, 0xdd, 0xcc, 0x12, 0x00,
    0x44, 0x44, 0x45, 0x10, 0x49, 0x24, 0x92, 0x48, 0x00, 0x00, 0x00, 0x00, 0x00, 0x00, 0x00, 0x00,
    0x88, 0x88, 0x88, 0xa2, 0xbf, 0x77, 0x77, 0x77, 0x77, 0x77, 0x77, 0x77, 0x77, 0x77, 0x77, 0x72,
    0x9e, 0xee, 0xee, 0xee, 0xee, 0xee, 0xee, 0xee, 0xee, 0xee, 0xee, 0xee, 0xe5, 0x90, 0x00, 0x02,
    0x22, 0x21, 0x59, 0x82, 0x49, 0x24, 0x90, 0x00, 0x00, 0x00, 0x00, 0x00, 0x00, 0x00, 0x44, 0x44,
    0x44, 0x44, 0x2b, 0xf7, 0x77, 0x77, 0x77, 0x77, 0x77, 0x77, 0x77, 0x77, 0x77, 0x77, 0x72, 0x9e,
    0xee, 0xee, 0xee, 0xee, 0xee, 0xee, 0xee, 0xee, 0xee, 0xee, 0xee, 0xee, 0xe5, 0xd6, 0x59, 0x65,
    0x96, 0x5d, 0x75, 0xfb, 0xb9, 0x72, 0x00, 0x20, 0x00, 0x00, 0x00, 0x00, 0x00, 0x00, 0x22, 0x22,
    0x22, 0x22, 0x22, 0x22, 0x2d, 0xdd, 0xdd, 0xdd, 0xdd, 0xdd, 0xdd, 0xdd, 0xdd, 0xdd, 0xdd, 0xdd,
    0xdd, 0xca, 0x7b, 0xbb, 0xbb, 0xbb, 0xbb, 0xbb, 0xbb, 0xbb, 0xbb, 0xbb, 0xbb, 0xbb, 0xbb, 0xbb,
    0xbb, 0xbb, 0xbb, 0xbb, 0xbb, 0xbb, 0x97, 0x68, 0x88, 0x00, 0x00, 0x00, 0x88, 0x88, 0x88, 0x88,
    0x88, 0x88, 0x88, 0x88, 0x88, 0x56, 0x5f, 0xbb, 0xbb, 0xbb, 0xbb, 0xbb, 0xbb, 0xbb, 0xbb, 0xbb,
    0xbb, 0xbb, 0xbb, 0xb9, 0x4f, 0x77, 0x77, 0x77, 0x77, 0x77, 0x77, 0x77, 0x77, 0x77, 0x77, 0x77,
    0x77, 0x77, 0x77, 0x77, 0x77, 0x77, 0x77, 0x77, 0x77, 0x77, 0x2e, 0xb0, 0x44, 0x44, 0x44, 0x44,
    0x44, 0x44, 0x44, 0x44, 0x44, 0x44, 0x45, 0x15, 0x16, 0xbf, 0x77, 0x77, 0x77, 0x77, 0x77, 0x77,
    0x77, 0x77, 0x77, 0x77, 0x77, 0x77, 0x77, 0x77, 0x29, 0xee, 0xee, 0xee, 0xee, 0xee, 0xee, 0xee,
    0xee, 0xee, 0xee, 0xee, 0xee, 0xee, 0xee, 0xee, 0xee, 0xee, 0xee, 0xee, 0xee, 0xee, 0xee, 0xee,
    0xe5, 0xc2, 0x22, 0x02, 0x40, 0x00, 0x12, 0xaa, 0xcb, 0xae, 0xd1, 0x10, 0x2a, 0xba, 0xfd, 0xdd,
    0xdd, 0xdd, 0xdd, 0xdd, 0xdd, 0xdd, 0xdd, 0xdd, 0xdd, 0xdd, 0xdd, 0xca, 0x7b, 0xbb, 0xbb, 0xbb,
    0xbb, 0xbb, 0xbb, 0xbb, 0xbb, 0xbb, 0xbb, 0xbb, 0xbb, 0xbb, 0xbb, 0xbb, 0xbb, 0xbb, 0xbb, 0x97,
    0x59, 0x56, 0xd8, 0x08, 0x88, 0x88, 0xa2, 0xb7, 0x77, 0x77, 0x77, 0x77, 0x77, 0x77, 0x2e, 0x51,
    0x11, 0x11, 0x10, 0xb5, 0x55, 0x55, 0x65, 0xd7, 0xee, 0xee, 0xee, 0xee, 0xee, 0xee, 0xee, 0xee,
    0xe5, 0x3d, 0xdd, 0xdd, 0xdd, 0xdd, 0xdd, 0xdd, 0xdd, 0xdd, 0xdd, 0xdd, 0xdd, 0xdd, 0xdd, 0xdd,
    0xdd, 0xdd, 0xcb, 0x32, 0x00, 0x00, 0x04, 0x44, 0x44, 0x40, 0xb7, 0x77, 0x77, 0x77, 0x77, 0x77,
    0x77, 0x77, 0x2e, 0x51, 0x11, 0x10, 0x00, 0x00, 0x00, 0x15, 0x97, 0xee, 0xee, 0xee, 0xee, 0xee,
    0xee, 0xee, 0x53, 0xdd, 0xdd, 0xdd, 0xdd, 0xdd, 0xdd, 0xdd, 0xdd, 0xdd, 0xdd, 0xdd, 0xdd, 0xdd,
    0xdd, 0xdd, 0xdd, 0xcb, 0x12, 0x49, 0x20, 0x00, 0x11, 0x11, 0xac, 0xbf, 0x77, 0x77, 0x77, 0x77,
    0x77, 0x77, 0x77, 0x77, 0x2e, 0xb1, 0x44, 0x00, 0x00, 0x49, 0x24, 0x86, 0xbf, 0x77, 0x77, 0x77,
    0x77, 0x77, 0x77, 0x29, 0xee, 0xee, 0xee, 0xee, 0xee, 0xee, 0xee, 0xee, 0xee, 0xee, 0xee, 0xee,
    0xee, 0xee, 0xee, 0xee, 0xe5, 0xc8, 0x24, 0x00, 0x11, 0x0a, 0xcb, 0xaf, 0xdd, 0xdd, 0xdd, 0xdd,
    0xdd, 0xdd, 0xdd, 0xdd, 0xdd, 0xdd, 0xdd, 0xcb, 0xae, 0xaa, 0x20, 0x00, 0x92, 0x48, 0x0b, 0xf7,
    0x77, 0x77, 0x77, 0x77, 0x77, 0x72, 0x9e, 0xee, 0xee, 0xee, 0xee, 0xee, 0xee, 0xee, 0xee, 0xee,
    0xee, 0xee, 0xee, 0xee, 0xee, 0xee, 0xee, 0xee, 0xe5, 0xd7, 0x59, 0x7e, 0xee, 0xee, 0xee, 0xee,
    0xee, 0xee, 0xee, 0xee, 0xee, 0xee, 0xee, 0xee, 0xee, 0xee, 0xee, 0xee, 0xee, 0xee, 0x5d, 0x52,
    0x11, 0x02, 0xab, 0xf7, 0x77, 0x77, 0x77, 0x77, 0x77, 0x77, 0x77, 0x77, 0x77, 0x29
};

const HuffmanFrequency SPRITE_18_FREQS[] = {
    {0x0a, 47},
    {0x23, 379},
    {0x25, 27},
    {0x2a, 480},
    {0x2b, 789},
    {0x2d, 112},
    {0x2e, 139},
    {0x3a, 114},
    {0x3d, 850},
    {0x40, 6},
    {0xa0, 1716},
    {0xc2, 1716}
};
}

const HuffmanEncodedSprite SPRITE_18 = {
    SPRITE_18_BYTES,
    static_cast<int>(sizeof(SPRITE_18_BYTES) / sizeof(SPRITE_18_BYTES[0])),
    17520,
    6375,
    SPRITE_18_FREQS,
    static_cast<int>(sizeof(SPRITE_18_FREQS) / sizeof(SPRITE_18_FREQS[0]))
};

namespace
{
const unsigned char SPRITE_19_BYTES[] = {
    0x81, 0xb6, 0xdb, 0x6d, 0xb6, 0xdb, 0x6d, 0xb6, 0xdb, 0x6d, 0xb6, 0xdb, 0x6d, 0xb6, 0xdb, 0x76,
    0xbb, 0x6d, 0xb6, 0xdb, 0x6d, 0xb6, 0xdd, 0x5a, 0x9b, 0x6d, 0xb6, 0xdb, 0x6d, 0xb6, 0xdb, 0x6d,
    0xb6, 0xdb, 0x6d, 0xb6, 0xdb, 0x6d, 0xb6, 0xe0, 0x6d, 0xb6, 0xdb, 0x6d, 0xb6, 0xdb, 0x6d, 0xb6,
    0xdb, 0x6d, 0xb6, 0xdb, 0x6d, 0xb6, 0xdd, 0xed, 0x4d, 0xb6, 0xdb, 0x6d, 0xb6, 0xdb, 0xb5, 0xe9,
    0xb6, 0xdb, 0x6d, 0xb6, 0xdb, 0x6d, 0xb6, 0xdb, 0x6d, 0xb6, 0xdb, 0x6d, 0xb6, 0xdb, 0x6e, 0x06,
    0xdb, 0x6d, 0xb6, 0xdb, 0x6d, 0xb6, 0xdb, 0x6d, 0xb6, 0xdb, 0x6d, 0xb6, 0xdb, 0x6d, 0xda, 0x63,
    0x6d, 0xb6, 0xdb, 0x6d, 0xb6, 0xed, 0x31, 0x36, 0xdb, 0x6d, 0xb6, 0xdb, 0x6d, 0xb6, 0xdb, 0x6d,
    0xb6, 0xdb, 0x6d, 0xb6, 0xdb, 0x6d, 0xb8, 0x1b, 0x6d, 0xb6, 0xdb, 0x6d, 0xb6, 0xdb, 0x6d, 0xb6,
    0xdb, 0x6d, 0xb6, 0xdb, 0x6d, 0xb7, 0x79, 0xbd, 0x36, 0xdb, 0x6d, 0xb6, 0xdd, 0x4c, 0xd3, 0x6d,
    0xb6, 0xdb, 0x6d, 0xb6, 0xdb, 0x6d, 0xb6, 0xdb, 0x6d, 0xb6, 0xdb, 0x6d, 0xb6, 0xdb, 0x81, 0xb6,
    0xdb, 0x6d, 0xb6, 0xdb, 0x6d, 0xb6, 0xdb, 0x6d, 0xb6, 0xdd, 0x47, 0x1c, 0x70, 0xf0, 0xf1, 0xcd,
    0x3b, 0x4c, 0xd3, 0x6d, 0xb6, 0xdb, 0x6d, 0xcc, 0xc5, 0x4d, 0xb6, 0xdb, 0x6d, 0xb6, 0xdb, 0x6d,
    0xb6, 0xdb, 0x6d, 0xb6, 0xdb, 0x6d, 0xb6, 0xdb, 0x6e, 0x06, 0xdb, 0x6d, 0xb6, 0xdb, 0x6d, 0xb6,
    0xdb, 0x6d, 0xb6, 0xdb, 0x75, 0x0f, 0x1c, 0x71, 0xc7, 0x0d, 0x0a, 0x14, 0x34, 0x73, 0x57, 0xa9,
    0xb5, 0xad, 0x6b, 0x4d, 0x37, 0x37, 0x99, 0xa6, 0xdb, 0x6e, 0xaa, 0x6d, 0x33, 0x4d, 0xb6, 0xdb,
    0x6d, 0xb6, 0xdb, 0x6d, 0xb6, 0xdb, 0x6d, 0xb7, 0x03, 0x6d, 0xb6, 0xdb, 0x6d, 0xb6, 0xdb, 0x6d,
    0xb6, 0xdb, 0x6d, 0xb9, 0x87, 0x8e, 0x38, 0xe3, 0x86, 0x85, 0x0a, 0x14, 0x29, 0xa8, 0xaf, 0x6a,
    0xaa, 0xaa, 0x9b, 0xd5, 0x4c, 0xde, 0x5b, 0xa9, 0xbc, 0x51, 0xc7, 0x1c, 0x71, 0xc7, 0x1c, 0x74,
    0xdb, 0x6d, 0xb6, 0xdb, 0x6d, 0xb6, 0xdb, 0x6d, 0xb6, 0xdb, 0x81, 0xb6, 0xdb, 0x6d, 0xb6, 0xdb,
    0x6d, 0xb6, 0xdb, 0x6d, 0xb6, 0xdd, 0xa1, 0x43, 0xc7, 0x0f, 0x1c, 0x71, 0xc3, 0x42, 0x85, 0x7a,
    0xb4, 0x3d, 0xef, 0x7b, 0xde, 0xf7, 0xb5, 0xaa, 0xf5, 0x35, 0x30, 0xd0, 0xd1, 0xc7, 0x1c, 0x71,
    0xc7, 0x1c, 0x71, 0xc7, 0x1d, 0x9b, 0x6d, 0xb6, 0xdb, 0x6d, 0xb6, 0xdb, 0x6d, 0xb6, 0xdb, 0x70,
    0x36, 0xdb, 0x6d, 0xb6, 0xdb, 0x6d, 0xb6, 0xdb, 0x6d, 0xb6, 0xdb, 0x98, 0x50, 0xa1, 0xa3, 0x8e,
    0x38, 0xa2, 0x8a, 0x1e, 0x3a, 0xb4, 0x73, 0x33, 0x33, 0x35, 0x37, 0x8e, 0xa6, 0x38, 0x68, 0x50,
    0xa1, 0x43, 0x43, 0xc7, 0x1c, 0x71, 0xc7, 0x0f, 0x0f, 0x0d, 0x0d, 0x13, 0x6d, 0xb6, 0xdb, 0x6d,
    0xb6, 0xdb, 0x6d, 0xb6, 0xdb, 0x6e, 0x06, 0xdb, 0x6d, 0xb6, 0xdb, 0x6d, 0xb7, 0x57, 0x9a, 0x6d,
    0xb6, 0xdb, 0xa8, 0x50, 0xa1, 0xa3, 0x8a, 0xf7, 0x8a, 0xf6, 0x8a, 0xa6, 0xd5, 0x55, 0x53, 0x33,
    0x7b, 0x5e, 0xaf, 0x0d, 0x0a, 0x14, 0x28, 0x68, 0x78, 0xe3, 0x8e, 0x38, 0xe1, 0xe1, 0x42, 0x85,
    0x0d, 0x7a, 0xb5, 0xa6, 0x6d, 0x69, 0xa6, 0xdb, 0x6d, 0xb6, 0xdb, 0x6d, 0xb6, 0xe0, 0x6d, 0xb6,
    0xdb, 0x6d, 0xb6, 0xdb, 0x6e, 0xad, 0x6b, 0x4d, 0x36, 0xdb, 0xa8, 0x78, 0x50, 0xd1, 0xc5, 0x15,
    0x55, 0x55, 0x54, 0xda, 0x6d, 0x7b, 0xda, 0xd6, 0x8a, 0xd5, 0x56, 0x87, 0x86, 0x86, 0x8e, 0x38,
    0xe3, 0x8e, 0x28, 0xe3, 0x8e, 0x1a, 0x14, 0x28, 0x6b, 0x4d, 0x4d, 0xaa, 0xaa, 0xa6, 0xf4, 0xdb,
    0x6d, 0xb6, 0xdb, 0x6d, 0xb7, 0x03, 0x6d, 0xb6, 0xdb, 0x6d, 0xb6, 0xdb, 0x6d, 0xd4, 0xcd, 0xad,
    0x34, 0xdb, 0xb4, 0x28, 0x68, 0xa6, 0xaa, 0xaa, 0xaa, 0xa6, 0xd6, 0x99, 0x99, 0x99, 0x8a, 0x6a,
    0xaa, 0xaa, 0xaa, 0x6d, 0x78, 0xaf, 0x7b, 0xc7, 0x0d, 0x0a, 0x14, 0x35, 0xe6, 0xd3, 0x55, 0x55,
    0x55, 0x53, 0x2d, 0xb6, 0xdb, 0x6d, 0xb6, 0xdb, 0x81, 0xb6, 0xdb, 0x6d, 0xb6, 0xdb, 0x6d, 0xb6,
    0xdb, 0xa9, 0xb4, 0xcd, 0xa9, 0xd4, 0x76, 0xaa, 0xaa, 0xaa, 0xaa, 0xaa, 0xb5, 0xa6, 0x66, 0x66,
    0xf6, 0xaa, 0xaa, 0xaa, 0xaa, 0xa9, 0x99, 0xbc, 0x57, 0x87, 0x85, 0x0a, 0x15, 0xa6, 0xf7, 0x99,
    0xa9, 0xb4, 0xd5, 0x54, 0xd3, 0x6d, 0xb6, 0xdb, 0x6d, 0xb7, 0x03, 0x6d, 0xb6, 0xdb, 0x6d, 0xb6,
    0xdb, 0x6d, 0xb6, 0xdb, 0xab, 0x5a, 0x6d, 0x69, 0xaa, 0xab, 0x5e, 0x6f, 0x6a, 0xaa, 0xa9, 0xbd,
    0xa6, 0x6d, 0x6a, 0xaa, 0xaa, 0xaa, 0xaa, 0xaa, 0xa9, 0x9b, 0x43, 0x42, 0x85, 0x0a, 0x36, 0xdb,
    0xbc, 0x56, 0xbd, 0xe6, 0x66, 0xd6, 0xb5, 0xa5, 0xb6, 0xdb, 0x6d, 0xb6, 0xe0, 0x6d, 0xb6, 0xdb,
    0x6d, 0xb6, 0xdb, 0x6d, 0xb6, 0xdb, 0x6d, 0xba, 0xbc, 0xd5, 0x5a, 0xd5, 0x56, 0x99, 0xb5, 0x55,
    0x55, 0x55, 0x55, 0x55, 0x55, 0x54, 0xda, 0xf7, 0xb5, 0xa6, 0xaa, 0x6d, 0x0f, 0x0a, 0x14, 0x3d,
    0x36, 0xea, 0xa3, 0xbd, 0xef, 0x7b, 0x5a, 0xf6, 0x9a, 0x6d, 0xb6, 0xdb, 0x6d, 0xb7, 0x03, 0x6d,
    0xb6, 0xdb, 0x6d, 0xb6, 0xdb, 0x6d, 0xb6, 0xdb, 0x6d, 0xb9, 0xaa, 0x99, 0xaa, 0xab, 0xda, 0xad,
    0x55, 0x55, 0x55, 0x55, 0x55, 0x55, 0x57, 0xb5, 0x5e, 0x6a, 0xad, 0x35, 0x33, 0x36, 0x8a, 0x6a,
    0xd6, 0x99, 0x99, 0xb5, 0xef, 0x7b, 0x5e, 0x9b, 0x6d, 0xb6, 0xdb, 0x6d, 0xb6, 0xe0, 0x6d, 0xb6,
    0xdb, 0x6d, 0xb6, 0xdb, 0x6e, 0xaf, 0x6b, 0xde, 0x6a, 0xa9, 0xb9, 0xaa, 0x99, 0xaa, 0x98, 0xad,
    0x53, 0x55, 0x55, 0x55, 0x55, 0x55, 0x55, 0x15, 0x55, 0x5a, 0xaa, 0xaa, 0x66, 0x66, 0xd6, 0xb4,
    0xcc, 0xde, 0xf7, 0x9a, 0xaa, 0xaa, 0xbd, 0x36, 0xdb, 0x6d, 0xb6, 0xdb, 0x6d, 0xb8, 0x1b, 0x6d,
    0xb6, 0xdb, 0x6d, 0xb6, 0xdb, 0x6d, 0xd4, 0xda, 0x66, 0xd6, 0xb4, 0xde, 0x6a, 0xd3, 0x53, 0x15,
    0xea, 0x6a, 0xaa, 0xaa, 0xaa, 0xaa, 0xaa, 0x66, 0xaa, 0xa1, 0xe6, 0xaa, 0xa6, 0x66, 0x6d, 0x6b,
    0x4d, 0x3a, 0xb4, 0xd5, 0x55, 0x4d, 0xa9, 0xb6, 0xdb, 0x6d, 0xb6, 0xdb, 0x6d, 0xb8, 0x1b, 0x6d,
    0xb6, 0xdb, 0x6d, 0xb6, 0xdb, 0x6d, 0xb6, 0xdb, 0x75, 0x33, 0x36, 0xaa, 0x9b, 0xcd, 0xef, 0x36,
    0xaa, 0xaa, 0xaa, 0xaa, 0xaa, 0xa9, 0xaa, 0xa9, 0x87, 0x9a, 0xaa, 0x99, 0x99, 0x99, 0xbc, 0xb9,
    0xb5, 0x55, 0x55, 0x5a, 0x69, 0xb6, 0xdb, 0x6d, 0xb6, 0xdb, 0x6d, 0xb7, 0x03, 0x6d, 0xb6, 0xdb,
    0x6d, 0xb6, 0xdb, 0x6d, 0xb6, 0xdb, 0x6d, 0xb6, 0xe6, 0xd3, 0x35, 0x35, 0x55, 0x55, 0x55, 0x55,
    0x55, 0x55, 0x55, 0x55, 0x69, 0x98, 0xe6, 0xa6, 0xd3, 0x33, 0x33, 0x69, 0xab, 0xd5, 0x55, 0x54,
    0xde, 0x9b, 0x6d, 0xb6, 0xdb, 0x6d, 0xb6, 0xdb, 0x6d, 0xc0, 0xdb, 0x6d, 0xb6, 0xdb, 0x6d, 0xb6,
    0xdb, 0x6d, 0xb6, 0xdb, 0x6d, 0xb7, 0x56, 0xbc, 0xda, 0xd7, 0x8a, 0x1e, 0x38, 0xaf, 0x6b, 0x5e,
    0x66, 0xaa, 0xaa, 0xaa, 0xa6, 0x6a, 0x66, 0x66, 0x66, 0xf7, 0xbd, 0xa6, 0x66, 0x6d, 0x7b, 0xde,
    0xd3, 0x33, 0x69, 0xa6, 0xdb, 0x6d, 0xb6, 0xdb, 0x6d, 0xb8, 0x1b, 0x6d, 0xb6, 0xdb, 0x6d, 0xb6,
    0xdb, 0x6d, 0xb6, 0xdb, 0x6d, 0xb6, 0xdb, 0x73, 0x6b, 0xcc, 0xda, 0x38, 0xa2, 0x8a, 0x2b, 0xde,
    0xf7, 0xbd, 0xef, 0x7b, 0x45, 0x79, 0x99, 0x99, 0x99, 0xbd, 0xef, 0x6b, 0x4d, 0x4d, 0xaf, 0x69,
    0x99, 0x99, 0x99, 0x9a, 0x6d, 0xb6, 0xdb, 0x6d, 0xb6, 0xdb, 0x81, 0xb6, 0xdb, 0x6d, 0xb6, 0xdb,
    0x6d, 0xb6, 0xdb, 0x6d, 0xb6, 0xdb, 0x6d, 0xb6, 0xdb, 0xab, 0xda, 0xd1, 0x47, 0x15, 0xed, 0x6b,
    0xde, 0xf7, 0xbd, 0xef, 0x79, 0x99, 0x9b, 0x5e, 0x28, 0xad, 0x6b, 0x5a, 0xd6, 0xb4, 0x54, 0xdb,
    0x6d, 0xb6, 0xdb, 0x6d, 0xb6, 0xdb, 0x6d, 0xb6, 0xdb, 0x81, 0xb6, 0xdb, 0x6d, 0xb6, 0xdb, 0x6d,
    0xb6, 0xdb, 0x6d, 0xb6, 0xdb, 0x6d, 0xb6, 0xdb, 0xa9, 0xb4, 0xc5, 0x78, 0xad, 0x33, 0x33, 0x33,
    0x6b, 0xde, 0xd6, 0xb5, 0xef, 0x6b, 0x5a, 0xd6, 0xb5, 0xed, 0x6a, 0x6d, 0xb6, 0xdb, 0x6d, 0xb6,
    0xdb, 0x6d, 0xb6, 0xdb, 0x6d, 0xb6, 0xe0, 0x6d, 0xb6, 0xdb, 0x6d, 0xb6, 0xdb, 0x6d, 0xb6, 0xdb,
    0x6d, 0xb6, 0xdb, 0xab, 0x45, 0x33, 0x35, 0x53, 0x36, 0xb5, 0xaf, 0x1d, 0xad, 0x7b, 0x5a, 0x28,
    0xed, 0x6b, 0x5a, 0xd6, 0xb5, 0xaf, 0x14, 0xd5, 0x36, 0xdb, 0x6d, 0xb6, 0xdb, 0x6d, 0xb6, 0xdb,
    0x6d, 0xb6, 0xdb, 0x6d, 0xb8, 0x1b, 0x6d, 0xb6, 0xdb, 0x6d, 0xb6, 0xdb, 0x6d, 0xb6, 0xdb, 0xaa,
    0x98, 0xa6, 0xaa, 0xaa, 0xa6, 0x6f, 0x7a, 0x99, 0x9b, 0x5a, 0xd6, 0xb5, 0xad, 0x6b, 0x5a, 0xd6,
    0xb5, 0xaf, 0x15, 0x36, 0xdb, 0x6d, 0xb6, 0xdb, 0x6d, 0xb6, 0xdb, 0x6d, 0xb6, 0xdb, 0x6d, 0xb6,
    0xdb, 0x6e, 0x06, 0xdb, 0x6d, 0xb6, 0xdb, 0x6d, 0xb6, 0xdb, 0x6d, 0xcd, 0xad, 0x35, 0x55, 0x55,
    0x56, 0xb4, 0xd3, 0x75, 0x6a, 0xaa, 0xa9, 0x9b, 0x5a, 0xd6, 0xb5, 0xad, 0x7b, 0xd3, 0x6d, 0xb6,
    0xdb, 0x6d, 0xb6, 0xdb, 0x6d, 0xb6, 0xdb, 0x6d, 0xb6, 0xdb, 0x6d, 0xb6, 0xdb, 0x6e, 0x06, 0xdb,
    0x6d, 0xb6, 0xdb, 0x6d, 0xb6, 0xdb, 0x9b, 0x4d, 0x55, 0x55, 0x55, 0x5e, 0x69, 0xb6, 0xdd, 0x4d,
    0x55, 0x55, 0x55, 0x55, 0x4c, 0xcc, 0xcc, 0xda, 0x9b, 0x6d, 0xb6, 0xdb, 0x6d, 0xb6, 0xdb, 0x6d,
    0xb6, 0xdb, 0x6d, 0xb6, 0xdb, 0x6d, 0xb6, 0xdb, 0x70, 0x36, 0xdb, 0x6d, 0xb6, 0xdb, 0x6d, 0xd4,
    0xde, 0xd5, 0x55, 0x55, 0x53, 0x6b, 0x53, 0x6d, 0xb6, 0xea, 0x6a, 0xaa, 0xaa, 0xaa, 0xaa, 0xaa,
    0xaa, 0xaa, 0xa6, 0x5b, 0x6d, 0xb6, 0xdb, 0x6d, 0xb6, 0xdb, 0x6d, 0xb6, 0xdb, 0x6d, 0xb6, 0xdb,
    0x6d, 0xb6, 0xdb, 0x70, 0x36, 0xdb, 0x6d, 0xb6, 0xdb, 0x75, 0x6b, 0x55, 0x55, 0x55, 0x55, 0x5a,
    0x69, 0xb6, 0xdb, 0x6e, 0xa6, 0x6a, 0xaa, 0xaa, 0xaa, 0xaa, 0xaa, 0xaa, 0xaa, 0xa6, 0x5b, 0x6d,
    0xb6, 0xdb, 0x6d, 0xb6, 0xdb, 0x6d, 0xb6, 0xdb, 0x6d, 0xb6, 0xdb, 0x6d, 0xb6, 0xdb, 0x70, 0x36,
    0xdb, 0x6d, 0xb6, 0xdd, 0x5a, 0x6a, 0xaa, 0xaa, 0xaa, 0xaa, 0xf4, 0xdb, 0x6d, 0xb6, 0xdd, 0x5a,
    0x6a, 0xaa, 0xaa, 0xaa, 0xaa, 0xaa, 0xaa, 0xaa, 0x66, 0x9b, 0x6d, 0xb6, 0xdb, 0x6d, 0xb6, 0xdb,
    0x6d, 0xb6, 0xdb, 0x6d, 0xb6, 0xdb, 0x6d, 0xb6, 0xdb, 0x70, 0x36, 0xdb, 0x6d, 0xb6, 0xea, 0x2a,
    0x99, 0xaa, 0xa9, 0xaa, 0xaa, 0xb4, 0xb6, 0xdb, 0x6d, 0xb7, 0x53, 0x69, 0x9a, 0xaa, 0xaa, 0xaa,
    0xaa, 0xaa, 0xaa, 0x9a, 0x6d, 0xb6, 0xdb, 0x6d, 0xb6, 0xdb, 0x6d, 0xb6, 0xdb, 0x6d, 0xb6, 0xdb,
    0x6d, 0xb6, 0xdb, 0x6d, 0xb8, 0x1b, 0x6d, 0xb6, 0xdb, 0x6e, 0xf6, 0xb5, 0x55, 0x4d, 0xaa, 0xaa,
    0x6d, 0x76, 0xdb, 0x6d, 0xb7, 0x56, 0xb4, 0xcc, 0xcc, 0xcc, 0xcc, 0xcc, 0xcc, 0xcc, 0xda, 0x9b,
    0x6d, 0xb6, 0xdb, 0x6d, 0xb6, 0xdb, 0x6d, 0xd5, 0xad, 0x6b, 0xda, 0xd6, 0xa6, 0xdb, 0x6d, 0xb6,
    0xdb, 0x6d, 0xc0, 0xdb, 0x6d, 0xb6, 0xdb, 0x6e, 0xa6, 0xd6, 0x99, 0xbc, 0x57, 0xbd, 0xe6, 0x9b,
    0x6d, 0xb7, 0x57, 0xb4, 0xcd, 0xed, 0x6b, 0xcc, 0xcc, 0xcc, 0xcc, 0xcd, 0xa5, 0xb6, 0xdb, 0x6d,
    0xb6, 0xdb, 0x6d, 0xb6, 0xea, 0xf7, 0xbd, 0xef, 0x7b, 0xde, 0xf7, 0xbd, 0xe5, 0xb6, 0xdb, 0x6d,
    0xb6, 0xdc, 0x0d, 0xb6, 0xdb, 0x6d, 0xb6, 0xdb, 0x6d, 0xb6, 0xdb, 0x6d, 0xb6, 0xdb, 0xab, 0x4d,
    0x4c, 0xda, 0x9b, 0x75, 0x53, 0x6b, 0xde, 0x66, 0xd7, 0xbd, 0x36, 0xdb, 0x6d, 0xb6, 0xdb, 0x6d,
    0xb7, 0x57, 0xbd, 0xad, 0x7b, 0xc5, 0x1c, 0x71, 0xc5, 0x7b, 0xc5, 0x2d, 0xb6, 0xdb, 0x6d, 0xb7,
    0x03, 0x6d, 0xb6, 0xdb, 0x6d, 0xb6, 0xdb, 0x6d, 0xb6, 0xdb, 0x6d, 0xb9, 0x99, 0x9a, 0xaa, 0x89,
    0xb6, 0xdb, 0x6d, 0xd4, 0x73, 0x31, 0x5e, 0xf7, 0xbc, 0xd3, 0x6d, 0xb6, 0xdb, 0x6d, 0xb6, 0xe6,
    0xf7, 0xbd, 0xef, 0x1c, 0x71, 0xc7, 0x1c, 0x71, 0x5e, 0xf7, 0x6d, 0xb6, 0xdb, 0x6d, 0xb8, 0x1b,
    0x6d, 0xb6, 0xdb, 0x6d, 0xb6, 0xdb, 0x6d, 0xb6, 0xdb, 0xab, 0x4d, 0x55, 0x55, 0x55, 0xa9, 0xb6,
    0xdb, 0x6d, 0xd5, 0xa6, 0xd3, 0x57, 0xbd, 0xef, 0x7b, 0xcb, 0x6d, 0xb6, 0xdb, 0x6d, 0xb9, 0x8a,
    0xf7, 0xbc, 0x51, 0xc7, 0x1c, 0x71, 0xc3, 0xc5, 0x7b, 0xc5, 0x4d, 0xb6, 0xdb, 0x6d, 0xb8, 0x1b,
    0x6d, 0xb6, 0xdb, 0x6d, 0xb6, 0xdb, 0x6d, 0xb7, 0x56, 0x8a, 0xf7, 0xbd, 0xed, 0x35, 0x57, 0xa6,
    0xdb, 0x6d, 0xb7, 0x51, 0x4c, 0xda, 0x69, 0xd4, 0xde, 0xf6, 0xb5, 0xaf, 0x69, 0xaa, 0x6d, 0xb6,
    0xdb, 0x9b, 0xde, 0xf7, 0x8a, 0x38, 0xe3, 0x8e, 0x3b, 0xde, 0xf7, 0x6d, 0xb6, 0xdb, 0x6d, 0xb8,
    0x1b, 0x6d, 0xb6, 0xdb, 0x6d, 0xb6, 0xdb, 0x75, 0x36, 0xbd, 0xef, 0x7b, 0xde, 0xf7, 0xbd, 0xef,
    0x6a, 0x6d, 0xb6, 0xdb, 0x73, 0x35, 0x33, 0x37, 0x96, 0xdb, 0xa9, 0xb5, 0xed, 0x6b, 0x5a, 0xd7,
    0xb5, 0xad, 0x69, 0x99, 0x9b, 0x45, 0x14, 0x51, 0x45, 0x14, 0x57, 0xbd, 0xe2, 0xb5, 0x36, 0xdb,
    0x6d, 0xb6, 0xdc, 0x0d, 0xb6, 0xdb, 0x6d, 0xb6, 0xdb, 0x6e, 0xa2, 0xbc, 0x57, 0xbd, 0xef, 0x7b,
    0xde, 0xf7, 0xbd, 0xe6, 0x9b, 0x6d, 0xb6, 0xdd, 0x4c, 0xd5, 0x55, 0x5a, 0x9b, 0x6d, 0xb7, 0x55,
    0x37, 0xbd, 0xad, 0x69, 0x9a, 0xa9, 0xbd, 0xef, 0x7b, 0xde, 0xf7, 0xbd, 0xef, 0x15, 0xa9, 0xb6,
    0xdb, 0x6d, 0xb6, 0xdb, 0x81, 0xb6, 0xdb, 0x6d, 0xb6, 0xdb, 0x6e, 0x63, 0x8a, 0xf6, 0xb5, 0xef,
    0x7b, 0xde, 0xf7, 0x8a, 0xf4, 0xdb, 0x6d, 0xb6, 0xdb, 0x9b, 0x55, 0x55, 0x55, 0xe5, 0xb6, 0xdb,
    0x6d, 0xb6, 0xdd, 0x54, 0xde, 0xf6, 0xbd, 0xef, 0x7b, 0xde, 0xf7, 0xbd, 0xa9, 0xb6, 0xdb, 0x6d,
    0xb6, 0xdb, 0x6d, 0xb8, 0x1b, 0x6d, 0xb6, 0xdb, 0x6d, 0xb6, 0xea, 0x38, 0x7b, 0xde, 0x2b, 0xda,
    0xd7, 0xbc, 0x57, 0xa6, 0xdb, 0x6d, 0xb6, 0xdb, 0xa9, 0xb5, 0xad, 0x69, 0x9a, 0xa6, 0xdb, 0x6d,
    0xb6, 0xdb, 0x6d, 0xb6, 0xdb, 0x6d, 0xb6, 0xdb, 0x6d, 0xb6, 0xdb, 0x6d, 0xb6, 0xdb, 0x6d, 0xb8,
    0x1b, 0x6d, 0xb6, 0xdb, 0x6d, 0xb6, 0xdb, 0xab, 0xc7, 0x0f, 0x1c, 0x51, 0x47, 0x7a, 0x6d, 0xb6,
    0xdb, 0x6d, 0xb6, 0xe6, 0x2b, 0xde, 0xf7, 0xbc, 0x56, 0x6d, 0xb6, 0xdb, 0x6d, 0xb6, 0xdb, 0x6d,
    0xb6, 0xdb, 0x6d, 0xb6, 0xdb, 0x6d, 0xb6, 0xdb, 0x6d, 0xb6, 0xdb, 0x70, 0x36, 0xdb, 0x6d, 0xb6,
    0xdb, 0x6d, 0xb6, 0xdb, 0x75, 0x32, 0xdb, 0x6d, 0xb6, 0xdb, 0x6d, 0xb7, 0x51, 0x5e, 0xf7, 0xbd,
    0xef, 0x15, 0x9b, 0x6d, 0xb6, 0xdb, 0x6d, 0xb6, 0xdb, 0x6d, 0xb6, 0xdb, 0x6d, 0xb6, 0xdb, 0x6d,
    0xb6, 0xdb, 0x6d, 0xb6, 0xdc, 0x0d, 0xb6, 0xdb, 0x6d, 0xb6, 0xdb, 0x6d, 0xb6, 0xdb, 0x6d, 0xb6,
    0xdb, 0x6d, 0xb6, 0xdb, 0x6e, 0xd7, 0xbd, 0xef, 0x7b, 0xde, 0xf2, 0xdb, 0x6d, 0xb6, 0xdb, 0x6d,
    0xb6, 0xdb, 0x6d, 0xb6, 0xdb, 0x6d, 0xb6, 0xdb, 0x6d, 0xb6, 0xdb, 0x6d, 0xb6, 0xe0, 0x6d, 0xb6,
    0xdb, 0x6d, 0xb6, 0xdb, 0x6d, 0xb6, 0xdb, 0x6d, 0xb6, 0xdb, 0x6d, 0xb6, 0xdb, 0x9b, 0xde, 0xf7,
    0xbd, 0xef, 0x7b, 0x53, 0x6d, 0xb6, 0xdb, 0x6d, 0xb6, 0xdb, 0x6d, 0xb6, 0xdb, 0x6d, 0xb6, 0xdb,
    0x6d, 0xb6, 0xdb, 0x6d, 0xb6, 0xdb, 0x81, 0xb6, 0xdb, 0x6d, 0xb6, 0xdb, 0x6d, 0xb6, 0xdb, 0x6d,
    0xb6, 0xdb, 0x6d, 0xb6, 0xdb, 0x73, 0x7b, 0xde, 0xf7, 0xbd, 0xef, 0x7b, 0x53, 0x6d, 0xb6, 0xdb,
    0x6d, 0xb6, 0xdb, 0x6d, 0xb6, 0xdb, 0x6d, 0xb6, 0xdb, 0x6d, 0xb6, 0xdb, 0x6d, 0xb6, 0xdb, 0x81,
    0xb6, 0xdb, 0x6d, 0xb6, 0xdb, 0x6d, 0xb6, 0xdb, 0x6d, 0xb6, 0xdb, 0x6d, 0xb6, 0xdb, 0xab, 0xde,
    0xf1, 0x5e, 0xd7, 0x8a, 0xf7, 0xb5, 0x36, 0xdb, 0x6d, 0xb6, 0xdb, 0x6d, 0xb6, 0xdb, 0x6d, 0xb6,
    0xdb, 0x6d, 0xb6, 0xdb, 0x6d, 0xb6, 0xdb, 0x6d, 0xb8, 0x1b, 0x6d, 0xb6, 0xdb, 0x6d, 0xb6, 0xdb,
    0x6d, 0xb6, 0xdb, 0x6d, 0xb6, 0xdb, 0x6d, 0xba, 0x8a, 0x28, 0x7b, 0xda, 0xd6, 0x8a, 0xf7, 0xbd,
    0x36, 0xdb, 0x6d, 0xb6, 0xdb, 0x6d, 0xb6, 0xdb, 0x6d, 0xb6, 0xdb, 0x6d, 0xb6, 0xdb, 0x6d, 0xb6,
    0xdb, 0x6d, 0xb8, 0x1b, 0x6d, 0xb6, 0xdb, 0x6d, 0xb6, 0xdb, 0x6d, 0xb6, 0xdb, 0x6d, 0xb6, 0xdb,
    0x6d, 0xb7, 0x56, 0x8a, 0x28, 0xe3, 0x8e, 0x1e, 0x38, 0xa9, 0xb6, 0xdb, 0x6d, 0xb6, 0xdb, 0x6d,
    0xb6, 0xdb, 0x6d, 0xb6, 0xdb, 0x6d, 0xb6, 0xdb, 0x6d, 0xb6, 0xdb, 0x6d, 0xb8, 0x00
};

const HuffmanFrequency SPRITE_19_FREQS[] = {
    {0x0a, 51},
    {0x23, 26},
    {0x25, 24},
    {0x2a, 103},
    {0x2b, 87},
    {0x2d, 286},
    {0x2e, 554},
    {0x3a, 376},
    {0x3d, 319},
    {0x40, 36},
    {0xa0, 3189},
    {0xc2, 3189}
};
}

const HuffmanEncodedSprite SPRITE_19 = {
    SPRITE_19_BYTES,
    static_cast<int>(sizeof(SPRITE_19_BYTES) / sizeof(SPRITE_19_BYTES[0])),
    18410,
    8240,
    SPRITE_19_FREQS,
    static_cast<int>(sizeof(SPRITE_19_FREQS) / sizeof(SPRITE_19_FREQS[0]))
};

namespace
{
const unsigned char SPRITE_20_BYTES[] = {
    0x79, 0xdd, 0xdd, 0xdd, 0xdd, 0xdd, 0xdd, 0xdd, 0xdd, 0xdd, 0xdd, 0xdd, 0xdd, 0xdd, 0xdd, 0xdd,
    0xdd, 0xdd, 0xdd, 0xdd, 0xdd, 0xdd, 0xdd, 0xdd, 0xdd, 0xdd, 0xdd, 0xdd, 0xdd, 0xc9, 0xcb, 0x8b,
    0x97, 0xfb, 0xbb, 0xbb, 0xbb, 0xbb, 0xbb, 0xbb, 0xbb, 0xbb, 0xbb, 0xbb, 0xbb, 0xbb, 0xbb, 0xbb,
    0xbb, 0xbb, 0xbb, 0xbb, 0x9e, 0x77, 0x77, 0x77, 0x77, 0x77, 0x77, 0x77, 0x77, 0x77, 0x77, 0x77,
    0x77, 0x77, 0x77, 0x77, 0x77, 0x77, 0x77, 0x77, 0x77, 0x77, 0x77, 0x77, 0x77, 0x27, 0x17, 0x2b,
    0xbb, 0xb8, 0x71, 0x71, 0x71, 0x72, 0x77, 0x77, 0x77, 0x77, 0x77, 0x77, 0x77, 0x77, 0x77, 0x77,
    0x77, 0x77, 0x77, 0x77, 0x77, 0x77, 0x77, 0x77, 0x77, 0x3c, 0xee, 0xee, 0xee, 0xee, 0xee, 0xee,
    0xee, 0xee, 0xee, 0xee, 0xee, 0xee, 0xee, 0xee, 0xee, 0xee, 0xee, 0xee, 0xee, 0xee, 0xee, 0xee,
    0xee, 0xee, 0x7a, 0xe2, 0xe2, 0xe5, 0xbb, 0x87, 0x2e, 0x2e, 0x5c, 0xae, 0xee, 0xee, 0xee, 0xee,
    0xee, 0xee, 0xee, 0xee, 0xee, 0xee, 0xee, 0xee, 0xee, 0xee, 0xee, 0xee, 0xee, 0xee, 0xee, 0x79,
    0xdd, 0xdd, 0xdd, 0xdd, 0xdd, 0xdd, 0xdd, 0xdd, 0xdd, 0xdd, 0xdd, 0xdd, 0xdd, 0xdd, 0xdd, 0xdd,
    0xdd, 0xdd, 0xdd, 0xdd, 0xdd, 0xdd, 0xdd, 0xdc, 0x38, 0xb8, 0xb9, 0x71, 0x66, 0x71, 0x72, 0xe5,
    0xca, 0xee, 0xee, 0xee, 0xee, 0xee, 0xee, 0xee, 0xee, 0xee, 0xee, 0xee, 0xee, 0xee, 0xee, 0xee,
    0xee, 0xee, 0xee, 0xee, 0xee, 0x79, 0xdd, 0xdd, 0xdd, 0xdd, 0xdd, 0xdd, 0xdd, 0xdd, 0xdd, 0xdd,
    0xdd, 0xdd, 0xdd, 0xdd, 0xdd, 0xdd, 0xdd, 0xdd, 0xdd, 0xdd, 0xdd, 0xdd, 0xdd, 0xdd, 0xc9, 0xcb,
    0x97, 0x29, 0x39, 0x72, 0xe5, 0x77, 0x27, 0x2e, 0x5c, 0x5c, 0x5c, 0x5c, 0x5f, 0xee, 0xee, 0xee,
    0xee, 0xee, 0xee, 0xee, 0xee, 0xee, 0xee, 0xee, 0xee, 0xee, 0xee, 0xee, 0xe7, 0x9d, 0xdd, 0xdd,
    0xdd, 0xdd, 0xdd, 0xdd, 0xdd, 0xdd, 0xdd, 0xdd, 0xdd, 0xdd, 0xdd, 0xdd, 0xdd, 0xdd, 0xdd, 0xdd,
    0xdd, 0xdd, 0xdd, 0xdd, 0xdd, 0xdd, 0xc3, 0x97, 0x2e, 0x2e, 0x5c, 0xb9, 0x7d, 0xcb, 0x97, 0x2e,
    0x5c, 0xb9, 0x72, 0xe5, 0xc1, 0xeb, 0x77, 0x77, 0x77, 0x77, 0x77, 0x77, 0x77, 0x77, 0x77, 0x77,
    0x77, 0x77, 0x77, 0x77, 0x77, 0x73, 0xce, 0xee, 0xee, 0xee, 0xee, 0xee, 0xee, 0xee, 0xee, 0xee,
    0xee, 0xee, 0xee, 0xee, 0xee, 0xee, 0xee, 0xee, 0xee, 0xee, 0xee, 0xee, 0xee, 0xee, 0x66, 0x66,
    0x1c, 0x1c, 0xb9, 0x72, 0xe5, 0xcb, 0x97, 0x2f, 0x46, 0xee, 0xee, 0xee, 0xee, 0xee, 0xee, 0xee,
    0xee, 0xee, 0xee, 0xee, 0xee, 0xee, 0xee, 0xee, 0xee, 0xee, 0xee, 0xe7, 0x9d, 0xdd, 0xdd, 0xdd,
    0xdd, 0xdd, 0xdd, 0xdd, 0xdd, 0xdd, 0xdd, 0xdd, 0xdd, 0xdd, 0xdd, 0xdd, 0xdd, 0xdd, 0xdd, 0xdc,
    0x3d, 0x7a, 0x80, 0x00, 0x00, 0x00, 0x7d, 0xd4, 0xdd, 0xdd, 0xdd, 0xdd, 0xdd, 0xdd, 0xdd, 0xdd,
    0xdd, 0xdd, 0xdd, 0xdd, 0xdd, 0xdd, 0xdd, 0xdd, 0xdd, 0xdd, 0xdd, 0xcf, 0x3b, 0xbb, 0xbb, 0xbb,
    0xbb, 0xbb, 0xbb, 0xbb, 0xbb, 0xbb, 0xbb, 0xbb, 0xbb, 0xbb, 0x99, 0xea, 0x75, 0xd0, 0x75, 0xd0,
    0x00, 0x00, 0x00, 0x00, 0x00, 0x00, 0x7a, 0xbb, 0xbb, 0xbb, 0xbb, 0xbb, 0xbb, 0xbb, 0xbb, 0xbb,
    0xbb, 0xbb, 0xbb, 0xbb, 0xbb, 0xbb, 0xbb, 0xbb, 0xb9, 0xe7, 0x77, 0x77, 0x77, 0x77, 0x77, 0x77,
    0x77, 0x77, 0x77, 0x77, 0x77, 0x77, 0x77, 0x33, 0xd4, 0x0f, 0x5f, 0x00, 0x00, 0x00, 0x00, 0x00,
    0x00, 0x00, 0x00, 0x7a, 0x77, 0x77, 0x77, 0x77, 0x77, 0x77, 0x77, 0x77, 0x77, 0x77, 0x77, 0x77,
    0x77, 0x77, 0x77, 0x77, 0x3c, 0xee, 0xee, 0xee, 0xee, 0xee, 0xee, 0xee, 0xee, 0xee, 0xee, 0xee,
    0xee, 0xe1, 0xea, 0x49, 0xe8, 0x00, 0x00, 0x00, 0x00, 0x00, 0x00, 0x00, 0x00, 0x00, 0xfa, 0xee,
    0xee, 0xee, 0xee, 0xee, 0xee, 0xee, 0xee, 0xee, 0xee, 0xee, 0xee, 0xee, 0xee, 0xee, 0x79, 0xdd,
    0xdd, 0xdd, 0xdd, 0xdd, 0xdd, 0xdd, 0xdd, 0xdd, 0xdd, 0xdd, 0xcc, 0xf5, 0x24, 0xfa, 0x00, 0x00,
    0x00, 0x00, 0x00, 0x00, 0x00, 0x00, 0x00, 0x07, 0xc7, 0xae, 0x2f, 0x5f, 0x1f, 0xee, 0xee, 0xee,
    0xee, 0xee, 0xee, 0xee, 0xee, 0xee, 0xee, 0xee, 0xee, 0x79, 0xdd, 0xdd, 0xdd, 0xdd, 0xdd, 0xdd,
    0xdd, 0xdd, 0xdd, 0xdd, 0xcc, 0xf5, 0x24, 0x9e, 0xa4, 0xcc, 0xdd, 0xcc, 0x3a, 0x00, 0x00, 0x00,
    0x02, 0x75, 0xc5, 0xc5, 0xeb, 0xe0, 0x00, 0x27, 0xa0, 0x00, 0x3f, 0xdd, 0xdd, 0xdd, 0xdd, 0xdd,
    0xdd, 0xdd, 0xdd, 0xdd, 0xdd, 0xdd, 0xdc, 0xf3, 0xbb, 0xbb, 0xbb, 0xbb, 0xbb, 0xbb, 0xbb, 0xbb,
    0xbb, 0xb8, 0x7d, 0x24, 0x9d, 0x4e, 0xb3, 0x33, 0x33, 0x33, 0x72, 0x40, 0x00, 0x00, 0xf8, 0xcc,
    0xcc, 0xcc, 0xcc, 0xce, 0x83, 0xe8, 0x00, 0x00, 0x7d, 0xfe, 0xee, 0xee, 0xee, 0xee, 0xee, 0xee,
    0xee, 0xee, 0xee, 0xee, 0xee, 0x79, 0xdd, 0xdd, 0xdd, 0xdd, 0xdd, 0xdd, 0xdd, 0xdd, 0xdd, 0xc3,
    0xd4, 0x92, 0x4e, 0x88, 0x66, 0x66, 0x66, 0x66, 0x10, 0x00, 0x00, 0xeb, 0x33, 0x33, 0x33, 0x33,
    0x33, 0x32, 0x42, 0x7a, 0x80, 0x00, 0x13, 0xde, 0xee, 0xee, 0xee, 0xee, 0xee, 0xee, 0xee, 0xee,
    0xee, 0xee, 0xe7, 0x9d, 0xdd, 0xdd, 0xdd, 0xdd, 0xdd, 0xdd, 0xdd, 0xdd, 0xc3, 0xa9, 0x24, 0x9f,
    0x74, 0x07, 0x53, 0x33, 0x33, 0x3a, 0x80, 0x00, 0x01, 0xf6, 0x66, 0x66, 0x66, 0x66, 0x66, 0x64,
    0x92, 0x7d, 0xd0, 0x00, 0x00, 0x74, 0xee, 0xee, 0xee, 0xee, 0xee, 0xee, 0xee, 0xee, 0xee, 0xee,
    0x79, 0xdd, 0xdd, 0xdd, 0xdd, 0xdd, 0xdd, 0xdd, 0xdd, 0xdc, 0xeb, 0xe9, 0x24, 0x93, 0xd0, 0x00,
    0x01, 0xf7, 0xac, 0xc0, 0x3a, 0x80, 0x04, 0xe8, 0xcc, 0xcc, 0xcc, 0xc3, 0xd4, 0x92, 0x4f, 0x40,
    0x00, 0x00, 0x4f, 0x5b, 0xbb, 0xbb, 0xbb, 0xbb, 0xbb, 0xbb, 0xbb, 0xbb, 0xb9, 0xe7, 0x77, 0x77,
    0x77, 0x77, 0x77, 0x77, 0x77, 0x77, 0x33, 0xd4, 0x93, 0xef, 0xbe, 0xfb, 0xa8, 0x4e, 0x80, 0xcc,
    0xcc, 0xc0, 0x00, 0x3a, 0xe2, 0xeb, 0xe8, 0x00, 0x01, 0x24, 0x92, 0x49, 0xea, 0x00, 0x00, 0x00,
    0x7a, 0xdd, 0xdd, 0xdd, 0xdd, 0xdd, 0xdd, 0xdd, 0xdd, 0xdc, 0xf3, 0xbb, 0xbb, 0xbb, 0xbb, 0xbb,
    0xbb, 0xbb, 0xbb, 0x99, 0xea, 0x4f, 0xbe, 0xfb, 0xef, 0xbe, 0xe2, 0xfa, 0x66, 0x66, 0x64, 0xcc,
    0xc0, 0x9d, 0x00, 0x66, 0x66, 0x66, 0x61, 0x3a, 0x92, 0x49, 0x24, 0x93, 0xef, 0x80, 0x00, 0x00,
    0x0f, 0x9d, 0xdd, 0xdd, 0xdd, 0xdd, 0xdd, 0xdd, 0xdd, 0xcf, 0x3b, 0xbb, 0xbb, 0xbb, 0xbb, 0xbb,
    0xbb, 0xbb, 0xbb, 0x9e, 0xa4, 0xfb, 0xef, 0xbe, 0xfb, 0xaf, 0xb3, 0x33, 0x33, 0x33, 0x33, 0x00,
    0x33, 0x33, 0x33, 0x33, 0x33, 0x33, 0x0e, 0xbe, 0x92, 0x49, 0x24, 0x93, 0xee, 0x80, 0x00, 0x00,
    0x03, 0xef, 0xf7, 0x77, 0x77, 0x77, 0x77, 0x77, 0x77, 0x73, 0xce, 0xee, 0xee, 0xee, 0xee, 0xee,
    0xee, 0xee, 0xee, 0xe1, 0xf4, 0xfb, 0xef, 0x46, 0x66, 0x66, 0x66, 0x66, 0x66, 0x66, 0x66, 0x66,
    0x66, 0x66, 0x66, 0x66, 0x66, 0x07, 0x5f, 0x49, 0x24, 0x92, 0x49, 0x3e, 0xf8, 0x00, 0x00, 0x00,
    0x08, 0xee, 0xee, 0xee, 0xee, 0xee, 0xee, 0xee, 0x79, 0xdd, 0xdd, 0xdd, 0xdd, 0xdd, 0xdd, 0xdd,
    0xdd, 0xdd, 0xce, 0xba, 0xcc, 0xcc, 0xcc, 0xcc, 0xcc, 0xcc, 0xcc, 0xcc, 0xcc, 0xcc, 0xcc, 0xcc,
    0xcc, 0xcc, 0xcc, 0x0f, 0x52, 0x49, 0x24, 0x92, 0x49, 0x38, 0xbe, 0x00, 0x00, 0x00, 0x00, 0xf5,
    0xbb, 0xbb, 0xbb, 0xbb, 0xbb, 0xbb, 0xb9, 0xe7, 0x77, 0x77, 0x77, 0x77, 0x77, 0x77, 0x77, 0x77,
    0x3e, 0x33, 0x33, 0x33, 0x33, 0x33, 0x33, 0x33, 0x33, 0x33, 0x33, 0x33, 0x33, 0x33, 0x33, 0x33,
    0x30, 0x27, 0xd2, 0x49, 0x24, 0x92, 0x7a, 0xfa, 0x7a, 0x80, 0x00, 0x00, 0x00, 0x13, 0xbd, 0xdd,
    0xdd, 0xdd, 0xdd, 0xdd, 0xdc, 0xf3, 0xbb, 0xbb, 0xbb, 0xbb, 0xbb, 0xbb, 0xbb, 0x99, 0xd6, 0x66,
    0x66, 0x66, 0x66, 0x66, 0x66, 0x66, 0x66, 0x66, 0x66, 0x66, 0x66, 0x66, 0x66, 0x66, 0x66, 0x04,
    0xfa, 0x49, 0xf7, 0xaf, 0x5d, 0x49, 0x24, 0x9d, 0x48, 0x00, 0x00, 0x00, 0x04, 0xef, 0x77, 0x77,
    0x77, 0x77, 0x77, 0x77, 0x3c, 0xee, 0xee, 0xee, 0xee, 0xee, 0xee, 0xee, 0xe7, 0x59, 0x99, 0x99,
    0x99, 0x99, 0x99, 0x99, 0x99, 0x99, 0x99, 0x99, 0x99, 0x99, 0x99, 0x99, 0x99, 0x99, 0x81, 0xf7,
    0xd2, 0x49, 0x24, 0x92, 0x49, 0xf7, 0xd2, 0x48, 0x00, 0x00, 0x00, 0x4e, 0xb7, 0x77, 0x77, 0x77,
    0x77, 0x77, 0x73, 0xce, 0xee, 0xee, 0xee, 0xee, 0xee, 0xee, 0xee, 0x1f, 0x66, 0x66, 0x66, 0x66,
    0x66, 0x66, 0x66, 0x66, 0x66, 0x66, 0x66, 0x66, 0x66, 0x66, 0x66, 0x66, 0x60, 0x7d, 0xf4, 0x92,
    0x49, 0x24, 0x92, 0x7d, 0xf4, 0x92, 0x49, 0x24, 0x00, 0x02, 0x4e, 0xf7, 0x77, 0x77, 0x77, 0x77,
    0x77, 0x73, 0xce, 0xee, 0xee, 0xee, 0xee, 0xee, 0xee, 0xee, 0xe1, 0x0c, 0xcc, 0xcc, 0xcc, 0xcc,
    0xcc, 0xcc, 0xcc, 0xcc, 0xcc, 0xcc, 0xcc, 0xcc, 0xcc, 0xcc, 0xc0, 0x3d, 0x49, 0x24, 0x92, 0x49,
    0x24, 0xfb, 0xa9, 0x24, 0x92, 0x49, 0x24, 0x09, 0x27, 0xd7, 0x77, 0x77, 0x77, 0x77, 0x77, 0x77,
    0x3c, 0xee, 0xee, 0xee, 0xee, 0xee, 0xee, 0xee, 0xee, 0xee, 0x74, 0x01, 0x99, 0x99, 0x99, 0x99,
    0x99, 0x99, 0x99, 0x99, 0x99, 0x99, 0x99, 0x98, 0x04, 0xf5, 0x24, 0x92, 0x49, 0x24, 0x92, 0x4f,
    0x52, 0x49, 0x24, 0x92, 0x49, 0x24, 0x9f, 0x5d, 0xdd, 0xdd, 0xdd, 0xdd, 0xdd, 0xdd, 0xcf, 0x3b,
    0xbb, 0xbb, 0xbb, 0xbb, 0xbb, 0xbb, 0xbb, 0xbb, 0xbb, 0x87, 0x40, 0x01, 0x99, 0x99, 0x99, 0x99,
    0x99, 0x99, 0x99, 0x80, 0x07, 0xdf, 0x49, 0x24, 0x92, 0x49, 0x24, 0x92, 0x49, 0xeb, 0xe9, 0x24,
    0x92, 0x49, 0x24, 0x9f, 0x7f, 0xbb, 0xbb, 0xbb, 0xbb, 0xbb, 0xbb, 0xbb, 0x9e, 0x77, 0x77, 0x77,
    0x77, 0x77, 0x77, 0x77, 0x77, 0x77, 0x77, 0x77, 0x77, 0x0e, 0xba, 0x80, 0x00, 0x00, 0x00, 0x7d,
    0xeb, 0xa0, 0x00, 0x09, 0x24, 0x92, 0x49, 0x24, 0x92, 0x4f, 0x5f, 0x49, 0x24, 0x92, 0x4f, 0x5d,
    0xee, 0xee, 0xee, 0xee, 0xee, 0xee, 0xee, 0xee, 0xe7, 0x9d, 0xdd, 0xdd, 0xdd, 0xdd, 0xdd, 0xdd,
    0xdd, 0xdd, 0xdd, 0xdd, 0xdd, 0xdc, 0xce, 0x80, 0x00, 0x00, 0x00, 0x00, 0x00, 0x00, 0x00, 0x02,
    0x49, 0x24, 0x92, 0x49, 0x24, 0x92, 0x49, 0x24, 0x77, 0x77, 0x77, 0x77, 0x77, 0x77, 0x77, 0x77,
    0x3c, 0xee, 0xee, 0xee, 0xee, 0xee, 0xee, 0xee, 0xee, 0xee, 0xee, 0xee, 0xee, 0x67, 0x40, 0x00,
    0x00, 0x00, 0x00, 0x00, 0x00, 0x00, 0x00, 0x04, 0x92, 0x49, 0x24, 0x92, 0x49, 0x24, 0x92, 0x7f,
    0xbb, 0xbb, 0xbb, 0xbb, 0xbb, 0xbb, 0xbb, 0xb9, 0xe7, 0x77, 0x77, 0x77, 0x77, 0x77, 0x77, 0x77,
    0x77, 0x77, 0x77, 0x77, 0x70, 0x80, 0x00, 0x00, 0x00, 0x00, 0x00, 0x00, 0x00, 0x00, 0x00, 0x12,
    0x49, 0x24, 0x92, 0x49, 0x24, 0x93, 0xd6, 0xee, 0xee, 0xee, 0xee, 0xee, 0xee, 0xee, 0xe7, 0x9d,
    0xdd, 0xdd, 0xdd, 0xdd, 0xdd, 0xdd, 0xdd, 0xdd, 0xdd, 0xdd, 0xdd, 0xc8, 0x00, 0x00, 0x00, 0x00,
    0x00, 0x00, 0x00, 0x00, 0x00, 0x00, 0x49, 0x24, 0x92, 0x49, 0x24, 0x92, 0x4f, 0xbf, 0xdd, 0xdd,
    0xdd, 0xdd, 0xdd, 0xdd, 0xdd, 0xcf, 0x3b, 0xbb, 0xbb, 0xbb, 0xbb, 0xbb, 0xbb, 0xbb, 0xbb, 0xbb,
    0xbb, 0xbb, 0x9f, 0x00, 0x00, 0x00, 0x00, 0x00, 0x00, 0x00, 0x00, 0x00, 0x00, 0x04, 0x92, 0x49,
    0x24, 0x92, 0x49, 0x24, 0xf7, 0xbb, 0xbb, 0xbb, 0xbb, 0xbb, 0xbb, 0xbb, 0x9e, 0x77, 0x77, 0x77,
    0x77, 0x77, 0x73, 0xe9, 0xf7, 0x17, 0xa3, 0x77, 0x77, 0x77, 0x3a, 0x00, 0x00, 0x00, 0x00, 0x00,
    0x00, 0x00, 0x00, 0x00, 0x00, 0x92, 0x49, 0x24, 0x92, 0x49, 0x24, 0x92, 0x7a, 0xdd, 0xdd, 0xdd,
    0xdd, 0xdd, 0xdd, 0xdd, 0xcf, 0x3b, 0xbb, 0xbb, 0xbb, 0xbb, 0xbb, 0x9f, 0x7d, 0x24, 0xfb, 0xef,
    0xbe, 0xfb, 0xef, 0xbd, 0x00, 0x00, 0x00, 0x00, 0x00, 0x00, 0x00, 0x00, 0x00, 0x04, 0x92, 0x49,
    0x24, 0x92, 0x49, 0x24, 0x92, 0x4f, 0x5b, 0xbb, 0xbb, 0xbb, 0xbb, 0xbb, 0xbb, 0xb9, 0xe7, 0x77,
    0x77, 0x77, 0x77, 0x77, 0x77, 0x3e, 0xeb, 0xef, 0xbe, 0xfb, 0xef, 0xbe, 0xfb, 0xef, 0x52, 0x00,
    0x00, 0x00, 0x00, 0x00, 0x00, 0x00, 0x00, 0x01, 0x24, 0x92, 0x49, 0x3e, 0xea, 0x49, 0x24, 0xfb,
    0xa3, 0xd4, 0xff, 0x77, 0x77, 0x77, 0x77, 0x77, 0x77, 0x77, 0x3c, 0xee, 0xee, 0xee, 0xee, 0xee,
    0xee, 0xee, 0x67, 0x5f, 0x7d, 0xf7, 0xdf, 0x7d, 0xf7, 0xde, 0xbe, 0x92, 0x48, 0x00, 0x00, 0x00,
    0x00, 0x00, 0x00, 0x12, 0x49, 0x24, 0x92, 0x49, 0x3e, 0x33, 0xd7, 0xd2, 0x7a, 0x02, 0x75, 0xef,
    0x77, 0x77, 0x77, 0x77, 0x77, 0x77, 0x77, 0x73, 0xce, 0xee, 0xee, 0xee, 0xee, 0xee, 0xee, 0xee,
    0xe1, 0xd7, 0xdf, 0x7d, 0xf7, 0xdf, 0x7d, 0xf4, 0x92, 0x49, 0x24, 0x92, 0x00, 0x00, 0x04, 0x92,
    0x49, 0x24, 0x92, 0x49, 0x24, 0x92, 0x4e, 0xb0, 0x00, 0x09, 0x24, 0xfb, 0xd7, 0x5d, 0x7d, 0xd5,
    0xdd, 0xdd, 0xdd, 0xdd, 0xdd, 0xcf, 0x3b, 0xbb, 0xbb, 0xbb, 0xbb, 0xbb, 0xbb, 0xbb, 0xbb, 0x87,
    0xa9, 0x24, 0x9e, 0xbe, 0x92, 0x49, 0x24, 0x92, 0x49, 0x24, 0x92, 0x49, 0x24, 0x92, 0x49, 0x24,
    0x92, 0x49, 0x24, 0x9d, 0x60, 0x49, 0x24, 0x92, 0x49, 0x24, 0x25, 0xdd, 0xdd, 0xdd, 0xdd, 0xdd,
    0xdc, 0xf3, 0xbb, 0xbb, 0xbb, 0xbb, 0xbb, 0xbb, 0xbb, 0xbb, 0xbb, 0xb9, 0x9c, 0x5f, 0x49, 0x3a,
    0xfa, 0x49, 0x24, 0x92, 0x49, 0x24, 0x92, 0x49, 0x24, 0x92, 0x49, 0x24, 0x92, 0x49, 0x24, 0x9d,
    0x60, 0x49, 0x24, 0x92, 0x49, 0x24, 0x9d, 0x3b, 0xbb, 0xbb, 0xbb, 0xbb, 0xbb, 0xb9, 0xe7, 0x77,
    0x77, 0x77, 0x77, 0x77, 0x77, 0x77, 0x77, 0x77, 0x77, 0x73, 0x3e, 0xe2, 0xfb, 0xef, 0xb9, 0x7d,
    0x24, 0x92, 0x49, 0x24, 0x92, 0x49, 0x24, 0x92, 0x49, 0x24, 0x92, 0x49, 0x24, 0x9f, 0x18, 0x49,
    0x24, 0x92, 0x49, 0x24, 0x9d, 0x6e, 0xee, 0xee, 0xee, 0xee, 0xee, 0xee, 0xe7, 0x9d, 0xdd, 0xdd,
    0xdd, 0xdd, 0xdd, 0xdd, 0xdd, 0xdd, 0xdd, 0xdd, 0xdd, 0xdd, 0xc3, 0x8b, 0xaf, 0xb8, 0xbe, 0x92,
    0x49, 0x24, 0x92, 0x49, 0x24, 0x92, 0x49, 0x24, 0x92, 0x49, 0x24, 0x93, 0xac, 0x24, 0x92, 0x49,
    0x24, 0x92, 0x74, 0xee, 0xee, 0xee, 0xee, 0xee, 0xee, 0xee, 0xee, 0x79, 0xdd, 0xdd, 0xdd, 0xdd,
    0xdd, 0xdd, 0xdd, 0xdd, 0xdd, 0xdd, 0xdd, 0xdd, 0xdd, 0xdd, 0xdc, 0xc9, 0xeb, 0xd4, 0x92, 0x49,
    0x24, 0x92, 0x49, 0x24, 0x92, 0x49, 0x24, 0x92, 0x49, 0x27, 0xac, 0x24, 0x92, 0x49, 0x24, 0x9d,
    0x5d, 0xdd, 0xdd, 0xdd, 0xdd, 0xdd, 0xdd, 0xdd, 0xdd, 0xcf, 0x3b, 0xbb, 0xbb, 0xbb, 0xbb, 0xbb,
    0xbb, 0xbb, 0xbb, 0xbb, 0xbb, 0xbb, 0xbb, 0xbb, 0xbb, 0xbb, 0xbb, 0xb9, 0xd7, 0x2e, 0xa4, 0x92,
    0x49, 0x24, 0x92, 0x49, 0x24, 0x9f, 0x7a, 0xf5, 0xd4, 0xcd, 0xdc, 0xf8, 0x24, 0x92, 0x49, 0x27,
    0x13, 0xbb, 0xbb, 0xbb, 0xbb, 0xbb, 0xbb, 0xbb, 0xbb, 0xbb, 0xb9, 0xe7, 0x77, 0x77, 0x77, 0x77,
    0x77, 0x77, 0x77, 0x77, 0x77, 0x77, 0x77, 0x77, 0x77, 0x77, 0x77, 0x70, 0xf5, 0x24, 0x92, 0x7d,
    0xeb, 0xd7, 0x17, 0xaf, 0x5d, 0x75, 0xd7, 0xae, 0x2e, 0x2f, 0xb7, 0x77, 0x77, 0x77, 0x77, 0x77,
    0x77, 0x0f, 0x41, 0x24, 0xeb, 0xad, 0xdd, 0xdd, 0xdd, 0xdd, 0xdd, 0xdd, 0xdd, 0xdd, 0xdd, 0xdd,
    0xdd, 0xcf, 0x3b, 0xbb, 0xbb, 0xbb, 0xbb, 0xbb, 0xbb, 0xbb, 0xbb, 0xbb, 0xbb, 0xbb, 0xbb, 0xbb,
    0xbb, 0x87, 0x40, 0x01, 0x80, 0x01, 0x24, 0x92, 0x7b, 0xdd, 0xdd, 0xdd, 0xdd, 0xdd, 0xdd, 0xdd,
    0xdd, 0xdd, 0xdd, 0xdd, 0xdd, 0xdd, 0xdd, 0xdd, 0xdd, 0xdd, 0xdd, 0xdd, 0xdd, 0xdd, 0xdd, 0xdd,
    0xdc, 0xf3, 0xbb, 0xbb, 0xbb, 0xbb, 0xbb, 0xbb, 0xbb, 0xbb, 0xbb, 0xbb, 0xbb, 0xbb, 0xbb, 0xbb,
    0x99, 0xeb, 0xd7, 0x17, 0x17, 0x17, 0x2f, 0x41, 0x99, 0x99, 0x80, 0x04, 0x93, 0xad, 0xdd, 0xdd,
    0xdd, 0xdd, 0xdd, 0xdd, 0xdd, 0xdd, 0xdd, 0xdd, 0xdd, 0xdd, 0xdd, 0xdd, 0xdd, 0xdd, 0xdd, 0xdd,
    0xdd, 0xdd, 0xdd, 0xdd, 0xdc, 0xf3, 0xbb, 0xbb, 0xbb, 0xbb, 0xbb, 0xbb, 0xbb, 0xbb, 0xbb, 0xbb,
    0xbb, 0xbb, 0xbb, 0xbb, 0xbb, 0xbb, 0xbb, 0xbb, 0xb8, 0x75, 0x93, 0x8b, 0xd1, 0xb9, 0x9f, 0x75,
    0xd4, 0xf9, 0xdd, 0xdd, 0xdd, 0xdd, 0xdd, 0xdd, 0xdd, 0xdd, 0xdd, 0xdd, 0xdd, 0xdd, 0xdd, 0xdd,
    0xdd, 0xdd, 0xdd, 0xdd, 0xdd, 0xdd, 0xdd, 0xdd, 0xdc, 0xf0
};

const HuffmanFrequency SPRITE_20_FREQS[] = {
    {0x0a, 51},
    {0x23, 36},
    {0x25, 43},
    {0x2a, 78},
    {0x2b, 83},
    {0x2d, 856},
    {0x2e, 420},
    {0x3a, 916},
    {0x3d, 144},
    {0x40, 2},
    {0xa0, 2422},
    {0xc2, 2422}
};
}

const HuffmanEncodedSprite SPRITE_20 = {
    SPRITE_20_BYTES,
    static_cast<int>(sizeof(SPRITE_20_BYTES) / sizeof(SPRITE_20_BYTES[0])),
    18638,
    7473,
    SPRITE_20_FREQS,
    static_cast<int>(sizeof(SPRITE_20_FREQS) / sizeof(SPRITE_20_FREQS[0]))
};

namespace
{
const unsigned char SPRITE_21_BYTES[] = {
    0xee, 0xee, 0xee, 0xee, 0xee, 0xee, 0xee, 0xee, 0xee, 0xee, 0xee, 0xee, 0xee, 0xee, 0xee, 0xee,
    0xee, 0xee, 0xee, 0xe0, 0xbb, 0xbb, 0xbb, 0xbb, 0xbb, 0xbb, 0xbb, 0xbb, 0xbb, 0xbb, 0xbb, 0xbb,
    0xbb, 0xbb, 0xbb, 0xbb, 0xb8, 0x07, 0xbb, 0xbb, 0xbb, 0xbb, 0xbb, 0xbb, 0xbb, 0xbb, 0xbb, 0xbb,
    0xbb, 0xbb, 0xbb, 0xbb, 0xbb, 0xbb, 0xbb, 0xbb, 0xbb, 0xbb, 0xbb, 0xbb, 0xbb, 0xbb, 0xbb, 0xbb,
    0xbb, 0xbb, 0xbb, 0xbb, 0xbb, 0xbb, 0x82, 0xee, 0xee, 0xee, 0xee, 0xee, 0xee, 0xee, 0xee, 0xee,
    0xee, 0xe0, 0x1e, 0xee, 0xe2, 0xe5, 0x39, 0x3d, 0xdd, 0xdd, 0xdd, 0xdd, 0xdd, 0xdd, 0xdd, 0xdd,
    0xdd, 0xdd, 0xdd, 0xdd, 0xdd, 0xdd, 0xdd, 0xdd, 0xdd, 0xdd, 0xdd, 0xdd, 0xdd, 0xdd, 0xdd, 0xdd,
    0xdd, 0xdd, 0xdd, 0xdd, 0xdd, 0xdd, 0xdd, 0xdd, 0xc1, 0x77, 0x77, 0x77, 0x77, 0x77, 0x77, 0x77,
    0x77, 0x77, 0x77, 0x3a, 0x3d, 0xc0, 0x62, 0xc4, 0xa2, 0xe0, 0xee, 0xee, 0xee, 0xee, 0xee, 0xee,
    0xee, 0xee, 0xee, 0xee, 0xee, 0xee, 0xee, 0xee, 0xee, 0xee, 0xee, 0xee, 0xee, 0xee, 0xee, 0xee,
    0xee, 0xee, 0xee, 0xee, 0xee, 0xee, 0xee, 0xee, 0xee, 0xee, 0xe0, 0xbb, 0xbb, 0xbb, 0xbb, 0xbb,
    0xbb, 0xbb, 0x8f, 0x73, 0xb2, 0x4e, 0xc0, 0x24, 0x92, 0x52, 0x47, 0xbb, 0xbb, 0xbb, 0xbb, 0xbb,
    0xbb, 0xbb, 0xbb, 0xbb, 0xbb, 0xbb, 0xbb, 0xbb, 0xbb, 0xbb, 0xbb, 0xbb, 0xbb, 0xbb, 0xbb, 0xbb,
    0xbb, 0xbb, 0xbb, 0xbb, 0xbb, 0xbb, 0xbb, 0xbb, 0xbb, 0xbb, 0xbb, 0xb8, 0x2e, 0xee, 0xee, 0xee,
    0xee, 0xee, 0xee, 0x2e, 0x40, 0x93, 0xb2, 0x4e, 0x49, 0x24, 0x92, 0xe0, 0x70, 0x77, 0x77, 0x77,
    0x77, 0x77, 0x77, 0x77, 0x77, 0x77, 0x77, 0x77, 0x77, 0x77, 0x77, 0x77, 0x77, 0x77, 0x77, 0x77,
    0x00, 0x1d, 0xdd, 0xdd, 0xdd, 0xdd, 0xdd, 0xdd, 0xdd, 0xdd, 0xdd, 0xdd, 0xdd, 0xc1, 0x77, 0x77,
    0x77, 0x77, 0x70, 0x3b, 0xb9, 0x24, 0xc9, 0x39, 0x24, 0x92, 0x49, 0x25, 0xd3, 0xb2, 0x4c, 0xe9,
    0x2e, 0xee, 0xee, 0xee, 0xee, 0xee, 0xee, 0xee, 0xee, 0xee, 0xee, 0xee, 0xe0, 0x0d, 0x27, 0x45,
    0x77, 0x77, 0x77, 0x77, 0x77, 0x77, 0x77, 0x77, 0x77, 0x77, 0x77, 0x77, 0x77, 0x05, 0xdd, 0xdd,
    0xdd, 0xdd, 0xc0, 0x74, 0x9d, 0x24, 0x93, 0x92, 0x49, 0x24, 0x92, 0x49, 0x29, 0x24, 0xee, 0x91,
    0x2e, 0x7b, 0xbb, 0xbb, 0xbb, 0xbb, 0xbb, 0xbb, 0xbb, 0xb8, 0x0e, 0x49, 0x24, 0xb8, 0x3b, 0xbb,
    0xbb, 0xbb, 0xbb, 0xbb, 0xbb, 0xbb, 0xbb, 0xbb, 0xbb, 0xbb, 0xbb, 0xb8, 0x2e, 0xee, 0xee, 0xee,
    0xe0, 0x01, 0x24, 0x92, 0x67, 0x66, 0x24, 0x92, 0x49, 0x24, 0xa2, 0x49, 0x49, 0x24, 0x9c, 0xf7,
    0x77, 0x77, 0x77, 0x77, 0x77, 0x77, 0x77, 0x14, 0x49, 0x24, 0x92, 0x27, 0x07, 0x00, 0x1d, 0xdd,
    0xdd, 0xdd, 0xdd, 0xdd, 0xdd, 0xdd, 0xdd, 0xdd, 0xdd, 0xdd, 0xc1, 0x26, 0x66, 0x66, 0x74, 0x5d,
    0x22, 0x52, 0x4e, 0x49, 0x24, 0x92, 0x49, 0x24, 0xa4, 0x99, 0x93, 0x0c, 0x6c, 0xce, 0xee, 0xfd,
    0xdd, 0xdd, 0xdd, 0xdc, 0x06, 0x24, 0x92, 0x49, 0x24, 0x91, 0xa2, 0xe0, 0xee, 0xee, 0xee, 0xee,
    0xee, 0xee, 0xee, 0xee, 0xee, 0xee, 0xee, 0xee, 0xe0, 0x8b, 0x0d, 0x9d, 0xd8, 0x62, 0x67, 0x64,
    0x49, 0x25, 0x12, 0x49, 0x24, 0x92, 0x4a, 0x4e, 0xc2, 0x77, 0x77, 0x77, 0x1b, 0xb1, 0xee, 0xee,
    0xee, 0xee, 0x48, 0x80, 0x00, 0x01, 0x24, 0x92, 0x49, 0x25, 0xcf, 0x77, 0x77, 0x77, 0x77, 0x77,
    0x77, 0x77, 0x77, 0x77, 0x77, 0x77, 0x77, 0x70, 0x5c, 0x59, 0x92, 0x49, 0x3b, 0x8d, 0x99, 0x89,
    0x24, 0x92, 0x49, 0x24, 0x94, 0xc3, 0x18, 0xd9, 0xdd, 0xd2, 0x76, 0x67, 0xee, 0xee, 0xee, 0xee,
    0x72, 0x48, 0x09, 0x24, 0x92, 0x49, 0x24, 0x92, 0x4a, 0x7e, 0xee, 0xee, 0xee, 0xee, 0xee, 0xee,
    0xee, 0xee, 0xee, 0xee, 0xee, 0xe0, 0xbb, 0x80, 0xce, 0x37, 0x49, 0x38, 0xc6, 0xce, 0xc9, 0x12,
    0x49, 0x24, 0x97, 0x74, 0xcc, 0xc3, 0x1b, 0x0d, 0x86, 0xcc, 0x37, 0x76, 0x07, 0x77, 0x70, 0x11,
    0x24, 0x92, 0x49, 0x24, 0x92, 0x49, 0x24, 0x92, 0x49, 0x60, 0x77, 0x77, 0x77, 0x77, 0x77, 0x77,
    0x77, 0x77, 0x77, 0x77, 0x70, 0x5d, 0xdd, 0xc0, 0x61, 0xb0, 0xc4, 0x31, 0xbb, 0x3b, 0x00, 0x6c,
    0xe4, 0x92, 0x50, 0x84, 0x8b, 0xbb, 0x24, 0x92, 0x48, 0x6c, 0xec, 0xc0, 0xee, 0xe0, 0x22, 0x49,
    0x24, 0x92, 0x49, 0x24, 0x92, 0x89, 0x24, 0x92, 0x49, 0x60, 0x77, 0x77, 0x77, 0x77, 0x77, 0x77,
    0x77, 0x77, 0x77, 0x70, 0x5d, 0xdd, 0xdd, 0xce, 0xec, 0x89, 0x25, 0x99, 0x27, 0x1b, 0x24, 0x9c,
    0x6c, 0xee, 0xec, 0x92, 0x24, 0xa4, 0x92, 0x1b, 0x8d, 0x81, 0xc0, 0x44, 0x92, 0x49, 0x24, 0x92,
    0x49, 0x24, 0xbb, 0x92, 0x49, 0x24, 0x92, 0x5b, 0xbb, 0xbb, 0xbb, 0xbb, 0xbb, 0xbb, 0xbb, 0xbb,
    0xb8, 0x2e, 0xee, 0xe0, 0x39, 0x24, 0x92, 0x49, 0x25, 0x0d, 0x38, 0xd8, 0x63, 0x4c, 0xc4, 0x94,
    0x49, 0x49, 0x24, 0x92, 0x1b, 0x1e, 0xe7, 0x48, 0x92, 0x49, 0x24, 0x92, 0x49, 0x24, 0x92, 0xc9,
    0x24, 0x92, 0x49, 0x27, 0x3d, 0xdd, 0xdd, 0xdd, 0xdd, 0xdd, 0xdd, 0xdd, 0xc1, 0x77, 0x77, 0x72,
    0x62, 0x49, 0x24, 0xbb, 0x92, 0x49, 0x60, 0xc4, 0x92, 0x49, 0x27, 0x74, 0x92, 0x49, 0x24, 0x8b,
    0x1e, 0xe6, 0x49, 0x22, 0x49, 0x24, 0x94, 0x92, 0x24, 0x94, 0x9d, 0xd2, 0x49, 0x24, 0x92, 0x4e,
    0x0e, 0xee, 0xee, 0xee, 0xee, 0xee, 0xee, 0xe0, 0xbb, 0xb9, 0xd1, 0x49, 0xdc, 0x92, 0x49, 0x4c,
    0x49, 0x24, 0x92, 0x4a, 0x44, 0xa4, 0x92, 0x49, 0x12, 0x37, 0x76, 0x62, 0xc9, 0x24, 0x92, 0x49,
    0x24, 0x92, 0x49, 0x24, 0x92, 0x77, 0x49, 0x24, 0x92, 0x49, 0x3f, 0x77, 0x77, 0x77, 0x77, 0x77,
    0x77, 0x70, 0x5d, 0xdd, 0xdd, 0xdd, 0xc5, 0x22, 0x49, 0x25, 0x92, 0x24, 0x92, 0x52, 0x24, 0x94,
    0x92, 0x24, 0xa1, 0xbb, 0xb3, 0xba, 0x76, 0x1b, 0x24, 0x92, 0x49, 0x24, 0x92, 0x49, 0x24, 0x92,
    0x43, 0x49, 0x24, 0x92, 0x49, 0x27, 0x07, 0x77, 0x77, 0x77, 0x77, 0x77, 0x70, 0x5d, 0xdd, 0xdd,
    0xdd, 0xc5, 0x32, 0x24, 0x92, 0x4b, 0xb2, 0x24, 0xbb, 0x24, 0x92, 0x44, 0xa0, 0xdc, 0x63, 0x1b,
    0xbb, 0xbb, 0xa4, 0xce, 0x92, 0x49, 0x24, 0x92, 0x49, 0x24, 0x92, 0x49, 0x27, 0x64, 0x92, 0x49,
    0x24, 0x93, 0xae, 0xee, 0xee, 0xee, 0xee, 0xee, 0xe0, 0xbb, 0xbb, 0xbb, 0xbb, 0xbb, 0x80, 0x79,
    0x22, 0x49, 0x25, 0x24, 0x91, 0x25, 0x24, 0xe2, 0x1b, 0x08, 0x31, 0x33, 0xbb, 0xbb, 0xb0, 0xd9,
    0xc6, 0x92, 0x49, 0x24, 0x92, 0x49, 0x24, 0x92, 0x49, 0x24, 0xc9, 0x24, 0x92, 0x49, 0x24, 0xee,
    0x98, 0xf7, 0x77, 0x77, 0x77, 0x05, 0xdd, 0xdd, 0xdd, 0xdd, 0xdd, 0xdd, 0xc0, 0x72, 0x49, 0x24,
    0x92, 0x49, 0x24, 0x94, 0x93, 0x06, 0x36, 0x10, 0x84, 0xee, 0xec, 0xc8, 0x1d, 0xc5, 0xd2, 0x49,
    0x24, 0x92, 0x49, 0x24, 0x92, 0x49, 0x27, 0x74, 0x92, 0x49, 0x24, 0x92, 0x49, 0x24, 0x8a, 0x63,
    0xdc, 0x17, 0x77, 0x77, 0x77, 0x77, 0x70, 0x1d, 0x3b, 0x94, 0x92, 0x24, 0x94, 0x92, 0x49, 0x12,
    0xe9, 0xdc, 0x63, 0x18, 0x62, 0x10, 0x83, 0x60, 0x77, 0x77, 0x71, 0x74, 0xc3, 0x66, 0x64, 0x92,
    0x49, 0x24, 0x92, 0x49, 0xdd, 0x24, 0x92, 0x49, 0x24, 0x92, 0x49, 0x30, 0xdc, 0xf7, 0x70, 0x5d,
    0xdd, 0xdd, 0xdd, 0xdd, 0xc8, 0x92, 0xec, 0x51, 0x24, 0x92, 0x49, 0x29, 0x24, 0xee, 0x92, 0x4e,
    0x36, 0x66, 0x61, 0x06, 0x21, 0x08, 0x43, 0x66, 0x66, 0x66, 0x66, 0x66, 0x10, 0x84, 0xe9, 0x24,
    0x92, 0x49, 0xdd, 0x24, 0x92, 0x49, 0x24, 0x92, 0x49, 0x24, 0xcc, 0x81, 0xc1, 0x77, 0x77, 0x77,
    0x77, 0x39, 0x44, 0x92, 0x49, 0x24, 0x92, 0x49, 0x24, 0x92, 0x49, 0x29, 0x22, 0x46, 0x18, 0xd9,
    0x99, 0x98, 0x41, 0x86, 0x1b, 0x33, 0x33, 0xb3, 0x33, 0x08, 0x42, 0x10, 0x6e, 0xe9, 0x24, 0x93,
    0x24, 0x92, 0x49, 0x24, 0x92, 0x49, 0x24, 0xc0, 0xee, 0xee, 0xe0, 0xbb, 0xbb, 0xbb, 0xbb, 0x80,
    0xe0, 0x24, 0x92, 0x49, 0x24, 0x92, 0x49, 0x24, 0x92, 0x49, 0x49, 0x24, 0x58, 0x31, 0x06, 0x18,
    0xd9, 0x99, 0x98, 0x36, 0x66, 0x66, 0x66, 0x18, 0x62, 0x10, 0x6c, 0xcc, 0xee, 0xee, 0x9d, 0x33,
    0xa4, 0x92, 0x49, 0x24, 0x92, 0x65, 0xdd, 0xdd, 0xdd, 0xdc, 0x17, 0x77, 0x77, 0x77, 0x01, 0xd2,
    0x62, 0x49, 0x24, 0x92, 0x49, 0x24, 0x92, 0x49, 0x24, 0x94, 0x36, 0x66, 0x66, 0x10, 0x62, 0x10,
    0x83, 0x0c, 0x4c, 0xcc, 0xcc, 0xcc, 0xcc, 0x18, 0x61, 0x86, 0x36, 0x18, 0x86, 0xee, 0xee, 0xbb,
    0xbb, 0x88, 0xdd, 0x21, 0x83, 0xbb, 0xbb, 0xbb, 0xbb, 0xbb, 0xbb, 0xbb, 0x82, 0xee, 0xee, 0xee,
    0xee, 0xee, 0x01, 0x1b, 0x22, 0x49, 0x24, 0x92, 0x49, 0x24, 0x94, 0x92, 0x4e, 0xcc, 0xcc, 0xcc,
    0xcc, 0xc3, 0x0c, 0x42, 0x10, 0x84, 0xce, 0xec, 0xcc, 0xcc, 0xcc, 0xcc, 0x21, 0x08, 0x4c, 0xee,
    0xfd, 0xdd, 0xdd, 0xdd, 0xdc, 0x86, 0x0e, 0xee, 0xee, 0x01, 0xee, 0xee, 0xee, 0xee, 0x0b, 0xbb,
    0xbb, 0xbb, 0xbb, 0xbb, 0x93, 0x38, 0xc3, 0x24, 0x92, 0x49, 0x24, 0x92, 0x98, 0x62, 0x1b, 0x88,
    0x31, 0x33, 0xb3, 0x33, 0x06, 0x21, 0x08, 0x42, 0x0c, 0x6c, 0xcc, 0xcc, 0xcc, 0xcc, 0xcc, 0xc1,
    0x86, 0x21, 0x08, 0x4e, 0x7b, 0xbb, 0xbb, 0xbb, 0xbb, 0xb8, 0x07, 0xb8, 0x0e, 0x5c, 0x1d, 0xdd,
    0xdd, 0xdd, 0xc1, 0x77, 0x77, 0x77, 0x77, 0x77, 0x73, 0xb0, 0x84, 0xc3, 0x44, 0x92, 0x49, 0x24,
    0xa1, 0x8d, 0x99, 0x98, 0x42, 0x10, 0x99, 0xc6, 0x18, 0x84, 0x21, 0x08, 0x36, 0x66, 0x66, 0x66,
    0x66, 0x66, 0x66, 0x18, 0x62, 0x10, 0x84, 0x21, 0x83, 0xbb, 0xbb, 0x81, 0xdd, 0xdc, 0x07, 0x1a,
    0x72, 0x48, 0xd8, 0x1d, 0xdd, 0xdd, 0xdd, 0xc1, 0x77, 0x77, 0x77, 0x77, 0x77, 0x73, 0x88, 0x41,
    0x89, 0x89, 0x24, 0x92, 0x52, 0x49, 0x0d, 0xdd, 0xdd, 0xdc, 0x42, 0x10, 0x86, 0x21, 0x08, 0x31,
    0x33, 0xbb, 0x0d, 0x99, 0xdd, 0xdd, 0x99, 0x83, 0x10, 0x84, 0x20, 0xd9, 0x99, 0xfb, 0xb8, 0x0e,
    0xbb, 0x8a, 0x25, 0xc9, 0x25, 0xdf, 0xbb, 0xbb, 0xbb, 0xbb, 0xb8, 0x2e, 0xee, 0xee, 0xee, 0xee,
    0xee, 0xe1, 0x08, 0x4c, 0x21, 0x92, 0x52, 0x49, 0x24, 0xec, 0x37, 0x77, 0x77, 0x77, 0x18, 0x62,
    0x0c, 0x42, 0x13, 0x33, 0x30, 0xc3, 0x0c, 0x6e, 0xee, 0xee, 0xc1, 0x88, 0x42, 0x10, 0x63, 0x66,
    0x18, 0x86, 0x02, 0xcc, 0x46, 0x37, 0x25, 0x24, 0x49, 0x25, 0x30, 0x3b, 0xbb, 0xbb, 0xbb, 0x82,
    0xee, 0xee, 0xee, 0xee, 0xee, 0xee, 0x22, 0x66, 0x76, 0x61, 0xa4, 0x92, 0x49, 0x38, 0xdd, 0xdd,
    0x3b, 0xa7, 0x71, 0x08, 0x42, 0x66, 0x66, 0x18, 0x61, 0x86, 0x18, 0x9c, 0x6e, 0xec, 0x18, 0x83,
    0x0c, 0x36, 0x66, 0x60, 0xc4, 0x21, 0x32, 0x49, 0x24, 0x49, 0x49, 0x24, 0x93, 0x9e, 0xee, 0xee,
    0xee, 0xee, 0xe0, 0xbb, 0xbb, 0xbb, 0xbb, 0xbb, 0xbb, 0xb9, 0x99, 0x99, 0x99, 0x86, 0x37, 0x77,
    0x77, 0x77, 0x67, 0x74, 0x9d, 0xdd, 0xdd, 0xd8, 0x4c, 0x36, 0x61, 0x88, 0x92, 0x53, 0x3b, 0x88,
    0x4c, 0xee, 0xee, 0xc3, 0x0c, 0x42, 0x10, 0x83, 0x19, 0x25, 0x24, 0x91, 0x25, 0x24, 0x9b, 0xbb,
    0xbb, 0xbb, 0xbb, 0xbb, 0xb8, 0x2e, 0xee, 0xee, 0xee, 0xee, 0xee, 0xee, 0x03, 0x3b, 0x33, 0x33,
    0x0c, 0x30, 0xdd, 0xdd, 0xd9, 0x99, 0xd2, 0x49, 0xdd, 0xdd, 0xdc, 0x30, 0xd8, 0x92, 0x49, 0x61,
    0x8c, 0x6e, 0xee, 0xee, 0xee, 0x18, 0x62, 0x10, 0x84, 0x26, 0x66, 0x1b, 0xa4, 0x92, 0x44, 0xa4,
    0x93, 0x83, 0xbb, 0xbb, 0xbb, 0xbb, 0xbb, 0xb8, 0x2e, 0xee, 0xee, 0xee, 0xee, 0xee, 0xee, 0xe7,
    0x74, 0x93, 0x88, 0x42, 0x10, 0x99, 0xd9, 0xc6, 0xce, 0x92, 0x49, 0xdc, 0x43, 0x13, 0x12, 0x49,
    0x25, 0xc4, 0x21, 0x8c, 0x4e, 0xee, 0xee, 0xee, 0xcc, 0xcc, 0xcc, 0xcc, 0x34, 0xec, 0x92, 0x44,
    0xa4, 0x93, 0x77, 0x03, 0xbb, 0xbb, 0xbb, 0xbb, 0xbb, 0x82, 0xee, 0xee, 0xee, 0xee, 0xee, 0xee,
    0xee, 0x4c, 0x93, 0x88, 0x42, 0x10, 0x84, 0xee, 0xee, 0xe3, 0x12, 0x49, 0x26, 0x0c, 0x42, 0x13,
    0x12, 0x49, 0x25, 0x0c, 0x63, 0x18, 0xc4, 0x31, 0x33, 0x33, 0x33, 0x33, 0x33, 0x0d, 0x22, 0x92,
    0x49, 0x24, 0x92, 0x67, 0x75, 0xdd, 0xdd, 0xdd, 0xdd, 0xdd, 0xdc, 0x17, 0x77, 0x77, 0x77, 0x77,
    0x77, 0x77, 0x71, 0x1b, 0x0d, 0x84, 0x21, 0x06, 0x18, 0x9d, 0xdd, 0xdd, 0x98, 0x43, 0x48, 0x62,
    0x10, 0x84, 0x89, 0x24, 0x92, 0x5d, 0x12, 0x21, 0x8c, 0x63, 0x18, 0xd3, 0x0c, 0x62, 0x18, 0xc6,
    0x8a, 0x49, 0x24, 0x92, 0x49, 0x27, 0x11, 0xee, 0xee, 0xee, 0xee, 0xee, 0xee, 0xe0, 0xbb, 0xbb,
    0xbb, 0xbb, 0xbb, 0xbb, 0xbb, 0x88, 0xd9, 0x98, 0x42, 0x61, 0x86, 0x27, 0x77, 0x71, 0x80, 0x02,
    0x1b, 0x0d, 0x84, 0x21, 0x06, 0xce, 0x8a, 0x45, 0x24, 0x86, 0x21, 0x8c, 0x63, 0x18, 0x9d, 0x24,
    0x92, 0x49, 0x24, 0x92, 0x49, 0x24, 0x92, 0x76, 0x07, 0x77, 0x77, 0x77, 0x77, 0x77, 0x77, 0x70,
    0x5d, 0xdd, 0xdd, 0xdd, 0xdd, 0xdd, 0xdd, 0xc0, 0x10, 0xd8, 0x61, 0xb3, 0x88, 0x4c, 0xee, 0x36,
    0x72, 0x06, 0x13, 0x30, 0xc4, 0x20, 0xd9, 0xdd, 0x92, 0x49, 0x24, 0x31, 0x0c, 0x63, 0x18, 0xc4,
    0x59, 0x24, 0x92, 0x49, 0x24, 0x92, 0x49, 0x24, 0xec, 0x7b, 0xbb, 0xbb, 0xbb, 0xbb, 0xbb, 0xbb,
    0xbb, 0xb8, 0x2e, 0xee, 0xee, 0xee, 0xee, 0xee, 0xee, 0xe0, 0x38, 0x86, 0x27, 0x77, 0x77, 0x75,
    0xdd, 0xdd, 0xdc, 0x84, 0x31, 0x88, 0x42, 0x77, 0x76, 0x12, 0x49, 0x24, 0x31, 0x0c, 0x63, 0x18,
    0x98, 0xf0, 0x1d, 0xdd, 0x24, 0x92, 0x49, 0x24, 0x92, 0x76, 0x07, 0x77, 0x77, 0x77, 0x77, 0x77,
    0x77, 0x77, 0x77, 0x77, 0x05, 0xdd, 0xdd, 0xdd, 0xdd, 0xdd, 0xdd, 0xdc, 0x5d, 0xc4, 0xee, 0xee,
    0xee, 0xe7, 0xbb, 0xbb, 0xb9, 0x38, 0xc4, 0x21, 0x3b, 0xbb, 0x88, 0x37, 0x43, 0x18, 0xc6, 0x31,
    0x8c, 0x63, 0x1a, 0xee, 0xee, 0xe2, 0x31, 0xbb, 0xba, 0x49, 0x24, 0x92, 0x4c, 0x7b, 0xbb, 0xbb,
    0xbb, 0xbb, 0xbb, 0xbb, 0xbb, 0xbb, 0xbb, 0x82, 0xee, 0xee, 0xee, 0xee, 0xee, 0xee, 0xee, 0x67,
    0x77, 0x77, 0x77, 0x77, 0x77, 0xee, 0xee, 0xee, 0x4e, 0xe2, 0x1b, 0xbb, 0xbb, 0xbb, 0x08, 0x6c,
    0x31, 0xb0, 0xc6, 0x31, 0x8c, 0x6f, 0xdd, 0xdc, 0x86, 0xcc, 0xcc, 0xc3, 0x10, 0x84, 0x36, 0x66,
    0x77, 0xee, 0xee, 0xee, 0xee, 0xee, 0xee, 0xee, 0xee, 0xee, 0xee, 0xee, 0x0b, 0xbb, 0xbb, 0xbb,
    0xbb, 0xbb, 0xb8, 0x0c, 0xee, 0xee, 0xee, 0xee, 0xee, 0xef, 0xdd, 0xdd, 0xdc, 0xee, 0xee, 0xee,
    0xee, 0xee, 0xec, 0x21, 0x33, 0x08, 0x63, 0x18, 0x98, 0x1d, 0xdc, 0xec, 0xe3, 0x67, 0x76, 0x1b,
    0x33, 0x33, 0x30, 0x3b, 0xbb, 0xbb, 0xbb, 0xbb, 0xbb, 0xbb, 0xbb, 0xbb, 0xbb, 0xbb, 0xbb, 0xbb,
    0x82, 0xee, 0xee, 0xee, 0xee, 0xee, 0x03, 0x26, 0x67, 0x77, 0x67, 0x77, 0x77, 0x75, 0xdd, 0xdd,
    0xc0, 0x67, 0x77, 0x77, 0x77, 0x77, 0x76, 0x3d, 0xdd, 0xdd, 0xdd, 0xdd, 0xdd, 0xc9, 0x90, 0xd2,
    0x43, 0x74, 0xee, 0xcc, 0xc3, 0x07, 0x77, 0x77, 0x77, 0x77, 0x77, 0x77, 0x77, 0x77, 0x77, 0x77,
    0x77, 0x77, 0x70, 0x5d, 0xdd, 0xdd, 0xdd, 0xdd, 0xc9, 0xd9, 0xd2, 0x66, 0x77, 0x77, 0x77, 0x63,
    0xdd, 0xdc, 0x99, 0xdd, 0xdd, 0xdd, 0xdd, 0xdd, 0xd8, 0x1d, 0xdd, 0xdd, 0xdd, 0xdd, 0xdd, 0xdc,
    0xec, 0xcc, 0xcc, 0xcc, 0xcc, 0xc3, 0x40, 0xee, 0xee, 0xee, 0xee, 0xee, 0xee, 0xee, 0xee, 0xee,
    0xee, 0xee, 0xee, 0xee, 0xee, 0x0b, 0xbb, 0xbb, 0xbb, 0xbb, 0xbb, 0xb8, 0xb0, 0xc6, 0xcc, 0x31,
    0xb2, 0x07, 0x77, 0x77, 0x17, 0x4e, 0xc9, 0x24, 0xc9, 0x27, 0x76, 0xee, 0xee, 0xee, 0xee, 0xee,
    0xee, 0xee, 0xee, 0xee, 0xee, 0xee, 0xee, 0xee, 0xee, 0xee, 0xee, 0xee, 0xee, 0xee, 0xee, 0xee,
    0xee, 0xee, 0xee, 0xee, 0xee, 0xee, 0xee, 0x0b, 0xbb, 0xbb, 0xbb, 0xbb, 0xbb, 0xbb, 0xbb, 0xbb,
    0xbb, 0xbb, 0xbb, 0xbb, 0xbb, 0xb8, 0x0e, 0xec, 0xee, 0xee, 0xcc, 0xee, 0xec, 0x33, 0xdd, 0xdd,
    0xdd, 0xdd, 0xdd, 0xdd, 0xdd, 0xdd, 0xdd, 0xdd, 0xdd, 0xdd, 0xdd, 0xdd, 0xdd, 0xdd, 0xdd, 0xdd,
    0xdd, 0xdd, 0xdd, 0xdd, 0xdd, 0xdd, 0xdd, 0xdd, 0xdd, 0xdc, 0x17, 0x77, 0x77, 0x77, 0x77, 0x77,
    0x77, 0x77, 0x77, 0x77, 0x77, 0x77, 0x77, 0x77, 0x77, 0x77, 0x77, 0x70, 0x0a, 0x4e, 0x7b, 0xbb,
    0xbb, 0xbb, 0xbb, 0xbb, 0xbb, 0xbb, 0xbb, 0xbb, 0xbb, 0xbb, 0xbb, 0xbb, 0xbb, 0xbb, 0xbb, 0xbb,
    0xbb, 0xbb, 0xbb, 0xbb, 0xbb, 0xbb, 0xbb, 0xbb, 0xbb, 0xbb, 0xbb, 0xbb, 0xbb, 0xbb, 0xbb, 0xbb,
    0xbb, 0xbb, 0xbb, 0xbb, 0xbb, 0xbb, 0xbb, 0xbb, 0xbb, 0xbb, 0xbb, 0xbb, 0xbb, 0xbb, 0xbb, 0xbb,
    0xbb, 0x82
};

const HuffmanFrequency SPRITE_21_FREQS[] = {
    {0x0a, 49},
    {0x23, 200},
    {0x25, 70},
    {0x2a, 202},
    {0x2b, 420},
    {0x2d, 804},
    {0x2e, 87},
    {0x3a, 683},
    {0x3d, 452},
    {0xa0, 1963},
    {0xc2, 1963}
};
}

const HuffmanEncodedSprite SPRITE_21 = {
    SPRITE_21_BYTES,
    static_cast<int>(sizeof(SPRITE_21_BYTES) / sizeof(SPRITE_21_BYTES[0])),
    18960,
    6893,
    SPRITE_21_FREQS,
    static_cast<int>(sizeof(SPRITE_21_FREQS) / sizeof(SPRITE_21_FREQS[0]))
};

namespace
{
const unsigned char SPRITE_22_BYTES[] = {
    0xee, 0xee, 0xee, 0xee, 0xee, 0xee, 0xee, 0xee, 0xee, 0xee, 0xee, 0x07, 0xbb, 0xbb, 0xbb, 0xbb,
    0xbb, 0xbb, 0xbb, 0xbb, 0xbb, 0xbb, 0xbb, 0xbb, 0xbb, 0xbb, 0xbb, 0xbb, 0xbb, 0xbb, 0xbb, 0xbb,
    0xbb, 0xbb, 0xbb, 0xbb, 0xbb, 0xbb, 0xbb, 0x89, 0x92, 0x49, 0x26, 0xee, 0xee, 0xee, 0xee, 0xee,
    0xee, 0xee, 0xee, 0xee, 0xee, 0xee, 0xee, 0xee, 0xee, 0xee, 0xee, 0xee, 0xee, 0x07, 0xbb, 0xbb,
    0xbb, 0xbb, 0xbb, 0xbb, 0xbb, 0xbb, 0xbb, 0xbb, 0xbb, 0xbb, 0xbb, 0xbb, 0xbb, 0xbb, 0xbb, 0xb8,
    0x92, 0x33, 0x46, 0xc4, 0x44, 0x4c, 0x26, 0x66, 0x26, 0x92, 0x33, 0x49, 0xc3, 0x46, 0x5d, 0xdd,
    0xdd, 0xdd, 0xdd, 0xdd, 0xdd, 0xdd, 0xdd, 0xdd, 0xdd, 0xdd, 0xdd, 0xdd, 0xdd, 0xdd, 0xdc, 0x0f,
    0x77, 0x77, 0x77, 0x77, 0x77, 0x77, 0x77, 0x77, 0x77, 0x77, 0x77, 0x77, 0x77, 0x77, 0x77, 0x77,
    0x13, 0x24, 0x84, 0xd3, 0xa4, 0x8c, 0xcc, 0xcc, 0xcc, 0xcc, 0xd1, 0x9a, 0x4c, 0x4c, 0xce, 0x93,
    0x77, 0x77, 0x77, 0x77, 0x77, 0x77, 0x77, 0x77, 0x77, 0x77, 0x77, 0x77, 0x77, 0x77, 0x77, 0x77,
    0x03, 0xdd, 0xdd, 0xdd, 0xdd, 0xdd, 0xdd, 0xdd, 0xdd, 0xdd, 0xdd, 0xdd, 0xdd, 0xdd, 0xdd, 0xdd,
    0xdc, 0x42, 0x91, 0x9a, 0x49, 0xdc, 0xcc, 0xcc, 0xcc, 0xcc, 0xcc, 0xd3, 0x9a, 0x12, 0x22, 0x66,
    0x14, 0x90, 0x97, 0x77, 0x77, 0x77, 0x77, 0x77, 0x77, 0x77, 0x77, 0x77, 0x77, 0x77, 0x77, 0x77,
    0x77, 0x70, 0x3d, 0xdd, 0xdd, 0xdd, 0xdd, 0xdd, 0xdd, 0xdd, 0xdd, 0xdd, 0xdd, 0xdd, 0xdd, 0xdd,
    0xdd, 0xdc, 0x46, 0xe6, 0x44, 0x42, 0x62, 0x91, 0x99, 0x99, 0x99, 0x99, 0x99, 0x99, 0x89, 0x11,
    0x13, 0x31, 0xba, 0x49, 0x23, 0x62, 0xee, 0xee, 0xee, 0xee, 0xee, 0xee, 0xee, 0xee, 0xee, 0xee,
    0xee, 0xee, 0xee, 0xe0, 0x7b, 0xbb, 0xbb, 0xbb, 0xbb, 0xbb, 0xbb, 0xbb, 0xbb, 0xbb, 0xbb, 0xbb,
    0xbb, 0xbb, 0xbb, 0x88, 0x52, 0x36, 0x22, 0x26, 0x34, 0x66, 0x69, 0x19, 0x99, 0xa3, 0x34, 0x92,
    0x46, 0x66, 0x92, 0x49, 0x24, 0x92, 0x36, 0xee, 0xee, 0xee, 0xee, 0xee, 0xee, 0xee, 0xee, 0xee,
    0xee, 0xee, 0xee, 0xe0, 0x7b, 0xbb, 0xbb, 0xbb, 0xbb, 0xbb, 0xbb, 0xbb, 0xbb, 0xbb, 0xbb, 0xbb,
    0xbb, 0xbb, 0x88, 0x5d, 0x24, 0x92, 0x74, 0x92, 0x49, 0x24, 0x92, 0x49, 0x24, 0x93, 0xbb, 0xbb,
    0xba, 0x49, 0x24, 0x92, 0x49, 0x23, 0x2e, 0xee, 0xee, 0xee, 0x22, 0x66, 0x62, 0x2e, 0xee, 0xee,
    0xee, 0xe0, 0x7b, 0xbb, 0xbb, 0xbb, 0xbb, 0xbb, 0xbb, 0xbb, 0xbb, 0xbb, 0xbb, 0xbb, 0xbb, 0x88,
    0x5d, 0x24, 0x92, 0x4e, 0x1b, 0x99, 0x99, 0xa4, 0x9c, 0x30, 0xc3, 0x77, 0x31, 0x66, 0x66, 0x66,
    0x66, 0x66, 0x17, 0x49, 0x24, 0x92, 0x49, 0x24, 0x5d, 0xdc, 0x48, 0x58, 0x88, 0x88, 0x98, 0x44,
    0xbb, 0xbb, 0x81, 0xee, 0xee, 0xee, 0xee, 0xee, 0xee, 0xee, 0xee, 0xee, 0xee, 0xee, 0xee, 0xe6,
    0x74, 0x93, 0xa4, 0xe6, 0xc4, 0x44, 0x44, 0xc2, 0x66, 0x2c, 0xcc, 0xcc, 0xcc, 0x61, 0x84, 0x03,
    0x8b, 0x33, 0x33, 0x33, 0x1b, 0xa4, 0x92, 0x49, 0x24, 0x91, 0xb0, 0x8b, 0x33, 0x30, 0x88, 0xb3,
    0x33, 0x0b, 0x17, 0x70, 0x3d, 0xdd, 0xdd, 0xdd, 0xdd, 0xdd, 0xdd, 0xdd, 0xdd, 0xdd, 0xdd, 0xdc,
    0x46, 0x8d, 0x27, 0x49, 0x09, 0x11, 0x11, 0x0a, 0x16, 0x63, 0x70, 0xc3, 0x0c, 0x30, 0xc3, 0x09,
    0xc5, 0x88, 0xc3, 0x08, 0xd8, 0x99, 0x99, 0x85, 0x24, 0x92, 0x49, 0x24, 0x93, 0xa6, 0x13, 0x66,
    0x66, 0x66, 0x66, 0x61, 0x11, 0x2e, 0x07, 0xbb, 0xbb, 0xb8, 0x88, 0x99, 0x84, 0x45, 0x99, 0x8b,
    0xbb, 0xb8, 0x92, 0x34, 0x9d, 0x24, 0x24, 0x44, 0x42, 0x03, 0xb0, 0xbb, 0x8b, 0x1a, 0x70, 0xdd,
    0x18, 0xb8, 0x4e, 0xc4, 0x21, 0x06, 0xc4, 0xcc, 0xcc, 0x69, 0x24, 0x92, 0x49, 0x24, 0x91, 0xb3,
    0x33, 0x31, 0x11, 0x33, 0x33, 0x33, 0x19, 0x03, 0xdc, 0x44, 0x22, 0x22, 0xcc, 0xcc, 0xc4, 0x44,
    0xcc, 0xdd, 0xcc, 0x92, 0x49, 0xd2, 0x46, 0xc4, 0x44, 0x60, 0x3b, 0x18, 0x46, 0xce, 0x19, 0xb1,
    0x11, 0x0a, 0x09, 0x0b, 0x84, 0x64, 0xc1, 0x04, 0xc4, 0xcc, 0xc6, 0xe9, 0x24, 0x92, 0x48, 0xcd,
    0xcd, 0x88, 0x99, 0x99, 0x88, 0x88, 0x88, 0x88, 0x84, 0x41, 0xe2, 0x11, 0x22, 0x22, 0x61, 0x62,
    0x66, 0x66, 0x66, 0x11, 0x14, 0x92, 0x48, 0x34, 0x90, 0x91, 0x13, 0x04, 0x13, 0x08, 0x4e, 0xc8,
    0x23, 0x60, 0xc0, 0x08, 0x00, 0xd8, 0x43, 0x76, 0x70, 0x85, 0x84, 0x04, 0xcc, 0xcc, 0x6e, 0x92,
    0x49, 0x24, 0x66, 0x66, 0x6c, 0x44, 0x4c, 0xcc, 0xcc, 0xc4, 0x44, 0x44, 0x42, 0x0f, 0x11, 0xb1,
    0x11, 0x11, 0x1b, 0x11, 0x33, 0x33, 0x33, 0x1a, 0x33, 0x34, 0xe9, 0xd2, 0x46, 0xc4, 0x4c, 0x10,
    0x64, 0xc0, 0x26, 0x41, 0x18, 0xbb, 0x31, 0x00, 0xec, 0x61, 0xb1, 0x84, 0x6c, 0x40, 0x06, 0xcc,
    0xcc, 0x69, 0x24, 0xe9, 0x24, 0x91, 0x89, 0x8b, 0x31, 0x11, 0x31, 0xa3, 0x34, 0x66, 0xc4, 0x20,
    0xf1, 0x8b, 0x31, 0x11, 0x10, 0x8b, 0x30, 0x88, 0x88, 0x8b, 0xba, 0x49, 0x24, 0x1a, 0x49, 0xcd,
    0x99, 0x82, 0x00, 0x98, 0xc3, 0x61, 0x0c, 0x03, 0x66, 0x10, 0x82, 0x61, 0x09, 0xd9, 0x04, 0x6c,
    0x60, 0x1b, 0x33, 0x1b, 0xa4, 0x93, 0xb8, 0x69, 0x24, 0x6c, 0xc8, 0xc4, 0x51, 0x11, 0x33, 0x33,
    0x33, 0x33, 0x08, 0x24, 0x22, 0xc4, 0xcc, 0xcc, 0xcc, 0x8c, 0x44, 0x44, 0x4d, 0x27, 0x4e, 0xee,
    0xe1, 0xba, 0x4e, 0xe2, 0xcc, 0x20, 0x06, 0xcc, 0x82, 0x36, 0x64, 0x18, 0x6e, 0xc2, 0x80, 0x76,
    0x60, 0xc3, 0x66, 0x08, 0x06, 0x66, 0x37, 0x49, 0x3b, 0xb8, 0x6c, 0xc9, 0x24, 0x2c, 0xcc, 0x6c,
    0xcc, 0xcc, 0xcc, 0xcc, 0xcc, 0xcc, 0x60, 0x8b, 0x1b, 0x33, 0x30, 0x88, 0x88, 0x89, 0xa7, 0x42,
    0x29, 0xdd, 0xdd, 0xdd, 0xdc, 0x37, 0x77, 0x77, 0x36, 0x61, 0x08, 0x26, 0x21, 0x70, 0x82, 0x46,
    0x61, 0x80, 0x03, 0xb3, 0x08, 0x6e, 0xcc, 0x10, 0x0c, 0xcc, 0x6e, 0xee, 0xee, 0xee, 0xe7, 0xdc,
    0x42, 0x92, 0x16, 0x64, 0x2c, 0xc4, 0x4c, 0xcc, 0xcc, 0xc2, 0x64, 0x0a, 0x26, 0x33, 0x11, 0x11,
    0x11, 0x11, 0x34, 0x22, 0x26, 0xee, 0xee, 0xee, 0xe2, 0x4c, 0xee, 0xee, 0xee, 0x8c, 0x45, 0xc2,
    0x73, 0x66, 0x66, 0x11, 0x66, 0x66, 0x70, 0x83, 0x36, 0x40, 0x04, 0x22, 0x9d, 0xdd, 0xdd, 0xdd,
    0xdd, 0x17, 0x77, 0x71, 0x09, 0xbb, 0xa3, 0x42, 0xcc, 0xcc, 0xc2, 0x26, 0x24, 0x5c, 0x09, 0x88,
    0x88, 0x99, 0xa4, 0x8c, 0xdc, 0x44, 0x4d, 0xdd, 0xdd, 0xdc, 0x58, 0xbb, 0x89, 0x93, 0xbb, 0xbb,
    0xbb, 0xb8, 0x89, 0x86, 0x00, 0x41, 0x86, 0x18, 0x61, 0x84, 0x00, 0x48, 0xc4, 0x44, 0xcc, 0xdd,
    0xdd, 0xdd, 0xdd, 0xdd, 0xdd, 0x17, 0x77, 0x77, 0x77, 0x77, 0x11, 0x30, 0x8b, 0x33, 0x33, 0x31,
    0x17, 0x77, 0x70, 0x3c, 0x42, 0x62, 0x22, 0x22, 0x22, 0x85, 0x98, 0x98, 0x88, 0x88, 0xbb, 0xbb,
    0xbb, 0xbb, 0x88, 0xdd, 0xdd, 0xdd, 0xd3, 0xbb, 0xb8, 0x88, 0x88, 0x88, 0x88, 0x88, 0x88, 0x8a,
    0x77, 0x77, 0x77, 0x77, 0x77, 0x77, 0x73, 0x2e, 0xee, 0xee, 0xee, 0xee, 0xee, 0xee, 0xee, 0xee,
    0xee, 0xee, 0xee, 0xee, 0xee, 0x07, 0xbb, 0xb8, 0x89, 0x85, 0x88, 0xbb, 0xbb, 0xbb, 0xbb, 0xbb,
    0xbb, 0xbb, 0xbb, 0xbb, 0xbb, 0xb8, 0x93, 0xa4, 0x92, 0x49, 0x27, 0x77, 0x77, 0x70, 0xc3, 0x0d,
    0xdd, 0xdd, 0xdd, 0xdd, 0xdd, 0xdd, 0xdd, 0xdd, 0x37, 0x77, 0x77, 0x77, 0x77, 0x77, 0x77, 0x77,
    0x77, 0x77, 0x77, 0x77, 0x77, 0x77, 0x77, 0x03, 0xdd, 0xdd, 0xdd, 0xdd, 0xdd, 0xdd, 0xdd, 0xdd,
    0xdd, 0xdd, 0xdd, 0xdd, 0xdd, 0xdd, 0xdd, 0xdd, 0xdc, 0x49, 0x3b, 0xbb, 0xa4, 0x92, 0x4e, 0xee,
    0xee, 0xee, 0xee, 0xee, 0xee, 0xee, 0xee, 0xee, 0xee, 0x65, 0xdd, 0xdd, 0xdd, 0xdd, 0xdd, 0xdd,
    0xdd, 0xdd, 0xdd, 0xdd, 0xdd, 0xdd, 0xdd, 0xdd, 0xdc, 0x0f, 0x77, 0x77, 0x77, 0x77, 0x77, 0x77,
    0x77, 0x77, 0x77, 0x77, 0x77, 0x77, 0x77, 0x77, 0x77, 0x77, 0x70, 0xa7, 0x77, 0x77, 0x77, 0x74,
    0xee, 0xee, 0xee, 0xee, 0xee, 0xee, 0xee, 0xee, 0xee, 0xee, 0xee, 0xe8, 0x7b, 0xbb, 0xbb, 0xbb,
    0xbb, 0xbb, 0xbb, 0xbb, 0xbb, 0xbb, 0xbb, 0xbb, 0xbb, 0xbb, 0xbb, 0x81, 0xee, 0xee, 0xee, 0xee,
    0xee, 0xee, 0xee, 0xee, 0xee, 0xee, 0xee, 0xee, 0xee, 0xee, 0xee, 0xee, 0xe1, 0x4e, 0xee, 0xee,
    0xee, 0xe8, 0x4b, 0x88, 0x88, 0x88, 0x88, 0x88, 0x89, 0x8d, 0xdd, 0xdd, 0xdd, 0xdd, 0xd1, 0x77,
    0x77, 0x77, 0x77, 0x77, 0x77, 0x77, 0x77, 0x77, 0x77, 0x77, 0x77, 0x77, 0x77, 0x70, 0x3d, 0xdd,
    0xdd, 0xdd, 0xdd, 0xdd, 0xdd, 0xdd, 0xdd, 0xdd, 0xdd, 0xdd, 0xdd, 0xdd, 0xdd, 0xdc, 0x42, 0x9d,
    0xdd, 0xdd, 0xdd, 0x31, 0x77, 0x77, 0x77, 0x77, 0x77, 0x77, 0x77, 0x77, 0x12, 0x77, 0x77, 0x77,
    0x77, 0x32, 0xee, 0xee, 0xee, 0xee, 0xee, 0xee, 0xee, 0xee, 0xee, 0xee, 0xee, 0xee, 0xee, 0xee,
    0x07, 0xbb, 0xbb, 0xbb, 0xbb, 0xbb, 0xbb, 0xbb, 0xbb, 0xbb, 0xbb, 0xbb, 0xbb, 0xbb, 0xbb, 0xb8,
    0x85, 0x24, 0x92, 0x74, 0x25, 0xdd, 0xdd, 0xdd, 0xdd, 0xdd, 0xdd, 0xdd, 0xdd, 0xdd, 0xdc, 0x2e,
    0xee, 0xee, 0xee, 0xe6, 0x5d, 0xdd, 0xdd, 0xdd, 0xdd, 0xdd, 0xdd, 0xdd, 0xdd, 0xdd, 0xdd, 0xdd,
    0xdd, 0xdc, 0x0f, 0x77, 0x77, 0x77, 0x77, 0x77, 0x77, 0x77, 0x77, 0x77, 0x77, 0x77, 0x77, 0x77,
    0x77, 0x10, 0xa4, 0x92, 0x49, 0x37, 0x77, 0x77, 0x77, 0x77, 0x77, 0x77, 0x77, 0x77, 0x77, 0x77,
    0x77, 0x13, 0xa4, 0x92, 0x48, 0x4b, 0xbb, 0xbb, 0xbb, 0xbb, 0xbb, 0xbb, 0xbb, 0xbb, 0xbb, 0xbb,
    0xbb, 0xbb, 0xb8, 0x1e, 0xee, 0xee, 0xee, 0xee, 0xee, 0xee, 0xee, 0xee, 0xee, 0xee, 0xe2, 0x22,
    0x63, 0x4e, 0xe9, 0x24, 0x92, 0x48, 0x7b, 0xbb, 0xbb, 0xbb, 0xbb, 0xbb, 0xbb, 0xbb, 0xbb, 0xbb,
    0xbb, 0xb8, 0x8d, 0x24, 0x92, 0x4e, 0x25, 0xdd, 0xdd, 0xdd, 0xdd, 0xdd, 0xdd, 0xdd, 0xdd, 0xdd,
    0xdd, 0xdd, 0xdd, 0xc0, 0xf7, 0x77, 0x77, 0x77, 0x77, 0x77, 0x77, 0x77, 0x77, 0x71, 0x0a, 0x46,
    0x66, 0x66, 0x66, 0x69, 0x24, 0x92, 0x4b, 0xbb, 0xbb, 0xbb, 0xbb, 0xbb, 0xbb, 0xbb, 0xbb, 0xbb,
    0xbb, 0xbb, 0x89, 0xd2, 0x49, 0x24, 0x90, 0x97, 0x77, 0x77, 0x77, 0x77, 0x77, 0x77, 0x77, 0x77,
    0x77, 0x77, 0x77, 0x70, 0x3d, 0xdd, 0xdd, 0xdd, 0xdd, 0xdd, 0xdd, 0xdd, 0xdd, 0xcc, 0x91, 0x99,
    0x99, 0x99, 0x99, 0xa4, 0x92, 0x49, 0x1b, 0x77, 0x77, 0x77, 0x77, 0x77, 0x77, 0x77, 0x77, 0x77,
    0x77, 0x77, 0x72, 0x49, 0x24, 0x9d, 0x24, 0x92, 0x31, 0x12, 0xee, 0xee, 0xee, 0xee, 0xee, 0xee,
    0xee, 0xee, 0xee, 0xe0, 0x7b, 0xbb, 0xbb, 0xbb, 0xbb, 0xbb, 0xbb, 0xbb, 0xbb, 0x99, 0x24, 0x92,
    0x49, 0x24, 0x92, 0x4e, 0x84, 0xbb, 0xbb, 0xbb, 0xbb, 0xbb, 0xbb, 0xbb, 0xbb, 0xbb, 0xbb, 0xbb,
    0xbb, 0xb8, 0x52, 0x49, 0x23, 0x33, 0x33, 0x33, 0x33, 0x34, 0x62, 0x5d, 0xdd, 0xdd, 0xdd, 0xdd,
    0xdd, 0xdd, 0xdd, 0xc0, 0xf7, 0x77, 0x77, 0x77, 0x77, 0x77, 0x77, 0x77, 0x77, 0x71, 0x30, 0x9b,
    0xbb, 0xbb, 0xbb, 0x98, 0xb1, 0x17, 0x77, 0x77, 0x77, 0x77, 0x77, 0x77, 0x77, 0x77, 0x77, 0x77,
    0x77, 0x77, 0x77, 0x71, 0x33, 0xa4, 0x91, 0x99, 0x99, 0x89, 0x99, 0x99, 0x9a, 0x4d, 0xdd, 0xdd,
    0xdd, 0xdd, 0xdd, 0xdd, 0xdd, 0xc0, 0xf7, 0x77, 0x77, 0x77, 0x77, 0x77, 0x77, 0x77, 0x77, 0x77,
    0x77, 0x77, 0x71, 0x11, 0x77, 0x77, 0x77, 0x77, 0x77, 0x77, 0x77, 0x77, 0x77, 0x77, 0x77, 0x77,
    0x77, 0x77, 0x77, 0x77, 0x77, 0x77, 0x71, 0x31, 0xba, 0x49, 0x24, 0x8d, 0x24, 0x92, 0x4d, 0xdd,
    0xdd, 0xdd, 0xdd, 0xdd, 0xdd, 0xdd, 0xc0, 0xf7, 0x77, 0x77, 0x77, 0x77, 0x77, 0x77, 0x77, 0x77,
    0x77, 0x77, 0x77, 0x77, 0x77, 0x77, 0x77, 0x77, 0x77, 0x77, 0x77, 0x77, 0x77, 0x77, 0x77, 0x77,
    0x77, 0x77, 0x77, 0x77, 0x77, 0x77, 0x77, 0x77, 0x77, 0x71, 0x10, 0xa7, 0x49, 0x24, 0x92, 0x62,
    0xee, 0xee, 0xee, 0xee, 0xee, 0xee, 0xee, 0xee, 0xee, 0xee, 0xee, 0xee, 0xee, 0xee, 0xee, 0xee,
    0xee, 0xee, 0xee, 0xee, 0xee, 0xee, 0xee, 0xee, 0xee, 0xee, 0xee, 0xee, 0xee, 0xee, 0xee, 0xee,
    0xee, 0xee, 0xee, 0xee, 0xee, 0xee, 0xee, 0xee, 0xee, 0xee, 0xee, 0xee, 0xee, 0xee, 0xee, 0xee,
    0xee, 0xee, 0xee, 0xee, 0xee, 0xee, 0xee, 0x04
};

const HuffmanFrequency SPRITE_22_FREQS[] = {
    {0x0a, 35},
    {0x23, 47},
    {0x25, 37},
    {0x2a, 314},
    {0x2b, 470},
    {0x2d, 196},
    {0x2e, 219},
    {0x3a, 311},
    {0x3d, 229},
    {0x40, 21},
    {0xa0, 1672},
    {0xc2, 1672}
};
}

const HuffmanEncodedSprite SPRITE_22 = {
    SPRITE_22_BYTES,
    static_cast<int>(sizeof(SPRITE_22_BYTES) / sizeof(SPRITE_22_BYTES[0])),
    14014,
    5223,
    SPRITE_22_FREQS,
    static_cast<int>(sizeof(SPRITE_22_FREQS) / sizeof(SPRITE_22_FREQS[0]))
};

namespace
{
const unsigned char SPRITE_23_BYTES[] = {
    0x6d, 0xb6, 0xdb, 0x6d, 0xb6, 0xdb, 0x6d, 0xb6, 0xdb, 0x6d, 0xb6, 0xdb, 0x6d, 0xb6, 0xdb, 0x6d,
    0xb6, 0xdb, 0x6d, 0xb6, 0xdd, 0x8b, 0x6d, 0xb6, 0xdb, 0x6d, 0xb6, 0xdb, 0x6d, 0xb6, 0xdb, 0x6d,
    0xb6, 0xdb, 0x6e, 0x52, 0x6d, 0xb6, 0xdb, 0x6d, 0xb6, 0xdb, 0x6d, 0xb6, 0xdb, 0x6d, 0xb6, 0xdb,
    0x6d, 0xb6, 0xdb, 0x6d, 0xb6, 0xdb, 0x6d, 0xb6, 0xdb, 0x6d, 0xb6, 0xdd, 0x8b, 0x6d, 0xb6, 0xdb,
    0x6d, 0xb6, 0xdb, 0x6d, 0xb6, 0xdb, 0x6d, 0xb6, 0xdb, 0x6e, 0x2a, 0xf2, 0x6d, 0xb6, 0xdb, 0x6d,
    0xb6, 0xdb, 0x6d, 0xb6, 0xdb, 0x6d, 0xb6, 0xdb, 0x6d, 0xb6, 0xdb, 0x6d, 0xb6, 0xdb, 0x6d, 0xb6,
    0xdb, 0x6d, 0xb7, 0x62, 0xdb, 0x6d, 0xb6, 0xdb, 0x6d, 0xb6, 0xdb, 0x6d, 0xb6, 0xdb, 0x6d, 0xb6,
    0xdb, 0x94, 0x55, 0x5e, 0xa4, 0xdb, 0x6d, 0xb6, 0xdb, 0x6d, 0xb6, 0xdb, 0x6d, 0xb6, 0xdb, 0x6d,
    0xb6, 0xdb, 0x6d, 0xb6, 0xdb, 0x6d, 0xb6, 0xdb, 0x6d, 0xb6, 0xdd, 0x8b, 0x6d, 0xb6, 0xdb, 0x6d,
    0xb6, 0xdb, 0x6d, 0xb6, 0xdb, 0x6d, 0xb6, 0xdb, 0x6d, 0xd4, 0x55, 0x45, 0xe9, 0xb6, 0xdb, 0x6d,
    0xb6, 0xdb, 0x6d, 0xb6, 0xdb, 0x6d, 0xb6, 0xdb, 0x6e, 0x52, 0xaa, 0x93, 0x6d, 0xb6, 0xdb, 0x6d,
    0xb6, 0xdb, 0x6d, 0xd8, 0xb6, 0xdb, 0x6d, 0xb6, 0xdb, 0x6d, 0xb6, 0xdb, 0x6d, 0xb6, 0xdb, 0x6d,
    0xb6, 0xdb, 0x8a, 0xaa, 0xa8, 0x89, 0x36, 0xdb, 0x6d, 0xb6, 0xdb, 0x6d, 0xb6, 0xdb, 0x6d, 0xb7,
    0x2a, 0xaa, 0x8a, 0x8a, 0x6d, 0xb6, 0xdb, 0x6d, 0xb6, 0xdb, 0x6d, 0xb7, 0x62, 0xdb, 0x6d, 0xb6,
    0xdb, 0x6d, 0xb6, 0xdb, 0x6d, 0xb6, 0xdb, 0x6d, 0xb6, 0xdb, 0x6e, 0x57, 0xaa, 0xaa, 0x88, 0xa9,
    0x36, 0xdb, 0x6d, 0xb6, 0xdb, 0x6d, 0xb6, 0xdc, 0xaa, 0x22, 0x2a, 0xaa, 0xf5, 0x26, 0xdb, 0x6d,
    0xb6, 0xdb, 0x6d, 0xb6, 0xdb, 0x6e, 0xc5, 0xb6, 0xdb, 0x6d, 0xb6, 0xdb, 0x6d, 0xb6, 0xdb, 0x6d,
    0xb6, 0xdb, 0x6d, 0xb6, 0xdb, 0x95, 0xea, 0xaa, 0xa2, 0x2f, 0x52, 0x6d, 0xb6, 0xdb, 0x6d, 0xb6,
    0xe5, 0x28, 0x88, 0xaa, 0xaa, 0x8b, 0xc4, 0x9b, 0x6d, 0xb6, 0xdb, 0x6d, 0xb6, 0xdb, 0x6d, 0xb6,
    0xec, 0x5b, 0x6d, 0xb6, 0xdb, 0x6e, 0x52, 0x6d, 0xb6, 0xdb, 0x6d, 0xb6, 0xdb, 0x6d, 0xb6, 0xdb,
    0x94, 0xa2, 0xaa, 0xaa, 0xa2, 0x2f, 0x12, 0x6e, 0x52, 0x6d, 0xb7, 0x2b, 0xde, 0xaa, 0xaa, 0xaa,
    0xa2, 0xf1, 0x26, 0xdb, 0x6d, 0xb6, 0xdb, 0x6d, 0xb6, 0xdb, 0x6d, 0xb6, 0xec, 0x5b, 0x6d, 0xb6,
    0xdb, 0x6e, 0x51, 0x51, 0x51, 0x55, 0x26, 0xdb, 0x6d, 0xb6, 0xdb, 0x6d, 0xb6, 0xe5, 0x55, 0x55,
    0x55, 0x51, 0x55, 0x55, 0x55, 0x55, 0x51, 0x78, 0xaa, 0xaa, 0xaa, 0xaa, 0x8b, 0xc4, 0x9b, 0x6d,
    0xb6, 0xdb, 0x6d, 0xb6, 0xdb, 0x94, 0xa4, 0xdb, 0x6d, 0xbb, 0x16, 0xdb, 0x6d, 0xb6, 0xdb, 0x88,
    0x8a, 0xaa, 0xaa, 0x8a, 0x94, 0x9b, 0x6d, 0xb6, 0xdb, 0x6d, 0xb6, 0xe5, 0x7a, 0xaa, 0x88, 0xaa,
    0xaa, 0xaa, 0xaa, 0xaa, 0xaa, 0xaa, 0xaa, 0xaa, 0xa8, 0xbc, 0x53, 0x6d, 0xb6, 0xdb, 0x6d, 0xb6,
    0xdb, 0x94, 0xaa, 0x22, 0x2a, 0xa5, 0x29, 0x4a, 0x56, 0x2d, 0xb6, 0xdb, 0x6d, 0xca, 0xa2, 0xf5,
    0x55, 0x55, 0x55, 0x55, 0x11, 0x12, 0x93, 0x6d, 0xb6, 0xdb, 0x6d, 0xca, 0xa2, 0xaa, 0xaa, 0xaa,
    0xaa, 0xaa, 0xaa, 0xaa, 0xaa, 0x2a, 0xaa, 0xa2, 0x2f, 0x52, 0x6d, 0xb6, 0xdb, 0x6d, 0xb6, 0xe5,
    0x55, 0x51, 0x55, 0x55, 0x29, 0x4a, 0xaa, 0x2a, 0xac, 0x5b, 0x6d, 0xb6, 0xea, 0xf1, 0x52, 0x95,
    0x55, 0x55, 0x54, 0xaa, 0xaa, 0xaa, 0xa2, 0x2a, 0x55, 0x7b, 0xde, 0xf7, 0xbd, 0xef, 0x78, 0x8a,
    0xaa, 0xaa, 0xaa, 0xaa, 0xaa, 0xaa, 0xaa, 0xa8, 0x8a, 0xa8, 0x8b, 0xc9, 0xb6, 0xdb, 0x6d, 0xb6,
    0xe5, 0x28, 0x8a, 0xaa, 0xaa, 0xaa, 0xaa, 0xaa, 0xa8, 0x89, 0x37, 0x62, 0xdb, 0x6d, 0xb7, 0x2b,
    0xc5, 0x4a, 0xaa, 0xaa, 0xaa, 0xaa, 0xaa, 0xaa, 0xaa, 0xaa, 0x27, 0x6c, 0xef, 0x7b, 0xce, 0xd8,
    0x8a, 0xa8, 0x8a, 0xaa, 0xaa, 0xaa, 0xaa, 0xaa, 0xaa, 0xa8, 0x88, 0x88, 0x8b, 0xc9, 0xb6, 0xdb,
    0x6d, 0xb9, 0x55, 0xea, 0xaa, 0xaa, 0xaa, 0x52, 0x94, 0xaa, 0xa2, 0xf1, 0x26, 0xdb, 0xb1, 0x6d,
    0xb6, 0xdc, 0xa2, 0xa5, 0x2a, 0xaa, 0xaa, 0xaa, 0xaa, 0xaa, 0xaa, 0xaa, 0xaa, 0xaa, 0xa9, 0xd9,
    0xb3, 0x66, 0xd9, 0xc5, 0x55, 0x54, 0x45, 0x55, 0x55, 0x55, 0x55, 0x55, 0x54, 0x5e, 0x22, 0x22,
    0x22, 0xf5, 0x11, 0x52, 0x93, 0x72, 0x9c, 0x55, 0x55, 0x55, 0x55, 0x55, 0x4a, 0xaa, 0xaa, 0x2a,
    0x4d, 0xb6, 0xec, 0x5b, 0x6d, 0xb6, 0xdc, 0xa2, 0x2f, 0x78, 0x88, 0x88, 0xbc, 0xef, 0x15, 0x51,
    0x55, 0x55, 0x55, 0x51, 0x6d, 0x99, 0xd9, 0xb6, 0xdb, 0x37, 0x8a, 0xbd, 0xe2, 0xaa, 0xaa, 0xaa,
    0x22, 0x2f, 0x78, 0x88, 0x88, 0x88, 0x89, 0xce, 0xf7, 0xbd, 0xe7, 0x7a, 0xaa, 0xaa, 0xaa, 0xaa,
    0xaa, 0xaa, 0xaa, 0xaa, 0xbc, 0x53, 0x6d, 0xb7, 0x62, 0xdb, 0x6d, 0xb6, 0xdb, 0x6d, 0xb6, 0xdb,
    0x6d, 0xb6, 0xdc, 0xaa, 0xf1, 0x11, 0x55, 0x53, 0x9d, 0xec, 0xdb, 0x6d, 0xb6, 0xce, 0x22, 0xf1,
    0x55, 0x51, 0x78, 0xaa, 0x88, 0x88, 0x88, 0x88, 0x8a, 0xa8, 0x9c, 0xe7, 0x7a, 0xaa, 0xaa, 0xaa,
    0xaa, 0xaa, 0xaa, 0xaa, 0xaa, 0xa8, 0x89, 0x36, 0xdb, 0x6e, 0xc5, 0xb6, 0xdb, 0x6d, 0xb7, 0x28,
    0x88, 0x8a, 0x94, 0xa4, 0xdb, 0x94, 0xa5, 0x29, 0x39, 0x5e, 0xcd, 0xb7, 0x8a, 0xbc, 0xe7, 0x66,
    0xdb, 0x6d, 0xb6, 0xdb, 0xc5, 0xea, 0xaa, 0x71, 0x11, 0x11, 0x79, 0xce, 0x73, 0xb6, 0xdb, 0x6d,
    0xb6, 0xd9, 0xde, 0xaa, 0xaa, 0xa2, 0x77, 0xbc, 0x44, 0x55, 0x55, 0x54, 0x5d, 0xb6, 0xdb, 0x6d,
    0xb7, 0x62, 0xdb, 0x6e, 0x55, 0x15, 0x57, 0x9d, 0xe7, 0x6d, 0xb3, 0xbc, 0xe7, 0x39, 0xce, 0x73,
    0x9c, 0xe7, 0x79, 0xde, 0xf7, 0xbc, 0xe7, 0x11, 0x7b, 0x36, 0x6c, 0xd9, 0xb3, 0x66, 0x71, 0x15,
    0x57, 0x88, 0x8b, 0xce, 0xcd, 0x85, 0x9b, 0x36, 0xdb, 0x6d, 0xb6, 0xdb, 0x78, 0xaa, 0x8b, 0xce,
    0xdb, 0x36, 0xdb, 0x6c, 0xe1, 0xb6, 0xdb, 0x6e, 0x4d, 0xb6, 0xdb, 0x6d, 0xbb, 0x16, 0xdb, 0x94,
    0x55, 0x55, 0x44, 0x5e, 0xdb, 0x6d, 0xbc, 0x44, 0x44, 0xef, 0x7b, 0xde, 0xf7, 0x9d, 0xb3, 0xbd,
    0x55, 0x45, 0xb6, 0x6d, 0x9c, 0x5e, 0xf7, 0xbc, 0x45, 0x55, 0x5e, 0x22, 0x76, 0x6c, 0xd9, 0xb0,
    0xb3, 0x66, 0xcd, 0x9b, 0xc4, 0x54, 0x5e, 0xdb, 0x36, 0xdb, 0x66, 0xcd, 0x9b, 0x36, 0xdb, 0x6d,
    0x36, 0xdb, 0x6d, 0xb6, 0xdb, 0x6d, 0xb6, 0xdd, 0x8d, 0xea, 0xa5, 0x51, 0x55, 0x17, 0xbd, 0xe2,
    0x22, 0x22, 0xaa, 0xaa, 0x2d, 0xb6, 0xdb, 0x6d, 0xb6, 0xd9, 0xc9, 0xb6, 0xdb, 0x6e, 0x52, 0x8b,
    0x36, 0xdb, 0x6d, 0xea, 0xa2, 0x27, 0x3b, 0xde, 0x22, 0x22, 0x22, 0x2d, 0xb3, 0x66, 0xcd, 0x9b,
    0x33, 0xbd, 0xe7, 0x66, 0xcd, 0x9b, 0x6d, 0xb6, 0x4d, 0xb6, 0xdb, 0x6d, 0xb6, 0xdb, 0x6d, 0xb6,
    0xec, 0x6f, 0x55, 0x51, 0x15, 0x11, 0x3b, 0xde, 0xf7, 0xbd, 0xea, 0xaa, 0xa2, 0x73, 0xb6, 0xdb,
    0x6d, 0x89, 0x4a, 0x52, 0x93, 0x6d, 0xb6, 0xdc, 0xa2, 0xdb, 0x6d, 0xb3, 0x3b, 0xde, 0xdb, 0x6d,
    0xb6, 0xdb, 0x6d, 0xb6, 0xdb, 0x36, 0x6c, 0xd9, 0xb3, 0x66, 0x73, 0xbd, 0xef, 0x7b, 0xdb, 0x66,
    0x77, 0x9c, 0xea, 0x52, 0x94, 0xa5, 0x29, 0x4a, 0x52, 0x6d, 0xb6, 0xdb, 0x6d, 0xd8, 0xc5, 0x55,
    0xef, 0x55, 0x11, 0x3b, 0xc5, 0xed, 0xb6, 0x2a, 0xaa, 0xa7, 0x3b, 0xde, 0x71, 0x2a, 0xaa, 0xa9,
    0x55, 0x4a, 0x4d, 0xb6, 0xdb, 0xab, 0x6c, 0xdb, 0x6d, 0xb6, 0xdb, 0x6d, 0xb6, 0xdb, 0x6d, 0xb6,
    0xd9, 0xb3, 0x66, 0xcd, 0xb1, 0x7b, 0xde, 0x22, 0xf3, 0x9c, 0xef, 0x7b, 0xde, 0xf7, 0x9c, 0x55,
    0x5e, 0x73, 0x9c, 0xed, 0xb6, 0x77, 0xbd, 0xe2, 0x4d, 0xb7, 0x62, 0xdb, 0x94, 0x55, 0x45, 0xe7,
    0x52, 0x9d, 0xb7, 0xaa, 0xaa, 0xbc, 0x55, 0x55, 0x54, 0xa5, 0x2a, 0xa8, 0x8a, 0xaa, 0x93, 0x6d,
    0xb7, 0x2b, 0xd9, 0xb3, 0x66, 0xcd, 0x9b, 0x36, 0x6c, 0xd9, 0xb3, 0x66, 0xcd, 0x9b, 0x36, 0xc4,
    0xa5, 0x55, 0x2a, 0x8a, 0x95, 0xed, 0xb6, 0xd9, 0xce, 0x73, 0x9d, 0xea, 0xaa, 0xa2, 0x2a, 0x2a,
    0xaa, 0xaa, 0xa2, 0x24, 0xdb, 0xb1, 0x6d, 0xca, 0x2f, 0x7b, 0xde, 0x72, 0x6e, 0xaf, 0x55, 0x17,
    0x9c, 0x45, 0xe2, 0xaa, 0xaa, 0xaa, 0xa2, 0x22, 0x22, 0x4d, 0xb6, 0xe5, 0x53, 0xb3, 0x66, 0xcd,
    0x9b, 0x36, 0x6c, 0xd9, 0xb3, 0x66, 0xcd, 0x9b, 0x31, 0x27, 0x11, 0x2a, 0xaa, 0xaa, 0xaa, 0xa8,
    0xbd, 0xb6, 0xdb, 0x6c, 0xe7, 0x55, 0x55, 0x7b, 0xde, 0xf7, 0xbc, 0xea, 0xaa, 0xa2, 0x4d, 0xbb,
    0x16, 0xdb, 0x72, 0xaa, 0xa9, 0x36, 0xe5, 0x57, 0x9d, 0xef, 0x79, 0x4a, 0xf7, 0xbd, 0xea, 0xaa,
    0xaa, 0xaa, 0xa2, 0x24, 0xdb, 0x75, 0x79, 0xde, 0xf3, 0xb6, 0xcd, 0xb6, 0xd9, 0xb3, 0x66, 0xcd,
    0x85, 0x98, 0x93, 0x95, 0x55, 0x54, 0xa5, 0x2a, 0xa8, 0x88, 0xaa, 0x88, 0x9d, 0xb3, 0xaa, 0xaa,
    0x9d, 0xb3, 0x9c, 0xe7, 0x38, 0xaa, 0xab, 0xde, 0xa2, 0xf6, 0x2d, 0xb6, 0xdb, 0x6d, 0xb6, 0xdb,
    0x72, 0x94, 0x9b, 0x72, 0xab, 0x6f, 0x7b, 0xde, 0x73, 0xbd, 0x4a, 0x4d, 0xb6, 0xe5, 0x39, 0xce,
    0xf7, 0xbd, 0xef, 0x7b, 0xce, 0x73, 0xbd, 0xef, 0x79, 0xd5, 0x5b, 0x51, 0x11, 0x55, 0x55, 0x55,
    0x11, 0x16, 0xdb, 0x39, 0xce, 0x2a, 0xaa, 0x76, 0xdb, 0x6d, 0xb6, 0xdb, 0x7a, 0xaa, 0x8b, 0xc4,
    0x45, 0x8b, 0x6d, 0xb6, 0xdb, 0x6d, 0xb6, 0xdb, 0x6d, 0xb6, 0xdb, 0x6e, 0x55, 0x52, 0x6d, 0xb6,
    0xea, 0xdb, 0xde, 0xf7, 0x9d, 0xb7, 0xbd, 0xef, 0x7b, 0xde, 0xf3, 0x9c, 0xef, 0x7b, 0xde, 0xdb,
    0x67, 0x39, 0xc5, 0x55, 0x55, 0x44, 0xef, 0x51, 0x17, 0x9d, 0xb3, 0x88, 0x9d, 0xb6, 0xdb, 0x6d,
    0xb3, 0x9d, 0xef, 0x11, 0x3a, 0x93, 0x76, 0x2d, 0xb6, 0xdb, 0x6d, 0xb6, 0xdb, 0x6d, 0xb6, 0xdb,
    0x95, 0x5e, 0xf7, 0xbd, 0xef, 0x6d, 0xb3, 0x9d, 0xef, 0x7b, 0xde, 0xf7, 0xbc, 0xef, 0x7b, 0xde,
    0xf7, 0xbd, 0xed, 0x9d, 0xef, 0x7b, 0xde, 0xdb, 0x6d, 0xb6, 0x73, 0x9c, 0xef, 0x39, 0xce, 0xdb,
    0x62, 0xf7, 0xbd, 0xe2, 0xaf, 0x7b, 0xde, 0x25, 0x26, 0xe5, 0x57, 0xbd, 0xea, 0x4d, 0xb7, 0x62,
    0xdb, 0x6d, 0xb6, 0xdb, 0x6d, 0xb6, 0xdb, 0x6d, 0xca, 0xf7, 0xbd, 0xef, 0x39, 0xce, 0xdb, 0x67,
    0x7b, 0xde, 0x77, 0xbc, 0x45, 0xef, 0x3b, 0xde, 0xf7, 0xbd, 0xed, 0x9c, 0xef, 0x3b, 0xde, 0x76,
    0xdb, 0x6d, 0xb3, 0x9c, 0xe7, 0x6d, 0xb6, 0xdb, 0x38, 0xa8, 0x89, 0x36, 0xdb, 0x6d, 0xb6, 0xdb,
    0x6d, 0xb6, 0xdb, 0x6e, 0xc5, 0xb6, 0xdb, 0x6d, 0xb6, 0xdb, 0x6d, 0xb6, 0xdb, 0x89, 0xdb, 0x6d,
    0xb6, 0xdb, 0x6d, 0xb6, 0xdb, 0x6d, 0xe2, 0x52, 0x6d, 0xb6, 0xe2, 0xf7, 0xbd, 0xef, 0x61, 0x39,
    0xce, 0x24, 0xdc, 0xa7, 0x6d, 0xb1, 0x55, 0x55, 0x11, 0x7b, 0xc5, 0xea, 0x4d, 0xb6, 0xdb, 0x6d,
    0xb6, 0xdb, 0x6d, 0xb6, 0xdb, 0x6e, 0xc5, 0xb6, 0xdb, 0x6d, 0xb6, 0xdb, 0x6d, 0xb6, 0xdb, 0x8b,
    0x6d, 0xb6, 0xd9, 0xce, 0xcd, 0xb6, 0xdb, 0x6c, 0x49, 0xb6, 0xdb, 0x6d, 0xd4, 0x4e, 0xd9, 0xce,
    0xd8, 0x93, 0x6d, 0xb9, 0x45, 0xea, 0xaa, 0xaa, 0x27, 0x3b, 0xc4, 0x5e, 0x9b, 0x6d, 0xb6, 0xdb,
    0x6d, 0xb6, 0xdb, 0x6d, 0xb6, 0xdd, 0x8b, 0x6d, 0xb6, 0xdb, 0x6d, 0xb6, 0xdb, 0x6d, 0xba, 0x8a,
    0x88, 0xa8, 0x88, 0x9d, 0xb6, 0xdb, 0x4d, 0xb6, 0xdb, 0x6d, 0xb6, 0xe5, 0x29, 0x49, 0xb6, 0xdb,
    0x6d, 0xc5, 0x55, 0x45, 0xea, 0xaa, 0x27, 0x78, 0xbc, 0x36, 0xdb, 0x6d, 0xb6, 0xdb, 0x6d, 0xb6,
    0xdb, 0x6d, 0xd8, 0xb6, 0xdb, 0x6d, 0xb6, 0xdb, 0x6d, 0xb6, 0xe5, 0x11, 0x55, 0x55, 0x51, 0x11,
    0x7b, 0xc9, 0xb6, 0xdb, 0x6d, 0xb6, 0xdb, 0x6d, 0xb6, 0xdb, 0x6d, 0xb6, 0xdd, 0xb5, 0x51, 0x55,
    0x55, 0x3b, 0xde, 0xf1, 0x13, 0xbc, 0xe2, 0xaa, 0xa2, 0xa4, 0xdb, 0x6d, 0xb6, 0xdb, 0x6d, 0xd8,
    0xb6, 0xdb, 0x6e, 0x51, 0x78, 0xa8, 0x89, 0x4a, 0x55, 0x11, 0x55, 0x55, 0x55, 0x11, 0x11, 0x12,
    0x6d, 0xb6, 0xdb, 0x6d, 0xb6, 0xdb, 0x6d, 0xb6, 0xdb, 0x6d, 0xb6, 0xea, 0x22, 0xf5, 0x15, 0x57,
    0x8a, 0x88, 0x8a, 0xaa, 0x88, 0x8a, 0x95, 0xea, 0x4d, 0xb6, 0xdb, 0x6d, 0xb6, 0xec, 0x5b, 0x6d,
    0xca, 0xa2, 0xaa, 0xf1, 0x55, 0x55, 0x51, 0x11, 0x55, 0x78, 0xaa, 0x88, 0x8b, 0xc3, 0x6d, 0xb6,
    0xdb, 0x6d, 0xb6, 0xdb, 0x6d, 0xb6, 0xdb, 0x6d, 0xb6, 0xdc, 0x55, 0x44, 0xe7, 0x79, 0xce, 0xf1,
    0x11, 0x7b, 0xde, 0x73, 0x9c, 0x54, 0xa2, 0x4d, 0xb6, 0xdb, 0x6d, 0xb6, 0xec, 0x5b, 0x6e, 0x51,
    0x11, 0x17, 0x9d, 0xef, 0x78, 0x8b, 0xde, 0xa2, 0xaa, 0xa2, 0xf1, 0x11, 0x17, 0x86, 0xdb, 0x6d,
    0xb6, 0xdb, 0x6d, 0xb6, 0xdb, 0x6d, 0xb6, 0xdb, 0x6d, 0xca, 0x2a, 0xa2, 0xf3, 0x9c, 0xe7, 0x39,
    0xce, 0x73, 0x9c, 0xe7, 0x39, 0xde, 0xa5, 0x29, 0x36, 0xdb, 0x6d, 0xb6, 0xdb, 0xb1, 0x6d, 0xb7,
    0x29, 0x4a, 0x51, 0x13, 0x9c, 0xe7, 0x3b, 0xc5, 0x45, 0xef, 0x11, 0x17, 0xbc, 0x45, 0xe9, 0xb6,
    0xdb, 0x6d, 0xb6, 0xdb, 0x6d, 0xb6, 0xdb, 0x6d, 0xb6, 0xdb, 0x75, 0x55, 0x51, 0x39, 0xce, 0x73,
    0x9c, 0xe7, 0x39, 0xce, 0x73, 0x9c, 0x49, 0xb6, 0xdb, 0x6d, 0xb6, 0xdb, 0x6d, 0xd8, 0xb6, 0xdb,
    0x6d, 0xb6, 0xe5, 0x28, 0x9c, 0xe7, 0x13, 0x9c, 0xe7, 0x3b, 0xde, 0x22, 0x22, 0xf0, 0xdb, 0x6d,
    0xb6, 0xdb, 0x6d, 0xb6, 0xdb, 0x6d, 0xb6, 0xdb, 0x6d, 0xb9, 0xd5, 0x55, 0x44, 0xe7, 0x39, 0xce,
    0x73, 0x9c, 0xe7, 0x39, 0xc4, 0x9b, 0x6d, 0xb6, 0xdb, 0x6d, 0xb6, 0xdb, 0xb1, 0x6d, 0xb6, 0xdb,
    0x6d, 0xb6, 0xe5, 0x79, 0xce, 0x73, 0x9c, 0xe7, 0x39, 0xc4, 0x44, 0x5e, 0x1b, 0x6d, 0xb6, 0xdb,
    0x6d, 0xb6, 0xdb, 0x6d, 0xb6, 0xdb, 0x6d, 0xb7, 0x6d, 0x55, 0x54, 0x5e, 0x73, 0x9c, 0xe7, 0x39,
    0xce, 0xf3, 0xbc, 0x9b, 0x6d, 0xb6, 0xdb, 0x6d, 0xb6, 0xdb, 0x76, 0x2d, 0xb6, 0xdb, 0x6d, 0xb6,
    0xdb, 0x94, 0x4e, 0xf7, 0x9c, 0xe7, 0x39, 0xde, 0x22, 0x22, 0x9b, 0x6d, 0xb6, 0xdb, 0x6d, 0xb6,
    0xdb, 0x6d, 0xb6, 0xdb, 0x6d, 0xb6, 0xed, 0x8a, 0xa8, 0xbc, 0xe7, 0x39, 0xde, 0xf7, 0xbd, 0xef,
    0x26, 0xdb, 0x6d, 0xb6, 0xdb, 0x6d, 0xb6, 0xdb, 0xb1, 0x6d, 0xb6, 0xdb, 0x6d, 0xb6, 0xdb, 0x94,
    0x5e, 0xf7, 0xbd, 0xe7, 0x39, 0xc4, 0x44, 0x49, 0xb6, 0xdb, 0x6d, 0xb6, 0xdb, 0x6d, 0xb6, 0xdb,
    0x6d, 0xb6, 0xdb, 0x6e, 0x51, 0x15, 0x11, 0x39, 0xce, 0xf7, 0xbd, 0xef, 0x79, 0x36, 0xdb, 0x6d,
    0xb6, 0xdb, 0x6d, 0xb6, 0xdb, 0xb1, 0x6d, 0xb6, 0xdb, 0x6d, 0xb6, 0xdb, 0x72, 0x8b, 0xde, 0xf7,
    0xbd, 0xe7, 0x78, 0x8a, 0x6d, 0xb6, 0xdb, 0x6d, 0xb6, 0xdb, 0x6d, 0xb6, 0xdb, 0x6d, 0xb6, 0xdb,
    0x6d, 0xca, 0x22, 0x2f, 0x7b, 0xde, 0xf7, 0x8a, 0x6d, 0xb6, 0xdb, 0x6d, 0xb6, 0xdb, 0x6d, 0xb6,
    0xdd, 0x8b, 0x6d, 0xb6, 0xdb, 0x6d, 0xb6, 0xdb, 0x6e, 0x55, 0x79, 0xde, 0x73, 0xbc, 0x53, 0x6d,
    0xb6, 0xdb, 0x6d, 0xb6, 0xdb, 0x6d, 0xb6, 0xdb, 0x6d, 0xb6, 0xdb, 0x6d, 0xba, 0xbc, 0x4e, 0x73,
    0xbc, 0xe9, 0xb6, 0xdb, 0x6d, 0xb6, 0xdb, 0x6d, 0xb6, 0xdb, 0x6d, 0xd8, 0xb6, 0xdb, 0x6d, 0xb6,
    0xdb, 0x6d, 0xb6, 0xdb, 0x95, 0xea, 0xa7, 0x12, 0x6d, 0xb6, 0xdb, 0x6d, 0xb6, 0xdb, 0x6d, 0xb6,
    0xdb, 0x6d, 0xb6, 0xdb, 0x6d, 0xb6, 0xe5, 0x13, 0xbd, 0x54, 0xea, 0x4d, 0xb6, 0xdb, 0x6d, 0xb6,
    0xdb, 0x6d, 0xb6, 0xdb, 0x6e, 0xc5, 0xb6, 0xdb, 0x6d, 0xb6, 0xdb, 0x6d, 0xb6, 0xdb, 0x88, 0xa9,
    0x36, 0xdb, 0x6d, 0xb6, 0xdb, 0x6d, 0xb6, 0xdb, 0x6d, 0xb6, 0xdb, 0x6d, 0xb6, 0xdb, 0x6d, 0xb9,
    0x4a, 0x22, 0xaf, 0x26, 0xdb, 0x6d, 0xb6, 0xdb, 0x6d, 0xb6, 0xdb, 0x6d, 0xb6, 0xec, 0x5b, 0x6d,
    0xb6, 0xdb, 0x6d, 0xb6, 0xdb, 0x6d, 0xb6, 0xdb, 0x6d, 0xb6, 0xdb, 0x6d, 0xb6, 0xdb, 0x6d, 0xb6,
    0xdb, 0x6d, 0xb6, 0xdb, 0x6d, 0xb6, 0xdb, 0x6d, 0xb7, 0x29, 0x36, 0xdb, 0x6d, 0xb6, 0xdb, 0x6d,
    0xb6, 0xdb, 0x6d, 0xb6, 0xdb, 0x6d, 0xb6, 0xdb, 0x6d, 0xb6, 0xdb, 0x6d, 0xb6, 0xdb, 0x76, 0x20
};

const HuffmanFrequency SPRITE_23_FREQS[] = {
    {0x0a, 47},
    {0x23, 88},
    {0x25, 4},
    {0x2a, 177},
    {0x2b, 279},
    {0x2d, 432},
    {0x2e, 227},
    {0x3a, 658},
    {0x3d, 372},
    {0xa0, 2445},
    {0xc2, 2445}
};
}

const HuffmanEncodedSprite SPRITE_23 = {
    SPRITE_23_BYTES,
    static_cast<int>(sizeof(SPRITE_23_BYTES) / sizeof(SPRITE_23_BYTES[0])),
    18171,
    7174,
    SPRITE_23_FREQS,
    static_cast<int>(sizeof(SPRITE_23_FREQS) / sizeof(SPRITE_23_FREQS[0]))
};

namespace
{
const unsigned char SPRITE_24_BYTES[] = {
    0xa0, 0xdb, 0x6d, 0xb6, 0xdb, 0x6d, 0xb6, 0xdb, 0xa6, 0xee, 0xee, 0xea, 0x6d, 0xb6, 0xdb, 0x6d,
    0xb6, 0xdb, 0x6d, 0xb6, 0xdb, 0x6d, 0xb6, 0xdb, 0x6d, 0xb6, 0xdb, 0x6d, 0xb6, 0xdb, 0x6d, 0xb6,
    0xdb, 0x6d, 0xb6, 0xdb, 0x6d, 0xb6, 0xdb, 0x6e, 0x83, 0x6d, 0xb6, 0xdb, 0x6d, 0xb7, 0x55, 0x57,
    0x37, 0x77, 0x77, 0x77, 0x73, 0x4d, 0x4d, 0xb6, 0xdb, 0x6d, 0xb6, 0xdb, 0x6d, 0xb6, 0xdb, 0x6d,
    0xb6, 0xdb, 0x6d, 0xb6, 0xdb, 0x6d, 0xb6, 0xdb, 0x6d, 0xb6, 0xdb, 0x6d, 0xb6, 0xdb, 0x6d, 0xb6,
    0xdb, 0xa0, 0xdb, 0x6d, 0xb6, 0xdb, 0x75, 0x5d, 0xdd, 0xdc, 0xdd, 0xdc, 0xcd, 0xdd, 0xdc, 0xd4,
    0xdb, 0x6d, 0xb6, 0xdb, 0x6d, 0xb6, 0xdb, 0x6d, 0xb6, 0xdb, 0x6d, 0xb6, 0xdb, 0x6d, 0xb6, 0xdb,
    0x6d, 0xb6, 0xdb, 0x6d, 0xb6, 0xdb, 0x6d, 0xb6, 0xdb, 0x6d, 0xd0, 0x6d, 0xb6, 0xdb, 0x6e, 0xa9,
    0xbb, 0xbb, 0xbb, 0xb9, 0xbb, 0xbb, 0x9b, 0xb9, 0x8a, 0x5b, 0x6d, 0xb6, 0xdb, 0x6d, 0xb6, 0xdb,
    0x6d, 0xb6, 0xdb, 0x6d, 0xb6, 0xdb, 0x6d, 0xb6, 0xdb, 0x6d, 0xb6, 0xdb, 0x6d, 0xb6, 0xdb, 0x6d,
    0xb6, 0xdb, 0x6d, 0xba, 0x0d, 0xb6, 0xdb, 0x6e, 0xab, 0x9b, 0xbb, 0x9b, 0xbb, 0xb8, 0xbb, 0x98,
    0xae, 0xba, 0xe2, 0x96, 0xdb, 0x6d, 0xb6, 0xdb, 0x6d, 0xb6, 0xdb, 0x6d, 0xb6, 0xdb, 0x6d, 0xb6,
    0xdb, 0xaa, 0xaa, 0xaa, 0xaa, 0xaa, 0x9b, 0x6d, 0xb6, 0xdb, 0x6d, 0xb6, 0xdb, 0x6d, 0xb6, 0xdb,
    0x74, 0x1b, 0x6d, 0xb6, 0xdb, 0xaa, 0x6e, 0xee, 0xe6, 0xee, 0xee, 0x8d, 0x5d, 0x15, 0x15, 0x71,
    0x13, 0x6d, 0xb6, 0xdb, 0x6d, 0xb6, 0xdb, 0x6d, 0xb6, 0xdb, 0x6d, 0xb6, 0xdb, 0x6e, 0xab, 0x99,
    0xba, 0x69, 0xbb, 0xb9, 0x8b, 0xa9, 0xb6, 0xdb, 0x6d, 0xb6, 0xdb, 0x6d, 0xb6, 0xdb, 0x74, 0x1b,
    0x6d, 0xb6, 0xdb, 0x74, 0xc4, 0xdd, 0xdd, 0x71, 0x5d, 0x75, 0xd7, 0x5c, 0x4c, 0xdd, 0x35, 0x36,
    0xdb, 0x6d, 0xb6, 0xdb, 0x6d, 0xb6, 0xdb, 0x6d, 0xb6, 0xdb, 0x6d, 0xd5, 0x77, 0x77, 0x74, 0xd3,
    0x73, 0x77, 0x77, 0x73, 0x35, 0x36, 0xdb, 0x6d, 0xb6, 0xdb, 0x6d, 0xb6, 0xdd, 0x06, 0xdb, 0x6d,
    0xb6, 0xdb, 0x99, 0x8a, 0xeb, 0x88, 0xa2, 0xae, 0x66, 0xea, 0x6d, 0xb6, 0xdb, 0x6d, 0xb6, 0xdb,
    0x6d, 0xb6, 0xdb, 0x6d, 0xb6, 0xdb, 0x6d, 0xb7, 0x4d, 0xdd, 0xcc, 0xd3, 0x77, 0x37, 0x77, 0x77,
    0x77, 0x2d, 0xb6, 0xdb, 0x6d, 0xb6, 0xdb, 0x6d, 0xb7, 0x41, 0xb6, 0xdb, 0x6d, 0xb6, 0xea, 0x9b,
    0xbb, 0x98, 0x98, 0x99, 0x8b, 0xa9, 0xb6, 0xdb, 0x6d, 0xb6, 0xdb, 0x6d, 0xb6, 0xdb, 0x6d, 0xb6,
    0xdb, 0x6d, 0xb6, 0xea, 0xbb, 0x99, 0x9b, 0xb9, 0x9b, 0xbb, 0x99, 0x99, 0x8a, 0x9b, 0x6d, 0xb6,
    0xdb, 0x6d, 0xb6, 0xdb, 0x74, 0x1b, 0x6d, 0xb6, 0xdb, 0x6d, 0xcd, 0xdd, 0xcc, 0xcc, 0xcc, 0xcc,
    0xc5, 0x4d, 0xb6, 0xdb, 0x6d, 0xb6, 0xdb, 0x6d, 0xb6, 0xdb, 0x6d, 0xb6, 0xdb, 0x6d, 0xb7, 0x55,
    0xd7, 0x5d, 0x74, 0x54, 0x55, 0xd7, 0x5c, 0x57, 0x5d, 0x75, 0xd1, 0x45, 0x4d, 0xb6, 0xdb, 0x6d,
    0xb6, 0xdb, 0x6d, 0xba, 0x0d, 0xb6, 0xdb, 0x6d, 0xb6, 0xea, 0x9b, 0xbb, 0x99, 0x99, 0x99, 0x99,
    0x8a, 0x9b, 0x6d, 0xb6, 0xdb, 0x6d, 0xb6, 0xdb, 0x6d, 0xb6, 0xdb, 0x6d, 0xb6, 0xdb, 0x74, 0xdd,
    0xdd, 0xc5, 0x14, 0x57, 0x5d, 0x75, 0xd7, 0x5d, 0x75, 0xcd, 0x4d, 0xb6, 0xdb, 0x6d, 0xb6, 0xdb,
    0x6d, 0xba, 0x0d, 0xb6, 0xdb, 0x6d, 0xb6, 0xea, 0xbb, 0xbb, 0x99, 0x99, 0x99, 0x99, 0x99, 0x6d,
    0xb6, 0xdb, 0x6d, 0xb6, 0xdb, 0x6d, 0xb6, 0xdb, 0x6d, 0xb6, 0xdb, 0x6d, 0xba, 0xa9, 0xaa, 0x9a,
    0x69, 0x9b, 0xbb, 0x89, 0x9a, 0xe2, 0x2e, 0xa6, 0xdb, 0x6d, 0xb6, 0xdb, 0x6d, 0xb6, 0xe8, 0x36,
    0xdb, 0x6d, 0xb6, 0xdb, 0x74, 0xcd, 0xdc, 0xcc, 0xcc, 0xcd, 0xdc, 0x57, 0x5d, 0xd4, 0xdb, 0x6d,
    0xb6, 0xdb, 0x6d, 0xb6, 0xdb, 0x75, 0x55, 0x55, 0x4d, 0xb6, 0xdb, 0x6d, 0xb6, 0xdb, 0xa6, 0x6e,
    0xee, 0xe6, 0x66, 0x62, 0x96, 0xdb, 0x6d, 0xb6, 0xdb, 0x6d, 0xb6, 0xe8, 0x36, 0xdb, 0x6d, 0xb6,
    0xdb, 0x75, 0x5c, 0xcc, 0xcc, 0x4c, 0xcc, 0xc4, 0x44, 0x4c, 0xcd, 0xdd, 0xdd, 0xdd, 0x4d, 0xb6,
    0xdd, 0x54, 0xd4, 0xea, 0xbb, 0xbb, 0xba, 0x6a, 0x6d, 0xb6, 0xdb, 0x6d, 0xb7, 0x54, 0xdd, 0xdd,
    0xcc, 0xcc, 0xcc, 0x54, 0xdb, 0x6d, 0xb6, 0xdb, 0x6d, 0xb6, 0xe8, 0x36, 0xdb, 0x6d, 0xb6, 0xdb,
    0x6e, 0xe6, 0x66, 0x66, 0x22, 0x22, 0x22, 0x22, 0x6e, 0xee, 0xee, 0xee, 0xee, 0x26, 0x9a, 0x6e,
    0x26, 0xee, 0xe6, 0xee, 0xe6, 0x6e, 0x6a, 0xaa, 0xaa, 0x9b, 0x6d, 0xb6, 0xdd, 0x33, 0x77, 0x77,
    0x73, 0x33, 0x33, 0x5d, 0x4d, 0xb6, 0xdb, 0x6d, 0xb6, 0xdb, 0x74, 0x1b, 0x6d, 0xb6, 0xdb, 0x6d,
    0xb6, 0xea, 0xbb, 0x8a, 0xe2, 0x22, 0x22, 0x22, 0x22, 0x26, 0xee, 0xee, 0x66, 0x22, 0x22, 0x22,
    0xb9, 0x99, 0x99, 0x98, 0x88, 0x99, 0x9a, 0xe2, 0x65, 0xba, 0xae, 0xe6, 0x66, 0xee, 0x6e, 0xee,
    0xee, 0x66, 0x66, 0x6e, 0x2a, 0x6d, 0xb6, 0xdb, 0x6d, 0xb6, 0xdd, 0x06, 0xdb, 0x6d, 0xb6, 0xdb,
    0x6d, 0xb6, 0xdb, 0xaa, 0x22, 0x22, 0x22, 0x22, 0x22, 0x22, 0x22, 0x22, 0x22, 0x22, 0x22, 0x22,
    0xe6, 0x26, 0x66, 0x66, 0x22, 0x66, 0x6b, 0x89, 0xae, 0x6e, 0xee, 0xee, 0xee, 0xe6, 0x6e, 0xee,
    0xe6, 0x26, 0x66, 0xe6, 0xa6, 0xdb, 0x6d, 0xb6, 0xdb, 0x6d, 0xd0, 0x6d, 0xb6, 0xdb, 0x6d, 0xb6,
    0xdb, 0x6d, 0xb6, 0xea, 0xa6, 0xe2, 0x2b, 0x88, 0x88, 0x88, 0x88, 0x99, 0x99, 0x98, 0x9b, 0xbb,
    0xbb, 0xb8, 0x99, 0x98, 0x88, 0x98, 0x88, 0x89, 0xbb, 0xbb, 0xbb, 0xbb, 0x98, 0xae, 0x26, 0x66,
    0x2b, 0x99, 0x99, 0x8a, 0x9b, 0x6d, 0xb6, 0xdb, 0x6d, 0xb7, 0x41, 0xb6, 0xdb, 0x6d, 0xb6, 0xdb,
    0x6d, 0xb6, 0xdb, 0x6e, 0x9b, 0xa6, 0x9a, 0x69, 0xbb, 0xbb, 0xbb, 0xbb, 0xbb, 0xbb, 0xb9, 0x89,
    0x9b, 0xbb, 0xb8, 0x99, 0x88, 0x98, 0x88, 0xae, 0xb9, 0x99, 0x88, 0x8a, 0xeb, 0x88, 0x88, 0x88,
    0x89, 0x99, 0x99, 0x9a, 0x5b, 0x6d, 0xb6, 0xdb, 0x6d, 0xb6, 0xe8, 0x36, 0xdb, 0x6d, 0xb6, 0xdb,
    0x6d, 0xd5, 0x4d, 0x37, 0x4d, 0xcc, 0xdd, 0xdd, 0xdd, 0xdd, 0xdd, 0xdd, 0xdd, 0xdd, 0xdd, 0xdd,
    0xd3, 0x4d, 0x37, 0x37, 0x54, 0xd1, 0x44, 0xc4, 0x57, 0x5d, 0x75, 0xd7, 0x5d, 0x75, 0xd7, 0x5d,
    0x75, 0xc4, 0x44, 0x44, 0x44, 0x44, 0x44, 0xdd, 0x4d, 0xb6, 0xdb, 0x6d, 0xb6, 0xdb, 0x6e, 0x83,
    0x6d, 0xb6, 0xdb, 0x6d, 0xba, 0xa6, 0xee, 0xee, 0xee, 0xee, 0xee, 0x66, 0x66, 0x66, 0x66, 0x66,
    0x66, 0xee, 0xee, 0xee, 0x6a, 0xa6, 0x6e, 0xaa, 0xa9, 0x9a, 0xee, 0x26, 0xba, 0xeb, 0xa2, 0xae,
    0xba, 0xeb, 0xae, 0xba, 0xeb, 0xae, 0x22, 0x22, 0xba, 0xe9, 0xaa, 0xa6, 0xdb, 0x6d, 0xb6, 0xdb,
    0x6d, 0xb6, 0xdb, 0x6e, 0x83, 0x6d, 0xb6, 0xdb, 0xaa, 0x9b, 0xbb, 0xb9, 0xb9, 0xbb, 0xbb, 0x99,
    0x99, 0x99, 0x99, 0x99, 0x99, 0x99, 0x89, 0xbb, 0xbb, 0x9b, 0xaa, 0xab, 0x9b, 0x99, 0xba, 0x69,
    0xb9, 0x8a, 0xe2, 0xe2, 0x66, 0x2b, 0xae, 0xba, 0xeb, 0x89, 0xa6, 0xa6, 0xdb, 0x6d, 0xb6, 0xdb,
    0x6d, 0xb6, 0xdb, 0x6d, 0xb6, 0xdd, 0x06, 0xdb, 0x6d, 0xbb, 0xbb, 0xbb, 0xbb, 0xbb, 0xbb, 0x98,
    0x88, 0x88, 0x88, 0x88, 0x88, 0x88, 0x89, 0x99, 0xbb, 0xb9, 0x98, 0x8a, 0x6a, 0xa6, 0x6e, 0xee,
    0xe6, 0x69, 0xa6, 0xe6, 0x26, 0xee, 0x9a, 0x69, 0xb9, 0x9a, 0x9b, 0x6d, 0xb6, 0xdb, 0x6d, 0xb6,
    0xdb, 0x6d, 0xb6, 0xdb, 0x6d, 0xb7, 0x41, 0xb6, 0xdb, 0x75, 0x5d, 0x34, 0xdd, 0xdd, 0xdd, 0xdd,
    0xdc, 0x44, 0x44, 0x44, 0x45, 0x71, 0x11, 0x11, 0x37, 0x77, 0x77, 0x77, 0x73, 0x11, 0x4c, 0xcd,
    0xdd, 0xdc, 0xcc, 0x57, 0x13, 0x73, 0x77, 0x77, 0x77, 0x73, 0x6d, 0xb6, 0xdb, 0x6d, 0xb6, 0xdb,
    0x6d, 0xb6, 0xdb, 0x6d, 0xb6, 0xdd, 0x06, 0xdb, 0x6d, 0xbb, 0x8b, 0xbb, 0xbb, 0xbb, 0xbb, 0xbb,
    0xae, 0x2b, 0x99, 0xae, 0x66, 0x26, 0x6b, 0xae, 0xee, 0xee, 0xee, 0xee, 0xee, 0xee, 0x66, 0xee,
    0xe6, 0x26, 0x2b, 0xae, 0xb9, 0xbb, 0xbb, 0xbb, 0xbb, 0xbb, 0xb8, 0xa9, 0xb6, 0xdb, 0x6d, 0xb6,
    0xdb, 0x6d, 0xb6, 0xdb, 0x6d, 0xb6, 0xe8, 0x36, 0xdb, 0x6d, 0xb8, 0x9b, 0xbb, 0xbb, 0xbb, 0xb9,
    0x88, 0xae, 0x22, 0x22, 0x22, 0x22, 0xba, 0xe8, 0xa6, 0xee, 0xee, 0xee, 0xee, 0xee, 0xee, 0xe6,
    0x22, 0x22, 0x22, 0x22, 0x26, 0x6e, 0xee, 0xee, 0xe6, 0x22, 0x66, 0x66, 0x9a, 0xaa, 0x6d, 0xb6,
    0xdb, 0x6d, 0xb6, 0xdb, 0x6d, 0xb6, 0xdb, 0xa0, 0xdb, 0x6d, 0xb6, 0xea, 0x99, 0xbb, 0xbb, 0x99,
    0x99, 0x98, 0xa2, 0x88, 0xae, 0x22, 0xb8, 0xa2, 0xae, 0xb8, 0x8b, 0xbb, 0xbb, 0xbb, 0xbb, 0xbb,
    0x9b, 0xb9, 0x99, 0x99, 0x99, 0x99, 0x99, 0x99, 0xbb, 0xbb, 0xbb, 0xbb, 0xbb, 0xbb, 0xbb, 0xbb,
    0xbb, 0xa9, 0xb6, 0xdb, 0x6d, 0xb6, 0xdb, 0x6d, 0xb7, 0x41, 0xb6, 0xdb, 0x6d, 0xba, 0xa6, 0x66,
    0xee, 0x6e, 0xe6, 0x28, 0xa2, 0x22, 0x22, 0xb8, 0x97, 0x31, 0x11, 0x5d, 0xdd, 0xdd, 0xdd, 0xdd,
    0xdc, 0xcc, 0xcc, 0xcc, 0xcc, 0xcc, 0xc5, 0x75, 0xc5, 0x15, 0x73, 0x77, 0x77, 0x77, 0x77, 0x4d,
    0x34, 0xd3, 0x4d, 0x34, 0xdd, 0xcd, 0x35, 0x36, 0xdb, 0x6d, 0xb6, 0xdb, 0x6d, 0xd0, 0x6d, 0xb6,
    0xdb, 0x6d, 0xba, 0xa9, 0x9b, 0xb9, 0x88, 0x88, 0x88, 0x88, 0x89, 0xa5, 0xba, 0xae, 0x26, 0x22,
    0x26, 0xee, 0xee, 0xee, 0x66, 0x66, 0x66, 0x66, 0x66, 0x66, 0x22, 0x22, 0x6a, 0x75, 0x53, 0x37,
    0x77, 0x77, 0x33, 0x74, 0xd3, 0x4d, 0xdd, 0xdd, 0xc5, 0xd4, 0xdb, 0x6d, 0xb6, 0xdb, 0x6d, 0xd0,
    0x6d, 0xb6, 0xdb, 0x6d, 0xb6, 0xea, 0xb9, 0x98, 0x88, 0x88, 0x88, 0x88, 0x9b, 0xb8, 0xa9, 0xbb,
    0x89, 0x88, 0x89, 0x99, 0x99, 0x99, 0x98, 0x88, 0x89, 0x98, 0x8a, 0xe2, 0x22, 0xdb, 0x6d, 0xd5,
    0x77, 0x77, 0x77, 0x73, 0x33, 0x77, 0x4d, 0x34, 0xdd, 0xdc, 0xd4, 0xdb, 0x6d, 0xb6, 0xdb, 0x6e,
    0x83, 0x6d, 0xb6, 0xdb, 0x6d, 0xb6, 0xdd, 0x54, 0xd3, 0x4d, 0x4d, 0xb7, 0x55, 0xcc, 0xdd, 0xd4,
    0xdb, 0xa6, 0x8a, 0x22, 0xba, 0xe2, 0xb8, 0x98, 0x88, 0x88, 0x88, 0x88, 0x88, 0x89, 0xba, 0x9b,
    0x6d, 0xb7, 0x55, 0xcd, 0xdd, 0xdd, 0xdc, 0xcc, 0x4d, 0xdd, 0xdd, 0xdd, 0xcd, 0xd4, 0xdb, 0x6d,
    0xb6, 0xdd, 0x06, 0xdb, 0x6d, 0xb6, 0xdb, 0x6d, 0xb6, 0xdb, 0x6d, 0xb6, 0xdb, 0x6d, 0xb6, 0xea,
    0xae, 0x8a, 0x8a, 0xba, 0x28, 0xbb, 0x8a, 0xeb, 0x8b, 0xae, 0xb8, 0x8a, 0xe2, 0xaa, 0x9b, 0x6d,
    0xb6, 0xdb, 0x6d, 0xd5, 0x55, 0x33, 0x33, 0x33, 0x37, 0x77, 0x77, 0x77, 0x77, 0x77, 0x34, 0xb6,
    0xdb, 0x6d, 0xba, 0x0d, 0xb6, 0xdb, 0x6d, 0xb6, 0xdb, 0x6d, 0xb6, 0xdb, 0x6d, 0xb6, 0xdd, 0x57,
    0x71, 0x11, 0x15, 0xd1, 0x51, 0x45, 0xcd, 0xcc, 0xcd, 0xc5, 0x74, 0x54, 0x6a, 0x35, 0x74, 0xd4,
    0xdb, 0x6d, 0xb6, 0xdb, 0x6d, 0xb6, 0xdb, 0xaa, 0x99, 0xbb, 0xbb, 0xbb, 0xbb, 0xbb, 0x9b, 0x99,
    0xa5, 0xb6, 0xdb, 0x74, 0x1b, 0x6d, 0xb6, 0xdb, 0x6d, 0xb6, 0xdb, 0x6d, 0xb6, 0xdb, 0x75, 0x5c,
    0xdd, 0xdd, 0xdd, 0xdd, 0xc5, 0x74, 0x54, 0x68, 0xbb, 0xb9, 0xa2, 0xa3, 0xd1, 0xe8, 0xf4, 0x51,
    0x11, 0x31, 0x4d, 0x4d, 0xb6, 0xdb, 0x6d, 0xb6, 0xdb, 0x6d, 0xcd, 0xdd, 0xdd, 0xdd, 0xcc, 0xdd,
    0xcd, 0xcc, 0x52, 0xdb, 0x6d, 0xd0, 0x6d, 0xb6, 0xdb, 0x6d, 0xb6, 0xdb, 0x6d, 0xb6, 0xdb, 0x75,
    0x5c, 0x5d, 0xdd, 0xdd, 0xdd, 0xdd, 0xdc, 0xd1, 0xa8, 0xf4, 0x7a, 0x35, 0x1a, 0x8d, 0x47, 0xa3,
    0xd1, 0xe8, 0xa2, 0x66, 0x66, 0x66, 0x66, 0x66, 0x9a, 0x9b, 0x6d, 0xb6, 0xdb, 0x6d, 0xd5, 0x77,
    0x77, 0x73, 0x37, 0x77, 0x13, 0x71, 0x13, 0x75, 0x36, 0xdb, 0xa0, 0xdb, 0x6d, 0xb6, 0xdb, 0x6d,
    0xb6, 0xdb, 0x6d, 0xb7, 0x73, 0x77, 0x77, 0x77, 0x77, 0x77, 0x77, 0x31, 0x46, 0xa3, 0xd1, 0xe8,
    0xf4, 0x7a, 0x3d, 0x1e, 0x8f, 0x13, 0x11, 0x13, 0x77, 0x77, 0x77, 0x77, 0x31, 0x4b, 0x6d, 0xb6,
    0xdb, 0x6d, 0xd5, 0x55, 0x33, 0x37, 0x31, 0x37, 0x77, 0x33, 0x73, 0x75, 0x36, 0xdb, 0xa0, 0xdb,
    0x6d, 0xb6, 0xdb, 0x6d, 0xb6, 0xdb, 0x6d, 0xd5, 0x71, 0x77, 0x77, 0x77, 0x77, 0x77, 0x77, 0x33,
    0x14, 0x7a, 0x3d, 0x1e, 0x8f, 0x47, 0xa3, 0xd1, 0xeb, 0x99, 0x99, 0xbb, 0xb9, 0x9b, 0xbb, 0xbb,
    0xbb, 0xb8, 0xa5, 0xb6, 0xdb, 0x6d, 0xb6, 0xdb, 0x75, 0x54, 0xdd, 0x33, 0x33, 0x13, 0x34, 0xd4,
    0xdb, 0x6e, 0x83, 0x6d, 0xb6, 0xdb, 0x6d, 0xb6, 0xdb, 0x6d, 0xb7, 0x4c, 0x5d, 0x37, 0x77, 0x77,
    0x77, 0x73, 0x33, 0x31, 0x47, 0xa3, 0xd1, 0xe8, 0xa6, 0xee, 0x8a, 0xb9, 0x9b, 0xbb, 0xbb, 0xbb,
    0xb9, 0x9b, 0xbb, 0xbb, 0xb9, 0xa9, 0xb6, 0xdb, 0x6d, 0xb6, 0xdb, 0x6d, 0xb6, 0xdb, 0x6d, 0xb6,
    0xdb, 0x6e, 0x83, 0x6d, 0xb6, 0xdb, 0x6d, 0xb6, 0xdb, 0x6d, 0xd5, 0x13, 0x74, 0xdd, 0xdd, 0xdd,
    0xc4, 0x4c, 0xcc, 0x4d, 0x4d, 0xb6, 0xdb, 0x6e, 0x99, 0x99, 0xbb, 0xbb, 0xbb, 0x99, 0x89, 0x9b,
    0xbb, 0x9b, 0x6d, 0xb6, 0xdb, 0x6d, 0xb6, 0xdb, 0x6d, 0xb6, 0xdb, 0x6d, 0xb6, 0xdb, 0xa0, 0xdb,
    0x6d, 0xb6, 0xdb, 0x6d, 0xb6, 0xdd, 0x53, 0x33, 0x37, 0x77, 0x77, 0x31, 0x33, 0x33, 0x15, 0xd3,
    0x53, 0x6d, 0xb6, 0xdb, 0x6d, 0xba, 0xa9, 0xba, 0xeb, 0xae, 0xba, 0xe2, 0x22, 0x22, 0x22, 0x29,
    0x6d, 0xb6, 0xdb, 0x6d, 0xb6, 0xdb, 0x6d, 0xb6, 0xdb, 0x6d, 0xb6, 0xdb, 0xa0, 0xdb, 0x6d, 0xb6,
    0xdb, 0x6d, 0xb6, 0xe6, 0x66, 0x66, 0x26, 0x26, 0xba, 0xe2, 0xb9, 0xa6, 0xaa, 0x9b, 0x6d, 0xb6,
    0xdb, 0x6d, 0xb6, 0xdb, 0xa6, 0xba, 0xeb, 0xae, 0xba, 0xeb, 0xae, 0xb8, 0xae, 0xbb, 0x6d, 0xb6,
    0xdb, 0x6d, 0xb6, 0xdb, 0x6d, 0xb6, 0xdb, 0x6d, 0xb6, 0xdb, 0x6e, 0x83, 0x6d, 0xb6, 0xdb, 0x6d,
    0xb6, 0xdd, 0x51, 0x33, 0x33, 0x31, 0x13, 0x33, 0x36, 0xdb, 0x6d, 0xb6, 0xdb, 0x6d, 0xb6, 0xdb,
    0x6d, 0xd5, 0x35, 0xd7, 0x5d, 0x75, 0xd7, 0x5d, 0x75, 0xcd, 0x4d, 0xb6, 0xdb, 0x6d, 0xb6, 0xdb,
    0x6d, 0xb6, 0xdb, 0x6d, 0xb6, 0xdb, 0x6d, 0xba, 0x0d, 0xb6, 0xdb, 0x6d, 0xb6, 0xdb, 0x75, 0x44,
    0xcc, 0xcc, 0xcc, 0xcc, 0xcd, 0xd2, 0xdb, 0x6d, 0xb6, 0xdb, 0x6d, 0xb6, 0xdb, 0x6d, 0xba, 0xa2,
    0xba, 0xeb, 0xae, 0xba, 0xeb, 0x6d, 0xb6, 0xdb, 0x6d, 0xb6, 0xdb, 0x6d, 0xb6, 0xdb, 0x6d, 0xb6,
    0xdb, 0x6d, 0xb6, 0xe8, 0x36, 0xdb, 0x6d, 0xb6, 0xdb, 0x6d, 0xdc, 0xcc, 0xcc, 0xcc, 0xcc, 0xc4,
    0x5d, 0x4d, 0xb6, 0xdb, 0x6d, 0xb6, 0xdb, 0x6d, 0xb6, 0xdd, 0x31, 0x5d, 0x75, 0xd7, 0x5d, 0x75,
    0xd7, 0x6d, 0xb6, 0xdb, 0x6d, 0xb6, 0xdb, 0x6d, 0xb6, 0xdb, 0x6d, 0xb6, 0xdb, 0x6d, 0xb6, 0xe8,
    0x36, 0xdb, 0x6d, 0xb6, 0xdb, 0x6e, 0xa9, 0x99, 0x99, 0x99, 0x8b, 0xaa, 0xa6, 0xdb, 0x6d, 0xb6,
    0xdb, 0x6d, 0xb6, 0xdb, 0x6d, 0xb7, 0x35, 0xd7, 0x5d, 0x75, 0xd7, 0x5d, 0x75, 0xd7, 0x15, 0x36,
    0xdb, 0x6d, 0xb6, 0xdb, 0x6d, 0xb6, 0xdb, 0x6d, 0xb6, 0xdb, 0x6d, 0xb6, 0xe8, 0x36, 0xdb, 0x6d,
    0xb6, 0xdb, 0x74, 0xc4, 0x4c, 0xcc, 0xcc, 0x52, 0xdb, 0x6d, 0xb6, 0xdb, 0x6d, 0xb6, 0xdb, 0x6d,
    0xb6, 0xdb, 0x75, 0x5c, 0x57, 0x5c, 0x44, 0x45, 0x71, 0x11, 0x33, 0x74, 0xd3, 0x53, 0x6d, 0xb6,
    0xdb, 0x6d, 0xb6, 0xdb, 0x6d, 0xb6, 0xdb, 0x6d, 0xba, 0x0d, 0xb6, 0xdb, 0x6d, 0xb7, 0x54, 0x4d,
    0xdd, 0xcc, 0xcc, 0xd7, 0x75, 0x36, 0xdb, 0x6d, 0xb6, 0xdb, 0x6d, 0xb6, 0xdb, 0x6d, 0xb6, 0xdb,
    0x75, 0x53, 0x13, 0x74, 0xd3, 0x77, 0x17, 0x77, 0x77, 0x2d, 0xb6, 0xdb, 0x6d, 0xb6, 0xdb, 0x6d,
    0xb6, 0xdb, 0x6d, 0xb6, 0xe8, 0x36, 0xdb, 0x6e, 0xaa, 0xa9, 0xb9, 0xbb, 0xbb, 0xbb, 0xbb, 0x98,
    0x89, 0xa9, 0xb6, 0xdb, 0x6d, 0xb6, 0xdb, 0x6d, 0xb6, 0xdb, 0x6d, 0xb6, 0xdb, 0x6e, 0xaa, 0xae,
    0xe6, 0x6e, 0x9a, 0xaa, 0xa6, 0xe9, 0xa9, 0xb6, 0xdb, 0x6d, 0xb6, 0xdb, 0x6d, 0xb6, 0xdb, 0x6d,
    0xb6, 0xdd, 0x06, 0xdb, 0x75, 0x53, 0x77, 0x77, 0x77, 0x31, 0x37, 0x77, 0x31, 0x35, 0x54, 0xdb,
    0x6d, 0xb6, 0xdb, 0x6d, 0xb6, 0xdb, 0x6d, 0xb6, 0xdb, 0x6d, 0xb6, 0xdb, 0x6d, 0xb6, 0xdb, 0x6d,
    0xb6, 0xdb, 0x6d, 0xb6, 0xdb, 0x6d, 0xb6, 0xdb, 0x6d, 0xb6, 0xdb, 0x74, 0x1b, 0x6d, 0xd5, 0x73,
    0x33, 0x33, 0x55, 0x53, 0x33, 0x33, 0x14, 0xb6, 0xdb, 0x6d, 0xb6, 0xdb, 0x6d, 0xb6, 0xdb, 0x6d,
    0xb6, 0xdb, 0x6d, 0xb6, 0xdb, 0x6d, 0xb6, 0xdb, 0x6d, 0xb6, 0xdb, 0x6d, 0xb6, 0xdb, 0x6d, 0xb6,
    0xdb, 0x6d, 0xb6, 0xdb, 0x6e, 0x80
};

const HuffmanFrequency SPRITE_24_FREQS[] = {
    {0x0a, 51},
    {0x23, 27},
    {0x25, 9},
    {0x2a, 178},
    {0x2b, 385},
    {0x2d, 746},
    {0x2e, 158},
    {0x3a, 114},
    {0x3d, 556},
    {0x40, 25},
    {0xa0, 2802},
    {0xc2, 2802}
};
}

const HuffmanEncodedSprite SPRITE_24 = {
    SPRITE_24_BYTES,
    static_cast<int>(sizeof(SPRITE_24_BYTES) / sizeof(SPRITE_24_BYTES[0])),
    18733,
    7853,
    SPRITE_24_FREQS,
    static_cast<int>(sizeof(SPRITE_24_FREQS) / sizeof(SPRITE_24_FREQS[0]))
};

namespace
{
const unsigned char SPRITE_25_BYTES[] = {
    0xb7, 0x6d, 0xb6, 0xdb, 0x6d, 0xb6, 0xdb, 0x6d, 0xb6, 0xdb, 0x6d, 0xb6, 0xdb, 0x6d, 0xb6, 0xdd,
    0xea, 0xaa, 0xaa, 0xaa, 0xaa, 0xaa, 0x66, 0x6e, 0xdb, 0x6d, 0xb6, 0xdb, 0x6d, 0xb6, 0xdb, 0x6d,
    0xb6, 0xdb, 0x6d, 0xb6, 0xdb, 0x6d, 0xb6, 0xdb, 0x6e, 0xdd, 0xb6, 0xdb, 0x6d, 0xb6, 0xdb, 0x6d,
    0xb6, 0xdb, 0x6d, 0xb6, 0xdb, 0x6d, 0xb6, 0xef, 0x53, 0x37, 0xbd, 0xef, 0x7b, 0xde, 0xf7, 0xbd,
    0xef, 0x79, 0x9a, 0xab, 0xb6, 0xdb, 0x6d, 0xb6, 0xdb, 0x6d, 0xb6, 0xdb, 0x6d, 0xb6, 0xdb, 0x6d,
    0xb6, 0xdb, 0x6d, 0xb7, 0x6e, 0xdb, 0x6d, 0xb6, 0xdb, 0x6d, 0xb6, 0xdb, 0x6d, 0xb6, 0xdb, 0x6d,
    0xb6, 0xdc, 0xd4, 0xde, 0xf7, 0xbd, 0xef, 0x7b, 0xde, 0xf7, 0xbd, 0xef, 0x7b, 0xde, 0x66, 0x66,
    0x6e, 0xdb, 0x6d, 0xb6, 0xdb, 0x6d, 0xb6, 0xdb, 0x6d, 0xb6, 0xdb, 0x6d, 0xb6, 0xdb, 0x6d, 0xb7,
    0x6e, 0xdb, 0x6d, 0xb6, 0xdb, 0x6d, 0xb6, 0xdb, 0x6d, 0xb6, 0xdb, 0x6d, 0xb7, 0x7a, 0x9b, 0xde,
    0xf7, 0xbd, 0xef, 0x7b, 0xde, 0xf7, 0xbd, 0xef, 0x7b, 0xde, 0xf3, 0x33, 0x33, 0x12, 0xdb, 0x6d,
    0xb6, 0xdb, 0x6d, 0xb6, 0xdb, 0x6d, 0xb6, 0xdb, 0x6d, 0xb6, 0xdb, 0x6d, 0xbb, 0x76, 0xdb, 0x6d,
    0xb6, 0xdb, 0x6d, 0xb6, 0xdb, 0x6d, 0xb6, 0xdb, 0x6d, 0xcc, 0xcd, 0xef, 0x7b, 0xde, 0xf7, 0xbd,
    0xef, 0x7b, 0xde, 0xf7, 0xbd, 0xef, 0x79, 0x99, 0x99, 0x99, 0x89, 0x6d, 0xb6, 0xdb, 0x6d, 0xb6,
    0xdb, 0x6d, 0xb6, 0xdb, 0x6d, 0xb6, 0xdb, 0x6d, 0xb6, 0xed, 0xdb, 0x6d, 0xb6, 0xdb, 0x6d, 0xb6,
    0xdb, 0x6d, 0xb6, 0xdb, 0x6d, 0xb9, 0x99, 0xbd, 0xef, 0x7b, 0xde, 0xf7, 0xbd, 0xef, 0x7b, 0xde,
    0xf7, 0xbd, 0xe6, 0x66, 0x66, 0x66, 0x66, 0x6c, 0xbb, 0x6d, 0xb6, 0xdb, 0x6d, 0xb6, 0xdb, 0x6d,
    0xb6, 0xdb, 0x6d, 0xb6, 0xdb, 0x6d, 0xbb, 0x76, 0xdb, 0x6d, 0xb6, 0xdb, 0x6d, 0xb6, 0xdb, 0x6d,
    0xb6, 0xdb, 0x77, 0x99, 0xbd, 0xef, 0x7b, 0xde, 0xf7, 0xbd, 0xef, 0x7b, 0xde, 0xf7, 0x99, 0x99,
    0x99, 0x99, 0x99, 0x99, 0x9a, 0x96, 0xdb, 0x6d, 0xb6, 0xdb, 0x6d, 0xb6, 0xdb, 0x6d, 0xb6, 0xdb,
    0x6d, 0xb6, 0xdb, 0x76, 0xed, 0xb6, 0xdb, 0x6d, 0xb6, 0xdb, 0x6d, 0xb6, 0xdb, 0x6d, 0xb7, 0x79,
    0x89, 0xbd, 0xef, 0x7b, 0xde, 0xf7, 0xbd, 0xef, 0x7b, 0xcc, 0xcc, 0xcc, 0xcc, 0xcc, 0xcc, 0xcc,
    0xcc, 0xcd, 0x36, 0xdb, 0x6d, 0xb6, 0xdb, 0x6d, 0xb6, 0xdb, 0x6d, 0xb6, 0xdb, 0x6d, 0xb6, 0xdb,
    0xb7, 0x6d, 0xb6, 0xdb, 0x6d, 0xb6, 0xdb, 0x6d, 0xb6, 0xdb, 0x6d, 0xb9, 0xb5, 0x6a, 0x26, 0xf7,
    0xbd, 0xef, 0x7b, 0xde, 0x66, 0x6a, 0x66, 0x66, 0x66, 0x66, 0x66, 0x66, 0x66, 0x66, 0x65, 0xb6,
    0xdb, 0x6d, 0xb6, 0xdb, 0x6d, 0xb6, 0xdb, 0x6d, 0xb6, 0xdb, 0x6d, 0xb6, 0xdd, 0xbb, 0x6d, 0xb6,
    0xdb, 0x6d, 0xb6, 0xdb, 0x6d, 0xb6, 0xdb, 0x6e, 0xf3, 0x16, 0xaa, 0x66, 0x66, 0x66, 0x66, 0x66,
    0x2d, 0xb6, 0xdb, 0x55, 0x33, 0x33, 0x33, 0x33, 0x33, 0x33, 0x33, 0x65, 0xdb, 0x6d, 0xb6, 0xdb,
    0x6d, 0xb6, 0xdb, 0x6d, 0xb6, 0xdb, 0x6d, 0xb6, 0xdb, 0x6d, 0xdb, 0xb6, 0xdb, 0x6d, 0xb6, 0xdb,
    0x6d, 0xb6, 0xdb, 0x6d, 0xb7, 0x79, 0x89, 0x99, 0x99, 0x99, 0x99, 0x99, 0x99, 0x98, 0xb5, 0x53,
    0x33, 0x33, 0x33, 0x33, 0x33, 0x33, 0x33, 0x2d, 0xb6, 0xdb, 0x6d, 0xb6, 0xdb, 0x6d, 0xb6, 0xdb,
    0x6d, 0xb6, 0xdb, 0x6d, 0xb6, 0xdd, 0xbb, 0x6d, 0xb6, 0xdb, 0x6d, 0xb6, 0xdb, 0x6d, 0xb6, 0xdb,
    0x77, 0x89, 0x99, 0x99, 0x99, 0x99, 0x99, 0x99, 0x99, 0x99, 0x99, 0x99, 0x99, 0x99, 0x99, 0x99,
    0x99, 0x98, 0xbb, 0x6d, 0xb6, 0xdb, 0x6d, 0xb6, 0xdb, 0x6d, 0xb6, 0xdb, 0x6d, 0xb6, 0xdb, 0x6d,
    0xb7, 0x6e, 0xdb, 0x6d, 0xb6, 0xdb, 0x6d, 0xb6, 0xdb, 0x6d, 0xb6, 0xef, 0x64, 0xcc, 0xcc, 0xcc,
    0xcc, 0xcc, 0xcc, 0xcc, 0xcc, 0xcc, 0xcc, 0xcc, 0xcc, 0xcc, 0xcc, 0xcc, 0xd5, 0x5d, 0xb6, 0xdb,
    0x6d, 0xb6, 0xdb, 0x6d, 0xb6, 0xdb, 0x6d, 0xb6, 0xdb, 0x6d, 0xb6, 0xdb, 0x76, 0xed, 0xb6, 0xdb,
    0x6d, 0xb6, 0xdb, 0x6d, 0xb7, 0x79, 0x88, 0x8b, 0x2a, 0x66, 0x66, 0x66, 0x66, 0x66, 0x66, 0x66,
    0x66, 0x66, 0x66, 0x66, 0x66, 0x66, 0x66, 0x62, 0xd5, 0x92, 0xdb, 0x6d, 0xb6, 0xdb, 0x6d, 0xb6,
    0xdb, 0x6d, 0xb6, 0xdb, 0x6d, 0xb6, 0xdb, 0x6d, 0xb7, 0x6e, 0xdb, 0x6d, 0xb6, 0xdb, 0x6d, 0xb6,
    0xdb, 0xbd, 0x4c, 0xcc, 0xcd, 0x54, 0x44, 0xcc, 0xcc, 0xcc, 0xcc, 0xcc, 0xcc, 0xcc, 0xcc, 0xcc,
    0xcc, 0xcc, 0xc4, 0x5e, 0xac, 0xb2, 0xed, 0xb6, 0xdb, 0x6d, 0xb6, 0xdb, 0x6d, 0xb6, 0xdb, 0x6d,
    0xb6, 0xdb, 0x6d, 0xb6, 0xdb, 0x76, 0xed, 0xb6, 0xdb, 0x6d, 0xb6, 0xdb, 0x6d, 0xba, 0xa9, 0x9a,
    0xa9, 0x99, 0x99, 0xa8, 0xa9, 0x99, 0x99, 0x99, 0x99, 0x99, 0x99, 0x99, 0x98, 0xb2, 0xf7, 0x6d,
    0xd5, 0xaa, 0xbb, 0x6d, 0xb6, 0xdb, 0x6d, 0xb6, 0xdb, 0x6d, 0xb6, 0xdb, 0x6d, 0xb6, 0xdb, 0x6d,
    0xb6, 0xdd, 0xbb, 0x6d, 0xb6, 0xdb, 0x6d, 0xb6, 0xdb, 0x6e, 0xaa, 0x6a, 0xad, 0x96, 0xcb, 0x65,
    0xb6, 0xaa, 0xaa, 0xa2, 0xa6, 0x66, 0x66, 0x66, 0x66, 0x6a, 0x25, 0xb6, 0xdb, 0x77, 0x8b, 0x6d,
    0x36, 0xdb, 0x6d, 0xb6, 0xdb, 0x6d, 0xb6, 0xdb, 0x6d, 0xb6, 0xdb, 0x6d, 0xb6, 0xdb, 0x6d, 0xbb,
    0x76, 0xdb, 0x6d, 0xb6, 0xdb, 0x6d, 0xb6, 0xdd, 0xea, 0xa6, 0xaa, 0xdb, 0x6c, 0xb6, 0x5b, 0x2d,
    0x96, 0x45, 0x54, 0x54, 0xcc, 0xcc, 0xd4, 0x55, 0xdb, 0x6d, 0xb6, 0xdb, 0x9b, 0x55, 0x76, 0xdb,
    0x6d, 0xb6, 0xdb, 0x6d, 0xb6, 0xdb, 0x6d, 0xb6, 0xdb, 0x6d, 0xb6, 0xdb, 0x6d, 0xb7, 0x6e, 0xdb,
    0x6d, 0xb6, 0xdb, 0x6d, 0xb6, 0xdb, 0x77, 0x8a, 0x9a, 0xa8, 0xb6, 0xdb, 0x2d, 0x96, 0xcb, 0x6d,
    0x95, 0x51, 0x13, 0x35, 0x52, 0xdb, 0x6d, 0xb6, 0xdb, 0x77, 0xb2, 0xc9, 0x6d, 0xb6, 0xdb, 0x6d,
    0xb6, 0xdb, 0x6d, 0xb6, 0xdb, 0x6d, 0xb6, 0xdb, 0x6d, 0xb6, 0xdb, 0x6e, 0xdd, 0xb6, 0xdb, 0x6d,
    0xb6, 0xdb, 0x6d, 0xb7, 0x79, 0x8b, 0x22, 0xaa, 0xaa, 0xcb, 0x6d, 0xb2, 0xd9, 0x6d, 0xb2, 0xaa,
    0x22, 0xc8, 0xbb, 0x6d, 0xb6, 0xdb, 0x6d, 0xcd, 0x96, 0xa9, 0xb6, 0xdb, 0x6d, 0xb6, 0xdb, 0xbd,
    0xef, 0x7b, 0xb6, 0xdb, 0x6d, 0xb6, 0xdb, 0x6d, 0xb6, 0xdb, 0x6d, 0xdb, 0xb6, 0xdb, 0x6d, 0xb6,
    0xdb, 0x6d, 0xde, 0xa2, 0xaa, 0xaa, 0xa2, 0xd5, 0x55, 0x54, 0x45, 0xab, 0x2a, 0xaa, 0xd9, 0x11,
    0x11, 0x2d, 0xb6, 0xdb, 0x6e, 0x6d, 0x5a, 0x8b, 0xb6, 0xdb, 0x77, 0xbd, 0x59, 0x15, 0x55, 0x11,
    0x11, 0x15, 0x51, 0x64, 0xdd, 0xb6, 0xdb, 0x6d, 0xb6, 0xdb, 0x6d, 0xbb, 0x76, 0xdb, 0x6d, 0xb6,
    0xdb, 0x6e, 0xf6, 0x55, 0x55, 0x55, 0x96, 0xa2, 0xaa, 0xac, 0xb2, 0xaa, 0xaa, 0xaa, 0xac, 0xb2,
    0x22, 0x22, 0xc8, 0xbb, 0x6d, 0xb7, 0x36, 0xad, 0x59, 0x76, 0xdd, 0xea, 0xd4, 0x55, 0x55, 0x55,
    0x55, 0x55, 0x55, 0x55, 0x55, 0x55, 0x55, 0x91, 0x76, 0xdb, 0x6d, 0xb6, 0xdb, 0x6d, 0xdb, 0xb6,
    0xdb, 0x6d, 0xb6, 0xdd, 0xed, 0x55, 0x54, 0x45, 0x55, 0x55, 0x55, 0x55, 0x55, 0x45, 0xab, 0x6d,
    0xb2, 0xd9, 0x64, 0x44, 0x5b, 0x62, 0x22, 0x22, 0x5b, 0x77, 0xb5, 0x65, 0xab, 0x26, 0xf3, 0x65,
    0x95, 0x55, 0x65, 0xb6, 0xca, 0xaa, 0xaa, 0xaa, 0xaa, 0xa8, 0xb2, 0xdb, 0x6a, 0x2a, 0xaa, 0xaa,
    0xd5, 0x5d, 0xb6, 0xdb, 0x6d, 0xb6, 0xed, 0xdb, 0x6d, 0xb6, 0xdb, 0xbd, 0x44, 0x44, 0x55, 0x55,
    0x55, 0x55, 0x55, 0x55, 0x55, 0x44, 0x44, 0x44, 0x44, 0x44, 0x45, 0x96, 0x59, 0x64, 0x5d, 0xcc,
    0x45, 0x96, 0x59, 0x11, 0x51, 0x65, 0x55, 0x55, 0x55, 0x55, 0x55, 0x55, 0x55, 0x55, 0x55, 0x55,
    0x55, 0x59, 0x64, 0x55, 0x45, 0x97, 0x6d, 0xb6, 0xdb, 0x6e, 0xdd, 0xb6, 0xdb, 0x6d, 0xde, 0x22,
    0xca, 0xaa, 0xaa, 0xaa, 0xaa, 0xaa, 0xaa, 0xa8, 0x88, 0x88, 0x88, 0x88, 0x88, 0x88, 0x88, 0x8b,
    0x2c, 0xb2, 0x62, 0x22, 0x2c, 0xb5, 0x11, 0x15, 0x55, 0x55, 0x55, 0x55, 0x55, 0x55, 0x55, 0x55,
    0x55, 0x55, 0x55, 0x55, 0x55, 0x55, 0x16, 0x44, 0x45, 0x5d, 0xb6, 0xdb, 0x6e, 0xdd, 0xb6, 0xdb,
    0x6e, 0xf1, 0x65, 0x55, 0x55, 0x55, 0x55, 0x55, 0x54, 0x44, 0x44, 0x44, 0x44, 0x44, 0x44, 0x44,
    0x44, 0x44, 0x44, 0x45, 0x96, 0xa2, 0x22, 0xcb, 0x22, 0xaa, 0xaa, 0xaa, 0xaa, 0xaa, 0xaa, 0xaa,
    0xaa, 0xaa, 0xaa, 0xaa, 0xaa, 0xaa, 0xaa, 0xaa, 0xaa, 0xaa, 0xaa, 0x22, 0xae, 0xdb, 0x6d, 0xbb,
    0x76, 0xdb, 0x6d, 0xde, 0x22, 0xaa, 0xaa, 0xaa, 0xa2, 0x22, 0x22, 0x22, 0x22, 0x22, 0x22, 0x22,
    0x22, 0x22, 0x22, 0x22, 0x22, 0x22, 0xcb, 0x22, 0xa2, 0xd5, 0x55, 0x55, 0x55, 0x55, 0x55, 0x55,
    0x55, 0x55, 0x55, 0x55, 0x55, 0x55, 0x55, 0x55, 0x55, 0x55, 0x55, 0x55, 0x54, 0x59, 0x65, 0x4d,
    0xdb, 0x6d, 0xbb, 0x76, 0xdb, 0x6d, 0xde, 0xf7, 0xbd, 0xe6, 0x62, 0xd4, 0x44, 0x44, 0x44, 0x44,
    0x44, 0x44, 0x44, 0x44, 0x44, 0x44, 0x44, 0x44, 0x45, 0x96, 0xdb, 0x55, 0x55, 0x16, 0xaa, 0xaa,
    0xaa, 0xaa, 0xaa, 0xaa, 0xaa, 0xaa, 0xaa, 0xaa, 0xaa, 0xaa, 0xaa, 0xaa, 0xaa, 0xaa, 0xaa, 0xa2,
    0xd5, 0x93, 0x7b, 0xb6, 0xdb, 0x6d, 0xb7, 0x6e, 0xdb, 0x6d, 0xb6, 0xdb, 0x6d, 0xb7, 0x79, 0x8b,
    0x22, 0x22, 0x22, 0x22, 0x22, 0x22, 0x22, 0x22, 0x22, 0x22, 0x2c, 0xb2, 0x6a, 0xaa, 0xa2, 0xd5,
    0x45, 0x55, 0x55, 0x55, 0x55, 0x55, 0x55, 0x55, 0x55, 0x55, 0x55, 0x55, 0x55, 0x55, 0x55, 0x55,
    0x59, 0x65, 0xdb, 0x6d, 0xb6, 0xdb, 0x6d, 0xb7, 0x6e, 0xdb, 0x6d, 0xb6, 0xdb, 0x6d, 0xb6, 0xdb,
    0xbc, 0xd9, 0x11, 0x11, 0x11, 0x11, 0x11, 0x11, 0x11, 0x65, 0xa8, 0xbb, 0xbc, 0xd5, 0x55, 0x59,
    0x77, 0x78, 0xaa, 0xaa, 0xaa, 0xaa, 0xaa, 0xaa, 0xaa, 0xaa, 0xaa, 0xaa, 0xaa, 0xaa, 0xaa, 0xaa,
    0xb2, 0xae, 0xdb, 0x6d, 0xb6, 0xdb, 0x6d, 0xb6, 0xed, 0xdb, 0x6d, 0xb6, 0xdb, 0x6d, 0xb6, 0xdb,
    0x6d, 0xb7, 0x79, 0x88, 0x88, 0x88, 0x88, 0xb2, 0xaf, 0x76, 0xdd, 0xe6, 0x2a, 0xaa, 0x26, 0xed,
    0xde, 0x22, 0xaa, 0xaa, 0xaa, 0xaa, 0xaa, 0xaa, 0xaa, 0xaa, 0xaa, 0xaa, 0xaa, 0xa2, 0x26, 0xed,
    0xb6, 0xdb, 0x6d, 0xb6, 0xdb, 0x6d, 0xbb, 0x76, 0xdb, 0x6d, 0xb6, 0xdb, 0x6d, 0xb6, 0xdb, 0x6d,
    0xb6, 0xdb, 0x6d, 0xb6, 0xdb, 0x6d, 0xbb, 0xc5, 0x55, 0x55, 0x92, 0xdb, 0x6e, 0xf5, 0x11, 0x55,
    0x55, 0x55, 0x55, 0x55, 0x55, 0x55, 0x55, 0x55, 0x64, 0x4b, 0x6d, 0xb6, 0xdb, 0x6d, 0xb6, 0xdb,
    0x6d, 0xb7, 0x6e, 0xdb, 0x6d, 0xb6, 0xdb, 0x6d, 0xb6, 0xdb, 0x6d, 0xb6, 0xdb, 0x6d, 0xb6, 0xdb,
    0x6d, 0xbb, 0xcd, 0x95, 0x11, 0x13, 0x76, 0xdb, 0x6d, 0xde, 0xf3, 0x16, 0x44, 0x45, 0x55, 0x55,
    0x54, 0x59, 0x65, 0x54, 0xdd, 0xb6, 0xdb, 0x6d, 0xb6, 0xdb, 0x6d, 0xb6, 0xdb, 0x6e, 0xdd, 0xb6,
    0xdb, 0x6d, 0xb6, 0xdb, 0x6d, 0xb6, 0xdb, 0x6d, 0xb6, 0xdb, 0x6d, 0xb6, 0xdb, 0x77, 0x9a, 0xa8,
    0x8b, 0x52, 0xdb, 0x6d, 0xb6, 0xdb, 0x77, 0xbd, 0xe6, 0x66, 0x66, 0x6f, 0x7b, 0xb6, 0xdb, 0x6d,
    0xb6, 0xdb, 0x6d, 0xb6, 0xdb, 0x6d, 0xb6, 0xdb, 0xb7, 0x6d, 0xb6, 0xdb, 0x6d, 0xb6, 0xdb, 0x6d,
    0xb6, 0xdb, 0x6d, 0xb6, 0xdb, 0x6d, 0xb6, 0xdd, 0xea, 0xa2, 0x22, 0xc9, 0x6d, 0xb6, 0xdb, 0x6d,
    0xb6, 0xdb, 0x6d, 0xb6, 0xdb, 0x6d, 0xb6, 0xdb, 0x6d, 0xb6, 0xdb, 0x6d, 0xb6, 0xdb, 0x6d, 0xb7,
    0x6e, 0xdb, 0x6d, 0xb6, 0xdb, 0x6d, 0xb6, 0xdb, 0x6d, 0xb6, 0xdb, 0x6d, 0xb6, 0xdb, 0x6d, 0xbb,
    0xc4, 0x44, 0x59, 0x12, 0xdb, 0x6d, 0xb6, 0xdb, 0x6d, 0xb6, 0xdb, 0x6d, 0xb6, 0xdb, 0x6d, 0xb6,
    0xdb, 0x6d, 0xb6, 0xdb, 0x6d, 0xb6, 0xdb, 0x6e, 0xdd, 0xb6, 0xdb, 0x6d, 0xb6, 0xdb, 0x6d, 0xb6,
    0xdb, 0x6d, 0xb6, 0xdb, 0x6d, 0xb6, 0xdb, 0x77, 0xab, 0x56, 0x59, 0x65, 0x92, 0xdb, 0x6d, 0xb6,
    0xdb, 0x6d, 0xb6, 0xdb, 0x6d, 0xb6, 0xdb, 0x6d, 0xb6, 0xdb, 0x6d, 0xb6, 0xdb, 0x6d, 0xb6, 0xdb,
    0x6e, 0xdd, 0xb6, 0xdb, 0x6d, 0xb6, 0xdb, 0x6d, 0xb6, 0xdb, 0x6d, 0xb6, 0xdb, 0x6d, 0xb6, 0xdb,
    0x77, 0x9b, 0x6d, 0xab, 0x56, 0xad, 0x53, 0x6d, 0xb6, 0xdb, 0x6d, 0xb6, 0xdb, 0x6d, 0xb6, 0xdb,
    0x6d, 0xb6, 0xdd, 0xee, 0xdb, 0x6d, 0xb6, 0xdb, 0x6d, 0xb6, 0xdb, 0xb7, 0x6d, 0xb6, 0xdb, 0x6d,
    0xb6, 0xdb, 0x6d, 0xb6, 0xdb, 0x6e, 0xf5, 0x15, 0x11, 0x11, 0x16, 0x59, 0x64, 0x44, 0x59, 0x6a,
    0xd5, 0xab, 0x55, 0x76, 0xdb, 0x6d, 0xb6, 0xdb, 0x6d, 0xb6, 0xdb, 0x6d, 0xb6, 0xdb, 0x73, 0x11,
    0x76, 0xdb, 0x6d, 0xb6, 0xdb, 0x6d, 0xb6, 0xdd, 0xbb, 0x6d, 0xb6, 0xdb, 0x6d, 0xb6, 0xdb, 0x6d,
    0xb7, 0x7b, 0x2c, 0x88, 0xb5, 0x15, 0x37, 0xbd, 0xef, 0x7b, 0xcd, 0x45, 0xab, 0x56, 0xad, 0x5a,
    0xb5, 0x6a, 0x5b, 0x6d, 0xb6, 0xdb, 0x6d, 0xb6, 0xdb, 0x6d, 0xb6, 0xdb, 0x77, 0xb2, 0xcb, 0xb6,
    0xdb, 0x6d, 0xb6, 0xdb, 0x6d, 0xb6, 0xdb, 0xb7, 0x6d, 0xb6, 0xdb, 0x6d, 0xb6, 0xdb, 0x6d, 0xde,
    0xa2, 0xcb, 0x2a, 0xf7, 0xbb, 0x6d, 0xb6, 0xdb, 0x6d, 0xbb, 0xd5, 0xab, 0x56, 0xad, 0x45, 0xdb,
    0x6d, 0xb6, 0xdb, 0x6d, 0xb6, 0xdb, 0x6d, 0xb6, 0xdd, 0x5a, 0xab, 0xbb, 0xd5, 0x96, 0xad, 0x44,
    0xdd, 0xb6, 0xdb, 0x6d, 0xb6, 0xdd, 0xbb, 0x6d, 0xb6, 0xdb, 0x6d, 0xb6, 0xdb, 0xbd, 0x5a, 0x89,
    0xbb, 0x6d, 0xb6, 0xdb, 0x6d, 0xb6, 0xdb, 0x6d, 0xde, 0x2d, 0x5a, 0xb5, 0x57, 0x6d, 0xb6, 0xdb,
    0x6d, 0xb6, 0xdb, 0x6d, 0xb6, 0xef, 0x65, 0xab, 0xcd, 0xab, 0x56, 0xaa, 0xed, 0xb6, 0xdb, 0x6d,
    0xb6, 0xdb, 0x6d, 0xdb, 0xb6, 0xdb, 0x6d, 0xb6, 0xdb, 0x77, 0xbc, 0x5a, 0x8b, 0xb6, 0xdb, 0x6d,
    0xb6, 0xdb, 0x6d, 0xb6, 0xdb, 0x6d, 0xb9, 0xb2, 0xd5, 0xab, 0x52, 0xdb, 0x6d, 0xb6, 0xdb, 0x6d,
    0xb6, 0xdb, 0x77, 0xb2, 0xdb, 0x6a, 0xd5, 0x93, 0x76, 0xdb, 0x6d, 0xb6, 0xdb, 0x6d, 0xb6, 0xdb,
    0x76, 0xed, 0xb6, 0xdb, 0x6d, 0xb7, 0x7a, 0xb2, 0xd5, 0xb6, 0xd4, 0xb6, 0xdb, 0x6d, 0xb6, 0xdb,
    0x6d, 0xb6, 0xdb, 0x6d, 0xb6, 0xdd, 0xe2, 0xd5, 0xab, 0x51, 0x37, 0x6d, 0xb6, 0xdb, 0x6d, 0xb6,
    0xef, 0x36, 0x5a, 0xb6, 0xda, 0xb2, 0x22, 0x22, 0xa6, 0xed, 0xb6, 0xdb, 0x6d, 0xb6, 0xdb, 0x6e,
    0xdd, 0xb6, 0xdb, 0x6d, 0xb9, 0xb2, 0xc9, 0xab, 0x56, 0x59, 0x76, 0xdb, 0x6d, 0xb6, 0xdb, 0x6d,
    0xb6, 0xdb, 0x6d, 0xb6, 0xdb, 0x6e, 0xf3, 0x56, 0x5a, 0xb5, 0x64, 0x54, 0xde, 0xf7, 0xbd, 0xef,
    0x35, 0x16, 0xad, 0x45, 0x4d, 0xee, 0xdb, 0x77, 0xbc, 0xd9, 0x64, 0xcd, 0xdb, 0x6d, 0xb6, 0xdb,
    0x6d, 0xdb, 0xb6, 0xdb, 0x6d, 0xde, 0xc8, 0xbb, 0xab, 0x53, 0x56, 0x4b, 0x6d, 0xb6, 0xdb, 0x6d,
    0xb6, 0xdb, 0x6d, 0xb6, 0xdb, 0x6d, 0xb6, 0xdb, 0x77, 0xbc, 0xcd, 0x54, 0x59, 0x65, 0x91, 0x15,
    0x37, 0xbd, 0xdb, 0x6d, 0xb6, 0xdb, 0x6d, 0xde, 0xaf, 0x7b, 0xb6, 0xdb, 0x6d, 0xb6, 0xdd, 0xbb,
    0x6d, 0xb6, 0xe6, 0xc9, 0xbb, 0xbd, 0xb6, 0x9c, 0xda, 0x8b, 0xb6, 0xdb, 0x6d, 0xb6, 0xdb, 0x6d,
    0xb6, 0xdb, 0x6d, 0xb6, 0xdb, 0x6d, 0xb6, 0xdb, 0x6d, 0xb6, 0xdb, 0x6d, 0xb6, 0xdb, 0x6d, 0xb6,
    0xdb, 0x6d, 0xb6, 0xdb, 0x6d, 0xb6, 0xdb, 0x6d, 0xdb, 0xb6, 0xdb, 0x73, 0x57, 0x6d, 0xcd, 0xb2,
    0xee, 0xf5, 0x6d, 0xb6, 0xd5, 0xef, 0x76, 0xdb, 0x6d, 0xb6, 0xdb, 0x6d, 0xb6, 0xdb, 0x6d, 0xb6,
    0xdb, 0x6d, 0xb6, 0xdb, 0x6d, 0xb6, 0xdb, 0x6d, 0xb6, 0xdb, 0x6d, 0xb6, 0xdb, 0x6d, 0xb6, 0xdb,
    0x6d, 0xb6, 0xdb, 0xb7, 0x6d, 0xb6, 0xdb, 0x6d, 0xba, 0xb2, 0xae, 0xef, 0x56, 0x55, 0xee, 0xdb,
    0x6d, 0xb6, 0xdb, 0x6d, 0xb6, 0xdb, 0x6d, 0xb6, 0xdb, 0x6d, 0xb6, 0xdb, 0x6d, 0xb6, 0xdb, 0x6d,
    0xb6, 0xdb, 0x6d, 0xb6, 0xdb, 0x6d, 0xb6, 0xdb, 0x6d, 0xb6, 0xdb, 0x6e, 0xdd, 0xb6, 0xdb, 0x6d,
    0xb6, 0xef, 0x0d, 0xb6, 0xe6, 0x22, 0x6e, 0xdb, 0x6d, 0xb6, 0xdb, 0x6d, 0xb6, 0xdb, 0x6d, 0xb6,
    0xdb, 0x6d, 0xb6, 0xdb, 0x6d, 0xb6, 0xdb, 0x6d, 0xb6, 0xdb, 0x6d, 0xb6, 0xdb, 0x6d, 0xb6, 0xdb,
    0x6d, 0xb6, 0xdb, 0x76, 0xe0
};

const HuffmanFrequency SPRITE_25_FREQS[] = {
    {0x0a, 51},
    {0x23, 21},
    {0x25, 16},
    {0x2a, 85},
    {0x2b, 120},
    {0x2d, 547},
    {0x2e, 301},
    {0x3a, 404},
    {0x3d, 328},
    {0xa0, 3178},
    {0xc2, 3178}
};
}

const HuffmanEncodedSprite SPRITE_25 = {
    SPRITE_25_BYTES,
    static_cast<int>(sizeof(SPRITE_25_BYTES) / sizeof(SPRITE_25_BYTES[0])),
    18211,
    8229,
    SPRITE_25_FREQS,
    static_cast<int>(sizeof(SPRITE_25_FREQS) / sizeof(SPRITE_25_FREQS[0]))
};

namespace
{
const unsigned char SPRITE_26_BYTES[] = {
    0xee, 0xee, 0xee, 0xee, 0xee, 0xee, 0xee, 0xee, 0xee, 0xee, 0xee, 0xee, 0xee, 0xee, 0xee, 0xee,
    0xee, 0xee, 0xee, 0x0b, 0xbb, 0xbb, 0xbb, 0xbb, 0xbb, 0xbb, 0xbb, 0xbb, 0xbb, 0xbb, 0xbb, 0xbb,
    0xbb, 0xbb, 0xbb, 0xbb, 0xbb, 0xbb, 0x91, 0x11, 0x3b, 0xbb, 0xbb, 0xbb, 0xbb, 0xbb, 0xbb, 0xbb,
    0xbb, 0xbb, 0xbb, 0xbb, 0xbb, 0xbb, 0xbb, 0xbb, 0xbb, 0xbb, 0xbb, 0xbb, 0xbb, 0xbb, 0xbb, 0xbb,
    0xbb, 0xbb, 0xbb, 0xbb, 0xbb, 0xb8, 0x2e, 0xee, 0xee, 0xee, 0xee, 0xee, 0xee, 0xee, 0xee, 0xee,
    0xee, 0xee, 0xee, 0xee, 0xee, 0xee, 0xe4, 0x63, 0x19, 0x24, 0x63, 0x00, 0x06, 0xd5, 0x55, 0x11,
    0x11, 0x13, 0xbb, 0xbb, 0xbb, 0xbb, 0xbb, 0xbb, 0xbb, 0xbb, 0xbb, 0xbb, 0xbb, 0xbb, 0xbb, 0xbb,
    0xbb, 0xbb, 0xbb, 0xbb, 0xbb, 0xbb, 0xbb, 0xbb, 0xb8, 0x2e, 0xee, 0xee, 0xee, 0xee, 0xee, 0xee,
    0xee, 0xee, 0xee, 0xee, 0xee, 0xee, 0xee, 0xee, 0xe4, 0x64, 0x92, 0x31, 0x80, 0x63, 0x2d, 0xb6,
    0xdb, 0x6d, 0x92, 0x32, 0xd5, 0x13, 0xbb, 0xbb, 0xbb, 0xbb, 0xbb, 0xbb, 0xbb, 0xbb, 0xbb, 0xbb,
    0xbb, 0xbb, 0xbb, 0xbb, 0xbb, 0xbb, 0xbb, 0xbb, 0xbb, 0xb8, 0x2e, 0xee, 0xee, 0xee, 0xee, 0xee,
    0xee, 0xee, 0xee, 0xee, 0xee, 0xee, 0xee, 0xee, 0xee, 0x46, 0x32, 0x31, 0x8c, 0xb6, 0xdb, 0x6d,
    0xb6, 0xdb, 0x6d, 0xb6, 0xdb, 0x25, 0xb4, 0xee, 0xee, 0xee, 0xee, 0xee, 0xee, 0xee, 0xee, 0xee,
    0xee, 0xee, 0xee, 0xee, 0xee, 0xee, 0xee, 0xee, 0xee, 0xe0, 0xbb, 0xbb, 0xbb, 0xbb, 0xbb, 0xbb,
    0xbb, 0xbb, 0xbb, 0xbb, 0xb9, 0x11, 0x92, 0xdb, 0x20, 0x18, 0x06, 0xdb, 0x6d, 0xb6, 0xdb, 0x6d,
    0xb6, 0xcb, 0x6d, 0xb6, 0xdb, 0x6d, 0xb4, 0xee, 0xee, 0xee, 0xee, 0xee, 0xee, 0xee, 0xee, 0xee,
    0xee, 0xee, 0xee, 0xee, 0xee, 0xee, 0xee, 0xee, 0x0b, 0xbb, 0xbb, 0xbb, 0xbb, 0xbb, 0xbb, 0xbb,
    0xbb, 0xb9, 0x19, 0x6d, 0xb6, 0xdb, 0x20, 0x01, 0x6d, 0xb6, 0xdb, 0x6d, 0xb6, 0xdb, 0x6c, 0x87,
    0x0e, 0x1c, 0x92, 0x49, 0x24, 0x92, 0xd3, 0xbb, 0xbb, 0xbb, 0xbb, 0xbb, 0xbb, 0xbb, 0xbb, 0xbb,
    0xbb, 0xbb, 0xbb, 0xbb, 0xbb, 0xbb, 0xb8, 0x2e, 0xee, 0xee, 0xee, 0xee, 0xee, 0xee, 0xee, 0x46,
    0x5b, 0x6d, 0xb6, 0xdb, 0x6c, 0x96, 0xdb, 0x6d, 0xb6, 0xdb, 0x6d, 0xb6, 0xd9, 0x0e, 0x00, 0x00,
    0x6b, 0xdd, 0xdd, 0xdd, 0xdd, 0xdd, 0xdd, 0xdd, 0xdd, 0xdd, 0xdd, 0xdd, 0xdd, 0xdd, 0xdd, 0xdd,
    0xdd, 0xdd, 0xdd, 0xdd, 0xdd, 0xdc, 0x17, 0x77, 0x77, 0x77, 0x77, 0x77, 0x77, 0x21, 0x2d, 0xb6,
    0xdb, 0x6d, 0xb6, 0xdb, 0x6d, 0xb6, 0xdb, 0x6d, 0xb6, 0xdb, 0x6d, 0xb0, 0x22, 0x30, 0x00, 0x00,
    0x69, 0xdd, 0xdd, 0xdd, 0xdd, 0xdd, 0xdd, 0xdd, 0xdd, 0xdd, 0xdd, 0xdd, 0xdd, 0xdd, 0xdd, 0xdd,
    0xdd, 0xdd, 0xdd, 0xdd, 0xc1, 0x77, 0x77, 0x77, 0x77, 0x77, 0x72, 0x12, 0xdb, 0x64, 0xb6, 0xdb,
    0x6d, 0xb6, 0x5b, 0x6d, 0xb6, 0xdb, 0x6d, 0xb6, 0xdb, 0x21, 0xd5, 0x3b, 0xb9, 0x8c, 0x00, 0x03,
    0x4e, 0xee, 0xee, 0xee, 0xee, 0xee, 0xee, 0xee, 0xee, 0xee, 0xee, 0xee, 0xee, 0xee, 0xee, 0xee,
    0xee, 0xee, 0xee, 0x0b, 0xbb, 0xbb, 0xbb, 0xbb, 0x91, 0x4b, 0x6d, 0x92, 0xdb, 0x6d, 0xb6, 0xdb,
    0x65, 0xb6, 0xdb, 0x6d, 0xb6, 0xdb, 0x6c, 0x60, 0x1b, 0x63, 0x29, 0xdd, 0xca, 0x30, 0x00, 0x0b,
    0xdd, 0xdd, 0xdd, 0xdd, 0xdd, 0xdd, 0xdd, 0xdd, 0xdd, 0xdd, 0xdd, 0xdd, 0xdd, 0xdd, 0xdd, 0xdd,
    0xdd, 0xdc, 0x17, 0x77, 0x77, 0x77, 0x72, 0x12, 0xdb, 0x64, 0x65, 0xb6, 0xdb, 0x6d, 0xb6, 0xc9,
    0x6d, 0xb6, 0xdb, 0x6d, 0x91, 0x87, 0x10, 0x84, 0x18, 0x6d, 0xb1, 0xbe, 0xee, 0x46, 0x00, 0x00,
    0xa7, 0x77, 0x77, 0x77, 0x77, 0x77, 0x77, 0x77, 0x77, 0x77, 0x77, 0x77, 0x77, 0x77, 0x77, 0x77,
    0x77, 0x70, 0x5d, 0xdd, 0xdd, 0xdc, 0x84, 0xb6, 0x46, 0xaa, 0xcb, 0x6d, 0xb6, 0xdb, 0x6d, 0xb6,
    0xdb, 0x6d, 0x92, 0x30, 0xe2, 0x10, 0x84, 0x21, 0x08, 0x42, 0x0c, 0xdb, 0x19, 0xee, 0xee, 0x46,
    0x00, 0x0d, 0x3b, 0xbb, 0xbb, 0xbb, 0xbb, 0xbb, 0xbb, 0xbb, 0xbb, 0xbb, 0xbb, 0xbb, 0xbb, 0xbb,
    0xbb, 0xbb, 0xb8, 0x2e, 0xee, 0xee, 0xe4, 0x24, 0x8d, 0x13, 0xbb, 0x91, 0x8c, 0xb6, 0xdb, 0x6d,
    0xb6, 0xdb, 0x6c, 0x91, 0x88, 0x42, 0x10, 0x84, 0x21, 0x08, 0x42, 0x10, 0x84, 0x36, 0xcb, 0x4e,
    0xee, 0xee, 0x40, 0xe3, 0x01, 0x4e, 0xee, 0xee, 0xee, 0xee, 0xee, 0xee, 0xee, 0xee, 0xee, 0xee,
    0xee, 0xee, 0xee, 0xee, 0xee, 0x0b, 0xbb, 0xbb, 0xb9, 0x8c, 0xa7, 0x77, 0x77, 0x77, 0x77, 0x77,
    0x72, 0x28, 0xc0, 0x32, 0x5b, 0x6d, 0x90, 0xe2, 0x10, 0x84, 0x21, 0x08, 0x42, 0x10, 0x84, 0x21,
    0x08, 0x41, 0x9b, 0x6d, 0x3b, 0xbb, 0xbb, 0x90, 0x60, 0x00, 0xd3, 0xbb, 0xbb, 0xbb, 0xbb, 0xbb,
    0xbb, 0xbb, 0xbb, 0xbb, 0xbb, 0xbb, 0xbb, 0xbb, 0xbb, 0xb8, 0x2e, 0xee, 0xee, 0xee, 0xee, 0xee,
    0xee, 0xee, 0xee, 0xee, 0xee, 0xee, 0xee, 0x64, 0x8c, 0x38, 0x71, 0x91, 0x88, 0x42, 0x10, 0x84,
    0x21, 0x08, 0x42, 0x10, 0x84, 0x21, 0x08, 0x41, 0x9b, 0x6d, 0x3b, 0xbb, 0xbb, 0xb9, 0x18, 0x06,
    0x35, 0x4e, 0xee, 0xee, 0xee, 0xee, 0xee, 0xee, 0xee, 0xee, 0xee, 0xee, 0xee, 0xee, 0xee, 0xe0,
    0xbb, 0xbb, 0xbb, 0xbb, 0xbb, 0xbb, 0xbb, 0xbb, 0xbb, 0xbb, 0xbb, 0xbb, 0xb8, 0x64, 0x8c, 0x38,
    0x84, 0x21, 0x08, 0x42, 0x10, 0x84, 0x21, 0x08, 0x42, 0x10, 0x83, 0x06, 0x0c, 0x18, 0x40, 0x6c,
    0x6d, 0x3b, 0xbb, 0xbb, 0xbb, 0x91, 0x80, 0x60, 0x69, 0xdd, 0xdd, 0xdd, 0xdd, 0xdd, 0xdd, 0xdd,
    0xdd, 0xdd, 0xdd, 0xdd, 0xdd, 0xdd, 0xc1, 0x77, 0x77, 0x77, 0x77, 0x77, 0x77, 0x77, 0x77, 0x77,
    0x77, 0x77, 0x77, 0x20, 0xc9, 0x18, 0x84, 0x21, 0x08, 0x42, 0x10, 0x84, 0x21, 0x08, 0x41, 0x83,
    0x06, 0x0e, 0x1c, 0x38, 0x70, 0xe1, 0x9b, 0x64, 0x6b, 0xdd, 0xdd, 0xdd, 0xdd, 0xc8, 0xc0, 0x30,
    0x2a, 0x77, 0x77, 0x77, 0x77, 0x77, 0x77, 0x77, 0x77, 0x77, 0x77, 0x77, 0x77, 0x77, 0x05, 0xdd,
    0xdd, 0xdd, 0xdd, 0xdd, 0xdd, 0xdd, 0xdd, 0xdd, 0xdd, 0xdd, 0xdc, 0x32, 0x48, 0x04, 0x21, 0x08,
    0x42, 0x10, 0x84, 0x21, 0x08, 0x30, 0x60, 0xe0, 0x6c, 0x01, 0x83, 0x01, 0xb6, 0x4b, 0x69, 0xdd,
    0xdd, 0xdd, 0xdd, 0xc8, 0x40, 0x30, 0x2f, 0x77, 0x77, 0x77, 0x77, 0x77, 0x77, 0x77, 0x77, 0x77,
    0x77, 0x77, 0x77, 0x70, 0x5d, 0xdd, 0xdd, 0xdd, 0xdd, 0xdd, 0xdd, 0xdd, 0xc8, 0x8a, 0xaa, 0xa8,
    0x83, 0x24, 0x87, 0x0c, 0x30, 0x08, 0x42, 0x10, 0x84, 0x21, 0x06, 0x0e, 0x1c, 0x38, 0x61, 0xab,
    0x03, 0x6d, 0x91, 0xaa, 0xb6, 0x9d, 0xdd, 0xdd, 0xdd, 0xdc, 0x83, 0x00, 0x00, 0x9d, 0xdd, 0xdd,
    0xc8, 0x8a, 0x30, 0xe0, 0x18, 0xcb, 0x6c, 0x91, 0x80, 0x0a, 0x81, 0x77, 0x77, 0x77, 0x72, 0x28,
    0x06, 0xdb, 0x6d, 0x90, 0x16, 0xd9, 0x1b, 0x23, 0x02, 0xb0, 0x08, 0x42, 0x10, 0x84, 0x20, 0xc1,
    0xc3, 0x87, 0x0e, 0x1c, 0x30, 0x1b, 0x6c, 0x87, 0x6d, 0xaa, 0xa9, 0x4e, 0xee, 0xee, 0xee, 0xee,
    0x41, 0x80, 0x03, 0x42, 0x32, 0xdb, 0x6d, 0xb6, 0xc9, 0x24, 0x96, 0xd9, 0x02, 0x85, 0xdd, 0xdd,
    0xc8, 0xa4, 0x8c, 0x64, 0x96, 0xdb, 0x6d, 0x92, 0xc0, 0xd5, 0x92, 0x43, 0x88, 0x42, 0x10, 0x84,
    0x20, 0xc1, 0xc3, 0x80, 0xaa, 0xab, 0x24, 0x0a, 0xc6, 0xda, 0xaa, 0xa8, 0xd7, 0xbb, 0xbb, 0xbb,
    0x91, 0x46, 0x36, 0xdb, 0x6d, 0xb6, 0xc9, 0x01, 0x6d, 0xb6, 0xc9, 0x29, 0xdd, 0xc1, 0x77, 0x77,
    0x23, 0x18, 0xc6, 0x31, 0x80, 0x04, 0x92, 0xdb, 0x6d, 0x8c, 0x8c, 0xb5, 0x55, 0x55, 0x6d, 0xb6,
    0xad, 0xb6, 0xc9, 0x23, 0x65, 0x55, 0xb5, 0x55, 0x55, 0x55, 0x6f, 0xbb, 0x91, 0x59, 0x6d, 0xb6,
    0xdb, 0x64, 0x96, 0xdb, 0x6d, 0xb6, 0x4b, 0x4e, 0xee, 0xee, 0x0b, 0xbb, 0xb9, 0x48, 0xc6, 0x02,
    0xdb, 0x01, 0x24, 0x92, 0xdb, 0x6c, 0x64, 0x63, 0x23, 0x18, 0xc6, 0x49, 0x18, 0xc6, 0x1c, 0x01,
    0xc3, 0x87, 0x19, 0x54, 0x42, 0xda, 0xaa, 0xaa, 0xaa, 0xb6, 0xda, 0xb6, 0xdb, 0x6d, 0xb6, 0xc9,
    0x6d, 0xb6, 0xdb, 0x6d, 0xb2, 0x53, 0xbb, 0xbb, 0xbb, 0x82, 0xee, 0xee, 0x45, 0x6a, 0x9d, 0xdd,
    0xc8, 0x02, 0x49, 0x24, 0x92, 0x48, 0xc6, 0x49, 0x24, 0x80, 0xab, 0x55, 0x1b, 0x6d, 0xb6, 0xdb,
    0x55, 0x55, 0x55, 0x55, 0x55, 0x56, 0x46, 0x36, 0xdb, 0x6d, 0xb1, 0x96, 0xdb, 0x6d, 0xb6, 0xdb,
    0x6d, 0xb4, 0xee, 0xee, 0xee, 0xee, 0x0b, 0xbb, 0xbb, 0xbb, 0xbb, 0xbb, 0xbb, 0x90, 0x92, 0x49,
    0x24, 0x92, 0x48, 0xc0, 0x49, 0x24, 0x81, 0xaa, 0xaa, 0xaa, 0xaa, 0xaa, 0xaa, 0xaa, 0xaa, 0xaa,
    0xaa, 0xaa, 0xaa, 0xa8, 0xcb, 0x6d, 0xb6, 0x4b, 0x6d, 0xb6, 0xdb, 0x6d, 0xb6, 0xdb, 0x1a, 0x77,
    0x77, 0x77, 0x77, 0x70, 0x5d, 0xdd, 0xdd, 0xdd, 0xdd, 0xdd, 0xdc, 0x8c, 0x64, 0x92, 0x49, 0x24,
    0x92, 0x30, 0x12, 0x49, 0x1b, 0x55, 0x55, 0x55, 0x55, 0x55, 0x55, 0x55, 0x55, 0x55, 0x55, 0x55,
    0x55, 0x65, 0xb6, 0xd8, 0xc6, 0xdb, 0x6d, 0xb6, 0xdb, 0x6d, 0xb6, 0xd9, 0x7d, 0xdd, 0xdd, 0xdd,
    0xdd, 0xc1, 0x77, 0x77, 0x77, 0x77, 0x77, 0x77, 0x72, 0x31, 0x92, 0x49, 0x24, 0x92, 0x49, 0x18,
    0x09, 0x24, 0x6d, 0x55, 0x55, 0x55, 0x55, 0x55, 0x55, 0x55, 0x55, 0x49, 0x6a, 0xaa, 0xa0, 0x6d,
    0xb2, 0x32, 0xdb, 0x6d, 0xb6, 0xdb, 0x6d, 0xb6, 0xdb, 0x02, 0x77, 0x77, 0x77, 0x77, 0x77, 0x05,
    0xdd, 0xdd, 0xdd, 0xdd, 0xdd, 0xdd, 0xc8, 0xc9, 0x24, 0x92, 0x49, 0x24, 0x92, 0x31, 0x92, 0x40,
    0xaa, 0xaa, 0xaa, 0x88, 0x88, 0x88, 0x88, 0x88, 0x8a, 0xaa, 0xaa, 0xaa, 0xa0, 0x6c, 0x8c, 0xb6,
    0xdb, 0x6d, 0xb6, 0xdb, 0x6d, 0xb6, 0xdb, 0x3d, 0xdd, 0xdd, 0xdd, 0xdd, 0xdc, 0x17, 0x77, 0x77,
    0x77, 0x77, 0x77, 0x77, 0x21, 0x24, 0x92, 0x49, 0x24, 0x92, 0x48, 0xc6, 0x48, 0x09, 0x54, 0x44,
    0x44, 0x44, 0x44, 0x44, 0x44, 0x44, 0x44, 0x45, 0x55, 0x55, 0x63, 0x18, 0xdb, 0x6d, 0xb6, 0xdb,
    0x6d, 0xb6, 0xdb, 0x6d, 0xb2, 0xfb, 0xbb, 0xbb, 0xbb, 0xbb, 0xb8, 0x22, 0xfb, 0xbb, 0xbb, 0xbb,
    0xbb, 0xb9, 0x06, 0x49, 0x24, 0x92, 0x49, 0x24, 0x92, 0x31, 0x80, 0x65, 0xa2, 0x22, 0x22, 0x22,
    0x22, 0x22, 0xb6, 0x88, 0x88, 0x8a, 0xaa, 0xaa, 0xa1, 0xcb, 0x6d, 0xb6, 0xdb, 0x6d, 0xb6, 0xdb,
    0x6d, 0xb6, 0xc0, 0x9d, 0xdd, 0xdd, 0xdd, 0xdd, 0xdc, 0x11, 0x65, 0x3b, 0xbb, 0xbb, 0xbb, 0xb9,
    0x06, 0x49, 0x24, 0x92, 0x49, 0x24, 0x92, 0x00, 0xe5, 0x95, 0x44, 0x44, 0x44, 0x44, 0x44, 0x64,
    0x92, 0x88, 0x88, 0x8a, 0xaa, 0xac, 0xb6, 0xdb, 0x6d, 0xb6, 0xdb, 0x6d, 0xb6, 0xdb, 0x6c, 0x9e,
    0xee, 0xee, 0xee, 0xee, 0xee, 0xe0, 0x86, 0xac, 0xbe, 0xee, 0xee, 0xee, 0xe4, 0x63, 0x24, 0x92,
    0x49, 0x24, 0x92, 0x48, 0xca, 0x22, 0x22, 0x22, 0x22, 0x22, 0x22, 0x22, 0xb2, 0x5a, 0x22, 0x22,
    0xaa, 0xaa, 0x8d, 0xb6, 0xdb, 0x6d, 0xb6, 0xdb, 0x6d, 0xb6, 0xdb, 0x6c, 0x09, 0xdd, 0xdd, 0xdd,
    0xdd, 0xdd, 0xdc, 0x10, 0x15, 0xb6, 0x31, 0xaa, 0x27, 0x77, 0x72, 0x0c, 0x92, 0x49, 0x24, 0x92,
    0x49, 0x19, 0x44, 0x44, 0x44, 0x44, 0x44, 0x44, 0x44, 0x44, 0x65, 0xaa, 0x22, 0x22, 0xaa, 0xa8,
    0x0b, 0x6d, 0xb6, 0xdb, 0x6d, 0xb6, 0xdb, 0x6d, 0xb6, 0xc6, 0xbd, 0xdd, 0xdd, 0xdd, 0xdd, 0xdd,
    0xdc, 0x10, 0xdb, 0x6d, 0x92, 0x46, 0xd3, 0xbb, 0x90, 0x64, 0x92, 0x49, 0x24, 0x92, 0x32, 0x88,
    0x88, 0x88, 0x88, 0x88, 0x88, 0x88, 0x88, 0x88, 0x88, 0x88, 0x88, 0xaa, 0xaa, 0xa3, 0x2d, 0xb6,
    0xdb, 0x6d, 0xb6, 0xdb, 0x6d, 0xb6, 0xd9, 0x54, 0xee, 0xee, 0xee, 0xee, 0xee, 0xee, 0xe0, 0x94,
    0x64, 0x92, 0x49, 0x24, 0x67, 0xbb, 0x90, 0x8c, 0x92, 0x49, 0x24, 0x92, 0xd1, 0x11, 0x11, 0x11,
    0x11, 0x15, 0x55, 0x51, 0x11, 0x11, 0x11, 0x11, 0x55, 0x55, 0x54, 0x05, 0xb6, 0xdb, 0x6d, 0xb6,
    0xdb, 0x6d, 0xb6, 0xc9, 0x4e, 0xee, 0xee, 0xee, 0xee, 0xee, 0xee, 0xee, 0x0b, 0x88, 0xc9, 0x24,
    0x92, 0x49, 0x3d, 0xdc, 0x8a, 0x49, 0x24, 0x92, 0x49, 0x44, 0x44, 0x44, 0x44, 0x44, 0x64, 0x96,
    0xa8, 0x88, 0x88, 0x8a, 0xaa, 0xaa, 0xaa, 0xa4, 0xb6, 0xdb, 0x6d, 0xb6, 0xdb, 0x6d, 0xb6, 0xcb,
    0x4e, 0xee, 0xee, 0xee, 0xee, 0xee, 0xee, 0xee, 0xe0, 0xb9, 0x14, 0x92, 0x49, 0x24, 0xb3, 0xdd,
    0xdd, 0xdc, 0x8a, 0x30, 0x12, 0x49, 0x28, 0x88, 0x88, 0x88, 0x88, 0x8a, 0xdb, 0x54, 0x44, 0x45,
    0x55, 0x55, 0x55, 0x55, 0x55, 0x52, 0x06, 0xdb, 0x6d, 0xb6, 0xdb, 0x6d, 0x92, 0xd3, 0xbb, 0xbb,
    0xbb, 0xbb, 0xbb, 0xbb, 0xbb, 0xbb, 0xb8, 0x2e, 0xee, 0x42, 0x32, 0x49, 0x24, 0x30, 0x1f, 0x77,
    0x77, 0x77, 0x72, 0x22, 0x22, 0x2b, 0x54, 0x44, 0x44, 0x44, 0x44, 0x44, 0x44, 0x44, 0x45, 0x55,
    0x55, 0x55, 0x55, 0x55, 0x55, 0x56, 0x46, 0x1c, 0xb6, 0xdb, 0x6d, 0xb2, 0x36, 0x89, 0xdd, 0xdd,
    0xdd, 0xdd, 0xdd, 0xdd, 0xdd, 0xdd, 0xdd, 0xdc, 0x17, 0x77, 0x77, 0x72, 0x22, 0xaa, 0x72, 0x30,
    0x00, 0x03, 0x54, 0x4e, 0xee, 0xee, 0xee, 0x45, 0x2a, 0xa8, 0x88, 0x88, 0x8a, 0xaa, 0xaa, 0xaa,
    0xaa, 0xaa, 0xaa, 0xaa, 0xaa, 0xaa, 0xaa, 0xa4, 0x96, 0xa8, 0x8a, 0xaa, 0xaa, 0x9d, 0xdd, 0xdd,
    0xdd, 0xdd, 0xdd, 0xdd, 0xdd, 0xdd, 0xdd, 0xdd, 0xdd, 0xdd, 0xc1, 0x77, 0x77, 0x77, 0x77, 0x77,
    0x77, 0x77, 0x72, 0x23, 0x18, 0xc0, 0x00, 0x16, 0xaa, 0xaa, 0xa4, 0x6a, 0xda, 0xaa, 0xaa, 0xaa,
    0xaa, 0xaa, 0xaa, 0xaa, 0x96, 0xaa, 0xaa, 0xaa, 0xaa, 0xaa, 0xca, 0x77, 0x77, 0x77, 0x77, 0x77,
    0x77, 0x77, 0x77, 0x77, 0x77, 0x77, 0x77, 0x77, 0x77, 0x77, 0x77, 0x77, 0x70, 0x5d, 0xdd, 0xdd,
    0xdd, 0xdd, 0xdd, 0xdd, 0xdd, 0xdd, 0xdd, 0xc8, 0x8a, 0xc8, 0xc6, 0x30, 0x00, 0x63, 0x2d, 0x55,
    0x55, 0x55, 0x55, 0x55, 0x55, 0x55, 0x92, 0xaa, 0xaa, 0xaa, 0xaa, 0xa4, 0xa7, 0x77, 0x77, 0x77,
    0x77, 0x77, 0x77, 0x77, 0x77, 0x77, 0x77, 0x77, 0x77, 0x77, 0x77, 0x77, 0x77, 0x77, 0x77, 0x05,
    0xdd, 0xdd, 0xdd, 0xdd, 0xdd, 0xdd, 0xdd, 0xdd, 0xdd, 0xdd, 0xdd, 0xdd, 0xdd, 0xdd, 0xdd, 0xdd,
    0xc8, 0xdb, 0x55, 0x55, 0x55, 0x55, 0x55, 0x55, 0x55, 0x55, 0x55, 0x56, 0x4b, 0x4e, 0xee, 0xee,
    0xee, 0xee, 0xee, 0xee, 0xee, 0xee, 0xee, 0xee, 0xee, 0xee, 0xee, 0xee, 0xee, 0xee, 0xee, 0xee,
    0xee, 0x0b, 0xbb, 0xbb, 0xbb, 0xbb, 0xbb, 0xbb, 0xbb, 0xbb, 0xbb, 0xbb, 0xbb, 0xbb, 0xbb, 0xbb,
    0xbb, 0xbb, 0xbb, 0xb9, 0x11, 0x92, 0x5b, 0x6a, 0xaa, 0xad, 0xb2, 0xda, 0xa2, 0x77, 0x77, 0x77,
    0x77, 0x77, 0x77, 0x77, 0x77, 0x77, 0x77, 0x77, 0x77, 0x77, 0x77, 0x77, 0x77, 0x77, 0x77, 0x77,
    0x77, 0x77, 0x05, 0xdd, 0xdd, 0xdd, 0xdd, 0xdd, 0xdd, 0xdd, 0xdd, 0xdd, 0xdd, 0xdd, 0xdd, 0xdd,
    0xdd, 0xdd, 0xdd, 0xdd, 0xdd, 0xdd, 0xdd, 0xdc, 0x88, 0x88, 0x88, 0x88, 0x89, 0xdd, 0xdd, 0xdd,
    0xdd, 0xdd, 0xdd, 0xdd, 0xdd, 0xdd, 0xdd, 0xdd, 0xdd, 0xdd, 0xdd, 0xdd, 0xdd, 0xdd, 0xdd, 0xdd,
    0xdd, 0xdd, 0xdd, 0xdd, 0xdd, 0xdd, 0xdd, 0xdd, 0xdd, 0xdd, 0xdd, 0xdd, 0xdd, 0xdd, 0xdd, 0xdd,
    0xdd, 0xc1, 0x00
};

const HuffmanFrequency SPRITE_26_FREQS[] = {
    {0x0a, 45},
    {0x23, 39},
    {0x25, 23},
    {0x2a, 97},
    {0x2b, 159},
    {0x2d, 898},
    {0x2e, 346},
    {0x3a, 374},
    {0x3d, 495},
    {0x40, 126},
    {0xa0, 1906},
    {0xc2, 1906}
};
}

const HuffmanEncodedSprite SPRITE_26 = {
    SPRITE_26_BYTES,
    static_cast<int>(sizeof(SPRITE_26_BYTES) / sizeof(SPRITE_26_BYTES[0])),
    17297,
    6414,
    SPRITE_26_FREQS,
    static_cast<int>(sizeof(SPRITE_26_FREQS) / sizeof(SPRITE_26_FREQS[0]))
};

namespace
{
const unsigned char SPRITE_27_BYTES[] = {
    0xee, 0xee, 0xee, 0xee, 0xee, 0xee, 0xee, 0xe7, 0xde, 0xee, 0xee, 0xee, 0xee, 0xee, 0xee, 0xee,
    0xee, 0xee, 0xee, 0xee, 0xee, 0xee, 0xee, 0xee, 0xee, 0xee, 0xee, 0xee, 0xee, 0xee, 0xee, 0xee,
    0xee, 0xee, 0xee, 0xee, 0xe7, 0xef, 0x33, 0x33, 0xcf, 0xfb, 0xbb, 0xbb, 0xbb, 0xbb, 0xbb, 0xbb,
    0xbb, 0xbb, 0xbb, 0xbb, 0xbb, 0xbb, 0xbb, 0xbb, 0xbb, 0xbb, 0xbb, 0xb9, 0xf7, 0xbb, 0xbb, 0xbb,
    0xbb, 0xbb, 0xbb, 0xbb, 0xbb, 0xbb, 0xbb, 0xbb, 0xbb, 0xbb, 0xbb, 0xbb, 0xbb, 0xbb, 0xbb, 0xbb,
    0xbb, 0xbb, 0xbb, 0xbb, 0xbb, 0xbb, 0xb9, 0xf8, 0x70, 0x66, 0x66, 0x66, 0x66, 0x0a, 0xac, 0xff,
    0xbb, 0xbb, 0xbb, 0xbb, 0xbb, 0xbb, 0xbb, 0xbb, 0xbb, 0xbb, 0xbb, 0xbb, 0xbb, 0xbb, 0xbb, 0x9f,
    0x7b, 0xbb, 0xbb, 0xbb, 0xbb, 0xbb, 0xbb, 0xbb, 0xbb, 0xbb, 0xbb, 0xbb, 0xbb, 0xbb, 0xbb, 0xbb,
    0xbb, 0xbb, 0xbb, 0xb9, 0xfb, 0xf6, 0x52, 0xaf, 0x3f, 0x7e, 0xfd, 0xf8, 0x50, 0xcc, 0xcc, 0xcc,
    0xcc, 0xcc, 0xcc, 0xcc, 0x00, 0x72, 0xb3, 0xf7, 0xfd, 0xdd, 0xdd, 0xdd, 0xdd, 0xdd, 0xdd, 0xdd,
    0xdd, 0xdd, 0xdd, 0xdd, 0xdc, 0xfb, 0xdd, 0xdd, 0xdd, 0xdd, 0xdd, 0xdd, 0xdd, 0xdd, 0xdd, 0xdd,
    0xdd, 0xdd, 0xdd, 0xdd, 0xdd, 0xdd, 0xdd, 0xdc, 0xfd, 0xe0, 0x19, 0x81, 0x24, 0xa1, 0x0c, 0xcc,
    0xcc, 0xcc, 0xcc, 0xcc, 0xcc, 0xcc, 0xcc, 0xc0, 0x00, 0x14, 0x3f, 0xee, 0xee, 0xee, 0xee, 0xee,
    0xee, 0xee, 0xee, 0xee, 0xee, 0xee, 0xee, 0x7d, 0xee, 0xee, 0xee, 0xee, 0xee, 0xee, 0xee, 0xee,
    0xee, 0xee, 0xee, 0xee, 0xee, 0xee, 0xee, 0xee, 0xee, 0x7e, 0xc1, 0x99, 0x99, 0x49, 0x28, 0x43,
    0x33, 0x33, 0x33, 0x33, 0x33, 0x33, 0x33, 0x00, 0x00, 0x00, 0x00, 0xae, 0x2a, 0x1e, 0x7f, 0xdd,
    0xdd, 0xdd, 0xdd, 0xdd, 0xdd, 0xdd, 0xdd, 0xdd, 0xdc, 0xfb, 0xdd, 0xdd, 0xdd, 0xdd, 0xdd, 0xdd,
    0xdd, 0xdd, 0xdd, 0xdd, 0xdd, 0xdd, 0xdd, 0xdd, 0xdd, 0xcf, 0xd8, 0x06, 0x66, 0x60, 0xe2, 0x4a,
    0x2b, 0x33, 0x33, 0x33, 0x33, 0x33, 0x30, 0x00, 0x00, 0x00, 0x00, 0x00, 0x03, 0x91, 0x11, 0x0a,
    0xb3, 0x3c, 0xfd, 0xff, 0x77, 0x77, 0x77, 0x77, 0x77, 0x77, 0x73, 0xef, 0x77, 0x77, 0x77, 0x77,
    0x77, 0x77, 0x77, 0x77, 0x77, 0x77, 0x77, 0x77, 0x77, 0x77, 0x3f, 0x60, 0xcc, 0xcc, 0xc1, 0xc4,
    0x94, 0x45, 0x66, 0x66, 0x66, 0x66, 0x66, 0x66, 0x66, 0x00, 0x00, 0x00, 0x00, 0x00, 0x01, 0x44,
    0x44, 0x44, 0x44, 0x25, 0xca, 0xf3, 0xfe, 0xee, 0xee, 0xee, 0xee, 0xee, 0x7d, 0xee, 0xee, 0xee,
    0xee, 0xee, 0xee, 0xee, 0xee, 0xee, 0xee, 0xee, 0xee, 0xee, 0xe7, 0xec, 0x19, 0x99, 0x98, 0x14,
    0x24, 0xa1, 0x28, 0xac, 0xcc, 0xcc, 0xc0, 0x00, 0x00, 0x00, 0x00, 0x00, 0x00, 0x05, 0x72, 0x22,
    0x22, 0x22, 0x17, 0x39, 0xce, 0x73, 0x9c, 0x43, 0xfe, 0xee, 0xee, 0xee, 0xee, 0x7d, 0xee, 0xee,
    0xee, 0xee, 0xee, 0xee, 0xee, 0xee, 0xee, 0xee, 0xee, 0xee, 0xee, 0x7e, 0x03, 0x33, 0x07, 0x21,
    0x24, 0x92, 0xf8, 0x84, 0x92, 0x54, 0x00, 0x00, 0x00, 0x00, 0x00, 0x0a, 0xaa, 0xe2, 0x88, 0x49,
    0x44, 0x44, 0x42, 0x5c, 0xe7, 0x39, 0xce, 0x73, 0x9c, 0x43, 0xfe, 0xee, 0xee, 0xee, 0x7d, 0xee,
    0xee, 0xee, 0xee, 0xee, 0xee, 0xee, 0xee, 0xee, 0xee, 0xee, 0xee, 0xe7, 0x94, 0x2b, 0x8a, 0x17,
    0x06, 0x66, 0x66, 0x0a, 0xe4, 0x44, 0x42, 0x49, 0x73, 0x95, 0xce, 0x73, 0x9c, 0x55, 0xc4, 0x92,
    0x49, 0x2e, 0x0e, 0x44, 0x44, 0x44, 0x42, 0x5c, 0xe7, 0x39, 0xc4, 0x92, 0x55, 0xff, 0x77, 0x77,
    0x73, 0xef, 0x77, 0x77, 0x77, 0x77, 0x77, 0x77, 0x77, 0x77, 0x77, 0x77, 0x77, 0x73, 0xf0, 0x49,
    0x25, 0x59, 0x99, 0x99, 0x99, 0x99, 0x98, 0x38, 0x94, 0x44, 0x24, 0xa2, 0x21, 0x24, 0xab, 0xcf,
    0x3c, 0x09, 0x72, 0xb8, 0xab, 0xc1, 0x11, 0x11, 0x10, 0x92, 0x49, 0x2e, 0x24, 0x97, 0x0e, 0xee,
    0xee, 0xe7, 0xde, 0xee, 0xee, 0xee, 0xee, 0xee, 0xee, 0xee, 0xee, 0xee, 0xee, 0xee, 0xe7, 0xec,
    0x49, 0x70, 0x66, 0x66, 0x66, 0x66, 0x66, 0x00, 0x00, 0xe2, 0x49, 0x44, 0x44, 0x44, 0x2e, 0x55,
    0x70, 0x60, 0xa1, 0x5c, 0x02, 0xb3, 0xca, 0xa8, 0x88, 0x88, 0x49, 0x24, 0x92, 0x49, 0x2e, 0x7b,
    0xbb, 0xbb, 0x9f, 0x7b, 0xbb, 0xbb, 0xbb, 0xbb, 0xbb, 0xbb, 0xbb, 0xbb, 0xbb, 0xbb, 0xb9, 0xfb,
    0xce, 0x44, 0x70, 0x66, 0x66, 0x66, 0x66, 0x60, 0x00, 0x00, 0x2a, 0x12, 0x4a, 0x23, 0x94, 0x00,
    0x02, 0xb9, 0x40, 0x00, 0x29, 0x72, 0x80, 0x0a, 0x22, 0x22, 0x21, 0x24, 0x92, 0x5c, 0xe2, 0x43,
    0xcf, 0xfb, 0xb9, 0xf7, 0xb9, 0xfb, 0xcf, 0x32, 0x87, 0x9f, 0xbf, 0xee, 0xee, 0xee, 0xee, 0xee,
    0x7e, 0xa0, 0x07, 0x10, 0xcc, 0xcc, 0xcc, 0xcc, 0xc0, 0x00, 0x00, 0x54, 0x24, 0x92, 0x8a, 0x00,
    0x00, 0x00, 0x02, 0x86, 0x00, 0x00, 0x00, 0x00, 0x92, 0x4a, 0x22, 0x12, 0x4b, 0x89, 0x25, 0x11,
    0x03, 0xfe, 0x7d, 0xee, 0xe7, 0xef, 0x07, 0x9e, 0x78, 0x2b, 0x3f, 0x7e, 0x19, 0xff, 0x77, 0x3f,
    0x70, 0x00, 0x2a, 0x86, 0x60, 0x00, 0x00, 0x00, 0x00, 0x01, 0xc4, 0x92, 0x51, 0x40, 0x00, 0x00,
    0x02, 0xa8, 0x66, 0x00, 0x06, 0x66, 0x00, 0x2a, 0x12, 0x49, 0x28, 0x84, 0x97, 0x38, 0x94, 0x24,
    0xab, 0xf7, 0xde, 0xee, 0xee, 0x65, 0x0a, 0xaa, 0xaa, 0xaf, 0x07, 0x28, 0x65, 0x00, 0x05, 0x50,
    0x00, 0x00, 0x00, 0x00, 0x00, 0x00, 0xe4, 0x24, 0x94, 0x70, 0x00, 0x00, 0x15, 0x54, 0x00, 0x00,
    0x0a, 0xac, 0xcc, 0x00, 0x05, 0x49, 0x24, 0x92, 0x88, 0x88, 0x88, 0x88, 0x5c, 0xe2, 0xfd, 0xf7,
    0xbb, 0xbb, 0xb9, 0xf8, 0x55, 0x55, 0x55, 0x79, 0x95, 0x55, 0xce, 0x00, 0x2a, 0x80, 0x00, 0x00,
    0x00, 0x00, 0x00, 0x05, 0x42, 0x49, 0x25, 0x40, 0x00, 0x05, 0x66, 0x60, 0xaa, 0x00, 0x00, 0x2a,
    0x80, 0x02, 0xa8, 0x0e, 0x24, 0x92, 0x4a, 0x22, 0x22, 0x12, 0xe7, 0x10, 0xfb, 0xdd, 0xdd, 0xdd,
    0xcf, 0x2a, 0xaa, 0xb9, 0x42, 0xaa, 0xab, 0x94, 0x00, 0x15, 0xc1, 0x5c, 0x5c, 0x03, 0x33, 0x00,
    0xe2, 0x88, 0x88, 0x88, 0x51, 0x1c, 0x00, 0x00, 0x00, 0x00, 0x00, 0x2a, 0xaa, 0xb9, 0x40, 0x00,
    0x2b, 0x80, 0x01, 0xc4, 0x92, 0x49, 0x28, 0x88, 0x49, 0x73, 0x9c, 0xfb, 0xdc, 0xfd, 0xe0, 0xa1,
    0x99, 0x82, 0xaa, 0xb8, 0x05, 0x52, 0xa0, 0x05, 0x70, 0x79, 0xe7, 0x9e, 0x66, 0x66, 0x66, 0x66,
    0x0a, 0xa1, 0x11, 0x11, 0x11, 0xca, 0x00, 0x00, 0x00, 0x00, 0x00, 0x2a, 0xab, 0x8b, 0x99, 0x80,
    0x01, 0x40, 0x00, 0x38, 0x92, 0x49, 0x25, 0x10, 0x92, 0x49, 0x7d, 0xe7, 0x83, 0x07, 0x00, 0xaa,
    0xaa, 0xaa, 0xe5, 0x55, 0x54, 0x47, 0x39, 0x9e, 0x79, 0xe7, 0x9e, 0x79, 0xe7, 0x99, 0x99, 0x98,
    0x2b, 0x94, 0x00, 0xa8, 0x88, 0x4a, 0xaa, 0xaa, 0xaa, 0xa8, 0x00, 0x00, 0xae, 0x73, 0x89, 0x73,
    0x33, 0x30, 0x0e, 0x00, 0x00, 0xae, 0x24, 0x92, 0x49, 0x44, 0x24, 0x92, 0xfa, 0x19, 0xe6, 0x0a,
    0xe5, 0x55, 0x0a, 0xaa, 0xe4, 0x2e, 0x73, 0x8b, 0x3c, 0xf3, 0xcf, 0x3c, 0xf3, 0xcc, 0xcc, 0xc0,
    0x2b, 0x9c, 0xa0, 0x00, 0x00, 0x72, 0x12, 0x55, 0x55, 0x55, 0x55, 0x42, 0xaa, 0xb9, 0xce, 0x24,
    0x97, 0x33, 0x33, 0x33, 0x05, 0x00, 0x00, 0xe2, 0x49, 0x24, 0xa2, 0x22, 0x12, 0x4b, 0xeb, 0x33,
    0xcf, 0xdf, 0xbf, 0x7f, 0xdd, 0xdd, 0xcf, 0xdf, 0xbf, 0x78, 0x39, 0xce, 0x67, 0x9e, 0x79, 0xe7,
    0x9e, 0x66, 0x0a, 0x43, 0xcf, 0xde, 0x50, 0x00, 0x00, 0x00, 0x1c, 0x84, 0x97, 0x2a, 0xaa, 0xaa,
    0xb9, 0xce, 0x24, 0x92, 0x49, 0x56, 0x66, 0x66, 0x67, 0x28, 0x00, 0x05, 0x28, 0x88, 0x88, 0x88,
    0x88, 0x84, 0x92, 0xfb, 0xdd, 0xdd, 0xdd, 0xdd, 0xdd, 0xdd, 0xdd, 0xdc, 0xfc, 0x39, 0x59, 0x9e,
    0x66, 0x66, 0x65, 0x47, 0x2b, 0x3f, 0x7e, 0xca, 0x00, 0x00, 0x00, 0x02, 0xb9, 0x11, 0x11, 0x0b,
    0x9c, 0x49, 0x24, 0x92, 0x49, 0x24, 0x86, 0x66, 0x66, 0x50, 0x00, 0x01, 0xc8, 0x51, 0x11, 0x11,
    0x0a, 0x22, 0x12, 0xaf, 0xbd, 0xdd, 0xdd, 0xdd, 0xdd, 0xdd, 0xdd, 0xdd, 0xdc, 0xfd, 0x5c, 0xcc,
    0xcc, 0xcc, 0x1c, 0x49, 0x72, 0x85, 0x00, 0x00, 0x00, 0x01, 0x55, 0x5c, 0x51, 0x11, 0x11, 0x09,
    0x24, 0x92, 0x49, 0x25, 0x11, 0xf1, 0x1c, 0xcc, 0xcc, 0xa0, 0x05, 0x71, 0x24, 0x94, 0x44, 0x42,
    0x4a, 0x22, 0x2b, 0xf7, 0xde, 0xee, 0xee, 0xee, 0xee, 0xee, 0xee, 0xee, 0xee, 0x7e, 0x19, 0x99,
    0x99, 0x83, 0x80, 0x00, 0x00, 0x00, 0x01, 0x5c, 0xe5, 0x55, 0x55, 0x71, 0x7c, 0x7c, 0x44, 0x44,
    0x44, 0x42, 0x49, 0x28, 0x88, 0x88, 0xf8, 0x88, 0x49, 0x2e, 0x72, 0x94, 0x24, 0x92, 0x49, 0x44,
    0x42, 0x49, 0x25, 0xee, 0xe7, 0xde, 0xee, 0xee, 0xee, 0xee, 0xee, 0xee, 0xee, 0xe7, 0xec, 0x19,
    0x99, 0x82, 0xa8, 0x00, 0x28, 0x55, 0x01, 0x98, 0x2a, 0xaa, 0xaa, 0xab, 0x8a, 0x22, 0x22, 0x22,
    0x22, 0x22, 0x22, 0x22, 0x22, 0x23, 0xe2, 0x22, 0x12, 0x49, 0x24, 0x92, 0x49, 0x24, 0x94, 0x44,
    0x24, 0x92, 0x4b, 0xdd, 0xcf, 0xbd, 0xdd, 0xdd, 0xdd, 0xdd, 0xdd, 0xdd, 0xdd, 0xcf, 0xd5, 0x55,
    0x5c, 0xa0, 0x05, 0x71, 0x50, 0xcc, 0xcc, 0xcc, 0x15, 0xca, 0xaa, 0xae, 0x2f, 0x88, 0x88, 0x88,
    0x88, 0x88, 0x88, 0x88, 0x88, 0x88, 0x4a, 0x22, 0x21, 0x24, 0x92, 0x49, 0x24, 0x92, 0x49, 0x44,
    0x24, 0x92, 0x4b, 0x9e, 0xee, 0x7d, 0xee, 0xee, 0xee, 0xee, 0xee, 0xee, 0xee, 0xee, 0xe7, 0x99,
    0x5c, 0xe5, 0x0c, 0xcf, 0x05, 0x0c, 0xcc, 0xcc, 0xc1, 0x5c, 0xe7, 0x38, 0xa1, 0x24, 0x94, 0x44,
    0x44, 0x44, 0x7c, 0x42, 0x49, 0x24, 0x92, 0x5f, 0x10, 0x92, 0x49, 0x24, 0x92, 0x49, 0x28, 0x88,
    0x49, 0x24, 0x97, 0x3d, 0xdd, 0xcf, 0xbd, 0xdd, 0xdd, 0xdd, 0xdd, 0xdd, 0xdd, 0xdd, 0xdd, 0xdd,
    0xdd, 0xdd, 0xdd, 0xcc, 0xac, 0xcc, 0xf3, 0xcf, 0x3c, 0xf3, 0x39, 0x54, 0x92, 0x49, 0x24, 0x92,
    0x4a, 0x22, 0x12, 0x49, 0x24, 0x92, 0x4a, 0x21, 0x24, 0xa1, 0x50, 0x00, 0x01, 0x5c, 0x88, 0x84,
    0x92, 0x4b, 0x9b, 0xbb, 0xb9, 0xf7, 0xbb, 0xbb, 0xbb, 0xbb, 0xbb, 0xbb, 0xbb, 0xbb, 0xbb, 0xbb,
    0xbb, 0x9f, 0xbc, 0xca, 0xaf, 0x3c, 0xf3, 0xcc, 0xfd, 0x95, 0x43, 0x89, 0x24, 0x92, 0x49, 0x24,
    0x92, 0x88, 0x84, 0x92, 0x49, 0x24, 0x94, 0x42, 0x4a, 0xb3, 0xcc, 0xcc, 0xcc, 0xcc, 0xcc, 0xc1,
    0xc8, 0x49, 0x2e, 0x6e, 0xee, 0xee, 0x7d, 0xee, 0xee, 0xee, 0xee, 0xee, 0xee, 0xee, 0xee, 0xee,
    0xee, 0xee, 0xee, 0x79, 0xc5, 0xc1, 0x83, 0x9c, 0xa0, 0x38, 0x92, 0x49, 0x24, 0x92, 0x49, 0x24,
    0x94, 0x42, 0x49, 0x24, 0x92, 0x51, 0x11, 0x0a, 0xb3, 0x3c, 0xcc, 0xcc, 0xcc, 0xcc, 0xcc, 0xc1,
    0x50, 0x92, 0xdd, 0xdd, 0xdd, 0xcf, 0xbd, 0xdd, 0xdd, 0xdd, 0xdd, 0xdd, 0xdd, 0xdd, 0xdd, 0xdd,
    0xdd, 0xdd, 0xcf, 0xdf, 0x80, 0x15, 0x55, 0x5c, 0xe7, 0x38, 0x92, 0x49, 0x24, 0x92, 0x49, 0x24,
    0x94, 0x44, 0x42, 0x49, 0x24, 0xa2, 0x22, 0x23, 0x99, 0x99, 0x99, 0x99, 0x99, 0x99, 0x99, 0x98,
    0x05, 0x40, 0xff, 0xbb, 0xbb, 0xbb, 0x9f, 0x7b, 0xbb, 0xbb, 0xbb, 0xbb, 0xbb, 0xbb, 0xbb, 0xbb,
    0xbb, 0xbb, 0xbb, 0xbb, 0xb9, 0xfb, 0x28, 0x01, 0x55, 0x55, 0xce, 0x24, 0x92, 0x49, 0x24, 0x92,
    0x49, 0x44, 0x44, 0x44, 0x44, 0x44, 0x44, 0x44, 0x42, 0x19, 0x99, 0x99, 0x99, 0x99, 0x99, 0x99,
    0x99, 0x82, 0xa8, 0xee, 0xee, 0xee, 0xee, 0x7d, 0xee, 0xee, 0xee, 0xee, 0xee, 0xee, 0xee, 0xee,
    0xee, 0xee, 0xee, 0xee, 0xe7, 0xef, 0x2a, 0x80, 0x00, 0x57, 0x2b, 0x9c, 0x49, 0x24, 0x92, 0x49,
    0x24, 0x94, 0x44, 0x44, 0x44, 0x42, 0x49, 0x24, 0x92, 0xcc, 0xcc, 0xcc, 0xcf, 0x3c, 0xcc, 0xcc,
    0xcc, 0xcc, 0x15, 0x5c, 0xdd, 0xdd, 0xdd, 0xdc, 0xfb, 0xdd, 0xdd, 0xdd, 0xdd, 0xdd, 0xdd, 0xdd,
    0xdd, 0xdd, 0xdd, 0xdd, 0xdd, 0xcf, 0x38, 0x00, 0x00, 0x57, 0x38, 0xa1, 0x24, 0x92, 0x49, 0x24,
    0x92, 0x51, 0x11, 0x11, 0x09, 0x24, 0x92, 0x49, 0x2e, 0x0c, 0xcc, 0xcf, 0x3c, 0xf3, 0xcf, 0x33,
    0x33, 0x33, 0x30, 0x55, 0x73, 0x9e, 0xee, 0xee, 0xee, 0x7d, 0xee, 0xee, 0xee, 0xee, 0xee, 0xee,
    0xee, 0xee, 0xee, 0xee, 0xee, 0xee, 0x7e, 0xc5, 0xca, 0xae, 0x2e, 0x73, 0x9c, 0xe7, 0x39, 0xc5,
    0x10, 0x92, 0x49, 0x24, 0xa2, 0x22, 0x21, 0x24, 0x92, 0x49, 0x24, 0x92, 0x43, 0x33, 0x3c, 0xf3,
    0xcf, 0x3c, 0xf3, 0x33, 0x33, 0x05, 0x55, 0x57, 0x2b, 0xfe, 0xee, 0xee, 0x7d, 0xee, 0xee, 0xee,
    0xee, 0xee, 0xee, 0xee, 0xee, 0xee, 0xee, 0xee, 0xe7, 0xef, 0x2b, 0x9c, 0xe7, 0x39, 0xce, 0x73,
    0x9c, 0xe7, 0x39, 0xce, 0x73, 0x9c, 0xe7, 0x07, 0x39, 0xca, 0xf3, 0xf5, 0x42, 0x49, 0x24, 0x92,
    0x49, 0x24, 0x92, 0x5c, 0xcc, 0xcc, 0xcc, 0xcc, 0xcc, 0xcc, 0x15, 0x55, 0x55, 0x5c, 0x1f, 0xf7,
    0x77, 0x3e, 0xf7, 0x77, 0x77, 0x77, 0x77, 0x77, 0x77, 0x77, 0x77, 0x3f, 0x79, 0x81, 0x72, 0xaa,
    0xab, 0x9c, 0xe7, 0x39, 0xce, 0x73, 0x9c, 0xe7, 0x39, 0xc5, 0x5f, 0xf7, 0x77, 0x77, 0x77, 0x73,
    0xf7, 0xef, 0x05, 0x73, 0x89, 0x24, 0x97, 0x39, 0x54, 0x3c, 0xfd, 0x94, 0x05, 0x72, 0xaa, 0xaa,
    0xab, 0x95, 0x55, 0xce, 0x57, 0x2b, 0xdd, 0xdd, 0xcf, 0xbd, 0xdd, 0xdd, 0xdd, 0xdd, 0xdd, 0xdd,
    0xdd, 0xdc, 0xfd, 0x98, 0x2b, 0x94, 0x00, 0x15, 0xce, 0x73, 0x9c, 0xe7, 0x39, 0xce, 0x73, 0x9c,
    0x54, 0x3d, 0xdd, 0xdd, 0xdd, 0xdd, 0xdd, 0xdd, 0xdd, 0xdc, 0xfd, 0xfb, 0xf7, 0xfd, 0xdd, 0xdd,
    0xdd, 0xdc, 0xfd, 0xca, 0xaa, 0xe7, 0x39, 0x55, 0x55, 0x55, 0xce, 0x73, 0x9c, 0xe6, 0x7f, 0xdd,
    0xcf, 0xbd, 0xdd, 0xdd, 0xdd, 0xdd, 0xdd, 0xdd, 0xdd, 0xdc, 0xfd, 0x83, 0x07, 0x33, 0x2b, 0x9c,
    0xaa, 0xaa, 0xae, 0x71, 0x70, 0x66, 0x79, 0xe7, 0xfd, 0xdd, 0xdd, 0xdd, 0xdd, 0xdd, 0xdd, 0xdd,
    0xdd, 0xdd, 0xdd, 0xdd, 0xdd, 0xdd, 0xdd, 0xdd, 0xdc, 0x15, 0x55, 0x55, 0x55, 0xca, 0xaa, 0xaa,
    0xaa, 0xaa, 0xe0, 0xf7, 0x77, 0x3e, 0xf7, 0x77, 0x77, 0x77, 0x77, 0x77, 0x77, 0x77, 0x3f, 0x01,
    0x9c, 0xcc, 0xa1, 0x43, 0x38, 0xab, 0xcf, 0xdf, 0xbf, 0xee, 0xee, 0xee, 0xee, 0xee, 0xee, 0xee,
    0xee, 0xee, 0xee, 0xee, 0xee, 0xee, 0xee, 0xee, 0xee, 0xee, 0xee, 0xee, 0xee, 0xe0, 0x00, 0x00,
    0x2a, 0xaa, 0xaa, 0xaa, 0xaa, 0xaa, 0xb9, 0xbb, 0xb9, 0xf7, 0xbb, 0xbb, 0xbb, 0xbb, 0xbb, 0xbb,
    0xbb, 0xbb, 0xbb, 0x9f, 0xbc, 0xff, 0x9f, 0xa8, 0x0f, 0x77, 0x77, 0x77, 0x77, 0x77, 0x77, 0x77,
    0x77, 0x77, 0x77, 0x77, 0x77, 0x77, 0x77, 0x77, 0x77, 0x77, 0x77, 0x77, 0x77, 0x77, 0x77, 0x77,
    0x3f, 0x66, 0x60, 0x00, 0x00, 0x05, 0x55, 0x55, 0x72, 0xaa, 0xa8, 0x7f, 0xdc, 0xfb, 0xdd, 0xdd,
    0xdd, 0xdd, 0xdd, 0xdd, 0xdd, 0xdd, 0xdd, 0xdd, 0xdd, 0xdc, 0xff, 0xbb, 0xbb, 0xbb, 0xbb, 0xbb,
    0xbb, 0xbb, 0xbb, 0xbb, 0xbb, 0xbb, 0xbb, 0xbb, 0xbb, 0xbb, 0xbb, 0xbb, 0xbb, 0xbb, 0xbb, 0xbb,
    0xbb, 0xbb, 0x9f, 0xbc, 0x14, 0x33, 0x00, 0x00, 0x01, 0x55, 0xce, 0x55, 0x57, 0x28, 0x0c, 0xff,
    0x9f, 0x7b, 0xbb, 0xbb, 0xbb, 0xbb, 0xbb, 0xbb, 0xbb, 0xbb, 0xbb, 0xbb, 0xbb, 0xbb, 0xbb, 0xbb,
    0xbb, 0xbb, 0xbb, 0xbb, 0xbb, 0xbb, 0xbb, 0xbb, 0xbb, 0xbb, 0xbb, 0xbb, 0xbb, 0xbb, 0xbb, 0xbb,
    0xbb, 0xbb, 0xbb, 0xbb, 0xb9, 0xfb, 0x3c, 0xfd, 0xe5, 0x01, 0xe0, 0xe5, 0x01, 0x59, 0xfb, 0xc1,
    0xce, 0x57, 0x07, 0x9f, 0xbc, 0x1f, 0xbe, 0xf7, 0x77, 0x77, 0x77, 0x77, 0x77, 0x77, 0x77, 0x77,
    0x77, 0x77, 0x77, 0x77, 0x77, 0x77, 0x77, 0x77, 0x77, 0x77, 0x77, 0x77, 0x77, 0x77, 0x77, 0x77,
    0x77, 0x77, 0x77, 0x77, 0x77, 0x77, 0x77, 0x77, 0x77, 0x77, 0x3c, 0x19, 0x99, 0xe7, 0x9c, 0xfd,
    0xfb, 0xc1, 0xc1, 0x9c, 0xcf, 0xdf, 0xbc, 0xa1, 0xe6, 0x66, 0x0f, 0x3c, 0x1f, 0x7b, 0xbb, 0xbb,
    0xbb, 0xbb, 0xbb, 0xbb, 0xbb, 0xbb, 0xbb, 0xbb, 0xbb, 0xbb, 0xbb, 0xbb, 0xbb, 0xbb, 0xbb, 0xbb,
    0xbb, 0xbb, 0xbb, 0xbb, 0xbb, 0xbb, 0xbb, 0xbb, 0xbb, 0xbb, 0xbb, 0xbb, 0xbb, 0xbb, 0xbb, 0xbb,
    0x9f, 0xbc, 0xfd, 0xff, 0x73, 0xf0, 0xfd, 0xe0, 0xf3, 0xfe, 0xe7, 0xe1, 0xe7, 0xef, 0x07, 0xfd,
    0xdd, 0xcf, 0xdf, 0xbc, 0xcf, 0xbd, 0xdd, 0xdd, 0xdd, 0xdd, 0xdd, 0xdd, 0xdd, 0xdd, 0xdd, 0xdd,
    0xdd, 0xdd, 0xdd, 0xdd, 0xdd, 0xdd, 0xdd, 0xdd, 0xdd, 0xdd, 0xdd, 0xdd, 0xdd, 0xdd, 0xdd, 0xdd,
    0xdd, 0xdd, 0xdd, 0xdd, 0xdd, 0xdd, 0xdd, 0xdd, 0xdd, 0xdd, 0xdd, 0xcf, 0x30, 0x6e, 0xee, 0xee,
    0xe7, 0xe1, 0xfa, 0xbf, 0xee, 0xee, 0xee, 0xee, 0xe7, 0xde, 0xee, 0xee, 0xee, 0xee, 0xee, 0xee,
    0xee, 0xee, 0xee, 0xee, 0xee, 0xee, 0xee, 0xee, 0xee, 0xee, 0xee, 0xee, 0xee, 0xee, 0xee, 0xee,
    0xee, 0xee, 0xee, 0xee, 0xee, 0xee, 0xee, 0xee, 0xee, 0xee, 0xee, 0xee, 0xee, 0xee, 0xee, 0xee,
    0x7f, 0xdd, 0xdd, 0xdd, 0xdd, 0xdc, 0xf3, 0xfe, 0xee, 0xee, 0xee, 0xee, 0xee, 0xee, 0xee, 0xe7,
    0xd0
};

const HuffmanFrequency SPRITE_27_FREQS[] = {
    {0x0a, 49},
    {0x23, 694},
    {0x25, 334},
    {0x2a, 295},
    {0x2b, 376},
    {0x2d, 443},
    {0x2e, 123},
    {0x3a, 130},
    {0x3d, 610},
    {0x40, 9},
    {0xa0, 1807},
    {0xc2, 1807}
};
}

const HuffmanEncodedSprite SPRITE_27 = {
    SPRITE_27_BYTES,
    static_cast<int>(sizeof(SPRITE_27_BYTES) / sizeof(SPRITE_27_BYTES[0])),
    19332,
    6677,
    SPRITE_27_FREQS,
    static_cast<int>(sizeof(SPRITE_27_FREQS) / sizeof(SPRITE_27_FREQS[0]))
};

namespace
{
const unsigned char SPRITE_28_BYTES[] = {
    0x73, 0xdd, 0xdd, 0xdd, 0xdd, 0xdd, 0xdd, 0xdd, 0xdc, 0x64, 0x92, 0x00, 0x11, 0xf7, 0x77, 0x77,
    0x77, 0x77, 0x77, 0x77, 0x77, 0x77, 0x1a, 0x09, 0x24, 0x80, 0x23, 0xee, 0xee, 0xee, 0xee, 0xee,
    0xee, 0xee, 0xee, 0xee, 0xee, 0xee, 0xee, 0xee, 0xee, 0xee, 0xee, 0xee, 0xee, 0xee, 0xee, 0xee,
    0xee, 0x73, 0xdd, 0xdd, 0xdd, 0xdd, 0xdd, 0xdd, 0xdc, 0x69, 0x19, 0x12, 0x49, 0x06, 0x3e, 0x33,
    0x32, 0x48, 0x00, 0x11, 0x99, 0xf1, 0x30, 0x09, 0x20, 0x00, 0x00, 0xfb, 0xbb, 0xbb, 0xbb, 0xbb,
    0xbb, 0xbb, 0xbb, 0xbb, 0xbb, 0xbb, 0xbb, 0xbb, 0xbb, 0xbb, 0xbb, 0xbb, 0xbb, 0xbb, 0xbb, 0xbb,
    0xb9, 0xcf, 0x77, 0x77, 0x77, 0x77, 0x77, 0x77, 0x1b, 0x24, 0x92, 0x49, 0x24, 0x19, 0x11, 0x19,
    0x99, 0x11, 0x11, 0x11, 0x24, 0x1e, 0xc0, 0x00, 0xcc, 0xcf, 0x60, 0xc8, 0xfb, 0xbb, 0xbb, 0xbb,
    0xbb, 0xbb, 0xbb, 0xbb, 0xbb, 0xbb, 0xbb, 0xbb, 0xbb, 0xbb, 0xbb, 0xbb, 0xbb, 0xbb, 0xbb, 0xbb,
    0xbb, 0x9c, 0xf7, 0x77, 0x77, 0x77, 0x77, 0x77, 0x72, 0x00, 0x33, 0x33, 0x3c, 0x22, 0x23, 0x33,
    0x33, 0x32, 0x22, 0x22, 0x22, 0x24, 0x92, 0x48, 0x33, 0x30, 0x01, 0xec, 0x18, 0xfb, 0xbb, 0xbb,
    0xbb, 0xbb, 0xbb, 0xbb, 0xbb, 0xbb, 0xbb, 0xbb, 0xbb, 0xbb, 0xbb, 0xbb, 0xbb, 0xbb, 0xbb, 0xbb,
    0xbb, 0xbb, 0x9c, 0xf7, 0x77, 0x77, 0x77, 0x77, 0x77, 0x1a, 0x01, 0x9e, 0x03, 0x31, 0x11, 0x19,
    0x99, 0x99, 0x11, 0x11, 0x11, 0x11, 0x24, 0x90, 0x01, 0x20, 0xf6, 0x01, 0x83, 0x23, 0xee, 0xee,
    0xee, 0xee, 0xee, 0xee, 0xee, 0xee, 0xee, 0xee, 0xee, 0xee, 0xee, 0xee, 0xee, 0xee, 0xee, 0xee,
    0xee, 0xee, 0xee, 0x73, 0xdd, 0xdd, 0xdd, 0xdd, 0xdd, 0xdd, 0xc6, 0x00, 0x01, 0x92, 0x08, 0x90,
    0x22, 0x22, 0x22, 0x22, 0x24, 0x92, 0x48, 0x19, 0x98, 0x64, 0x1e, 0xc0, 0x30, 0x3e, 0xee, 0xee,
    0xee, 0xee, 0xee, 0xee, 0xee, 0xee, 0xee, 0xee, 0xee, 0xee, 0xee, 0xee, 0xee, 0xee, 0xee, 0xee,
    0xee, 0xee, 0xee, 0x73, 0xdd, 0xdd, 0xdd, 0xdd, 0xdd, 0xdd, 0xdc, 0x66, 0x19, 0xe0, 0x11, 0x99,
    0x99, 0x22, 0x22, 0x24, 0x92, 0x49, 0x24, 0xc6, 0x64, 0x66, 0x6f, 0x01, 0x9c, 0x48, 0xfb, 0xbb,
    0xbb, 0xbb, 0xbb, 0xbb, 0xbb, 0xbb, 0xbb, 0xbb, 0xbb, 0xbb, 0xbb, 0xbb, 0xbb, 0xbb, 0xbb, 0xbb,
    0xbb, 0xbb, 0xbb, 0xbb, 0xb9, 0xcf, 0x77, 0x77, 0x77, 0x77, 0x77, 0x77, 0x77, 0x71, 0x90, 0x05,
    0xc6, 0x66, 0x64, 0x12, 0x48, 0x00, 0x02, 0x49, 0x31, 0xf7, 0x77, 0x19, 0x30, 0x0c, 0x5d, 0xdd,
    0xdd, 0xdd, 0xdd, 0xdd, 0xdd, 0xdd, 0xdd, 0xdd, 0xdd, 0xdd, 0xdd, 0xdd, 0xdd, 0xdd, 0xdd, 0xdd,
    0xdd, 0xdd, 0xdd, 0xdd, 0xdd, 0xce, 0x7b, 0xbb, 0xbb, 0xbb, 0xbb, 0xbb, 0xbb, 0xbb, 0x8c, 0x20,
    0x67, 0xdd, 0xc6, 0x80, 0x08, 0x8c, 0xcc, 0xcc, 0xc9, 0x00, 0xc6, 0x7d, 0xdc, 0x60, 0x00, 0xdd,
    0xdd, 0xdd, 0xdd, 0xdd, 0xdd, 0xdd, 0xdd, 0xdd, 0xdd, 0xdd, 0xdd, 0xc6, 0x7d, 0xdd, 0xdd, 0xdd,
    0xdd, 0xdd, 0xdd, 0xdd, 0xdd, 0xdd, 0xce, 0x7b, 0xbb, 0xbb, 0xbb, 0xbb, 0xbb, 0xbb, 0xbb, 0x8c,
    0x20, 0x46, 0x66, 0x64, 0xf2, 0x33, 0xee, 0xe3, 0x33, 0x33, 0x33, 0x33, 0x34, 0x08, 0xcc, 0xd0,
    0x00, 0x1f, 0x77, 0x77, 0x77, 0x77, 0x77, 0x77, 0x77, 0x77, 0x77, 0x77, 0x70, 0x26, 0x3e, 0xee,
    0x33, 0x3e, 0xee, 0xee, 0xee, 0xee, 0xee, 0xee, 0x73, 0xdd, 0xdd, 0xdd, 0xdd, 0xdd, 0xdd, 0xdd,
    0xdc, 0x48, 0x93, 0x24, 0x8c, 0xf8, 0xfb, 0xbb, 0x8c, 0xcc, 0xcc, 0xcc, 0xcc, 0xcc, 0xcc, 0xcd,
    0x26, 0x60, 0x01, 0x77, 0x77, 0x77, 0x77, 0x77, 0x19, 0xf7, 0x77, 0x77, 0x77, 0x71, 0x24, 0x18,
    0x8c, 0x91, 0x02, 0xee, 0xee, 0xee, 0xee, 0xee, 0xee, 0x73, 0xdd, 0xdd, 0xdd, 0xdd, 0xdd, 0xdd,
    0xdd, 0xdc, 0x12, 0x46, 0x66, 0x66, 0x66, 0x66, 0x68, 0xcc, 0xcc, 0xcd, 0x19, 0x99, 0x99, 0x99,
    0x99, 0x99, 0xa6, 0x0c, 0x3b, 0xbb, 0xbb, 0xbb, 0xb8, 0xd3, 0x17, 0x77, 0x77, 0x77, 0x71, 0x24,
    0x03, 0x3a, 0x12, 0x60, 0x7d, 0xdd, 0xdd, 0xdd, 0xdd, 0xdc, 0xe7, 0xbb, 0xbb, 0xbb, 0xbb, 0xbb,
    0xbb, 0xbb, 0xb9, 0x90, 0x23, 0x33, 0x33, 0x33, 0x33, 0x33, 0x33, 0x33, 0x33, 0x33, 0x33, 0x33,
    0x33, 0x33, 0x33, 0x32, 0x66, 0x66, 0xee, 0xee, 0xee, 0xee, 0x36, 0x40, 0x1f, 0x77, 0x77, 0x77,
    0x18, 0x48, 0x00, 0x00, 0x0f, 0x2e, 0xee, 0xee, 0xee, 0xee, 0xee, 0x73, 0xdd, 0xdd, 0xdd, 0xdd,
    0xdd, 0xdd, 0xdd, 0xc6, 0xf4, 0x02, 0x22, 0x22, 0x40, 0x33, 0xde, 0xf7, 0xbd, 0xef, 0x7b, 0xde,
    0xf6, 0x66, 0x60, 0x00, 0x60, 0x9e, 0xcc, 0x3b, 0xbb, 0xbb, 0xbb, 0x98, 0x06, 0x67, 0x9f, 0x77,
    0x77, 0x19, 0x30, 0x00, 0x00, 0x03, 0x3c, 0x19, 0xf7, 0x77, 0x77, 0x77, 0x73, 0x9e, 0xee, 0xee,
    0xee, 0xee, 0xee, 0xee, 0xee, 0x37, 0xa0, 0x12, 0x01, 0x9e, 0xf7, 0xbd, 0xef, 0x7b, 0xde, 0xf7,
    0xbd, 0xef, 0x7b, 0xde, 0xf7, 0xba, 0xf0, 0x92, 0x66, 0x0c, 0xdd, 0xdd, 0xdd, 0xdd, 0xcc, 0x03,
    0x33, 0x30, 0x32, 0x4f, 0x75, 0xef, 0x7b, 0x00, 0x00, 0x0c, 0xf7, 0x5e, 0xf2, 0xee, 0xee, 0xee,
    0xee, 0x73, 0xdd, 0xdd, 0xdd, 0xdd, 0xdd, 0xdd, 0xdd, 0xc6, 0xc9, 0x26, 0x64, 0x99, 0xef, 0x7b,
    0x30, 0x00, 0x00, 0x00, 0x66, 0x7b, 0xde, 0xf0, 0x93, 0x30, 0x01, 0x98, 0xfb, 0xbb, 0xbb, 0xb8,
    0x99, 0x98, 0x04, 0x66, 0x66, 0x66, 0x44, 0x49, 0x26, 0x66, 0x66, 0x7b, 0xcf, 0xbb, 0xbb, 0xbb,
    0xbb, 0xb9, 0xcf, 0x77, 0x77, 0x77, 0x77, 0x77, 0x77, 0x77, 0x1b, 0x24, 0x90, 0x66, 0x48, 0x3c,
    0x24, 0x92, 0x49, 0x24, 0x93, 0x30, 0x41, 0xec, 0x00, 0x00, 0x03, 0xee, 0xee, 0xee, 0xe3, 0x7b,
    0x23, 0x33, 0x33, 0x33, 0x22, 0x22, 0x20, 0xcc, 0x90, 0x7b, 0xaf, 0x6e, 0xee, 0xee, 0xee, 0xee,
    0xee, 0x73, 0xdd, 0xdd, 0xdd, 0xdd, 0xdd, 0xdd, 0xdd, 0xdc, 0xc9, 0x24, 0x80, 0x66, 0x08, 0x88,
    0x33, 0x00, 0x03, 0xde, 0x12, 0x41, 0xec, 0x00, 0x00, 0x00, 0xc0, 0xfb, 0xbb, 0xbb, 0x89, 0x91,
    0x11, 0x33, 0x22, 0x22, 0x22, 0x22, 0x24, 0x91, 0x20, 0xcf, 0x1d, 0xdd, 0xdd, 0xdd, 0xdd, 0xdc,
    0xe7, 0xbb, 0xbb, 0xbb, 0xbb, 0xbb, 0xbb, 0xbb, 0x88, 0x24, 0x92, 0x40, 0x00, 0xcc, 0xcc, 0x12,
    0x48, 0x00, 0xcc, 0xf6, 0x00, 0x00, 0x00, 0x00, 0x06, 0x63, 0xee, 0x33, 0x4f, 0x00, 0x33, 0x20,
    0xc0, 0x30, 0x44, 0x44, 0x44, 0x44, 0x83, 0x33, 0xd9, 0x23, 0xee, 0xee, 0xee, 0xe7, 0x3d, 0xdd,
    0xdd, 0xdd, 0xdd, 0xdd, 0xdd, 0xc9, 0x12, 0x49, 0x24, 0x90, 0x00, 0x00, 0x19, 0x99, 0x98, 0x00,
    0x00, 0x00, 0x00, 0x00, 0x00, 0x00, 0x1e, 0x01, 0x11, 0x99, 0x99, 0xb2, 0x41, 0x9e, 0x12, 0x41,
    0xe8, 0x88, 0x89, 0x20, 0x00, 0x00, 0xfb, 0xbb, 0xbb, 0xb9, 0xcf, 0x77, 0x77, 0x77, 0x77, 0x77,
    0x77, 0x12, 0x22, 0x24, 0x92, 0x49, 0x24, 0x00, 0x00, 0x00, 0x00, 0x00, 0x00, 0x00, 0x00, 0x00,
    0x00, 0x00, 0x07, 0xa3, 0x33, 0x33, 0x22, 0x49, 0x00, 0x02, 0x48, 0x89, 0x06, 0x00, 0x33, 0x33,
    0x3d, 0xd5, 0xdd, 0xdd, 0xdd, 0xdc, 0xe7, 0xbb, 0xbb, 0xbb, 0xbb, 0xbb, 0xb8, 0xd2, 0x22, 0x24,
    0x92, 0x41, 0x24, 0x90, 0x00, 0x00, 0x00, 0x00, 0x00, 0x00, 0x0c, 0x12, 0x49, 0x24, 0x80, 0x7a,
    0x22, 0x22, 0x22, 0x22, 0x24, 0x92, 0x48, 0x88, 0x89, 0x26, 0x7b, 0x33, 0x3d, 0xec, 0xc3, 0xbb,
    0xbb, 0xbb, 0xb9, 0xcf, 0x77, 0x77, 0x77, 0x77, 0x77, 0x19, 0x22, 0x22, 0x49, 0x24, 0x18, 0x24,
    0x92, 0x49, 0x00, 0x00, 0x00, 0x00, 0x03, 0x3a, 0x92, 0x49, 0x24, 0x92, 0x0c, 0xe2, 0xeb, 0x8b,
    0xde, 0x12, 0x22, 0x22, 0x24, 0x88, 0x88, 0x92, 0x41, 0x9e, 0xf6, 0x7b, 0xd9, 0x87, 0x77, 0x77,
    0x77, 0x73, 0x9e, 0xee, 0xee, 0xee, 0xee, 0xee, 0x34, 0x88, 0x92, 0x49, 0x24, 0x02, 0x49, 0x24,
    0x92, 0x49, 0x00, 0x00, 0x01, 0x9e, 0x92, 0x49, 0x24, 0x92, 0x49, 0x98, 0xcc, 0xcc, 0xcc, 0x93,
    0x33, 0x04, 0x90, 0x64, 0x83, 0xdd, 0x7b, 0x3d, 0xd6, 0x66, 0x63, 0xee, 0xee, 0xee, 0xee, 0x73,
    0xdd, 0xdd, 0xdd, 0xdd, 0xdd, 0xc6, 0x12, 0x49, 0x24, 0x92, 0x4c, 0x12, 0x49, 0x24, 0x92, 0x49,
    0x24, 0x90, 0x09, 0x24, 0x92, 0x49, 0x24, 0x93, 0x3c, 0x8c, 0xcc, 0x88, 0x88, 0x88, 0x90, 0x66,
    0x48, 0x06, 0x7b, 0xde, 0xcc, 0xf7, 0xb3, 0xcf, 0xbb, 0xbb, 0xbb, 0xbb, 0x9c, 0xf7, 0x77, 0x77,
    0x77, 0x77, 0x71, 0xb2, 0x49, 0x24, 0x92, 0x48, 0x3a, 0x12, 0x49, 0x24, 0x92, 0x49, 0x24, 0x82,
    0x49, 0x24, 0x92, 0x49, 0x24, 0x99, 0x82, 0x22, 0x22, 0x22, 0x22, 0x24, 0x44, 0x83, 0xde, 0xcc,
    0xcc, 0xcf, 0x7b, 0xdd, 0x5d, 0xdd, 0xdd, 0xdd, 0xdd, 0xdc, 0xe7, 0xbb, 0xbb, 0xbb, 0xbb, 0xbb,
    0x8d, 0x24, 0x92, 0x49, 0x24, 0x83, 0x3c, 0x24, 0x92, 0x49, 0x24, 0x92, 0x41, 0x92, 0x49, 0x24,
    0x92, 0x49, 0x20, 0xeb, 0x13, 0x3c, 0x24, 0x92, 0x49, 0x24, 0x44, 0x93, 0xde, 0xf7, 0xbd, 0xef,
    0x67, 0xbc, 0xfb, 0xbb, 0xbb, 0xbb, 0xbb, 0x9c, 0xf7, 0x77, 0x77, 0x77, 0x77, 0x71, 0xa0, 0x92,
    0x49, 0x24, 0x90, 0x0e, 0x84, 0x92, 0x49, 0x24, 0x92, 0x49, 0xd4, 0x92, 0x49, 0x24, 0x92, 0x49,
    0x3d, 0x9e, 0xc9, 0x24, 0x9d, 0x7b, 0xc2, 0x23, 0x33, 0x32, 0x08, 0x3d, 0xef, 0x7b, 0xde, 0xcf,
    0x1d, 0xdd, 0xdd, 0xdd, 0xdd, 0xce, 0x7b, 0xbb, 0xbb, 0xbb, 0xbb, 0xb8, 0xd9, 0xe1, 0x24, 0x92,
    0x48, 0x00, 0xf0, 0x00, 0x09, 0x24, 0x92, 0x01, 0x82, 0x49, 0x24, 0x92, 0x49, 0x24, 0xf6, 0x0c,
    0xc4, 0x44, 0x44, 0x49, 0x81, 0x11, 0x99, 0x9a, 0x48, 0x07, 0xbd, 0x99, 0x99, 0xee, 0x2e, 0xba,
    0xf4, 0x47, 0xdd, 0xdc, 0xe7, 0xbb, 0xbb, 0xbb, 0xbb, 0xbb, 0x83, 0x33, 0xd2, 0x49, 0x24, 0x00,
    0x0f, 0x7b, 0xd8, 0x00, 0x00, 0x00, 0x00, 0xea, 0x49, 0x24, 0x92, 0x49, 0x20, 0xf6, 0x00, 0x33,
    0xc8, 0x88, 0x88, 0x89, 0x24, 0x92, 0x49, 0x20, 0x19, 0xef, 0x7b, 0x3d, 0xee, 0x2f, 0x7b, 0xde,
    0xc7, 0xdd, 0xdc, 0xe7, 0xbb, 0xbb, 0xbb, 0xbb, 0x8d, 0x80, 0x04, 0xc1, 0x24, 0x80, 0x00, 0x3a,
    0xc4, 0x66, 0x66, 0x66, 0x44, 0x66, 0x66, 0xf4, 0x92, 0x49, 0x24, 0x90, 0x67, 0x80, 0x00, 0x01,
    0xec, 0x92, 0x49, 0x24, 0x92, 0x40, 0x06, 0x66, 0x7b, 0xde, 0xf7, 0xbd, 0xe6, 0x67, 0xdd, 0xdd,
    0xdd, 0xce, 0x7b, 0xbb, 0xbb, 0xbb, 0x8c, 0x24, 0x80, 0x49, 0x98, 0x00, 0x19, 0x99, 0x91, 0x19,
    0x99, 0x99, 0x99, 0x99, 0x92, 0x27, 0x80, 0x00, 0x00, 0x07, 0xbc, 0x00, 0x00, 0x00, 0x06, 0x75,
    0xec, 0xcc, 0xcc, 0xcc, 0xcc, 0xcc, 0xf7, 0x5d, 0x75, 0xd7, 0xbd, 0xd7, 0xb3, 0xcf, 0xbb, 0xbb,
    0xbb, 0xbb, 0xb9, 0xcf, 0x77, 0x77, 0x77, 0x10, 0x49, 0x20, 0x46, 0x48, 0x00, 0xeb, 0xaf, 0x24,
    0x8c, 0xcc, 0xcc, 0xcc, 0xcc, 0xcc, 0xc8, 0x89, 0xd4, 0x19, 0x80, 0x67, 0xb0, 0x01, 0x24, 0x92,
    0x49, 0x20, 0xf7, 0x5d, 0x7b, 0x3a, 0xeb, 0x07, 0xb8, 0xbd, 0xef, 0x75, 0xd7, 0x5e, 0xf7, 0xbc,
    0x1f, 0x77, 0x77, 0x77, 0x77, 0x77, 0x39, 0xee, 0xee, 0xee, 0x30, 0x92, 0x22, 0x08, 0xcc, 0xcc,
    0xcc, 0x83, 0x04, 0x44, 0x44, 0x66, 0x66, 0x66, 0x66, 0x66, 0x44, 0xf4, 0xf6, 0x4c, 0x80, 0x49,
    0x24, 0x92, 0x49, 0x24, 0x92, 0x67, 0x5e, 0xf7, 0x5c, 0x49, 0x3a, 0xeb, 0x8b, 0xaf, 0x7b, 0xde,
    0xf7, 0xbd, 0x8f, 0xbb, 0xbb, 0xbb, 0xbb, 0xbb, 0xb9, 0xcf, 0x77, 0x77, 0x1b, 0x24, 0x92, 0x49,
    0x88, 0xcc, 0xcc, 0xcc, 0xcc, 0xcc, 0xc8, 0x88, 0x92, 0x41, 0x24, 0x44, 0x44, 0x44, 0x44, 0x44,
    0x02, 0x49, 0x24, 0x92, 0x49, 0x24, 0x92, 0x4c, 0xeb, 0xde, 0xf7, 0xba, 0xeb, 0xae, 0x2e, 0x0e,
    0x2f, 0x7b, 0xde, 0xf7, 0xb1, 0xf7, 0x77, 0x77, 0x77, 0x77, 0x77, 0x39, 0xee, 0xee, 0xe0, 0x89,
    0x24, 0x92, 0x01, 0x02, 0x33, 0x33, 0x33, 0x33, 0x33, 0x33, 0x33, 0x33, 0x33, 0x22, 0x22, 0x22,
    0x22, 0x22, 0x41, 0x24, 0x92, 0x49, 0x24, 0x92, 0x49, 0x20, 0xcf, 0x7b, 0xde, 0xf7, 0xba, 0xe2,
    0xe8, 0x4e, 0xbd, 0xef, 0x7b, 0xd8, 0xfb, 0xbb, 0xbb, 0xbb, 0xbb, 0xbb, 0x9c, 0xf7, 0x77, 0x1b,
    0xd2, 0x22, 0x24, 0x92, 0x00, 0x89, 0x04, 0x44, 0x66, 0x66, 0x66, 0x66, 0x66, 0x66, 0x64, 0x44,
    0x44, 0x44, 0x48, 0x3a, 0x92, 0x22, 0x24, 0x92, 0x49, 0x24, 0x92, 0x41, 0x9e, 0xeb, 0xde, 0xf7,
    0xba, 0xe0, 0xe0, 0xe2, 0xe0, 0xe2, 0xf7, 0xbd, 0xef, 0x63, 0xee, 0xee, 0xee, 0xee, 0xee, 0xee,
    0x73, 0xdd, 0xdc, 0x6e, 0xa4, 0x92, 0x49, 0x24, 0x01, 0x11, 0x11, 0x12, 0x48, 0x04, 0x44, 0x44,
    0x44, 0x44, 0x48, 0x30, 0x49, 0x30, 0x48, 0x88, 0x89, 0x24, 0x92, 0x49, 0x24, 0x03, 0x33, 0xdd,
    0x7b, 0xde, 0xeb, 0x83, 0x83, 0x83, 0x83, 0x83, 0x83, 0xaf, 0x7b, 0xd9, 0x77, 0x77, 0x77, 0x77,
    0x77, 0x77, 0x73, 0x9e, 0xee, 0xee, 0x78, 0x49, 0x24, 0x92, 0x48, 0x32, 0x22, 0x22, 0x22, 0x33,
    0x32, 0x22, 0x22, 0x22, 0x22, 0x22, 0x24, 0x90, 0x0f, 0x49, 0x24, 0x92, 0x49, 0x24, 0x92, 0x41,
    0x99, 0x99, 0xee, 0xbd, 0xee, 0x2e, 0x0e, 0x0e, 0x0e, 0x0e, 0x0e, 0xba, 0xeb, 0xde, 0xf6, 0x3e,
    0xee, 0xee, 0xee, 0xee, 0xee, 0xee, 0x73, 0xdd, 0xdd, 0xc4, 0xf0, 0x00, 0x00, 0x00, 0xcc, 0xcc,
    0xeb, 0x04, 0x44, 0x44, 0x44, 0x44, 0x44, 0x44, 0x92, 0x40, 0x00, 0x03, 0x04, 0x92, 0x49, 0x24,
    0x92, 0x40, 0x33, 0x33, 0x33, 0x3d, 0xd7, 0x5c, 0x1c, 0x1c, 0x1c, 0x5c, 0x5d, 0x7b, 0xae, 0xbd,
    0xef, 0x07, 0xdd, 0xdd, 0xdd, 0xdd, 0xdd, 0xdd, 0xdc, 0xe7, 0xbb, 0xbb, 0xb8, 0x99, 0x99, 0x99,
    0x99, 0x99, 0x99, 0x99, 0x99, 0xef, 0x67, 0xb0, 0x00, 0x00, 0x00, 0x00, 0x00, 0x00, 0x67, 0xb3,
    0x88, 0x09, 0x24, 0x92, 0x00, 0x33, 0x33, 0x33, 0x33, 0x33, 0x8b, 0xae, 0xba, 0xf7, 0xbd, 0xef,
    0x7b, 0x8b, 0xaf, 0x79, 0x77, 0x77, 0x77, 0x77, 0x77, 0x77, 0x77, 0x77, 0x39, 0xee, 0xee, 0xee,
    0xe3, 0x0c, 0xcc, 0xcc, 0xcc, 0xcc, 0xcc, 0xcc, 0xcc, 0xf7, 0xb3, 0x06, 0x67, 0xbd, 0xec, 0xcc,
    0xcc, 0xf7, 0xbd, 0x80, 0x01, 0x9d, 0x66, 0x66, 0x66, 0x66, 0x66, 0x66, 0x66, 0x66, 0x66, 0x67,
    0x5d, 0x7b, 0xde, 0xf7, 0xbd, 0xee, 0xba, 0xf6, 0x47, 0xdd, 0xdd, 0xdd, 0xdd, 0xdd, 0xdd, 0xdd,
    0xdd, 0xce, 0x7b, 0xbb, 0xbb, 0xbb, 0xb8, 0xd3, 0x3d, 0x99, 0x99, 0x99, 0x99, 0x99, 0x99, 0x9e,
    0xeb, 0xac, 0x18, 0x00, 0x00, 0x00, 0x00, 0x00, 0x01, 0x9d, 0x66, 0x66, 0x66, 0x66, 0x66, 0x66,
    0x66, 0x66, 0x7b, 0xaf, 0x7b, 0xde, 0xf7, 0xba, 0xf4, 0x7d, 0xdd, 0xdd, 0xdd, 0xdd, 0xdd, 0xdd,
    0xdd, 0xdd, 0xdd, 0xdd, 0xce, 0x7b, 0xbb, 0xbb, 0xbb, 0x8d, 0x30, 0x0c, 0xcc, 0xcc, 0xcc, 0xcc,
    0xcc, 0xf7, 0x80, 0xc8, 0xfb, 0x8c, 0xc9, 0x06, 0x7b, 0xae, 0xba, 0xeb, 0xae, 0xba, 0xeb, 0xae,
    0xba, 0xf6, 0x66, 0x66, 0x66, 0x66, 0x66, 0x66, 0x75, 0xd7, 0xbd, 0xef, 0x75, 0xe8, 0xfb, 0xbb,
    0xbb, 0xbb, 0xbb, 0xbb, 0xbb, 0xbb, 0xbb, 0xbb, 0xbb, 0xbb, 0xb9, 0xcf, 0x77, 0x77, 0x1a, 0x04,
    0x69, 0x99, 0x99, 0x83, 0x00, 0x00, 0x00, 0x00, 0xcc, 0x5d, 0xdd, 0xdd, 0xdd, 0xdd, 0xdd, 0xdd,
    0xdd, 0xdd, 0xdc, 0x19, 0x9e, 0xcc, 0xcc, 0xcc, 0xcc, 0xf7, 0xb0, 0x66, 0x23, 0xee, 0xee, 0xee,
    0xee, 0xee, 0xee, 0xee, 0xee, 0xee, 0xee, 0xee, 0xee, 0xee, 0xee, 0xee, 0x73, 0xdd, 0xdc, 0x40,
    0xcc, 0xc8, 0x83, 0xc8, 0xcc, 0x83, 0x00, 0x03, 0x33, 0x04, 0x67, 0xdd, 0xdd, 0xdd, 0xdd, 0xdd,
    0xdd, 0xdd, 0xdd, 0xdd, 0xc4, 0x00, 0x00, 0x00, 0x03, 0x30, 0x00, 0x06, 0x1d, 0xdd, 0xdd, 0xdd,
    0xdd, 0xdd, 0xdd, 0xdd, 0xdd, 0xdd, 0xdd, 0xdd, 0xdd, 0xdd, 0xdd, 0xdc, 0xe7, 0xbb, 0xb8, 0xc9,
    0x11, 0x19, 0xb1, 0x99, 0x12, 0x66, 0x08, 0xcf, 0xbb, 0xbb, 0xbb, 0xbb, 0xbb, 0xbb, 0xbb, 0xbb,
    0xbb, 0xbb, 0xbb, 0xbb, 0xb9, 0x30, 0x01, 0x99, 0x80, 0x00, 0x06, 0x00, 0x07, 0x4f, 0xbb, 0xbb,
    0xbb, 0xbb, 0xbb, 0xbb, 0xbb, 0xbb, 0xbb, 0xbb, 0xbb, 0xbb, 0xbb, 0xbb, 0xb9, 0xcf, 0x77, 0x77,
    0x77, 0x77, 0x71, 0xa2, 0x23, 0xee, 0xee, 0xee, 0xee, 0xee, 0xee, 0xee, 0xee, 0xee, 0xee, 0xee,
    0xee, 0xee, 0xee, 0xee, 0xee, 0xee, 0x26, 0x0c, 0x8c, 0xcc, 0x99, 0x98, 0x11, 0x99, 0x06, 0x79,
    0x77, 0x77, 0x77, 0x77, 0x77, 0x77, 0x77, 0x77, 0x77, 0x77, 0x77, 0x77, 0x77, 0x77, 0x77, 0x39,
    0xee, 0xee, 0xee, 0xee, 0xee, 0xee, 0xee, 0xee, 0xee, 0xee, 0xee, 0xee, 0xee, 0xee, 0xee, 0xee,
    0xee, 0xee, 0xee, 0xee, 0xee, 0xee, 0xee, 0xee, 0xee, 0x30, 0xe2, 0x46, 0x66, 0x64, 0xf7, 0x82,
    0x33, 0x32, 0x4b, 0xbb, 0xbb, 0xbb, 0xbb, 0xbb, 0xbb, 0xbb, 0xbb, 0xbb, 0xbb, 0xbb, 0xbb, 0xbb,
    0xbb, 0xbb, 0x9c, 0xf7, 0x77, 0x77, 0x77, 0x77, 0x77, 0x77, 0x77, 0x77, 0x77, 0x77, 0x77, 0x77,
    0x77, 0x77, 0x77, 0x77, 0x77, 0x77, 0x77, 0x77, 0x77, 0x77, 0x77, 0x77, 0x77, 0x71, 0x04, 0x44,
    0xbb, 0x8d, 0x81, 0x12, 0x3e, 0xee, 0xee, 0xee, 0xee, 0xee, 0xee, 0xee, 0xee, 0xee, 0xee, 0xee,
    0xee, 0xee, 0xee, 0xee, 0xe7, 0x20
};

const HuffmanFrequency SPRITE_28_FREQS[] = {
    {0x0a, 51},
    {0x23, 94},
    {0x25, 20},
    {0x2a, 299},
    {0x2b, 461},
    {0x2d, 849},
    {0x2e, 408},
    {0x3a, 359},
    {0x3d, 648},
    {0x40, 18},
    {0xa0, 1844},
    {0xc2, 1844}
};
}

const HuffmanEncodedSprite SPRITE_28 = {
    SPRITE_28_BYTES,
    static_cast<int>(sizeof(SPRITE_28_BYTES) / sizeof(SPRITE_28_BYTES[0])),
    19499,
    6895,
    SPRITE_28_FREQS,
    static_cast<int>(sizeof(SPRITE_28_FREQS) / sizeof(SPRITE_28_FREQS[0]))
};

namespace
{
const unsigned char SPRITE_29_BYTES[] = {
    0x8a, 0xdb, 0x6d, 0xb6, 0xdb, 0x6d, 0xb6, 0xdb, 0x6d, 0xb6, 0xdb, 0x6d, 0xb6, 0xdb, 0x6d, 0xb6,
    0xdb, 0x6d, 0xb6, 0xdb, 0x6d, 0xb6, 0xdb, 0x6d, 0xb6, 0xdb, 0x6d, 0xb6, 0xdb, 0x6d, 0xb6, 0xdb,
    0x6d, 0xb6, 0xdd, 0xdb, 0x6d, 0xb6, 0xdc, 0x56, 0xdb, 0x6d, 0xb6, 0xdb, 0x6d, 0xb6, 0xdb, 0x6d,
    0xb6, 0xdb, 0x6d, 0xb6, 0xdb, 0x6d, 0xb6, 0xdb, 0xbd, 0x42, 0x76, 0x93, 0x6d, 0xb6, 0xdb, 0x6d,
    0xb6, 0xdb, 0x6d, 0xb6, 0xdb, 0x6d, 0xb6, 0xdb, 0x6e, 0xf6, 0x9d, 0xad, 0x09, 0xc9, 0xb6, 0xdb,
    0x71, 0x5b, 0x6d, 0xb6, 0xdb, 0x6d, 0xb6, 0xdb, 0x6d, 0xb6, 0xdb, 0x6d, 0xb6, 0xdb, 0x6d, 0xb7,
    0x2a, 0x9c, 0x21, 0x08, 0x42, 0x10, 0x84, 0x21, 0x09, 0xc9, 0xb6, 0xdb, 0x6d, 0xb6, 0xdb, 0x6d,
    0xb6, 0xdb, 0x77, 0x94, 0xad, 0x6a, 0xb5, 0xad, 0x6b, 0x5a, 0x70, 0x9d, 0xdb, 0x6d, 0xb8, 0xad,
    0xb6, 0xdb, 0x6d, 0xb6, 0xdb, 0x6d, 0xb6, 0xdb, 0x6d, 0xb6, 0xdb, 0x6d, 0xb7, 0x7a, 0x9c, 0x21,
    0x08, 0x42, 0x10, 0x84, 0x21, 0x39, 0xce, 0x70, 0x95, 0xdb, 0x6d, 0xb6, 0xdb, 0x6d, 0xb6, 0xdb,
    0xbd, 0x55, 0xaa, 0xaa, 0xaa, 0xad, 0x6b, 0x5a, 0xd6, 0x9c, 0x21, 0x26, 0xdb, 0x6e, 0x2b, 0x6d,
    0xb6, 0xdb, 0x6d, 0xb6, 0xdb, 0x6d, 0xb6, 0xdb, 0x6d, 0xb6, 0xdb, 0x6e, 0xf3, 0x84, 0x21, 0x08,
    0x47, 0x08, 0xe3, 0x84, 0x23, 0x84, 0xe7, 0x3b, 0xb6, 0xdb, 0x6d, 0xb6, 0xdb, 0x6e, 0xf7, 0xb5,
    0xaa, 0xaa, 0xaa, 0xaa, 0xaa, 0xad, 0x6b, 0x5a, 0xd6, 0xb5, 0xa7, 0x0b, 0x36, 0xdb, 0x71, 0x5b,
    0x6d, 0xb6, 0xdb, 0x6d, 0xb6, 0xdb, 0x6d, 0xb6, 0xdb, 0x6d, 0xb6, 0xdb, 0x77, 0xa8, 0x42, 0x10,
    0x84, 0x71, 0xce, 0x73, 0x84, 0x23, 0x95, 0xdb, 0x6d, 0xb6, 0xdb, 0x6d, 0xb7, 0x79, 0x55, 0x55,
    0x55, 0x55, 0x55, 0x55, 0x55, 0xad, 0x38, 0x42, 0x38, 0xe3, 0x8e, 0x38, 0xe0, 0xdb, 0x6d, 0xc5,
    0x6d, 0xb6, 0xdb, 0x6d, 0xb6, 0xdb, 0x6d, 0xb6, 0xdb, 0x6d, 0xb6, 0xdb, 0x6d, 0xb7, 0x7b, 0xca,
    0x52, 0xb4, 0x21, 0x0b, 0x5a, 0x70, 0x9d, 0xdb, 0x6d, 0xb6, 0xdb, 0x6d, 0xbb, 0xda, 0xaa, 0xaa,
    0xaa, 0xaa, 0xaa, 0xd0, 0x8e, 0x38, 0xe3, 0x8e, 0x38, 0xe3, 0x85, 0x54, 0xaf, 0x76, 0xdb, 0x6e,
    0x2b, 0x6d, 0xb6, 0xdb, 0x6d, 0xb6, 0xdb, 0x6d, 0xb6, 0xdb, 0x6d, 0xb6, 0xdb, 0x6d, 0xb6, 0xdb,
    0x77, 0xb5, 0xa1, 0x1c, 0x21, 0x6b, 0x5a, 0x70, 0x9d, 0x5e, 0xf7, 0x6d, 0xb6, 0xef, 0x6a, 0xaa,
    0xaa, 0xaa, 0xb4, 0x23, 0x8e, 0x38, 0xe3, 0x84, 0x2a, 0xed, 0xb6, 0xdb, 0x6d, 0xb6, 0xdb, 0x8a,
    0xdb, 0x6d, 0xb6, 0xdb, 0x6d, 0xb6, 0xdb, 0x6d, 0xb6, 0xdb, 0x6d, 0xb6, 0xdb, 0x6d, 0xb7, 0x7a,
    0xb5, 0x4a, 0x52, 0xbd, 0xe5, 0x29, 0x4a, 0x52, 0x94, 0xaa, 0xd5, 0x57, 0x6e, 0xf3, 0xaa, 0xaa,
    0xaa, 0xa8, 0x47, 0x1c, 0x73, 0xab, 0xdd, 0xb6, 0xdb, 0x6d, 0xb6, 0xdb, 0x6d, 0xb7, 0x15, 0xb6,
    0xdb, 0x6d, 0xb6, 0xdb, 0x6d, 0xb6, 0xdb, 0x6d, 0xb6, 0xdb, 0x6d, 0xb6, 0xdb, 0x95, 0xa5, 0x7b,
    0xde, 0xf7, 0xbd, 0xef, 0x79, 0x4a, 0x52, 0x94, 0xa5, 0x29, 0x55, 0x54, 0xea, 0x55, 0x55, 0x55,
    0x55, 0x51, 0x23, 0x89, 0x4d, 0xb6, 0xdb, 0x6d, 0xb7, 0x79, 0x5a, 0xd3, 0x9d, 0xdb, 0x6e, 0x2b,
    0x6d, 0xb6, 0xdb, 0x6d, 0xb6, 0xdb, 0x6d, 0xb6, 0xdb, 0x6d, 0xb6, 0xdb, 0x6e, 0xf2, 0xab, 0xde,
    0xf2, 0xaa, 0x95, 0xef, 0x79, 0x5a, 0x75, 0x29, 0x4a, 0x52, 0x94, 0xaa, 0xaa, 0xaa, 0x16, 0xaa,
    0xaa, 0xaa, 0xa8, 0xe3, 0x84, 0x9b, 0x6e, 0xf7, 0xbc, 0xad, 0x39, 0xce, 0x73, 0x9c, 0xe1, 0x1c,
    0x2e, 0xdb, 0x8a, 0xdb, 0x6d, 0xb6, 0xdb, 0x6d, 0xb6, 0xdb, 0x6d, 0xb6, 0xdb, 0x6d, 0xb6, 0xdd,
    0xea, 0x57, 0xbd, 0x4a, 0xf7, 0xbd, 0xef, 0x7b, 0xde, 0xf7, 0xbd, 0x54, 0xa5, 0x29, 0x55, 0x55,
    0x55, 0x55, 0xaa, 0xaa, 0xaa, 0xaa, 0xd3, 0x84, 0x2d, 0x56, 0xb5, 0xad, 0x6b, 0x5a, 0xd3, 0x9c,
    0xe7, 0x39, 0xce, 0x38, 0x53, 0x6e, 0x2b, 0x6d, 0xb6, 0xdb, 0x6d, 0xb6, 0xdb, 0x6d, 0xb6, 0xdb,
    0x6d, 0xb6, 0xdb, 0x73, 0x95, 0xef, 0x57, 0xbd, 0xef, 0x7b, 0xde, 0xf7, 0xbd, 0xef, 0x7b, 0xde,
    0xd5, 0x2a, 0xaa, 0xaa, 0xaa, 0xaa, 0xaa, 0xaa, 0xaa, 0xaa, 0xaa, 0xaa, 0xb5, 0xad, 0x6b, 0x5a,
    0xd6, 0xb5, 0xa7, 0x39, 0xce, 0x73, 0x8e, 0x39, 0xdd, 0xb8, 0xad, 0xbb, 0xca, 0x76, 0xa9, 0x4a,
    0x57, 0xbd, 0xdb, 0x6d, 0xb6, 0xdb, 0x6d, 0xb6, 0xdb, 0x70, 0x95, 0xef, 0x57, 0xbd, 0xef, 0x7b,
    0xde, 0xf7, 0xbd, 0xef, 0x7b, 0xde, 0xf7, 0xb5, 0x55, 0x55, 0x55, 0x55, 0x55, 0xa7, 0x55, 0x55,
    0x55, 0x55, 0x56, 0xb5, 0xad, 0x6b, 0x5a, 0xd6, 0xb5, 0xa7, 0x08, 0x47, 0x1c, 0x48, 0x91, 0xce,
    0x4d, 0xc5, 0x6e, 0xf6, 0x84, 0x21, 0x39, 0xce, 0x73, 0xb5, 0xad, 0x6b, 0x55, 0x54, 0xa5, 0x76,
    0xdb, 0x6d, 0xb7, 0x3a, 0x95, 0xe5, 0x2b, 0xde, 0xf7, 0xbd, 0xe5, 0x2b, 0xde, 0xf7, 0xbd, 0xef,
    0x7b, 0xda, 0xaa, 0xaa, 0xaa, 0xaa, 0xaa, 0xaa, 0x73, 0xb5, 0x55, 0x55, 0x5a, 0xd6, 0xb5, 0xa7,
    0x38, 0x47, 0x1c, 0x71, 0x22, 0x44, 0x8e, 0x75, 0x2b, 0xdd, 0xb6, 0xe2, 0xb7, 0x29, 0xc2, 0x10,
    0x84, 0xe7, 0x39, 0xce, 0xd6, 0xb5, 0x55, 0x55, 0x55, 0x55, 0x4e, 0xd2, 0x6d, 0xb8, 0x4a, 0x57,
    0xbd, 0x5e, 0xf7, 0xbd, 0xef, 0x7b, 0xde, 0xf7, 0xbd, 0xef, 0x7b, 0xde, 0x75, 0x55, 0x55, 0x55,
    0x55, 0x55, 0x55, 0x55, 0x08, 0xe3, 0x8e, 0x38, 0xe2, 0x47, 0x1c, 0x71, 0xc7, 0x1c, 0x73, 0x95,
    0xdb, 0x6d, 0xb6, 0xdb, 0x6e, 0x2b, 0x6e, 0x53, 0x84, 0x21, 0x08, 0x4e, 0x73, 0x9d, 0xad, 0x55,
    0x55, 0x55, 0x55, 0x55, 0x55, 0x6b, 0x4a, 0xf3, 0x94, 0xa5, 0x2a, 0x95, 0xef, 0x7b, 0xde, 0xf7,
    0xbd, 0xef, 0x7b, 0xde, 0xf7, 0xaa, 0xaa, 0xaa, 0xaa, 0xaa, 0xaa, 0xaa, 0xab, 0x49, 0xbb, 0xca,
    0xd6, 0xb5, 0x4a, 0xed, 0xb6, 0xdb, 0x6d, 0xb6, 0xdb, 0x6d, 0xb8, 0xad, 0xb7, 0x7b, 0x42, 0x11,
    0xc7, 0x1c, 0x71, 0xc7, 0x1c, 0x70, 0x9c, 0xed, 0x6b, 0x55, 0x55, 0x55, 0xad, 0x6b, 0x4e, 0x3a,
    0xaa, 0xaa, 0xab, 0x5e, 0xf7, 0xbd, 0xef, 0x7b, 0xde, 0xf7, 0xbd, 0xea, 0xaa, 0xaa, 0xd6, 0x9c,
    0x2a, 0xa7, 0x6a, 0xaa, 0xab, 0xb6, 0xdb, 0x6d, 0xb6, 0xdb, 0x6d, 0xb6, 0xdb, 0x6d, 0xb6, 0xdb,
    0x8a, 0xdb, 0x6d, 0xde, 0x71, 0xc7, 0x1c, 0x71, 0xc7, 0x1c, 0x71, 0xc7, 0x1c, 0x70, 0x84, 0x21,
    0x1c, 0x2d, 0x6b, 0x5a, 0xd6, 0x8e, 0xaa, 0xaa, 0xaa, 0xaa, 0xd2, 0xbd, 0xef, 0x7b, 0xde, 0xf2,
    0x9d, 0xaa, 0xaa, 0xad, 0x29, 0x47, 0x1c, 0x71, 0x27, 0x6a, 0xaa, 0xab, 0xb6, 0xdb, 0x6d, 0xb6,
    0xdb, 0x6d, 0xb6, 0xdb, 0x6d, 0xb6, 0xdb, 0x8a, 0xdb, 0x6d, 0xb6, 0xdb, 0x6d, 0xb6, 0xef, 0x79,
    0x55, 0xad, 0x08, 0xe1, 0x1c, 0x2d, 0x6b, 0x5a, 0xd3, 0xaa, 0xaa, 0xaa, 0xaa, 0xaa, 0xab, 0x5a,
    0xd5, 0x55, 0x55, 0x55, 0x55, 0x39, 0xc7, 0x08, 0x4e, 0x15, 0x6b, 0x55, 0xa9, 0xb6, 0xdb, 0x6d,
    0xb6, 0xdb, 0x6d, 0xb6, 0xdb, 0x6d, 0xb6, 0xdb, 0x8a, 0xdb, 0x6d, 0xb6, 0xdb, 0x6d, 0xb6, 0xdb,
    0x6d, 0xbb, 0xd4, 0x70, 0x89, 0x6b, 0x5a, 0xd3, 0x9c, 0xe7, 0x38, 0x4e, 0xd5, 0x55, 0x55, 0x55,
    0x55, 0x55, 0x55, 0x55, 0x55, 0x69, 0xd4, 0xad, 0x3b, 0x5a, 0xd5, 0x53, 0x6d, 0xb6, 0xdb, 0x6d,
    0xb6, 0xdb, 0x6d, 0xb6, 0xdb, 0x6d, 0xb6, 0xdc, 0x56, 0xdb, 0x6d, 0xb6, 0xdb, 0xbd, 0xa7, 0x3a,
    0xaa, 0xaa, 0xab, 0x5a, 0x73, 0xb5, 0xad, 0x69, 0xce, 0x70, 0xa8, 0xe7, 0x55, 0x29, 0xc2, 0xaa,
    0xaa, 0xaa, 0xaa, 0xaa, 0xaa, 0xa5, 0x29, 0x4a, 0xd3, 0xb4, 0xe7, 0x52, 0xa9, 0xb6, 0xdb, 0x6d,
    0xb6, 0xdb, 0x6d, 0xb6, 0xdb, 0x6d, 0xb6, 0xdb, 0x6d, 0xc5, 0x6d, 0xb6, 0xdb, 0x6d, 0xca, 0x13,
    0x9c, 0xe7, 0x6a, 0xaa, 0xaa, 0xb5, 0xad, 0x69, 0xce, 0x73, 0x9c, 0xea, 0x71, 0xc2, 0x13, 0xab,
    0x42, 0xd5, 0x55, 0x55, 0x55, 0x55, 0x52, 0x94, 0xa5, 0x29, 0x4a, 0x52, 0x94, 0xa5, 0x3b, 0xb6,
    0xdb, 0x6d, 0xb6, 0xdb, 0x6d, 0xb6, 0xdb, 0x6d, 0xb6, 0xdb, 0x6d, 0xb8, 0xad, 0xb6, 0xdb, 0x6d,
    0xbb, 0xd4, 0x27, 0x39, 0xce, 0x75, 0x55, 0x6b, 0x4e, 0x73, 0x9c, 0xe7, 0x39, 0xce, 0x3a, 0xb4,
    0x23, 0xaa, 0xb5, 0xaa, 0xaa, 0xaa, 0x52, 0x94, 0xa5, 0x29, 0x4a, 0x52, 0x94, 0xa5, 0x29, 0x4a,
    0xd5, 0x76, 0xdb, 0x6d, 0xb6, 0xdb, 0x6d, 0xb6, 0xdb, 0x6d, 0xb6, 0xdb, 0x6d, 0xb6, 0xe2, 0xb6,
    0xdb, 0x6d, 0xb6, 0xdb, 0x94, 0xe7, 0x39, 0xce, 0x13, 0x9c, 0xe7, 0x38, 0x42, 0x38, 0xe3, 0x8e,
    0x38, 0xe1, 0x09, 0xda, 0xd5, 0x08, 0x5a, 0xa5, 0x29, 0x4a, 0x52, 0xbd, 0xef, 0x29, 0x4a, 0x52,
    0x94, 0xa5, 0x53, 0xbb, 0x6d, 0xb6, 0xdb, 0x6d, 0xb6, 0xdb, 0x6d, 0xb6, 0xdb, 0x6d, 0xb6, 0xdb,
    0x6d, 0xb8, 0xad, 0xb6, 0xdb, 0x6d, 0xb6, 0xdd, 0xe7, 0x39, 0xc2, 0x10, 0x84, 0x21, 0x08, 0x42,
    0x10, 0x8e, 0x16, 0xbb, 0x6d, 0xb6, 0xdb, 0xbc, 0xa5, 0x39, 0xd4, 0xa5, 0x29, 0x4a, 0x52, 0xa9,
    0xda, 0xaf, 0x76, 0xdb, 0x6d, 0xb6, 0xdb, 0x6d, 0xb6, 0xdb, 0x6d, 0xb6, 0xdb, 0x6d, 0xb6, 0xdb,
    0x6d, 0xc5, 0x6d, 0xb6, 0xdb, 0x6d, 0xb6, 0xdd, 0xef, 0x7b, 0xde, 0xf7, 0xbd, 0xef, 0x7b, 0xde,
    0xf7, 0x6d, 0xb6, 0xdb, 0x6d, 0xb6, 0xdb, 0x77, 0xbd, 0xef, 0x7b, 0xde, 0xed, 0xb6, 0xdb, 0x6d,
    0xb6, 0xdb, 0x6d, 0xb6, 0xdb, 0x6d, 0xb6, 0xdb, 0x6d, 0xb6, 0xdb, 0x6d, 0xb6, 0xdb, 0x6d, 0xb6,
    0xdb, 0x6d, 0xb6, 0xdb, 0x6d, 0xb6, 0xdb, 0x6d, 0xb6, 0xdb, 0x6d, 0xb6, 0xdb, 0x6d, 0xb6, 0xdb,
    0x6d, 0xb6, 0xdb, 0x6d, 0xb6, 0xdb, 0x6d, 0xb6, 0xdb, 0x6d, 0xb6, 0xdb, 0x6d, 0xb6, 0xdb, 0x6d,
    0xb7, 0x14
};

const HuffmanFrequency SPRITE_29_FREQS[] = {
    {0x0a, 28},
    {0x23, 97},
    {0x25, 10},
    {0x2a, 130},
    {0x2b, 164},
    {0x2d, 382},
    {0x2e, 232},
    {0x3a, 153},
    {0x3d, 185},
    {0xa0, 1442},
    {0xc2, 1442}
};
}

const HuffmanEncodedSprite SPRITE_29 = {
    SPRITE_29_BYTES,
    static_cast<int>(sizeof(SPRITE_29_BYTES) / sizeof(SPRITE_29_BYTES[0])),
    11022,
    4265,
    SPRITE_29_FREQS,
    static_cast<int>(sizeof(SPRITE_29_FREQS) / sizeof(SPRITE_29_FREQS[0]))
};

namespace
{
const unsigned char SPRITE_30_BYTES[] = {
    0xee, 0xee, 0xee, 0xee, 0xee, 0xee, 0xee, 0xee, 0xee, 0xee, 0xee, 0xee, 0xee, 0xee, 0xee, 0xee,
    0xee, 0xee, 0xee, 0xee, 0xee, 0xee, 0xee, 0xee, 0xe4, 0x3b, 0xbb, 0xbb, 0xbb, 0xbb, 0xbb, 0xbb,
    0xbb, 0xbb, 0xbb, 0xbb, 0x80, 0x2e, 0x71, 0x1d, 0xdd, 0xdd, 0xdd, 0xdd, 0xdd, 0xdd, 0xdd, 0xdd,
    0xdd, 0xdd, 0xdd, 0xdd, 0xdd, 0xdd, 0xdd, 0xdd, 0xdd, 0xdd, 0xdd, 0xdd, 0xdd, 0xdd, 0xdd, 0xdd,
    0xdd, 0xdd, 0xdd, 0xdd, 0xdd, 0xdd, 0xdd, 0xdd, 0xdd, 0xdd, 0xdc, 0x87, 0x77, 0x77, 0x77, 0x77,
    0x77, 0x77, 0x77, 0x77, 0x77, 0x70, 0x7a, 0x92, 0xae, 0x73, 0x88, 0xee, 0xee, 0xee, 0xee, 0xee,
    0xee, 0xee, 0xee, 0xee, 0xee, 0xee, 0xee, 0xee, 0xee, 0xee, 0xee, 0xee, 0xee, 0xee, 0xee, 0xee,
    0xee, 0xe0, 0xf7, 0xbc, 0x77, 0x77, 0x77, 0x77, 0x77, 0x77, 0x77, 0x77, 0x77, 0x72, 0x1d, 0xdd,
    0xdd, 0xdd, 0xdd, 0xdd, 0xdd, 0xdd, 0xdd, 0xdc, 0xf2, 0x55, 0xce, 0x73, 0x9c, 0xe7, 0x2b, 0x0e,
    0xee, 0xee, 0xee, 0xee, 0xee, 0xee, 0xee, 0xee, 0xee, 0xee, 0xee, 0xee, 0xee, 0xee, 0xee, 0xee,
    0xee, 0xee, 0xee, 0xee, 0x79, 0x55, 0x4a, 0x55, 0xe3, 0xbb, 0xbb, 0xbb, 0xbb, 0xbb, 0xbb, 0xbb,
    0xbb, 0x90, 0xee, 0xee, 0xee, 0xee, 0xee, 0xee, 0xee, 0xee, 0xee, 0xee, 0x05, 0x29, 0x73, 0x9c,
    0xe7, 0x39, 0xca, 0xaf, 0xee, 0xee, 0xee, 0xee, 0xee, 0xee, 0xee, 0x0f, 0x2a, 0xac, 0xf7, 0xbc,
    0x77, 0x77, 0x77, 0x77, 0x77, 0x77, 0x70, 0x62, 0x49, 0x25, 0xc9, 0x4a, 0x8e, 0xee, 0xee, 0xee,
    0xee, 0xee, 0xee, 0xee, 0xe4, 0x3b, 0xbb, 0xbb, 0xbb, 0xbb, 0xbb, 0xb8, 0x3d, 0x87, 0x77, 0x77,
    0x3d, 0xc9, 0x4b, 0x9c, 0xe5, 0x55, 0x55, 0x51, 0xdd, 0xdd, 0xdd, 0xdd, 0xdc, 0xf5, 0x4a, 0x55,
    0x9c, 0x94, 0xa2, 0x8a, 0x52, 0x3b, 0xbb, 0xbb, 0xbb, 0xb8, 0x31, 0x24, 0x92, 0x49, 0x72, 0x51,
    0x48, 0xee, 0xee, 0xee, 0xee, 0xee, 0xee, 0xee, 0xe4, 0x3b, 0xbb, 0xbb, 0xbb, 0xbb, 0x83, 0xca,
    0x95, 0x49, 0x1d, 0xdd, 0xdc, 0xf7, 0x25, 0xca, 0xaa, 0xaa, 0xa4, 0xb0, 0xee, 0xee, 0xee, 0xe7,
    0x96, 0x7b, 0xc3, 0xd2, 0x97, 0x33, 0xde, 0xc4, 0x8e, 0xee, 0xe0, 0xf2, 0x49, 0x24, 0x92, 0x5c,
    0x94, 0xa8, 0xee, 0xee, 0xee, 0xee, 0xee, 0xee, 0xee, 0xee, 0xe4, 0x3b, 0xbb, 0xbb, 0xbb, 0xb9,
    0xe4, 0x95, 0x72, 0xb9, 0x29, 0x23, 0xbb, 0xbb, 0x99, 0xc9, 0x55, 0x52, 0x49, 0x2a, 0xf1, 0xdd,
    0xdd, 0xdc, 0xf2, 0xae, 0x52, 0x49, 0x24, 0xaa, 0x91, 0xdc, 0x18, 0x92, 0x49, 0x24, 0x97, 0x25,
    0x24, 0x77, 0x77, 0x70, 0x03, 0xbb, 0xbb, 0xbb, 0xbb, 0xbb, 0x90, 0xee, 0xee, 0xee, 0xee, 0xe7,
    0xab, 0x95, 0x55, 0x55, 0x55, 0x29, 0x61, 0xdd, 0xdc, 0x0a, 0x5c, 0xa4, 0x92, 0x4a, 0xb0, 0xee,
    0xee, 0xee, 0xee, 0x64, 0x51, 0x4a, 0x52, 0x89, 0x7b, 0xc0, 0xe0, 0xc4, 0x92, 0x49, 0x25, 0x52,
    0x8b, 0x9e, 0x3b, 0xbb, 0xb8, 0x17, 0x25, 0x2a, 0x3b, 0xbb, 0xbb, 0xbb, 0xb9, 0x0e, 0xee, 0xee,
    0xee, 0xee, 0x0f, 0x72, 0xaa, 0xaa, 0xaa, 0xab, 0x92, 0x97, 0xf7, 0x77, 0x73, 0x39, 0x15, 0x24,
    0x92, 0x54, 0x77, 0x77, 0x70, 0x0c, 0xe2, 0xe7, 0x2a, 0xb9, 0xfd, 0xdd, 0xc0, 0xa9, 0x24, 0x92,
    0x55, 0x28, 0xbf, 0xbb, 0xbb, 0xbb, 0x9e, 0x8b, 0x9c, 0x55, 0x29, 0x44, 0xf7, 0x77, 0x77, 0x77,
    0x21, 0xdd, 0xdd, 0xdd, 0xdd, 0xdd, 0xc1, 0x95, 0x55, 0x55, 0x55, 0x55, 0xc9, 0x4b, 0x00, 0x0a,
    0x52, 0x92, 0x49, 0x25, 0x5e, 0x1e, 0x55, 0xef, 0x7b, 0xd9, 0xca, 0x94, 0xa5, 0x2e, 0x2f, 0x01,
    0xe4, 0x92, 0x49, 0x54, 0xa5, 0x87, 0x77, 0x70, 0x0a, 0x97, 0x33, 0x33, 0x31, 0x54, 0xa5, 0xc3,
    0xbb, 0xbb, 0xb9, 0x0e, 0xee, 0xee, 0xee, 0xee, 0xee, 0xee, 0x0c, 0xe5, 0x55, 0x55, 0x55, 0x57,
    0x25, 0x14, 0x51, 0x4a, 0x52, 0x49, 0x24, 0x97, 0x2b, 0x3c, 0x00, 0x00, 0x01, 0xef, 0x7b, 0xde,
    0xcc, 0xc4, 0xaa, 0x92, 0x49, 0x54, 0x51, 0x4b, 0x77, 0x70, 0x65, 0x72, 0x92, 0x49, 0x24, 0x92,
    0xe7, 0xf7, 0x77, 0x77, 0x72, 0x1d, 0xdd, 0xdd, 0xdd, 0xdd, 0xdd, 0xdd, 0xdc, 0x19, 0xca, 0xaa,
    0xaa, 0xa4, 0xaa, 0xb9, 0x49, 0x24, 0x92, 0x5c, 0x5e, 0x00, 0x00, 0x00, 0x00, 0x0f, 0x78, 0x7b,
    0xd9, 0x99, 0x54, 0x92, 0x4a, 0xb9, 0x14, 0xa5, 0xca, 0xe4, 0xb9, 0x49, 0x24, 0x92, 0x4a, 0x97,
    0x8e, 0xee, 0xee, 0xee, 0xe4, 0x3b, 0xbb, 0xbb, 0xbb, 0xbb, 0xbb, 0xbb, 0xbb, 0xb8, 0x33, 0x95,
    0x54, 0x92, 0x49, 0x24, 0x92, 0x4a, 0xab, 0x3c, 0x00, 0x00, 0x00, 0x00, 0x00, 0x00, 0x07, 0xb3,
    0x32, 0xa9, 0x24, 0x92, 0xae, 0x45, 0x17, 0x29, 0x24, 0x92, 0x49, 0x2a, 0xf1, 0xdd, 0xdd, 0xdd,
    0xdd, 0xdd, 0xc8, 0x77, 0x77, 0x77, 0x77, 0x77, 0x77, 0x77, 0x77, 0x77, 0x70, 0x7a, 0xa9, 0x24,
    0x92, 0x49, 0x25, 0x5c, 0xe6, 0x78, 0x00, 0x00, 0x00, 0x00, 0x00, 0x00, 0x00, 0x3d, 0x99, 0x8a,
    0xa9, 0x24, 0x92, 0x49, 0x24, 0x92, 0x4a, 0xa9, 0x1d, 0xdd, 0xdd, 0xdd, 0xdd, 0xdd, 0xdd, 0xc8,
    0x77, 0x77, 0x77, 0x77, 0x77, 0x77, 0x77, 0x77, 0x77, 0x77, 0x77, 0x06, 0x25, 0x55, 0x55, 0x49,
    0x78, 0x73, 0x3d, 0xe0, 0x00, 0x00, 0x0f, 0x66, 0x7b, 0xd9, 0x9e, 0x00, 0x0f, 0x66, 0x66, 0x65,
    0x55, 0x24, 0x92, 0x49, 0x24, 0xaa, 0x97, 0xf7, 0x77, 0x77, 0x77, 0x77, 0x77, 0x77, 0x77, 0x72,
    0x1d, 0xdd, 0xc1, 0x99, 0xe3, 0xbb, 0xbb, 0xbb, 0xbb, 0xbb, 0xbb, 0xbb, 0xbb, 0xb8, 0x01, 0xdd,
    0xdc, 0x15, 0x9e, 0xf0, 0x00, 0x0f, 0x66, 0x00, 0x00, 0x03, 0xd9, 0x80, 0x7b, 0x33, 0x33, 0x10,
    0xf6, 0x55, 0x52, 0x4a, 0xb9, 0x59, 0xe3, 0xbb, 0xbb, 0xb8, 0x3c, 0x92, 0xaa, 0xdd, 0xdd, 0xdc,
    0x87, 0x77, 0x06, 0x2c, 0xcc, 0x49, 0x55, 0x61, 0xdd, 0xdd, 0xdd, 0xdd, 0xdd, 0xdd, 0xdd, 0xdd,
    0xdc, 0xf5, 0x66, 0x7b, 0xc0, 0x0f, 0x60, 0x00, 0x00, 0x00, 0x03, 0xcb, 0xde, 0xcc, 0xcc, 0xc4,
    0x77, 0x70, 0x00, 0x00, 0x3b, 0xbb, 0x83, 0x2b, 0x94, 0x92, 0x49, 0x24, 0xbf, 0xbb, 0xb9, 0x0e,
    0xee, 0x79, 0x66, 0x66, 0x62, 0x49, 0x24, 0xaa, 0x5c, 0x5e, 0x07, 0x77, 0x77, 0x77, 0x77, 0x70,
    0x56, 0x66, 0x7b, 0xc3, 0xde, 0xf0, 0x00, 0x00, 0x00, 0x00, 0x66, 0x66, 0x66, 0x66, 0x51, 0xdd,
    0xdd, 0xdd, 0xdd, 0xc1, 0xea, 0x97, 0x12, 0x49, 0x24, 0x92, 0x49, 0x52, 0x3b, 0xb9, 0x0e, 0xe0,
    0x49, 0x66, 0x62, 0x49, 0x24, 0x92, 0x4a, 0xb9, 0x2e, 0x6e, 0xee, 0xee, 0xee, 0xee, 0x04, 0xb3,
    0x33, 0xde, 0xf7, 0xb0, 0x00, 0x00, 0x00, 0x00, 0x33, 0x33, 0x33, 0x33, 0x30, 0xee, 0xee, 0xee,
    0xe7, 0xb9, 0x2e, 0x24, 0x92, 0x49, 0x24, 0xaa, 0xaa, 0xaa, 0xb0, 0xee, 0xe4, 0x3b, 0xb8, 0x07,
    0xb3, 0x15, 0x52, 0x49, 0x24, 0x92, 0x55, 0x29, 0x4b, 0x87, 0x77, 0x77, 0x77, 0x06, 0x52, 0x4a,
    0x96, 0x62, 0xf0, 0x00, 0x00, 0x00, 0x1e, 0x59, 0x99, 0x99, 0x94, 0x77, 0x77, 0x77, 0x73, 0x39,
    0x5c, 0x49, 0x24, 0x92, 0xaa, 0xa5, 0x9e, 0x07, 0x77, 0x77, 0x77, 0x21, 0xdd, 0xdd, 0xdd, 0xdd,
    0xdc, 0x00, 0x65, 0x52, 0x49, 0x25, 0x52, 0x94, 0x5f, 0xdd, 0xdd, 0xdd, 0xc5, 0xe5, 0x2e, 0x52,
    0x55, 0x98, 0x90, 0x00, 0x00, 0x02, 0x59, 0x98, 0xa9, 0x57, 0x30, 0xee, 0xee, 0xe0, 0xa5, 0x5c,
    0xa4, 0x95, 0x55, 0x73, 0xc0, 0xee, 0xee, 0xee, 0xee, 0xee, 0xee, 0x43, 0xb8, 0x77, 0x77, 0x77,
    0x77, 0x77, 0x77, 0x31, 0x24, 0x92, 0xa9, 0x4a, 0x54, 0x96, 0x66, 0x62, 0xe7, 0x25, 0x29, 0x4b,
    0x8a, 0xb3, 0x33, 0x31, 0x55, 0x55, 0x56, 0x66, 0x66, 0x57, 0xbd, 0xea, 0x92, 0x96, 0x66, 0x25,
    0x52, 0x94, 0xa5, 0x55, 0x55, 0x55, 0x23, 0xbb, 0xbb, 0xbb, 0xb8, 0x00, 0xca, 0x39, 0x0e, 0x65,
    0x25, 0x9e, 0x07, 0x77, 0x77, 0x73, 0xc9, 0x24, 0x97, 0x39, 0x9e, 0xf0, 0x00, 0x7b, 0xde, 0xca,
    0x55, 0xca, 0xa9, 0x2c, 0xcc, 0xcc, 0xcc, 0xcc, 0xcc, 0xcc, 0xcc, 0xa5, 0x9c, 0x94, 0xa5, 0x54,
    0xbd, 0xef, 0x66, 0x66, 0x2e, 0x72, 0xaa, 0xaa, 0xb9, 0xfd, 0xdc, 0x03, 0xca, 0xb9, 0xce, 0x73,
    0x94, 0x20, 0xf5, 0x24, 0x92, 0x54, 0x96, 0x62, 0x49, 0x24, 0xaa, 0xbc, 0x00, 0x00, 0x00, 0x00,
    0x1e, 0xc4, 0x96, 0x29, 0x71, 0x52, 0xcc, 0xcc, 0xcc, 0xcc, 0x5c, 0xe2, 0x49, 0x73, 0x95, 0x54,
    0x00, 0x1e, 0xf6, 0x66, 0x62, 0xae, 0x55, 0x55, 0x73, 0x95, 0x5c, 0xaa, 0xaa, 0xe7, 0x39, 0xce,
    0x72, 0xa0, 0xa4, 0x92, 0x49, 0x24, 0x92, 0x49, 0x24, 0xa9, 0x00, 0x00, 0x00, 0x00, 0x00, 0x03,
    0xde, 0xcc, 0xcc, 0xc5, 0x80, 0x00, 0x3c, 0x00, 0x1e, 0x5e, 0x03, 0xde, 0xf7, 0xbc, 0x00, 0x00,
    0x01, 0xec, 0xcc, 0xcc, 0xae, 0x55, 0x55, 0x55, 0x55, 0x55, 0x72, 0xb9, 0xce, 0x73, 0x9c, 0xe4,
    0x0a, 0xa9, 0x24, 0x92, 0x49, 0x24, 0x92, 0x4a, 0x80, 0x00, 0x00, 0x00, 0x00, 0x00, 0x07, 0xbd,
    0x99, 0x99, 0x8b, 0x0e, 0xee, 0xee, 0xee, 0x7b, 0x3c, 0x00, 0x00, 0x00, 0x00, 0x00, 0x00, 0x3d,
    0x99, 0x99, 0x95, 0xca, 0xaa, 0xaa, 0xaa, 0xaa, 0xaa, 0xe7, 0x39, 0x5e, 0x39, 0x0e, 0xee, 0x0c,
    0x55, 0x55, 0x49, 0x24, 0x92, 0xae, 0x78, 0x0f, 0x7b, 0xde, 0xf0, 0x00, 0x00, 0x3d, 0x99, 0x99,
    0x99, 0x99, 0x98, 0xbf, 0xbb, 0xbb, 0xb8, 0x16, 0x00, 0x00, 0x00, 0x00, 0x00, 0x00, 0x01, 0xec,
    0xcc, 0xcc, 0xc9, 0x4b, 0x9c, 0xe7, 0x39, 0xce, 0x73, 0x8b, 0xc7, 0x77, 0x77, 0x21, 0xdd, 0xdd,
    0xdd, 0xdc, 0x1e, 0x55, 0xce, 0x4a, 0x51, 0x45, 0x2f, 0x7b, 0x00, 0x03, 0xd9, 0x80, 0x01, 0x8a,
    0x96, 0x2a, 0x59, 0x99, 0x8b, 0x77, 0x77, 0x77, 0x3c, 0xb3, 0xde, 0xc4, 0x96, 0x78, 0x00, 0x07,
    0xbd, 0x99, 0x98, 0xb3, 0x33, 0x33, 0x92, 0x8a, 0x29, 0x52, 0xc0, 0x77, 0x77, 0x77, 0x77, 0x72,
    0x1d, 0xdd, 0xdd, 0xdd, 0xdd, 0xdd, 0xdc, 0x00, 0x7b, 0xdc, 0xf6, 0x78, 0x00, 0x00, 0xcc, 0x00,
    0x73, 0x25, 0x29, 0x72, 0xb9, 0x99, 0x98, 0xb7, 0x77, 0x77, 0x73, 0xcb, 0x12, 0xf4, 0xb8, 0x92,
    0xf0, 0x1e, 0x40, 0x00, 0x00, 0xf5, 0x66, 0x65, 0x00, 0x77, 0x77, 0x77, 0x77, 0x77, 0x77, 0x77,
    0x72, 0x1d, 0xdd, 0xdd, 0xdd, 0xdd, 0xdd, 0xdd, 0xdd, 0xdc, 0x18, 0x96, 0x00, 0x00, 0x03, 0x30,
    0x0f, 0x72, 0x51, 0x4a, 0x55, 0x59, 0x99, 0x8b, 0xfb, 0xbb, 0xbb, 0x83, 0x15, 0x64, 0x52, 0x94,
    0xaa, 0xb0, 0x67, 0x80, 0x00, 0x00, 0x06, 0x66, 0x66, 0x1d, 0xdd, 0xdd, 0xdd, 0xdd, 0xdd, 0xdd,
    0xdd, 0xdc, 0x87, 0x77, 0x77, 0x77, 0x77, 0x77, 0x77, 0x77, 0x77, 0x70, 0x52, 0xc0, 0x00, 0x00,
    0x0f, 0x78, 0x7b, 0xcb, 0x9c, 0xe2, 0x4b, 0x31, 0x23, 0xbb, 0xbb, 0x80, 0x2a, 0xe7, 0x39, 0x52,
    0xe5, 0x2f, 0x7b, 0x00, 0x00, 0x00, 0x00, 0x59, 0x95, 0xe3, 0xbb, 0xbb, 0xbb, 0xbb, 0xbb, 0xbb,
    0xbb, 0xbb, 0x90, 0xee, 0xee, 0xee, 0xee, 0xee, 0xee, 0xee, 0xee, 0xee, 0xe7, 0x95, 0x60, 0x00,
    0x00, 0x33, 0x33, 0x33, 0x31, 0x24, 0x92, 0xae, 0x1d, 0xdd, 0xdd, 0xc0, 0xb3, 0x31, 0x4a, 0x5c,
    0xcc, 0xcf, 0x67, 0x80, 0x00, 0x00, 0x05, 0x66, 0x2f, 0x1d, 0xdd, 0xdd, 0xdd, 0xdd, 0xdd, 0xdd,
    0xdd, 0xdd, 0xc8, 0x77, 0x77, 0x77, 0x77, 0x77, 0x77, 0x77, 0x77, 0x77, 0x77, 0x02, 0xaa, 0xf0,
    0x00, 0x62, 0xcc, 0xcc, 0xcc, 0x58, 0x92, 0x55, 0xcd, 0xdd, 0xdd, 0xdc, 0xf7, 0x16, 0x66, 0x4a,
    0x52, 0x59, 0x99, 0x95, 0xe0, 0x00, 0x01, 0x66, 0x67, 0x39, 0x54, 0x8e, 0xee, 0xee, 0xee, 0xee,
    0xee, 0xee, 0xee, 0xe4, 0x3b, 0xbb, 0xbb, 0xbb, 0xbb, 0xbb, 0xbb, 0xbb, 0xbb, 0xbb, 0xbb, 0x83,
    0x9c, 0xc5, 0x4b, 0x33, 0x33, 0x33, 0xd8, 0xbd, 0x49, 0x2a, 0x92, 0x3b, 0xbb, 0xb9, 0xea, 0xa5,
    0x99, 0x52, 0x97, 0x33, 0x33, 0x33, 0x15, 0x71, 0x67, 0xbd, 0x91, 0x45, 0xcc, 0xc9, 0x72, 0xf7,
    0x77, 0x77, 0x77, 0x77, 0x77, 0x77, 0x77, 0x21, 0xdd, 0xdd, 0xdd, 0xdd, 0xdd, 0xdd, 0xdd, 0xdd,
    0xc1, 0xef, 0x67, 0x39, 0x52, 0x8a, 0x5c, 0x49, 0x24, 0x92, 0xe5, 0x79, 0x24, 0xb9, 0x24, 0x77,
    0x77, 0x70, 0x2e, 0x55, 0x72, 0x51, 0x4a, 0x5c, 0x4b, 0x12, 0x49, 0x62, 0x47, 0x73, 0xd5, 0xc8,
    0xa5, 0x2f, 0xee, 0xee, 0xee, 0xee, 0xee, 0xee, 0xee, 0xee, 0x43, 0xbb, 0xbb, 0xbb, 0xbb, 0xbb,
    0xbb, 0xbb, 0xbb, 0x8a, 0x92, 0xa9, 0x45, 0x5f, 0xdd, 0xdd, 0xdd, 0xdd, 0xdc, 0xf6, 0x7a, 0xb9,
    0x29, 0x45, 0x27, 0xbb, 0xbb, 0xb8, 0x3d, 0x5c, 0x94, 0xa5, 0x29, 0x49, 0x1d, 0xdd, 0xdd, 0xdd,
    0xdd, 0xdd, 0xdc, 0x09, 0x24, 0x77, 0x77, 0x77, 0x77, 0x77, 0x77, 0x77, 0x77, 0x72, 0x1d, 0xdd,
    0xdd, 0xdd, 0xdd, 0xdd, 0xdd, 0xdd, 0xdc, 0xf4, 0xa5, 0x2a, 0xac, 0x3b, 0xbb, 0xbb, 0xbb, 0xbb,
    0x83, 0xd9, 0xea, 0x94, 0xa5, 0x17, 0x37, 0x77, 0x77, 0x77, 0x02, 0xe7, 0x39, 0xce, 0x45, 0x2e,
    0x6e, 0xee, 0xee, 0xee, 0xee, 0xee, 0xee, 0xee, 0xee, 0xee, 0xee, 0xee, 0xee, 0xee, 0xee, 0xee,
    0xee, 0xee, 0xe4, 0x3b, 0xbb, 0xbb, 0xbb, 0xbb, 0xbb, 0xbb, 0xbb, 0xbb, 0x9e, 0xae, 0x72, 0xa8,
    0xee, 0xee, 0xee, 0xee, 0xee, 0x0f, 0x62, 0xe7, 0x39, 0xc9, 0x73, 0xfb, 0xbb, 0xbb, 0xb8, 0x33,
    0x92, 0xe7, 0x39, 0x28, 0xa4, 0x8e, 0xee, 0xee, 0xee, 0xee, 0xee, 0xee, 0xee, 0xee, 0xee, 0xee,
    0xee, 0xee, 0xee, 0xee, 0xee, 0xee, 0xee, 0x43, 0xbb, 0xbb, 0xbb, 0xbb, 0xbb, 0xbb, 0xbb, 0xbb,
    0xbb, 0xbb, 0xbb, 0xbb, 0xbb, 0xbb, 0xbb, 0xbb, 0xbb, 0x83, 0x32, 0xb9, 0xce, 0x72, 0x2e, 0x7f,
    0x77, 0x77, 0x77, 0x70, 0x54, 0xa2, 0x8a, 0x29, 0x4a, 0x52, 0xfe, 0xee, 0xee, 0xee, 0xee, 0xee,
    0xee, 0xee, 0xee, 0xee, 0xee, 0xee, 0xee, 0xee, 0xee, 0xee, 0xee, 0xee, 0x43, 0xbb, 0xbb, 0xbb,
    0xbb, 0xbb, 0xbb, 0xbb, 0xbb, 0xbb, 0xbb, 0xbb, 0xbb, 0xbb, 0xbb, 0xbb, 0xbb, 0xbb, 0x9e, 0x59,
    0xc9, 0x4a, 0x52, 0x97, 0x0e, 0xee, 0xee, 0xee, 0xe0, 0x5c, 0xe7, 0x39, 0xc9, 0x4a, 0x48, 0xee,
    0xee, 0xee, 0xee, 0xee, 0xee, 0xee, 0xee, 0xee, 0xee, 0xee, 0xee, 0xee, 0xee, 0xee, 0xee, 0xee,
    0x43, 0xbb, 0xbb, 0xbb, 0xbb, 0xbb, 0xbb, 0xbb, 0xbb, 0xbb, 0xbb, 0xbb, 0xbb, 0xbb, 0xbb, 0xbb,
    0xbb, 0xbb, 0x9e, 0xa5, 0xc9, 0x4a, 0x52, 0x8a, 0x8e, 0xee, 0xee, 0xee, 0xee, 0x0a, 0x95, 0x55,
    0x72, 0x52, 0xe7, 0xf7, 0x77, 0x77, 0x77, 0x77, 0x77, 0x77, 0x77, 0x77, 0x77, 0x77, 0x77, 0x77,
    0x77, 0x77, 0x77, 0x77, 0x21, 0xdd, 0xdd, 0xdd, 0xdd, 0xdd, 0xdd, 0xdd, 0xdd, 0xdd, 0xdd, 0xdd,
    0xdd, 0xdd, 0xdd, 0xdd, 0xdd, 0xdd, 0xcf, 0x25, 0xce, 0x73, 0x9c, 0x96, 0xee, 0xee, 0xee, 0xee,
    0xee, 0xe7, 0xb9, 0xce, 0x4a, 0x51, 0x4a, 0x5f, 0xdd, 0xdd, 0xdd, 0xdd, 0xdd, 0xdd, 0xdd, 0xdd,
    0xdd, 0xdd, 0xdd, 0xdd, 0xdd, 0xdd, 0xdd, 0xdd, 0xdc, 0x87, 0x77, 0x77, 0x77, 0x77, 0x77, 0x77,
    0x77, 0x77, 0x77, 0x77, 0x77, 0x77, 0x77, 0x77, 0x77, 0x77, 0x77, 0x3d, 0x4b, 0x92, 0x94, 0xa5,
    0xc3, 0xbb, 0xbb, 0xbb, 0xbb, 0xbb, 0xb8, 0xa5, 0x29, 0x4a, 0x51, 0x4b, 0xfb, 0xbb, 0xbb, 0xbb,
    0xbb, 0xbb, 0xbb, 0xbb, 0xbb, 0xbb, 0xbb, 0xbb, 0xbb, 0xbb, 0xbb, 0xbb, 0xbb, 0x90, 0xee, 0xee,
    0xee, 0xee, 0xee, 0xee, 0xee, 0xee, 0xee, 0xee, 0xee, 0xee, 0xee, 0xee, 0xee, 0xee, 0xee, 0xe0,
    0xc5, 0xc9, 0x4a, 0x51, 0x70, 0xee, 0xee, 0xee, 0xee, 0xee, 0xee, 0x09, 0x45, 0x29, 0x4a, 0x54,
    0x77, 0x77, 0x77, 0x77, 0x77, 0x77, 0x77, 0x77, 0x77, 0x77, 0x77, 0x77, 0x77, 0x77, 0x77, 0x77,
    0x77, 0x21, 0xdd, 0xdd, 0xdd, 0xdd, 0xdd, 0xdd, 0xdd, 0xdd, 0xdd, 0xdd, 0xdd, 0xdd, 0xdd, 0xdd,
    0xdd, 0xdd, 0xdd, 0xdc, 0xf2, 0xe4, 0xa5, 0x28, 0x9e, 0xee, 0xee, 0xee, 0xee, 0xee, 0xee, 0xe7,
    0xa2, 0x94, 0xa5, 0xcf, 0xee, 0xee, 0xee, 0xee, 0xee, 0xee, 0xee, 0xee, 0xee, 0xee, 0xee, 0xee,
    0xee, 0xee, 0xee, 0xee, 0xee, 0xe4, 0x3b, 0xbb, 0xbb, 0xbb, 0xbb, 0xbb, 0xbb, 0xbb, 0xbb, 0xbb,
    0xbb, 0xbb, 0xbb, 0xbb, 0xbb, 0xbb, 0xbb, 0xbb, 0x83, 0xdc, 0x8a, 0x52, 0x91, 0xdd, 0xdd, 0xdd,
    0xdd, 0xdd, 0xdd, 0xdd, 0xc0, 0x01, 0xdd, 0xdd, 0xdd, 0xdd, 0xdd, 0xdd, 0xdd, 0xdd, 0xdd, 0xdd,
    0xdd, 0xdd, 0xdd, 0xdd, 0xdd, 0xdd, 0xdd, 0xdd, 0xdd, 0xdd, 0xdd, 0xdd, 0xdd, 0xdd, 0xdd, 0xdd,
    0xdd, 0xdd, 0xdd, 0xdd, 0xdd, 0xdd, 0xdd, 0xdd, 0xdd, 0xdd, 0xdd, 0xdd, 0xdd, 0xdd, 0xdd, 0xdd,
    0xdd, 0xdd, 0xdd, 0xdd, 0xdd, 0xdd, 0xc8, 0x00
};

const HuffmanFrequency SPRITE_30_FREQS[] = {
    {0x0a, 47},
    {0x23, 200},
    {0x25, 48},
    {0x2a, 226},
    {0x2b, 333},
    {0x2d, 371},
    {0x2e, 539},
    {0x3a, 226},
    {0x3d, 582},
    {0xa0, 2184},
    {0xc2, 2184}
};
}

const HuffmanEncodedSprite SPRITE_30 = {
    SPRITE_30_BYTES,
    static_cast<int>(sizeof(SPRITE_30_BYTES) / sizeof(SPRITE_30_BYTES[0])),
    18745,
    6940,
    SPRITE_30_FREQS,
    static_cast<int>(sizeof(SPRITE_30_FREQS) / sizeof(SPRITE_30_FREQS[0]))
};

namespace
{
const unsigned char SPRITE_31_BYTES[] = {
    0xa0, 0xdb, 0x6d, 0xb6, 0xdb, 0x6d, 0xb6, 0xdb, 0x6d, 0xb6, 0xdb, 0x6d, 0xb6, 0xdb, 0x6d, 0xb6,
    0xdb, 0x6d, 0xb6, 0xdb, 0x71, 0xa6, 0xb5, 0xbb, 0xa6, 0x2d, 0xb6, 0xdb, 0x6d, 0xb6, 0xdb, 0x6d,
    0xb6, 0xdb, 0x6d, 0xb6, 0xdb, 0x6d, 0xb6, 0xdb, 0x74, 0x1b, 0x6d, 0xb6, 0xdb, 0x6d, 0xb6, 0xdb,
    0x6d, 0xb6, 0xdb, 0x6d, 0xb6, 0xdb, 0x6d, 0xb6, 0xdb, 0x6d, 0xb6, 0xdb, 0x6e, 0x34, 0xcc, 0xcd,
    0xd6, 0xb4, 0xc5, 0xb6, 0xdb, 0x6d, 0xb6, 0xdb, 0x6d, 0xb6, 0xdb, 0x6d, 0xb6, 0xdb, 0x6d, 0xb6,
    0xdb, 0xa0, 0xdb, 0x6d, 0xb6, 0xdb, 0x6d, 0xb6, 0xdb, 0x6d, 0xb6, 0xdb, 0x6d, 0xc6, 0x6e, 0x17,
    0x16, 0xdb, 0x6d, 0xb6, 0xdb, 0x6d, 0xb8, 0xcd, 0xcd, 0xdd, 0xdd, 0x69, 0x6d, 0xb6, 0xdb, 0x6d,
    0xb6, 0xdb, 0x6d, 0xb6, 0xdb, 0x6d, 0xb6, 0xdb, 0x6d, 0xb6, 0xe8, 0x36, 0xdb, 0x6d, 0xb6, 0xe3,
    0x4c, 0xd3, 0x16, 0xdb, 0x6d, 0xb6, 0xdb, 0x74, 0xcd, 0x34, 0xcd, 0x6b, 0x16, 0xdb, 0x6d, 0xb6,
    0xdb, 0x6d, 0xc6, 0xee, 0xee, 0xee, 0xeb, 0x4b, 0x6d, 0xb6, 0xdb, 0x6d, 0xb6, 0xdb, 0x6d, 0xb6,
    0xdb, 0x6d, 0xb6, 0xdb, 0x6d, 0xb7, 0x41, 0xb6, 0xdb, 0x6e, 0x34, 0xd6, 0xb5, 0x84, 0x21, 0x37,
    0x08, 0x42, 0x10, 0x98, 0xb6, 0xe3, 0x34, 0xd3, 0x4d, 0x33, 0x0a, 0xc5, 0xb6, 0xdb, 0x6e, 0x34,
    0xdd, 0x68, 0xe3, 0x1b, 0xbb, 0xbb, 0xbb, 0xa3, 0xa5, 0xc6, 0x63, 0x16, 0xdb, 0x6d, 0xb6, 0xdb,
    0x6d, 0xb6, 0xdb, 0x6d, 0xb6, 0xdb, 0x6d, 0xb7, 0x41, 0xb6, 0xdb, 0x71, 0xba, 0xd6, 0xb5, 0xac,
    0x28, 0xe8, 0xe1, 0x08, 0x42, 0xb3, 0x5a, 0x3a, 0x5b, 0x8d, 0x33, 0x4d, 0x34, 0xd3, 0x30, 0x84,
    0x5b, 0x6d, 0xb8, 0xdc, 0xcd, 0xdc, 0x23, 0x37, 0x77, 0x77, 0x70, 0x8d, 0xd6, 0x6e, 0xe9, 0x8b,
    0x6d, 0xb6, 0xdb, 0x6d, 0xb6, 0xdb, 0x6d, 0xb6, 0xdb, 0x6d, 0xb6, 0xe8, 0x36, 0xdb, 0x6e, 0x37,
    0x08, 0x56, 0xb0, 0x84, 0x28, 0xe8, 0xe1, 0x08, 0x42, 0xb5, 0xa3, 0xab, 0x6e, 0x99, 0xa6, 0x9a,
    0x69, 0x9b, 0x84, 0x29, 0x6d, 0xb7, 0x4d, 0xcc, 0xcd, 0xdd, 0x66, 0xee, 0xee, 0xee, 0x15, 0xbb,
    0xbb, 0xad, 0xc5, 0xb6, 0xdb, 0x6d, 0xb6, 0xdb, 0x6d, 0xb6, 0xdb, 0x6d, 0xb6, 0xdb, 0x74, 0x1b,
    0x6d, 0xb6, 0xe3, 0x58, 0x42, 0x10, 0x84, 0x21, 0x47, 0x47, 0x08, 0x42, 0x15, 0x84, 0x1b, 0x71,
    0x9b, 0xa6, 0x99, 0x99, 0xb8, 0x42, 0xdb, 0x6d, 0xc6, 0xb7, 0x77, 0x75, 0x85, 0x6e, 0xee, 0xeb,
    0x0a, 0xdd, 0xd6, 0xb4, 0xc5, 0xb6, 0xdb, 0x6d, 0xb6, 0xdb, 0x6d, 0xb6, 0xdb, 0x6d, 0xb6, 0xdb,
    0x6e, 0x83, 0x6d, 0xb6, 0xdb, 0x8d, 0x61, 0x08, 0x42, 0x10, 0x85, 0x1c, 0x21, 0x5a, 0xd6, 0x10,
    0x9b, 0xb7, 0x19, 0x99, 0x99, 0x99, 0xba, 0xc2, 0xb1, 0x6d, 0xb8, 0xd6, 0xee, 0xee, 0xb0, 0xbb,
    0xbb, 0xa3, 0xad, 0xdd, 0x6e, 0x2d, 0xb6, 0xdb, 0x6d, 0xb6, 0xdb, 0x6d, 0xb6, 0xdb, 0x6d, 0xb6,
    0xdb, 0x6d, 0xd0, 0x6d, 0xb6, 0xdb, 0x6d, 0xd6, 0x10, 0xad, 0x6b, 0x5a, 0xc2, 0x15, 0xac, 0x21,
    0x47, 0x4d, 0x33, 0x71, 0x8c, 0xcc, 0xcc, 0xcc, 0xdd, 0x68, 0xe1, 0x6d, 0xb6, 0xe3, 0x47, 0x77,
    0x77, 0x77, 0x77, 0x5b, 0xb8, 0x5c, 0x2b, 0x16, 0xdb, 0x6d, 0xb6, 0xdb, 0x6d, 0xb6, 0xdb, 0x6d,
    0xb6, 0xdb, 0x6d, 0xb7, 0x41, 0xb6, 0xdb, 0x6d, 0xb6, 0xee, 0x15, 0xad, 0xd6, 0xb5, 0x84, 0x2b,
    0x58, 0x51, 0xd3, 0x4d, 0x33, 0x73, 0x4d, 0xcc, 0xcc, 0xcc, 0xdd, 0x68, 0xe1, 0x58, 0xc6, 0x33,
    0x59, 0x85, 0xdd, 0xdd, 0xdd, 0xd6, 0x15, 0xbb, 0xbb, 0xba, 0xcc, 0x5b, 0x6d, 0xb6, 0xdb, 0x6d,
    0xb6, 0xdb, 0x6d, 0xb6, 0xdb, 0x6d, 0xba, 0x0d, 0xb6, 0xdb, 0x6d, 0xb6, 0xe6, 0x15, 0xbb, 0xbb,
    0xac, 0x21, 0x5a, 0xc2, 0xe9, 0xa6, 0x66, 0x66, 0x6e, 0x66, 0x66, 0x66, 0xeb, 0x08, 0x51, 0xc2,
    0xe6, 0x66, 0x6e, 0xee, 0xeb, 0x47, 0x45, 0xa2, 0xd6, 0xee, 0xee, 0xee, 0xee, 0xb3, 0x16, 0xdb,
    0x6d, 0xb6, 0xdb, 0x6d, 0xb6, 0xdb, 0x6d, 0xb6, 0xdb, 0xa0, 0xdb, 0x6d, 0xb6, 0xdb, 0x6e, 0x34,
    0xd6, 0xee, 0xee, 0xee, 0x8e, 0x15, 0xac, 0x26, 0x66, 0x66, 0x6e, 0x6b, 0x33, 0x33, 0x33, 0x75,
    0x85, 0xcd, 0xd1, 0x6b, 0x33, 0x77, 0x5a, 0x2d, 0x12, 0x89, 0x47, 0x5a, 0xd6, 0xb7, 0x77, 0x77,
    0x77, 0x5b, 0x8b, 0x6d, 0xb6, 0xdb, 0x6d, 0xb6, 0xdb, 0x6d, 0xb6, 0xdb, 0x6e, 0x83, 0x6d, 0xb6,
    0xdb, 0x6d, 0xb6, 0xe3, 0x75, 0xbb, 0xbb, 0xba, 0xd6, 0xb0, 0xa6, 0x66, 0x66, 0x66, 0xee, 0x13,
    0x33, 0x33, 0x75, 0xb9, 0x9a, 0x68, 0xb4, 0x5a, 0x3b, 0x85, 0x16, 0x89, 0x44, 0xa3, 0xad, 0x6e,
    0x69, 0x98, 0x5d, 0xdd, 0xdd, 0xdd, 0x66, 0x2d, 0xb6, 0xdb, 0x6d, 0xb6, 0xdb, 0x6d, 0xb6, 0xdb,
    0x6d, 0xd0, 0x6d, 0xb6, 0xdb, 0x6d, 0xb6, 0xdb, 0x8d, 0x37, 0x77, 0x77, 0x77, 0x75, 0x99, 0x99,
    0x99, 0x99, 0x9b, 0x85, 0xcc, 0xcd, 0xdc, 0xdc, 0x26, 0x68, 0xb4, 0x5a, 0x2d, 0x12, 0x89, 0x45,
    0x85, 0xd6, 0xe9, 0xa6, 0xb7, 0x4d, 0x6e, 0xee, 0xee, 0xee, 0x14, 0xc5, 0xb6, 0xdb, 0x6d, 0xb6,
    0xdb, 0x6d, 0xb6, 0xdb, 0x6d, 0xd0, 0x6d, 0xb6, 0xdb, 0x6d, 0xb6, 0xdb, 0x6e, 0x33, 0x5b, 0xbb,
    0xbb, 0xba, 0x39, 0x99, 0x99, 0x99, 0x99, 0x9a, 0xd6, 0x6e, 0xe6, 0xe9, 0x8c, 0x26, 0xb4, 0x4a,
    0x25, 0x12, 0x8e, 0xee, 0xee, 0x98, 0xc6, 0x13, 0x08, 0xdd, 0xdd, 0xdd, 0xdd, 0xdc, 0x5b, 0x6d,
    0xb6, 0xdb, 0x6d, 0xb6, 0xdb, 0x6d, 0xb6, 0xdd, 0x06, 0xdb, 0x6d, 0xb6, 0xdb, 0x6d, 0xb6, 0xdc,
    0x66, 0xee, 0xee, 0xee, 0xb3, 0x73, 0x33, 0x33, 0x33, 0x33, 0x33, 0x77, 0x73, 0x4c, 0x66, 0x8e,
    0xee, 0x8b, 0x77, 0x77, 0x0b, 0x8c, 0x63, 0x74, 0x4a, 0x2d, 0x37, 0x77, 0x77, 0x77, 0x70, 0x8b,
    0x6d, 0xb6, 0xdb, 0x6d, 0xb6, 0xdb, 0x6d, 0xb6, 0xdb, 0xa0, 0xdb, 0x6d, 0xb6, 0xdb, 0x6d, 0xb6,
    0xdb, 0x71, 0xbb, 0xbb, 0xbb, 0xba, 0x69, 0xbb, 0x99, 0x99, 0x99, 0x99, 0x99, 0xac, 0x26, 0x98,
    0xd1, 0xd1, 0x2b, 0x09, 0x99, 0xad, 0x61, 0x71, 0x8c, 0x63, 0x47, 0x0a, 0x6e, 0xee, 0xee, 0xee,
    0xb0, 0x8b, 0x6d, 0xb6, 0xdb, 0x6d, 0xb6, 0xdb, 0x6d, 0xb6, 0xdb, 0xa0, 0xdb, 0x6d, 0xb6, 0xdb,
    0x6d, 0xb6, 0xdb, 0x6e, 0x37, 0x77, 0x33, 0x75, 0xa6, 0x33, 0x77, 0x33, 0x33, 0x33, 0x33, 0x75,
    0xba, 0x63, 0x35, 0xa6, 0x9a, 0x69, 0xa6, 0x66, 0x6e, 0xe9, 0x8c, 0x63, 0x74, 0xd6, 0xee, 0xee,
    0xb5, 0xad, 0xc5, 0xb6, 0xdb, 0x6d, 0xb6, 0xdb, 0x6d, 0xb6, 0xdb, 0x6d, 0xd0, 0x6d, 0xb6, 0xdb,
    0x6d, 0xb6, 0xdb, 0x6d, 0xb6, 0xe3, 0x73, 0x33, 0x37, 0x77, 0x73, 0x37, 0x33, 0x33, 0x33, 0x77,
    0x08, 0x5d, 0xd3, 0x4d, 0x34, 0xcc, 0xcc, 0xcc, 0xcc, 0xcd, 0xdd, 0x68, 0xe1, 0x77, 0x5a, 0xd6,
    0xb5, 0x85, 0x31, 0x6d, 0xb6, 0xdb, 0x6d, 0xb6, 0xdb, 0x6d, 0xb6, 0xdb, 0x74, 0x1b, 0x6d, 0xb6,
    0xdb, 0x6d, 0xb6, 0xdb, 0x6d, 0xb7, 0x30, 0x99, 0xa6, 0x6b, 0x33, 0x77, 0x0a, 0x3b, 0x84, 0xcc,
    0xcc, 0xd3, 0x4d, 0x33, 0x33, 0x33, 0x33, 0x33, 0x33, 0x33, 0x33, 0x33, 0x5a, 0xc2, 0xb5, 0xad,
    0x6b, 0x5b, 0x8b, 0x6d, 0xb6, 0xdb, 0x6d, 0xb6, 0xdb, 0x6d, 0xb6, 0xdb, 0x74, 0x1b, 0x6d, 0xb6,
    0xdb, 0x6d, 0xb6, 0xdb, 0x6d, 0xb7, 0x4d, 0xd6, 0x9a, 0x69, 0x9a, 0xcc, 0xcc, 0xd6, 0xe8, 0xe8,
    0xeb, 0x33, 0x33, 0x33, 0x33, 0x33, 0x37, 0x75, 0x84, 0x21, 0x0a, 0xdd, 0xdd, 0xc2, 0x15, 0xad,
    0x6b, 0x5a, 0xc2, 0x96, 0xdb, 0x6d, 0xb6, 0xdb, 0x6d, 0xb6, 0xdb, 0x6d, 0xb6, 0xdd, 0x06, 0xdb,
    0x6d, 0xb6, 0xdb, 0x6d, 0xb6, 0xdb, 0x6d, 0xb7, 0x4d, 0x34, 0xd3, 0x4d, 0xd6, 0xb4, 0x75, 0x99,
    0xbb, 0xbb, 0xba, 0xc2, 0xb7, 0x5a, 0x3a, 0xdd, 0xdd, 0xdd, 0xdd, 0xdd, 0xdc, 0x28, 0xeb, 0x5a,
    0xd6, 0xb5, 0xad, 0x6b, 0x59, 0x8b, 0x6d, 0xb6, 0xdb, 0x6d, 0xb6, 0xdb, 0x6d, 0xb6, 0xdb, 0x74,
    0x1b, 0x6d, 0xb6, 0xdb, 0x6d, 0xb6, 0xdb, 0x6d, 0xb6, 0xe3, 0x4c, 0x2b, 0x0a, 0xcc, 0xcc, 0xcc,
    0xdd, 0xdd, 0xdd, 0xdd, 0xdd, 0xdd, 0x68, 0xe1, 0x08, 0x42, 0x15, 0xad, 0xcc, 0xcc, 0xcc, 0xcd,
    0xd6, 0xb5, 0xad, 0x6b, 0x5b, 0x84, 0xc5, 0xb6, 0xdb, 0x6d, 0xb6, 0xdb, 0x6d, 0xb6, 0xdb, 0x6e,
    0x83, 0x6d, 0xb6, 0xdb, 0x6d, 0xb6, 0xdb, 0x6d, 0xb6, 0xe3, 0x59, 0x99, 0x99, 0x99, 0x99, 0x99,
    0x9b, 0xbb, 0xbb, 0xbb, 0xbb, 0xbb, 0xbb, 0xbb, 0xbb, 0xac, 0x21, 0x08, 0x42, 0x10, 0xa3, 0xad,
    0x6b, 0x5a, 0xd6, 0xb5, 0xbb, 0xbb, 0x85, 0x2d, 0xb6, 0xdb, 0x6d, 0xb6, 0xdb, 0x6d, 0xb6, 0xdb,
    0xa0, 0xdb, 0x6d, 0xb6, 0xdb, 0x6d, 0xb6, 0xdb, 0x6d, 0xb9, 0xad, 0x6b, 0x0a, 0xd6, 0xb5, 0x84,
    0x21, 0x0a, 0xd6, 0xee, 0xee, 0xee, 0xee, 0xee, 0xee, 0xee, 0xee, 0xee, 0xee, 0xee, 0xee, 0xee,
    0xb0, 0xad, 0x6b, 0x77, 0x77, 0x77, 0x75, 0xb8, 0xb6, 0xdb, 0x6d, 0xb6, 0xdb, 0x6d, 0xb6, 0xdb,
    0xa0, 0xdb, 0x6d, 0xb6, 0xdb, 0x6d, 0xb6, 0xdb, 0x6d, 0xcd, 0xcc, 0xcc, 0xcc, 0xcc, 0xcc, 0xcc,
    0xcc, 0xcc, 0xdd, 0x6b, 0x5a, 0xd6, 0x10, 0xa3, 0xad, 0xdd, 0xdd, 0xdd, 0xdd, 0xdd, 0xdd, 0xdd,
    0xdc, 0x21, 0x5a, 0xd6, 0xb5, 0xbb, 0xbb, 0xba, 0xcb, 0x6d, 0xb6, 0xdc, 0x69, 0xbb, 0x8b, 0x6d,
    0xb6, 0xe8, 0x36, 0xdb, 0x6d, 0xb6, 0xdb, 0x6d, 0xb6, 0xdb, 0x8d, 0x66, 0x66, 0x66, 0x66, 0x66,
    0x66, 0x66, 0x66, 0x66, 0xee, 0xee, 0xee, 0xee, 0xee, 0xeb, 0x5a, 0xd6, 0x10, 0xad, 0xdd, 0xdd,
    0xdd, 0xdd, 0xdc, 0x21, 0x5a, 0xd6, 0xb5, 0xbb, 0xbb, 0xad, 0xc5, 0xb6, 0xe9, 0x85, 0xdd, 0x6b,
    0x16, 0xdb, 0x6d, 0xd0, 0x6d, 0xb6, 0xdb, 0x6d, 0xb6, 0xdb, 0x6d, 0xb7, 0x1a, 0xcc, 0xcc, 0xcc,
    0xcc, 0xcc, 0xcc, 0xcc, 0xcc, 0xcd, 0xdd, 0xdd, 0xdd, 0xdd, 0xdd, 0xdd, 0xdd, 0xdd, 0xdd, 0xdd,
    0xdd, 0xdd, 0xdd, 0xdd, 0xdc, 0x2b, 0x5a, 0xd6, 0xb5, 0xbb, 0xbb, 0xba, 0x63, 0x5a, 0xd6, 0xb5,
    0xad, 0x69, 0x6d, 0xb6, 0xdb, 0xa0, 0xdb, 0x6d, 0xb6, 0xdb, 0x6d, 0xb6, 0xdb, 0x6e, 0x35, 0x99,
    0x99, 0x99, 0x99, 0x99, 0x99, 0x99, 0x99, 0xbb, 0xbb, 0xbb, 0xbb, 0xbb, 0xbb, 0xbb, 0xbb, 0xbb,
    0xbb, 0xbb, 0xbb, 0xbb, 0xbb, 0xbb, 0xbb, 0xba, 0xd6, 0xee, 0xee, 0xee, 0xee, 0x10, 0xad, 0x6b,
    0x5a, 0xd6, 0xdb, 0x6d, 0xb6, 0xdd, 0x06, 0xdb, 0x6d, 0xb6, 0xdb, 0x6d, 0xb6, 0xdb, 0x6e, 0x33,
    0x37, 0x73, 0x33, 0x33, 0x33, 0x33, 0x33, 0x33, 0x77, 0x77, 0x77, 0x77, 0x77, 0x77, 0x77, 0x77,
    0x77, 0x77, 0x77, 0x77, 0x77, 0x77, 0x77, 0x77, 0x77, 0x77, 0x77, 0x77, 0x77, 0x75, 0xad, 0x6b,
    0x5a, 0xd6, 0x2d, 0xb6, 0xdb, 0x6e, 0x83, 0x6d, 0xb6, 0xdb, 0x6d, 0xb6, 0xdb, 0x6d, 0xb6, 0xdb,
    0xa6, 0xb7, 0x5a, 0xdd, 0x6e, 0x66, 0x66, 0x66, 0x66, 0xee, 0xee, 0xee, 0xee, 0xee, 0xee, 0xee,
    0xee, 0xee, 0xee, 0xee, 0xee, 0xee, 0xee, 0xee, 0xee, 0xee, 0xee, 0xee, 0xee, 0xee, 0xeb, 0x5a,
    0xd6, 0x11, 0x6d, 0xb6, 0xdb, 0x6e, 0x83, 0x6d, 0xb6, 0xdb, 0x6d, 0xb6, 0xdb, 0x6d, 0xb6, 0xdb,
    0x8c, 0x26, 0x66, 0x66, 0x6e, 0xee, 0xe1, 0x5b, 0x9b, 0xbb, 0xbb, 0xbb, 0xbb, 0xbb, 0xbb, 0xbb,
    0xbb, 0xbb, 0xbb, 0xbb, 0xbb, 0xbb, 0xbb, 0xbb, 0xbb, 0xbb, 0xbb, 0xbb, 0xbb, 0xbb, 0xba, 0xd6,
    0xb1, 0x6d, 0xb6, 0xdb, 0x6d, 0xd0, 0x6d, 0xb6, 0xdb, 0x6d, 0xb6, 0xdb, 0x6d, 0xb6, 0xdb, 0x6e,
    0x9b, 0x99, 0x99, 0x99, 0x99, 0x99, 0x9b, 0xbb, 0xac, 0x2b, 0x77, 0x75, 0x85, 0x1d, 0x1d, 0x1c,
    0x21, 0x5a, 0xd6, 0xb5, 0xad, 0x6b, 0x77, 0x77, 0x77, 0x77, 0x77, 0x77, 0x77, 0x77, 0x77, 0x77,
    0x77, 0x5a, 0xc5, 0xb6, 0xdb, 0x6d, 0xb6, 0xe8, 0x36, 0xdb, 0x6d, 0xb6, 0xdb, 0x6d, 0xb6, 0xdb,
    0x6d, 0xb6, 0xe3, 0x4d, 0x6e, 0x66, 0x66, 0x66, 0x66, 0x66, 0x66, 0xee, 0xee, 0xee, 0xee, 0xee,
    0xee, 0xee, 0xee, 0xee, 0xee, 0xee, 0xee, 0xee, 0xee, 0xee, 0xee, 0xee, 0xee, 0xee, 0x6e, 0xeb,
    0x31, 0x6d, 0xb6, 0xdb, 0x6d, 0xb7, 0x41, 0xb6, 0xdb, 0x6d, 0xb6, 0xdb, 0x6d, 0xb6, 0xdb, 0x6d,
    0xb6, 0xdb, 0x71, 0xac, 0x2e, 0x66, 0x66, 0x66, 0x66, 0x6e, 0xee, 0xee, 0xee, 0xee, 0xee, 0xee,
    0xee, 0xee, 0xee, 0xee, 0xee, 0xee, 0xeb, 0x0b, 0x99, 0x99, 0x99, 0x99, 0x99, 0xb8, 0xb6, 0xdb,
    0x6d, 0xb6, 0xdb, 0x6e, 0x83, 0x6d, 0xb6, 0xdb, 0x6d, 0xb6, 0xdb, 0x6d, 0xb6, 0xdb, 0x6d, 0xb6,
    0xdc, 0x66, 0x69, 0x9a, 0xc2, 0xee, 0x66, 0x6e, 0xee, 0xee, 0xee, 0xee, 0xee, 0xee, 0xee, 0xee,
    0xee, 0xb5, 0xad, 0x6b, 0x73, 0x33, 0x33, 0x33, 0x33, 0x33, 0x37, 0x4c, 0x5b, 0x6d, 0xb6, 0xdb,
    0x6d, 0xb6, 0xe8, 0x36, 0xdb, 0x6d, 0xb6, 0xdb, 0x6d, 0xb6, 0xdb, 0x6d, 0xb6, 0xdb, 0x6d, 0xb9,
    0xa6, 0x31, 0xa6, 0x9a, 0x63, 0x4c, 0xcd, 0xdd, 0xdd, 0xdd, 0xdd, 0xdd, 0x61, 0x0a, 0xd6, 0xb5,
    0xad, 0xcc, 0xcc, 0xcc, 0xcc, 0xcc, 0xcc, 0xcc, 0xcc, 0xdd, 0x31, 0x6d, 0xb6, 0xdb, 0x6d, 0xb6,
    0xdb, 0x6e, 0x83, 0x6d, 0xb6, 0xdb, 0x6d, 0xb6, 0xdb, 0x6d, 0xb6, 0xdb, 0x6d, 0xb6, 0xdb, 0x8d,
    0xd3, 0x18, 0xd3, 0x56, 0xdb, 0x71, 0xa6, 0x9b, 0xad, 0xdd, 0xdc, 0xcc, 0xcc, 0xcc, 0xcc, 0xcc,
    0xcc, 0xcc, 0xcc, 0xcc, 0xcc, 0xcd, 0x66, 0x98, 0xb6, 0xdb, 0x6d, 0xb6, 0xdb, 0x6d, 0xb6, 0xdd,
    0x06, 0xdb, 0x6d, 0xb6, 0xdb, 0x6d, 0xb6, 0xdb, 0x6d, 0xb6, 0xdb, 0x6d, 0xb6, 0xe9, 0x8c, 0x63,
    0x1a, 0x6a, 0xdb, 0x6d, 0xb7, 0x18, 0xd3, 0x77, 0x33, 0x33, 0x33, 0x33, 0x33, 0x33, 0x33, 0x33,
    0x33, 0x35, 0x9a, 0x62, 0xdb, 0x6d, 0xb6, 0xdb, 0x6d, 0xb6, 0xdb, 0x6d, 0xba, 0x0d, 0xb6, 0xdb,
    0x6d, 0xb6, 0xdb, 0x6d, 0xb6, 0xdb, 0x6d, 0xb6, 0xdb, 0x6d, 0xc6, 0xb4, 0xc6, 0x31, 0xa6, 0x5b,
    0x6d, 0xb6, 0xdb, 0x74, 0xc2, 0xeb, 0x58, 0x42, 0xb7, 0x33, 0x33, 0x75, 0xa3, 0x85, 0x6e, 0x14,
    0xc5, 0xb6, 0xdb, 0x6d, 0xb6, 0xdb, 0x6d, 0xb6, 0xdb, 0x6d, 0xd0, 0x6d, 0xb6, 0xdb, 0x6d, 0xb6,
    0xdb, 0x6d, 0xb6, 0xdb, 0x6d, 0xb6, 0xdb, 0x6d, 0xd3, 0x18, 0xc6, 0x34, 0xd3, 0x4b, 0x6d, 0xb6,
    0xdb, 0x71, 0xbb, 0xbb, 0xad, 0x2d, 0xb6, 0xdb, 0x8c, 0xdd, 0xdd, 0x69, 0x8b, 0x6d, 0xb6, 0xdb,
    0x6d, 0xb6, 0xdb, 0x6d, 0xb6, 0xdb, 0xa0, 0xdb, 0x6d, 0xb6, 0xdb, 0x6d, 0xb6, 0xdb, 0x6d, 0xb6,
    0xdb, 0x6d, 0xb6, 0xdb, 0x8d, 0x31, 0x8c, 0x63, 0x4c, 0xc5, 0xb6, 0xdb, 0x71, 0xa6, 0xb5, 0xbb,
    0xba, 0xd3, 0x16, 0xdb, 0x6d, 0xcd, 0x6e, 0xee, 0xe2, 0xdb, 0x6d, 0xb6, 0xdb, 0x6d, 0xb6, 0xdb,
    0x6d, 0xb6, 0xe8, 0x36, 0xdb, 0x6d, 0xb6, 0xdb, 0x6d, 0xb6, 0xdb, 0x6d, 0xb6, 0xdb, 0x6d, 0xb6,
    0xe3, 0x31, 0x8c, 0x63, 0x19, 0x97, 0x18, 0xd3, 0x4c, 0xdd, 0x6e, 0xee, 0xee, 0xee, 0xb3, 0x16,
    0xdb, 0x6e, 0x9b, 0xbb, 0xb8, 0x52, 0xdb, 0x6d, 0xb6, 0xdb, 0x6d, 0xb6, 0xdb, 0x6d, 0xb6, 0xe8,
    0x36, 0xdb, 0x6d, 0xb6, 0xdb, 0x6d, 0xb6, 0xdb, 0x6d, 0xb6, 0xdb, 0x6d, 0xb6, 0xe3, 0x34, 0xd3,
    0x4d, 0x31, 0xa6, 0xe6, 0x66, 0x99, 0x99, 0x9b, 0xbb, 0xbb, 0xbb, 0xbb, 0xad, 0x6e, 0x2d, 0xc6,
    0x6b, 0x77, 0x77, 0x0a, 0xc5, 0xb6, 0xdb, 0x6d, 0xb6, 0xdb, 0x6d, 0xb6, 0xdb, 0x74, 0x1b, 0x6d,
    0xb6, 0xdb, 0x6d, 0xb6, 0xdb, 0x6d, 0xb6, 0xdb, 0x6d, 0xb6, 0xdb, 0x71, 0xb8, 0x5d, 0xdc, 0xdd,
    0x66, 0x9a, 0x69, 0x99, 0x99, 0x9b, 0xbb, 0xad, 0x6e, 0x66, 0x9a, 0x69, 0x8b, 0x8c, 0xdd, 0xdd,
    0xdd, 0xdd, 0xdd, 0xd3, 0x16, 0xdb, 0x6d, 0xb6, 0xdb, 0x6d, 0xb6, 0xdb, 0xa0, 0xdb, 0x6d, 0xb6,
    0xdb, 0x6d, 0xb6, 0xdb, 0x6d, 0xb6, 0xdb, 0x6d, 0xb6, 0xdb, 0x6e, 0x31, 0xa6, 0x99, 0xb9, 0xad,
    0x6b, 0x4d, 0x33, 0x35, 0xba, 0x63, 0x18, 0xb6, 0xdb, 0x6e, 0x37, 0x4d, 0x33, 0x33, 0x33, 0x33,
    0x33, 0x33, 0x75, 0xa6, 0x2d, 0xb6, 0xdb, 0x6d, 0xb6, 0xdb, 0x6e, 0x83, 0x6d, 0xb6, 0xdb, 0x6d,
    0xb6, 0xdb, 0x6d, 0xb6, 0xdb, 0x6d, 0xb6, 0xdb, 0x6d, 0xb6, 0xdb, 0x8c, 0x5b, 0x75, 0xad, 0xc5,
    0xb6, 0xdb, 0x6d, 0xb6, 0xe9, 0xba, 0x69, 0xa6, 0x66, 0x69, 0xa6, 0x99, 0x99, 0xbb, 0x99, 0x99,
    0xac, 0xc5, 0xb6, 0xdb, 0x6d, 0xb6, 0xdb, 0x74, 0x1b, 0x6d, 0xb6, 0xdb, 0x6d, 0xb6, 0xdb, 0x6d,
    0xb6, 0xdb, 0x6d, 0xb6, 0xdb, 0x6d, 0xb6, 0xdb, 0x6d, 0xb6, 0xdb, 0x6d, 0xb6, 0xdb, 0x6d, 0xcd,
    0xdd, 0xdd, 0xdd, 0xcd, 0x34, 0xd3, 0x35, 0xad, 0x6b, 0x77, 0x5a, 0xd6, 0xb4, 0xc5, 0xb6, 0xdb,
    0x6d, 0xb6, 0xdb, 0xa0, 0xdb, 0x6d, 0xb6, 0xdb, 0x6d, 0xb6, 0xdb, 0x6d, 0xb6, 0xdb, 0x6d, 0xb6,
    0xdb, 0x6d, 0xb6, 0xdb, 0x6d, 0xb6, 0xdb, 0x6d, 0xb6, 0xdb, 0x6d, 0xb6, 0xdb, 0x6e, 0x33, 0x77,
    0x31, 0x6d, 0xb6, 0xdb, 0x6d, 0xb6, 0xdb, 0x6d, 0xb6, 0xdb, 0x74, 0x00
};

const HuffmanFrequency SPRITE_31_FREQS[] = {
    {0x0a, 51},
    {0x23, 42},
    {0x25, 13},
    {0x2a, 176},
    {0x2b, 340},
    {0x2d, 561},
    {0x2e, 177},
    {0x3a, 164},
    {0x3d, 884},
    {0x40, 11},
    {0xa0, 2632},
    {0xc2, 2632}
};
}

const HuffmanEncodedSprite SPRITE_31 = {
    SPRITE_31_BYTES,
    static_cast<int>(sizeof(SPRITE_31_BYTES) / sizeof(SPRITE_31_BYTES[0])),
    19034,
    7683,
    SPRITE_31_FREQS,
    static_cast<int>(sizeof(SPRITE_31_FREQS) / sizeof(SPRITE_31_FREQS[0]))
};

namespace
{
const unsigned char SPRITE_32_BYTES[] = {
    0x47, 0xee, 0xee, 0xee, 0xee, 0xee, 0xee, 0xee, 0xee, 0xee, 0xe4, 0x14, 0x4f, 0x77, 0x77, 0x77,
    0x77, 0x77, 0x77, 0x77, 0x77, 0x77, 0x77, 0x77, 0x77, 0x77, 0x77, 0x77, 0x77, 0x77, 0x77, 0x77,
    0x77, 0x77, 0x77, 0x77, 0x77, 0x77, 0x77, 0x77, 0x77, 0x77, 0x77, 0x77, 0x77, 0x77, 0x77, 0x77,
    0x77, 0x77, 0x77, 0x23, 0xf7, 0x77, 0x77, 0x77, 0x77, 0x77, 0x77, 0x77, 0x77, 0x72, 0x25, 0x73,
    0x08, 0x93, 0xdd, 0xdd, 0xdd, 0xdd, 0xdd, 0xdd, 0xdd, 0xdd, 0xdd, 0xdd, 0xdd, 0xdd, 0xdd, 0xdd,
    0xdd, 0xdd, 0xdd, 0xdd, 0xdd, 0xdd, 0xdd, 0xdd, 0xdd, 0xdd, 0xdd, 0xdd, 0xdd, 0xdd, 0xdd, 0xdd,
    0xdd, 0xdd, 0xdd, 0xdd, 0xdd, 0xdd, 0xdc, 0x8f, 0xdd, 0xdd, 0xdd, 0xdd, 0xdd, 0xdd, 0xdd, 0xdd,
    0xdd, 0xc8, 0x28, 0xe6, 0x67, 0x32, 0x7b, 0xbb, 0xbb, 0xbb, 0xbb, 0xbb, 0xbb, 0xbb, 0xbb, 0xbb,
    0xbb, 0xbb, 0xbb, 0xbb, 0xbb, 0xbb, 0xbb, 0xbb, 0xbb, 0xbb, 0xbb, 0xbb, 0xbb, 0xbb, 0xbb, 0xbb,
    0xbb, 0xbb, 0xbb, 0xbb, 0xbb, 0xbb, 0xbb, 0xbb, 0xbb, 0xbb, 0x91, 0xfb, 0xbb, 0xbb, 0xbb, 0xbb,
    0xbb, 0xbb, 0xbb, 0xbb, 0xb9, 0x05, 0x1c, 0xcc, 0xcc, 0xe1, 0x3d, 0xdd, 0xdd, 0xdd, 0xdd, 0xdd,
    0xdd, 0xdd, 0xdd, 0xdd, 0xdd, 0xdd, 0xdd, 0xdd, 0xdd, 0xdd, 0xdd, 0xdd, 0xdd, 0xdd, 0xdd, 0xdd,
    0xdd, 0xdd, 0xdd, 0xdd, 0xdd, 0xdd, 0xdd, 0xdd, 0xdd, 0xdd, 0xdd, 0xdd, 0xdd, 0xc8, 0xfd, 0xdd,
    0xdd, 0xdd, 0xdd, 0xdd, 0xdd, 0xdd, 0xdd, 0xdc, 0x95, 0x07, 0x33, 0x33, 0x33, 0x95, 0x3d, 0xdd,
    0xdd, 0xdd, 0xdd, 0xdd, 0xdd, 0xdd, 0xdd, 0xdd, 0xdd, 0xdd, 0xdd, 0xdd, 0xdd, 0xdd, 0xdd, 0xdd,
    0xdd, 0xdd, 0xdd, 0xdd, 0xdd, 0xdd, 0xdd, 0xdd, 0xdd, 0xdd, 0xdd, 0xdd, 0xdd, 0xdd, 0xdd, 0xdd,
    0xc8, 0xfd, 0xdd, 0xdd, 0xdd, 0xdd, 0xdd, 0xdd, 0xdd, 0xdd, 0xdd, 0xca, 0x03, 0x99, 0x99, 0x99,
    0x98, 0x4f, 0x77, 0x77, 0x77, 0x77, 0x77, 0x77, 0x77, 0x77, 0x77, 0x77, 0x77, 0x77, 0x77, 0x77,
    0x77, 0x77, 0x77, 0x77, 0x77, 0x77, 0x77, 0x77, 0x77, 0x77, 0x77, 0x77, 0x77, 0x77, 0x77, 0x77,
    0x77, 0x77, 0x72, 0x3f, 0x77, 0x77, 0x77, 0x77, 0x77, 0x77, 0x77, 0x77, 0x77, 0x70, 0x00, 0xcc,
    0xcc, 0xcc, 0xcc, 0xc2, 0x1d, 0xdd, 0xc9, 0x43, 0xbb, 0xbb, 0xbb, 0xbb, 0xbb, 0xbb, 0xbb, 0xbb,
    0xbb, 0xb9, 0x28, 0x22, 0x73, 0x77, 0x77, 0x77, 0x77, 0x77, 0x77, 0x77, 0x77, 0x77, 0x77, 0x77,
    0x77, 0x77, 0x77, 0x77, 0x77, 0x72, 0x3f, 0x77, 0x77, 0x77, 0x77, 0x77, 0x77, 0x77, 0x77, 0x77,
    0x73, 0x80, 0x1c, 0xce, 0x73, 0x33, 0x39, 0xce, 0x70, 0x87, 0x72, 0x02, 0xa2, 0xee, 0xe4, 0x49,
    0xee, 0xee, 0xee, 0xe4, 0xa2, 0x72, 0xaa, 0x80, 0x27, 0xbb, 0xbb, 0xbb, 0xbb, 0xbb, 0xbb, 0xbb,
    0xbb, 0xbb, 0xbb, 0xbb, 0xbb, 0xbb, 0xbb, 0xbb, 0xbb, 0x91, 0xfb, 0xbb, 0xbb, 0xbb, 0xbb, 0xbb,
    0xbb, 0xbb, 0xbb, 0xbb, 0x98, 0x00, 0x1c, 0xe7, 0x39, 0x9c, 0xe7, 0x0e, 0x72, 0xa2, 0x72, 0x8a,
    0xac, 0xa2, 0xa1, 0xc9, 0x61, 0x54, 0x00, 0x00, 0x4f, 0x77, 0x77, 0x77, 0x77, 0x77, 0x77, 0x77,
    0x77, 0x77, 0x77, 0x77, 0x77, 0x77, 0x77, 0x77, 0x77, 0x72, 0x3f, 0x77, 0x77, 0x77, 0x77, 0x77,
    0x77, 0x77, 0x77, 0x77, 0x72, 0x20, 0x00, 0x1c, 0xe7, 0x39, 0xc0, 0x00, 0x2a, 0xa8, 0x00, 0x28,
    0x00, 0x00, 0x02, 0x89, 0xee, 0xee, 0xee, 0xee, 0xee, 0xee, 0xee, 0xee, 0xee, 0xee, 0xee, 0xee,
    0xee, 0xee, 0xee, 0xee, 0xee, 0xe4, 0x7e, 0xee, 0xee, 0x66, 0x54, 0x49, 0xee, 0xee, 0xee, 0xee,
    0xee, 0x40, 0x00, 0x00, 0x00, 0x00, 0x00, 0x00, 0x00, 0x00, 0x00, 0x01, 0x59, 0x29, 0x4a, 0x50,
    0x67, 0x27, 0xbb, 0xbb, 0xbb, 0xbb, 0xbb, 0xbb, 0xbb, 0xbb, 0xbb, 0xbb, 0xbb, 0xbb, 0xbb, 0xbb,
    0x91, 0xf9, 0x28, 0x9c, 0x00, 0x39, 0xca, 0x89, 0x3d, 0xdd, 0xdd, 0xc9, 0x50, 0x00, 0x00, 0x1c,
    0xe7, 0x33, 0x33, 0x33, 0x33, 0x33, 0x33, 0x33, 0x39, 0xce, 0x73, 0x80, 0x00, 0x00, 0x15, 0x53,
    0xdd, 0xdd, 0xdd, 0xdd, 0xdd, 0xdd, 0xdd, 0xdd, 0xdd, 0xdd, 0xdd, 0xdd, 0xdd, 0xdd, 0xdc, 0x8f,
    0xc9, 0x70, 0xe0, 0x01, 0xce, 0x66, 0x73, 0x90, 0xee, 0xe4, 0xa8, 0x00, 0x0e, 0x73, 0x33, 0x33,
    0x33, 0x33, 0x33, 0x33, 0x33, 0x33, 0x33, 0x33, 0x33, 0x9c, 0xe0, 0x00, 0x00, 0x78, 0xcc, 0xce,
    0x66, 0x73, 0x33, 0x39, 0xce, 0x70, 0xe0, 0x07, 0x39, 0xce, 0x73, 0x9c, 0xe7, 0x32, 0x24, 0xa3,
    0xf7, 0x72, 0x5c, 0x00, 0x0e, 0x66, 0x66, 0x67, 0x08, 0x70, 0x02, 0x83, 0x9c, 0xcc, 0xcc, 0xcc,
    0xcc, 0xcc, 0xcc, 0xcc, 0xcc, 0xcc, 0xcc, 0xcc, 0xcc, 0xce, 0x73, 0x80, 0x00, 0x00, 0x1c, 0xcc,
    0xcc, 0xcc, 0xcc, 0xcc, 0xcc, 0xcc, 0xcc, 0xcc, 0xcc, 0xce, 0x73, 0x85, 0x72, 0x79, 0x1f, 0xb9,
    0x13, 0x9c, 0x00, 0x39, 0xce, 0x73, 0x33, 0x33, 0x38, 0x7a, 0xbc, 0x01, 0xcc, 0xcc, 0xcc, 0xcc,
    0xcc, 0xcc, 0xcc, 0xcc, 0xcc, 0xcc, 0xcc, 0xcc, 0xcc, 0xcc, 0xe7, 0x39, 0xce, 0x00, 0x00, 0x07,
    0x33, 0x33, 0x33, 0x33, 0x33, 0x33, 0x33, 0x33, 0x39, 0xc0, 0x0a, 0x82, 0x7b, 0xb9, 0x1f, 0xbb,
    0xb9, 0x22, 0x80, 0x39, 0xc3, 0x9c, 0xce, 0x1c, 0x3c, 0x01, 0xcc, 0xcc, 0xcc, 0xcc, 0xcc, 0xcc,
    0xcc, 0xcc, 0xcc, 0xcc, 0xcc, 0xcc, 0xcc, 0xcc, 0xcc, 0xe7, 0x39, 0xce, 0x00, 0x00, 0x01, 0xce,
    0x66, 0x66, 0x66, 0x66, 0x67, 0x38, 0x00, 0x05, 0x4f, 0x77, 0x77, 0x72, 0x3f, 0x77, 0x77, 0x72,
    0x40, 0x01, 0xc0, 0xe7, 0x38, 0x00, 0x07, 0x33, 0x33, 0x33, 0x33, 0x33, 0x33, 0x33, 0x33, 0x33,
    0x33, 0x33, 0x33, 0x33, 0x33, 0x39, 0xce, 0x73, 0x9c, 0xe0, 0x00, 0x00, 0x1c, 0xe6, 0x66, 0x73,
    0x80, 0x00, 0x05, 0x13, 0xdd, 0xdd, 0xdd, 0xdc, 0x8f, 0xdd, 0xdd, 0xdd, 0xc9, 0x00, 0x00, 0x70,
    0x00, 0x03, 0x9c, 0xcc, 0xce, 0x66, 0x66, 0x66, 0x66, 0x66, 0x66, 0x66, 0x66, 0x66, 0x66, 0x66,
    0x66, 0x73, 0x9c, 0xe7, 0x00, 0x00, 0x00, 0x39, 0xc0, 0x00, 0x00, 0x02, 0xb2, 0x7b, 0xbb, 0xbb,
    0xbb, 0xbb, 0x91, 0xfb, 0xbb, 0xbb, 0xbb, 0x92, 0x00, 0x00, 0x00, 0x00, 0x39, 0xc0, 0x2b, 0x33,
    0x33, 0x33, 0x33, 0x33, 0x33, 0x33, 0x33, 0x33, 0x33, 0x33, 0x9c, 0xe7, 0x00, 0x00, 0x00, 0x00,
    0x00, 0x00, 0x00, 0xa8, 0x77, 0x77, 0x77, 0x77, 0x77, 0x77, 0x72, 0x3f, 0x77, 0x77, 0x77, 0x77,
    0x25, 0xc0, 0x00, 0x00, 0x00, 0x00, 0x89, 0x13, 0x39, 0x99, 0x99, 0x99, 0x99, 0x99, 0x99, 0x99,
    0x99, 0x99, 0xce, 0x73, 0x80, 0x00, 0x00, 0x00, 0x00, 0x00, 0x00, 0x57, 0x27, 0xbb, 0xbb, 0xbb,
    0xbb, 0xbb, 0xbb, 0xbb, 0x91, 0xfb, 0xbb, 0xbb, 0xbb, 0xbb, 0xb9, 0xc0, 0x00, 0x00, 0x00, 0x08,
    0x20, 0x82, 0x27, 0x39, 0x99, 0x99, 0x99, 0x99, 0x99, 0x99, 0x99, 0x9c, 0xe7, 0x00, 0x00, 0x00,
    0x00, 0x00, 0x00, 0x00, 0x2a, 0x1d, 0xdd, 0xdd, 0xdd, 0xdd, 0xdd, 0xdd, 0xdd, 0xdd, 0xc8, 0xfd,
    0xdd, 0xdd, 0xdd, 0xdd, 0xdd, 0xce, 0x00, 0x00, 0x00, 0x15, 0x90, 0x41, 0x04, 0x4c, 0xa3, 0x9c,
    0xe7, 0x0e, 0x73, 0x33, 0x39, 0xce, 0x00, 0x00, 0x00, 0x00, 0x00, 0x00, 0x00, 0x05, 0x4f, 0x77,
    0x77, 0x77, 0x77, 0x77, 0x77, 0x77, 0x77, 0x77, 0x72, 0x3f, 0x77, 0x77, 0x77, 0x77, 0x77, 0x24,
    0x00, 0x00, 0x00, 0x15, 0x12, 0x08, 0x20, 0x89, 0x99, 0x40, 0x00, 0x00, 0x00, 0x73, 0x80, 0x00,
    0x01, 0x40, 0x00, 0x00, 0x55, 0x72, 0x7b, 0xbb, 0xbb, 0xbb, 0xbb, 0xbb, 0xbb, 0xbb, 0xbb, 0xbb,
    0xbb, 0x91, 0xfb, 0xbb, 0xbb, 0xbb, 0xbb, 0xb8, 0x70, 0x00, 0x02, 0x80, 0x0e, 0x41, 0x04, 0x11,
    0x32, 0x80, 0x00, 0x00, 0x03, 0x9c, 0xe0, 0x01, 0x46, 0x66, 0x65, 0x00, 0x00, 0x00, 0xee, 0xee,
    0xee, 0xee, 0xee, 0xee, 0xee, 0xee, 0xee, 0xee, 0xee, 0xee, 0xe4, 0x7e, 0xee, 0xee, 0xee, 0xee,
    0xe4, 0x1c, 0xe7, 0x00, 0x00, 0xa0, 0x00, 0xac, 0x89, 0x99, 0x99, 0xc0, 0x00, 0x00, 0x0e, 0x73,
    0x9c, 0x28, 0xcc, 0xcc, 0xcc, 0xe5, 0x00, 0x00, 0x01, 0x40, 0x01, 0x55, 0x55, 0x47, 0x22, 0x4f,
    0x77, 0x77, 0x77, 0x77, 0x72, 0x3f, 0x77, 0x77, 0x77, 0x77, 0x72, 0x27, 0x39, 0xce, 0x00, 0x06,
    0x4b, 0x00, 0x00, 0xae, 0x66, 0x65, 0x00, 0x00, 0x00, 0x07, 0xb9, 0x12, 0x24, 0x48, 0x99, 0x99,
    0x94, 0x00, 0x00, 0x01, 0x40, 0x00, 0x00, 0x07, 0x33, 0x33, 0x95, 0x0e, 0xee, 0xee, 0x47, 0xee,
    0xee, 0xee, 0xee, 0xee, 0x1c, 0xe7, 0x38, 0x00, 0x19, 0x29, 0x48, 0x00, 0x00, 0x00, 0x00, 0x00,
    0x02, 0x24, 0x4c, 0x89, 0x04, 0x10, 0x44, 0xcc, 0xce, 0x00, 0x00, 0x00, 0x00, 0x00, 0x00, 0x00,
    0x00, 0x56, 0x4f, 0x77, 0x72, 0x3f, 0x77, 0x77, 0x77, 0x77, 0x25, 0xee, 0x73, 0x9c, 0xe0, 0x00,
    0x4f, 0x25, 0x23, 0x94, 0x00, 0x00, 0x00, 0x00, 0x06, 0x44, 0x82, 0x08, 0x22, 0x44, 0x89, 0x99,
    0xc0, 0x00, 0x00, 0x00, 0x00, 0x00, 0x00, 0x00, 0x00, 0xa3, 0x27, 0xbb, 0x91, 0xfb, 0xbb, 0xbb,
    0xbb, 0xbb, 0x95, 0xce, 0x73, 0x9c, 0xe0, 0x05, 0x43, 0xb9, 0x04, 0x12, 0x94, 0x42, 0x80, 0x00,
    0x00, 0x00, 0x00, 0x02, 0x80, 0x00, 0x00, 0x00, 0x00, 0x00, 0x00, 0x00, 0x00, 0x0d, 0xdd, 0xdd,
    0xdd, 0xc8, 0xfd, 0xdd, 0xdd, 0xdd, 0xdd, 0xc3, 0x9c, 0xe7, 0x38, 0x05, 0x05, 0x4a, 0x59, 0x29,
    0x4a, 0x52, 0x94, 0x01, 0xe0, 0x00, 0x00, 0x00, 0x00, 0x00, 0x02, 0xa8, 0x00, 0x00, 0x00, 0x00,
    0x00, 0x03, 0xd9, 0x06, 0x7b, 0x77, 0x77, 0x77, 0x72, 0x3f, 0x77, 0x77, 0x77, 0x77, 0x70, 0x0e,
    0x73, 0x85, 0x55, 0x55, 0x57, 0xb9, 0x04, 0xa5, 0x29, 0x4a, 0x51, 0x20, 0x94, 0xa5, 0x29, 0x44,
    0x3c, 0x00, 0x00, 0x00, 0x01, 0x47, 0x80, 0x00, 0x00, 0x00, 0x00, 0x0a, 0xf4, 0x5d, 0xdd, 0xdd,
    0xdd, 0xdd, 0xdd, 0xdd, 0xdc, 0x8f, 0xdd, 0xdd, 0xdd, 0xdd, 0xdc, 0xc0, 0x00, 0xaa, 0xaa, 0xaa,
    0xaa, 0xa8, 0x25, 0x29, 0x4a, 0x59, 0x29, 0x4a, 0x52, 0x94, 0xa5, 0x29, 0x4b, 0x92, 0x94, 0xa0,
    0x82, 0x08, 0x24, 0x41, 0x29, 0x4a, 0x20, 0x00, 0x00, 0x05, 0x50, 0x05, 0x51, 0x12, 0x7b, 0xbb,
    0xbb, 0xbb, 0xbb, 0xbb, 0xbb, 0xbb, 0xbb, 0x91, 0xfb, 0xbb, 0xbb, 0xbb, 0xb9, 0x9e, 0xa0, 0x02,
    0xaa, 0xaa, 0xaa, 0xaa, 0xaa, 0xb2, 0x52, 0x89, 0x12, 0x52, 0x94, 0xa5, 0x29, 0x4a, 0x52, 0x82,
    0x24, 0xa5, 0x29, 0x4a, 0x52, 0x83, 0x25, 0x29, 0x14, 0x00, 0x05, 0x55, 0x55, 0x46, 0x51, 0x90,
    0xee, 0xee, 0xee, 0xee, 0xee, 0xee, 0xee, 0xee, 0xee, 0xee, 0xee, 0xee, 0x47, 0xee, 0xee, 0xee,
    0xee, 0x73, 0xde, 0xf5, 0x05, 0x55, 0x55, 0x55, 0x55, 0x55, 0x55, 0x55, 0x51, 0x29, 0x4a, 0x52,
    0x94, 0xa5, 0x29, 0x4a, 0x24, 0x12, 0x94, 0xa5, 0x29, 0x4a, 0x24, 0xa5, 0xca, 0xaa, 0xaa, 0xaa,
    0xaa, 0xaa, 0xaa, 0xaa, 0x9e, 0xee, 0xee, 0xee, 0xee, 0xee, 0xee, 0xee, 0xee, 0xee, 0xee, 0xee,
    0xee, 0xee, 0xe4, 0x7e, 0xee, 0xee, 0xee, 0x44, 0xaa, 0xaa, 0xf0, 0x55, 0x57, 0xbd, 0xef, 0x7b,
    0xde, 0xf7, 0xbd, 0xea, 0xaa, 0xaa, 0xac, 0x94, 0xa5, 0x29, 0x4a, 0x44, 0xa5, 0x29, 0xe4, 0xa5,
    0x2f, 0x55, 0x55, 0x55, 0x55, 0x55, 0x55, 0x55, 0x55, 0x7a, 0x1d, 0xdd, 0xdd, 0xdd, 0xdd, 0xdd,
    0xdd, 0xdd, 0xdd, 0xdd, 0xdd, 0xdd, 0xdd, 0xdd, 0xdc, 0x8f, 0xdd, 0xdd, 0xdd, 0xc0, 0x2a, 0xaa,
    0xaa, 0xab, 0xde, 0xf7, 0xbd, 0xef, 0x7b, 0xde, 0xf7, 0xbd, 0xef, 0x7b, 0xde, 0xf7, 0xbd, 0x5e,
    0xf4, 0x64, 0x67, 0xa8, 0xaf, 0x7b, 0xd5, 0x55, 0x55, 0x55, 0xea, 0xf7, 0xbd, 0xea, 0xaa, 0xaa,
    0xf4, 0x5d, 0xdd, 0xdd, 0xdd, 0xdd, 0xdd, 0xdd, 0xdd, 0xdd, 0xdd, 0xdd, 0xdd, 0xdd, 0xdd, 0xdd,
    0xc8, 0xfd, 0xdd, 0xdd, 0xdc, 0x00, 0x2a, 0xaa, 0xab, 0xde, 0xf7, 0xbd, 0xef, 0x7b, 0xde, 0xf7,
    0xbd, 0xef, 0x7b, 0xde, 0xf7, 0xbd, 0xef, 0x7b, 0xde, 0xf5, 0x55, 0x55, 0x7b, 0xde, 0xf5, 0x55,
    0x55, 0x57, 0xbd, 0xef, 0x7b, 0xde, 0xf7, 0xa7, 0xbb, 0xbb, 0xbb, 0xbb, 0xbb, 0xbb, 0xbb, 0xbb,
    0xbb, 0xbb, 0xbb, 0xbb, 0xbb, 0xbb, 0xbb, 0x91, 0xfb, 0xbb, 0xbb, 0xb8, 0x00, 0x05, 0x55, 0x57,
    0xbd, 0xef, 0x7b, 0xde, 0xf7, 0xbd, 0xef, 0x7b, 0xde, 0xf7, 0xbd, 0xef, 0x7b, 0xde, 0xf7, 0xbd,
    0xef, 0x7b, 0xde, 0xf7, 0xbd, 0xef, 0x55, 0x55, 0x55, 0x57, 0xbd, 0xef, 0x7b, 0xd3, 0xdd, 0xdd,
    0xdd, 0xdd, 0xdd, 0xdd, 0xdd, 0xdd, 0xdd, 0xdd, 0xdd, 0xdd, 0xdd, 0xdd, 0xdd, 0xdc, 0x8f, 0xdd,
    0xdd, 0xdd, 0xc8, 0x3c, 0x00, 0x15, 0x55, 0x55, 0x5e, 0xf7, 0xbd, 0xef, 0x7b, 0xde, 0xf7, 0xbd,
    0xef, 0x7b, 0xde, 0xf7, 0xbd, 0xef, 0x7b, 0xde, 0xf7, 0xbd, 0x55, 0x40, 0x00, 0x15, 0x5e, 0xf7,
    0xaa, 0x7b, 0xbb, 0xbb, 0xbb, 0xbb, 0xbb, 0xbb, 0xbb, 0xbb, 0xbb, 0xbb, 0xbb, 0xbb, 0xbb, 0xbb,
    0xbb, 0xb9, 0x1f, 0xbb, 0xbb, 0xbb, 0xb9, 0x2f, 0x00, 0x15, 0x55, 0x5e, 0xaa, 0xf7, 0xbd, 0xef,
    0x7b, 0xde, 0xf7, 0xbd, 0xef, 0x7b, 0xde, 0xf7, 0xbd, 0xef, 0x7b, 0xde, 0xf5, 0x50, 0x00, 0x00,
    0x05, 0x55, 0x3b, 0xbb, 0xbb, 0xbb, 0xbb, 0xbb, 0xbb, 0xbb, 0xbb, 0xbb, 0xbb, 0xbb, 0xbb, 0xbb,
    0xbb, 0xbb, 0xbb, 0xb9, 0x1f, 0xbb, 0xbb, 0xbb, 0xbb, 0xb9, 0x9e, 0xaa, 0xaa, 0xaa, 0xaa, 0xf7,
    0xaa, 0xaa, 0xab, 0xde, 0xf7, 0xbd, 0xef, 0x7b, 0xde, 0xf7, 0xbd, 0xef, 0x7b, 0xde, 0xf5, 0x00,
    0x00, 0x00, 0x05, 0x55, 0x57, 0x77, 0x77, 0x77, 0x77, 0x77, 0x77, 0x77, 0x77, 0x77, 0x77, 0x77,
    0x77, 0x77, 0x77, 0x77, 0x77, 0x77, 0x23, 0xf7, 0x77, 0x77, 0x77, 0x77, 0x77, 0x24, 0x7a, 0xaa,
    0xaa, 0xaa, 0xbd, 0x55, 0x55, 0x55, 0x55, 0xef, 0x7b, 0xde, 0xf7, 0xbd, 0xef, 0x7b, 0xde, 0xf5,
    0x50, 0x00, 0x00, 0x00, 0x55, 0x55, 0x54, 0xf7, 0x77, 0x77, 0x77, 0x77, 0x77, 0x77, 0x77, 0x77,
    0x77, 0x77, 0x77, 0x77, 0x77, 0x77, 0x77, 0x72, 0x3f, 0x77, 0x77, 0x77, 0x77, 0x77, 0x77, 0x73,
    0x3d, 0x55, 0x55, 0x55, 0x79, 0x28, 0x95, 0x55, 0x55, 0x55, 0x55, 0x55, 0xef, 0x7b, 0xde, 0xf5,
    0x55, 0x55, 0x50, 0x00, 0x00, 0x00, 0x05, 0x4f, 0x77, 0x77, 0x77, 0x77, 0x77, 0x77, 0x77, 0x77,
    0x77, 0x77, 0x77, 0x77, 0x77, 0x77, 0x77, 0x77, 0x23, 0xf7, 0x77, 0x77, 0x77, 0x77, 0x77, 0x77,
    0x72, 0x55, 0xca, 0xa2, 0x51, 0x27, 0xbb, 0x92, 0x80, 0xf5, 0x55, 0x55, 0x55, 0x55, 0x55, 0x55,
    0x50, 0x00, 0x00, 0x00, 0x00, 0x05, 0x4f, 0x77, 0x77, 0x77, 0x77, 0x77, 0x77, 0x77, 0x77, 0x77,
    0x77, 0x77, 0x77, 0x77, 0x77, 0x77, 0x77, 0x23, 0xf7, 0x77, 0x77, 0x77, 0x77, 0x77, 0x77, 0x77,
    0x77, 0x72, 0x53, 0xdd, 0xdd, 0xdd, 0xdd, 0xdc, 0x97, 0x3d, 0xe8, 0xc8, 0xcf, 0x7b, 0xde, 0xf7,
    0xaa, 0xa8, 0x00, 0x00, 0x00, 0x00, 0x2a, 0x2e, 0xee, 0xee, 0xee, 0xee, 0xee, 0xee, 0xee, 0xee,
    0xee, 0xee, 0xee, 0xee, 0xee, 0xee, 0xee, 0xee, 0xe4, 0x7e, 0xee, 0xee, 0xee, 0xee, 0xee, 0xee,
    0xee, 0xee, 0xee, 0xee, 0xee, 0xee, 0xee, 0xee, 0xee, 0xee, 0x4a, 0xaa, 0xaa, 0xaa, 0xa7, 0xbb,
    0x90, 0x50, 0x01, 0x51, 0x81, 0xea, 0x00, 0x0d, 0xdd, 0xdd, 0xdd, 0xdd, 0xdd, 0xdd, 0xdd, 0xdd,
    0xdd, 0xdd, 0xdd, 0xdd, 0xdd, 0xdd, 0xdd, 0xdd, 0xdd, 0xc8, 0xfd, 0xdd, 0xdd, 0xdd, 0xdd, 0xdd,
    0xdd, 0xdd, 0xdd, 0xdd, 0xdd, 0xdd, 0xdd, 0xdd, 0xdd, 0xdd, 0xdd, 0xdc, 0x91, 0xef, 0x7a, 0x2e,
    0xee, 0xee, 0x48, 0x03, 0xd5, 0x5e, 0xaa, 0xf5, 0x7b, 0xc1, 0xbb, 0xbb, 0xbb, 0xbb, 0xbb, 0xbb,
    0xbb, 0xbb, 0xbb, 0xbb, 0xbb, 0xbb, 0xbb, 0xbb, 0xbb, 0xbb, 0xbb, 0xbb, 0x91, 0xfb, 0xbb, 0xbb,
    0xbb, 0xbb, 0xbb, 0xbb, 0xbb, 0xbb, 0xbb, 0xbb, 0xbb, 0xbb, 0xbb, 0xbb, 0xbb, 0xbb, 0xbb, 0xbb,
    0xbb, 0xbb, 0xbb, 0xbb, 0xb9, 0x05, 0x1e, 0xaa, 0xaa, 0xaa, 0xaa, 0xa0, 0x9e, 0xee, 0xee, 0xee,
    0xee, 0xee, 0xee, 0xee, 0xee, 0xee, 0xee, 0xee, 0xee, 0xee, 0xee, 0xee, 0xee, 0xee, 0xee, 0x47,
    0xee, 0xee, 0xee, 0xee, 0xee, 0xee, 0xee, 0xee, 0xee, 0xee, 0xee, 0xee, 0xee, 0xee, 0xee, 0xee,
    0xee, 0xee, 0xee, 0xee, 0xee, 0xee, 0xee, 0xee, 0x41, 0x55, 0x55, 0x55, 0x55, 0x54, 0x43, 0xbb,
    0xbb, 0xbb, 0xbb, 0xbb, 0xbb, 0xbb, 0xbb, 0xbb, 0xbb, 0xbb, 0xbb, 0xbb, 0xbb, 0xbb, 0xbb, 0xbb,
    0xbb, 0xbb, 0x91, 0xfb, 0xbb, 0xbb, 0xbb, 0xbb, 0xbb, 0xbb, 0xbb, 0xbb, 0xbb, 0xbb, 0xbb, 0xbb,
    0xbb, 0xbb, 0xbb, 0xbb, 0xbb, 0xbb, 0xbb, 0xbb, 0xbb, 0xbb, 0xbb, 0xb9, 0x2c, 0xaa, 0xaf, 0x7b,
    0xd1, 0x27, 0xbb, 0xbb, 0xbb, 0xbb, 0xbb, 0xbb, 0xbb, 0xbb, 0xbb, 0xbb, 0xbb, 0xbb, 0xbb, 0xbb,
    0xbb, 0xbb, 0xbb, 0xbb, 0xbb, 0xbb, 0x91, 0xc0
};

const HuffmanFrequency SPRITE_32_FREQS[] = {
    {0x0a, 51},
    {0x23, 380},
    {0x25, 272},
    {0x2a, 1196},
    {0x2b, 232},
    {0x2d, 53},
    {0x2e, 179},
    {0x3a, 60},
    {0x3d, 404},
    {0x40, 6},
    {0xa0, 2218},
    {0xc2, 2218}
};
}

const HuffmanEncodedSprite SPRITE_32 = {
    SPRITE_32_BYTES,
    static_cast<int>(sizeof(SPRITE_32_BYTES) / sizeof(SPRITE_32_BYTES[0])),
    19002,
    7269,
    SPRITE_32_FREQS,
    static_cast<int>(sizeof(SPRITE_32_FREQS) / sizeof(SPRITE_32_FREQS[0]))
};

namespace
{
const unsigned char SPRITE_33_BYTES[] = {
    0xa1, 0x6d, 0xb6, 0xdb, 0x6d, 0xb6, 0xdb, 0xa2, 0xdb, 0x6d, 0xb6, 0xdb, 0x6d, 0xb6, 0xdb, 0x6d,
    0xb6, 0xdb, 0xa3, 0x34, 0xa6, 0x6f, 0x7b, 0xde, 0xf7, 0xbc, 0x53, 0x6d, 0xb6, 0xdb, 0x6d, 0xb6,
    0xdb, 0x6d, 0xb6, 0xdb, 0x6d, 0xb6, 0xdb, 0x6d, 0xb6, 0xdb, 0x6e, 0x85, 0xb6, 0xdb, 0x6d, 0xb6,
    0xdd, 0x19, 0xbd, 0xea, 0xdb, 0x6d, 0xb6, 0xdb, 0x6d, 0xb6, 0xdb, 0x6d, 0xba, 0x37, 0xad, 0x6b,
    0x5a, 0xd6, 0xb5, 0xad, 0x6b, 0x5a, 0xcd, 0xe2, 0x8b, 0x6d, 0xb6, 0xdb, 0x6d, 0xb6, 0xdb, 0x6d,
    0xb6, 0xdb, 0x6d, 0xb6, 0xdb, 0x6d, 0xb6, 0xdd, 0x0b, 0x6d, 0xb6, 0xdb, 0x6d, 0xba, 0x73, 0x37,
    0x96, 0xdb, 0x6d, 0xb6, 0xdb, 0x6d, 0xb6, 0xdd, 0x1b, 0xd3, 0xa7, 0x4e, 0xb5, 0xad, 0x6b, 0x5b,
    0x5a, 0xf5, 0xad, 0x6b, 0x79, 0x99, 0xb4, 0xc4, 0xd6, 0xb7, 0xb5, 0x16, 0xdb, 0x6d, 0xb6, 0xdb,
    0x6d, 0xb6, 0xdb, 0x6d, 0xb6, 0xdb, 0x6d, 0xba, 0x16, 0xdb, 0x6d, 0xb6, 0xdb, 0x74, 0xef, 0x79,
    0xbb, 0x6d, 0xb6, 0xdb, 0x6d, 0xb6, 0xdb, 0x74, 0xe6, 0x69, 0xd6, 0xb5, 0xad, 0x6b, 0x59, 0x99,
    0x99, 0x99, 0x99, 0x99, 0x99, 0xbd, 0xeb, 0x5a, 0xd6, 0xb7, 0x8b, 0x53, 0x6d, 0xb6, 0xdd, 0x6f,
    0x35, 0xa7, 0x45, 0xb6, 0xdb, 0x6d, 0xb6, 0xdb, 0x6e, 0x85, 0xb6, 0xdb, 0x6d, 0xb6, 0xdd, 0x6b,
    0x33, 0x14, 0x5b, 0x6d, 0xb6, 0xdb, 0x6d, 0xb6, 0xe8, 0xde, 0x66, 0xb5, 0xad, 0x6b, 0x5a, 0xd6,
    0xb3, 0x33, 0x33, 0x33, 0x33, 0x33, 0x33, 0x37, 0xb4, 0xcc, 0xcc, 0xcd, 0xe1, 0xd1, 0xbd, 0xeb,
    0x5a, 0xd6, 0xb3, 0x7b, 0xda, 0x5b, 0x6d, 0xb6, 0xdb, 0x6d, 0xba, 0x16, 0xdb, 0x6d, 0xb6, 0xdb,
    0x73, 0x37, 0x9b, 0xd5, 0xb6, 0xdb, 0x6e, 0x9c, 0x5e, 0xf7, 0x88, 0xbd, 0xe6, 0x6f, 0x4a, 0xf5,
    0xad, 0x6b, 0x5a, 0xd6, 0x26, 0x66, 0x66, 0x66, 0x66, 0x66, 0x66, 0x66, 0x2f, 0x33, 0x37, 0xb5,
    0xa2, 0xf7, 0xbd, 0xef, 0x78, 0x8b, 0xde, 0xf7, 0xbd, 0xe2, 0x28, 0xb6, 0xdb, 0x6d, 0xb7, 0x42,
    0xdb, 0x6d, 0xb6, 0xdb, 0x6e, 0xf3, 0x79, 0x9b, 0xb6, 0xdb, 0xa7, 0x7a, 0xd3, 0xa7, 0x4e, 0x9d,
    0x3a, 0xd6, 0xb5, 0xad, 0x6b, 0x5a, 0xd6, 0x6d, 0x37, 0x88, 0x88, 0xa5, 0x79, 0x99, 0x99, 0x99,
    0x99, 0x99, 0x9b, 0xde, 0x66, 0xf6, 0x8b, 0x5a, 0xf7, 0xbd, 0xef, 0x7b, 0xde, 0xf7, 0xbd, 0xef,
    0x7b, 0xde, 0xf7, 0xb3, 0x6d, 0xb6, 0xdd, 0x0b, 0x6d, 0xb6, 0xdb, 0x6d, 0xd1, 0xbc, 0xde, 0x66,
    0xf4, 0x5d, 0x62, 0xb5, 0xa7, 0x4e, 0x9d, 0x3a, 0x74, 0xe9, 0xd3, 0xad, 0x6b, 0x5a, 0xd6, 0xb5,
    0xad, 0x6b, 0x5a, 0xda, 0xd1, 0x11, 0x16, 0x89, 0x99, 0x99, 0x99, 0x99, 0x98, 0xbc, 0xcc, 0xc5,
    0xa2, 0xd7, 0xbd, 0xef, 0x7b, 0xde, 0xf1, 0x7b, 0xde, 0xf7, 0xbd, 0xef, 0x7b, 0xc3, 0x6d, 0xb6,
    0xe8, 0x5b, 0x6d, 0xb6, 0xdb, 0x6e, 0x8d, 0xe6, 0x66, 0x6f, 0x46, 0x6f, 0x5a, 0xd6, 0xb5, 0xad,
    0x6b, 0x5a, 0xd6, 0xb5, 0xad, 0x6b, 0x5a, 0xd6, 0xb5, 0xac, 0xcc, 0xc5, 0xa2, 0x22, 0x22, 0x2d,
    0x33, 0x33, 0x6b, 0x5e, 0x6d, 0x79, 0x99, 0x9b, 0x45, 0xa2, 0xf7, 0xbd, 0xef, 0x7b, 0xde, 0xf7,
    0xbd, 0xef, 0x7b, 0xde, 0xf7, 0xbd, 0x36, 0xdb, 0x6e, 0x85, 0xb6, 0xdb, 0x6d, 0xb6, 0xe8, 0xde,
    0x66, 0x66, 0x66, 0x6b, 0x7a, 0xd6, 0xb5, 0xad, 0x6b, 0x5a, 0xd6, 0xb5, 0xad, 0x6b, 0x5a, 0xd6,
    0xb5, 0x89, 0x99, 0x9b, 0xda, 0x22, 0x22, 0x2d, 0x79, 0x9b, 0x45, 0xad, 0x6b, 0x5e, 0x66, 0x62,
    0x22, 0x94, 0x5e, 0xf7, 0x99, 0x9b, 0xde, 0xf1, 0x7b, 0xde, 0xf7, 0xbc, 0x4c, 0xcb, 0x6d, 0xb7,
    0x42, 0xdb, 0x6d, 0xb6, 0xdb, 0x74, 0x66, 0xf3, 0x33, 0x7b, 0xd6, 0xb5, 0x9a, 0xd6, 0xb5, 0xad,
    0x6b, 0x5a, 0xd6, 0xb5, 0xad, 0x6b, 0x59, 0x89, 0x99, 0x99, 0x99, 0xbd, 0xa2, 0x22, 0x22, 0xd1,
    0x11, 0x11, 0x6a, 0x56, 0x88, 0x88, 0x88, 0xb5, 0xa2, 0xf3, 0x33, 0x33, 0x33, 0x7b, 0xc5, 0xa2,
    0xf7, 0xbd, 0xef, 0x36, 0xa2, 0xdb, 0x6e, 0x85, 0xb6, 0xdb, 0x6d, 0xb6, 0xe9, 0xd6, 0xf3, 0x33,
    0x17, 0xad, 0x6b, 0x33, 0x37, 0xbc, 0x4c, 0xc4, 0xcc, 0xcc, 0x44, 0x5e, 0x66, 0x66, 0x66, 0x66,
    0xf6, 0xa5, 0x11, 0x11, 0x11, 0x7b, 0xde, 0x29, 0x5a, 0x22, 0x22, 0x22, 0xd4, 0xa9, 0x5a, 0xd7,
    0x99, 0x99, 0x9b, 0xde, 0xf7, 0xbd, 0xef, 0x7b, 0xde, 0xf7, 0xbd, 0xee, 0xdb, 0x6e, 0x85, 0xb6,
    0xdb, 0x6d, 0xb6, 0xe9, 0xd6, 0xf3, 0x33, 0x5b, 0xda, 0xf7, 0x99, 0x9b, 0xde, 0xf7, 0xbd, 0xef,
    0x33, 0x33, 0x31, 0x33, 0x33, 0x33, 0x33, 0x37, 0xb5, 0x28, 0x88, 0x8b, 0xde, 0xf7, 0x8a, 0x51,
    0x11, 0x11, 0x11, 0x6b, 0x5a, 0xd6, 0xb5, 0xaf, 0x37, 0xbd, 0xef, 0x7b, 0xde, 0xf7, 0xbd, 0xef,
    0x7b, 0xde, 0x22, 0x28, 0xb6, 0xdd, 0x0b, 0x6d, 0xb6, 0xdb, 0x6d, 0xde, 0x66, 0x6f, 0x33, 0x37,
    0x9a, 0xd6, 0xb3, 0x36, 0xbd, 0xef, 0x79, 0xbc, 0xcc, 0xcc, 0xcc, 0xcc, 0xcc, 0xcc, 0xcc, 0x45,
    0x28, 0x88, 0xbd, 0xef, 0x78, 0xa5, 0x11, 0x11, 0x11, 0x6b, 0x5a, 0xd6, 0xb5, 0xad, 0x6b, 0x5a,
    0xd1, 0x7b, 0xde, 0xf7, 0xbd, 0xef, 0x7b, 0xde, 0x2d, 0x68, 0x6d, 0xb6, 0xe8, 0x5b, 0x6d, 0xb6,
    0xe8, 0xde, 0xb5, 0x99, 0x99, 0x89, 0x99, 0x98, 0x99, 0x99, 0x99, 0x98, 0xbd, 0xe6, 0x66, 0x66,
    0x66, 0x66, 0x66, 0x66, 0x66, 0x22, 0x2d, 0x11, 0x78, 0x9a, 0x2d, 0xb7, 0x46, 0x8b, 0xa7, 0x7b,
    0xde, 0x22, 0x22, 0x22, 0x2d, 0x6b, 0x5a, 0xd6, 0xb5, 0xa2, 0xd7, 0xbd, 0xe2, 0xd6, 0xb4, 0xb6,
    0xdb, 0x6e, 0x85, 0xb6, 0xdb, 0x75, 0x9a, 0xd6, 0xb7, 0xad, 0xe6, 0x26, 0x66, 0x2f, 0x33, 0x33,
    0x33, 0x33, 0x7b, 0x5e, 0x66, 0x66, 0x66, 0x66, 0x66, 0x66, 0xd1, 0x17, 0xbd, 0xdb, 0x6d, 0xb6,
    0xdb, 0x6d, 0xd1, 0xbc, 0x5e, 0xf7, 0x88, 0x88, 0x88, 0x88, 0x8b, 0x5a, 0xd6, 0xb5, 0xa2, 0x2d,
    0x6b, 0x5a, 0xd7, 0x8a, 0x2d, 0xb6, 0xe8, 0x5b, 0x6d, 0xbb, 0xd6, 0xb5, 0xad, 0x6f, 0x58, 0x98,
    0xbc, 0x4c, 0xcc, 0xcd, 0xe6, 0x66, 0x6f, 0x33, 0x78, 0x99, 0x99, 0x99, 0x99, 0x98, 0x88, 0x8b,
    0xde, 0xed, 0xb6, 0xdb, 0x6d, 0xb6, 0xdb, 0x6e, 0x6d, 0x7b, 0xde, 0x22, 0x22, 0x22, 0x22, 0x22,
    0xd6, 0xb5, 0xad, 0x6b, 0x52, 0xb4, 0x44, 0x5a, 0xcd, 0xb7, 0x42, 0xdb, 0x74, 0xeb, 0x35, 0xad,
    0x6b, 0x79, 0xac, 0x5e, 0x26, 0x66, 0x66, 0x66, 0x26, 0x66, 0xf3, 0x33, 0x33, 0x7b, 0x5a, 0xd1,
    0x11, 0x68, 0x88, 0x8b, 0xdd, 0xb6, 0xdb, 0x6d, 0xb6, 0xdb, 0x6d, 0xb6, 0xdd, 0x3a, 0x51, 0x11,
    0x11, 0x11, 0x11, 0x11, 0x6b, 0x5a, 0xd1, 0x6b, 0x5a, 0x22, 0x22, 0x2d, 0x0d, 0xba, 0x16, 0xdb,
    0xbc, 0xcd, 0x6b, 0x5a, 0xcd, 0xe6, 0x26, 0x66, 0x66, 0x66, 0x66, 0x6f, 0x33, 0x33, 0x33, 0x33,
    0x33, 0x16, 0x88, 0x88, 0x8b, 0x5e, 0xd4, 0xdb, 0x6d, 0xb6, 0xdb, 0x6d, 0xb6, 0xdb, 0x6d, 0xb6,
    0xdb, 0x73, 0x16, 0xa5, 0x11, 0x16, 0xb5, 0x2b, 0x5a, 0xd6, 0xb5, 0xad, 0x11, 0x11, 0x11, 0x4d,
    0xba, 0x16, 0xdd, 0x6f, 0x59, 0xad, 0x6b, 0x5a, 0xd6, 0x66, 0x66, 0x66, 0x66, 0x66, 0x66, 0x62,
    0xf3, 0x33, 0x33, 0x33, 0x33, 0x68, 0xb5, 0xa2, 0x22, 0x28, 0xb6, 0xdb, 0x6d, 0xb6, 0xdb, 0x6d,
    0xb6, 0xdb, 0x6d, 0xb6, 0xe9, 0xc5, 0xef, 0x78, 0x88, 0xb5, 0xad, 0x6b, 0x5a, 0xd6, 0xb5, 0xa2,
    0x22, 0x22, 0xd4, 0xdb, 0xa1, 0x6e, 0x8c, 0xd6, 0x66, 0xb5, 0xad, 0x6b, 0x5a, 0xcc, 0xcc, 0xcc,
    0xcc, 0xcc, 0xcc, 0xc5, 0xe6, 0x66, 0x66, 0x66, 0x66, 0xd1, 0x11, 0x6b, 0xd1, 0x6d, 0xb6, 0xdb,
    0x6d, 0xb6, 0xdb, 0x6d, 0xb6, 0xdb, 0x6d, 0xb6, 0xe2, 0xd6, 0x88, 0x88, 0x88, 0xb5, 0xad, 0x6b,
    0x5a, 0xd6, 0xb5, 0xad, 0x6b, 0x4b, 0x6e, 0x85, 0xba, 0x31, 0x5a, 0xd6, 0xb5, 0xad, 0x6b, 0x5a,
    0xcc, 0xcc, 0xcc, 0xcc, 0xcc, 0xcc, 0xde, 0xf3, 0x33, 0x33, 0x33, 0x33, 0x56, 0xdb, 0x6d, 0xb6,
    0xdb, 0x6d, 0xb6, 0xdb, 0x6d, 0xb6, 0xdb, 0x6d, 0xb6, 0xdb, 0xa3, 0x11, 0x11, 0x11, 0x11, 0x11,
    0x16, 0xb5, 0x2a, 0x56, 0xb5, 0xad, 0x6a, 0xb6, 0xdd, 0x0b, 0x6e, 0x9d, 0xad, 0x35, 0xad, 0x6f,
    0x5a, 0xcc, 0xd6, 0x66, 0x66, 0x66, 0x62, 0xd7, 0x98, 0x99, 0x99, 0x99, 0x99, 0xbd, 0x36, 0xdb,
    0x6d, 0xb6, 0xdb, 0x6d, 0xb6, 0xdb, 0x6d, 0xb6, 0xdb, 0x6d, 0xb6, 0xdb, 0x6e, 0x22, 0x22, 0x22,
    0x22, 0x22, 0xd6, 0xb5, 0xad, 0x6b, 0x5a, 0x5b, 0x6d, 0xd0, 0xb7, 0x4e, 0xf5, 0x9a, 0x37, 0x89,
    0xa7, 0x5a, 0xcc, 0xd6, 0x6f, 0x16, 0xa7, 0x4e, 0x8d, 0x38, 0x99, 0x9b, 0xc4, 0xcc, 0xcc, 0xcc,
    0x53, 0x6d, 0xb6, 0xdb, 0x6d, 0xb6, 0xdb, 0x6d, 0xb6, 0xdb, 0x6d, 0xb6, 0xdb, 0x6d, 0xb6, 0xdb,
    0xa7, 0x6b, 0x44, 0x44, 0x45, 0xad, 0x6b, 0x5a, 0xd6, 0xab, 0x6d, 0xb7, 0x42, 0xdd, 0x1b, 0xcd,
    0x6f, 0x5a, 0x75, 0xa7, 0x4e, 0x9d, 0x6d, 0x7b, 0xd3, 0xa3, 0x46, 0x8d, 0x18, 0x99, 0x99, 0x99,
    0xbd, 0xef, 0x13, 0x31, 0x7a, 0x6d, 0xb6, 0xdb, 0x6d, 0xb6, 0xdb, 0x6d, 0xb6, 0xdb, 0x6d, 0xb6,
    0xdb, 0x6d, 0xb6, 0xdb, 0x73, 0x79, 0x9b, 0xd2, 0xb5, 0x2a, 0x54, 0xad, 0x6b, 0x5a, 0xd4, 0xa8,
    0xb6, 0xdb, 0xa1, 0x6d, 0xcc, 0xd6, 0xb5, 0xad, 0x69, 0xd3, 0xa7, 0x37, 0xbc, 0x5e, 0x6b, 0x5a,
    0xd6, 0xb5, 0xad, 0xef, 0x7b, 0xde, 0xf7, 0xbd, 0xef, 0x56, 0xdb, 0x6d, 0xb6, 0xdb, 0x6d, 0xb6,
    0xdb, 0x6d, 0xb6, 0xdb, 0x6d, 0xb6, 0xdb, 0x6d, 0xd3, 0xb4, 0xcc, 0xc5, 0xef, 0x7b, 0xda, 0xd6,
    0xb5, 0xad, 0x6b, 0x5a, 0xed, 0xb7, 0x42, 0xdd, 0x1b, 0xd6, 0xb5, 0xac, 0xd6, 0x9d, 0x3a, 0x73,
    0x7b, 0xd6, 0xb5, 0xad, 0x6b, 0x5a, 0xcd, 0xef, 0x7b, 0x52, 0xa5, 0x4a, 0xd4, 0xdb, 0x6d, 0xb6,
    0xdb, 0x6d, 0xb6, 0xdb, 0x6d, 0xb6, 0xdb, 0x6d, 0xb6, 0xdb, 0x6d, 0xb6, 0xdb, 0xbd, 0xef, 0x37,
    0xbd, 0xef, 0x7b, 0xde, 0xd4, 0xad, 0x6b, 0x5a, 0xd6, 0xb4, 0x53, 0x6e, 0x85, 0xba, 0x77, 0xad,
    0x6b, 0x59, 0xad, 0x3a, 0x75, 0xbc, 0xd6, 0xb5, 0xad, 0x6b, 0x5a, 0xcd, 0xef, 0x41, 0x68, 0x88,
    0xab, 0x6d, 0xb6, 0xdb, 0x6d, 0xb6, 0xdb, 0x6d, 0xb6, 0xdb, 0x6d, 0xb6, 0xdb, 0x6d, 0xb6, 0xdd,
    0x1b, 0xde, 0x2f, 0x37, 0x8b, 0xc4, 0x5e, 0xf7, 0xbd, 0xef, 0x7b, 0xd2, 0xb5, 0xad, 0x6b, 0x51,
    0x6e, 0x85, 0xba, 0x73, 0x7a, 0xd6, 0xb3, 0x5a, 0x74, 0xe6, 0xf5, 0xad, 0x6b, 0x5a, 0xd6, 0x62,
    0xf4, 0x14, 0x14, 0xa2, 0xd6, 0xa2, 0xdb, 0x6d, 0xb6, 0xdb, 0x6d, 0xb6, 0xdb, 0x6d, 0xb6, 0xdb,
    0x6d, 0xb6, 0xdb, 0x6d, 0xba, 0x37, 0xbd, 0xef, 0x4a, 0x2f, 0x7b, 0xde, 0x2f, 0x7b, 0xde, 0xf7,
    0xbd, 0xed, 0x6b, 0x5a, 0xd4, 0xaa, 0xdb, 0xa1, 0x6d, 0xd6, 0x6b, 0x5a, 0xde, 0x9d, 0x3a, 0xde,
    0x6b, 0x5a, 0xd6, 0xb5, 0x8b, 0xde, 0x95, 0x05, 0x04, 0x44, 0x51, 0x6d, 0xb6, 0xdb, 0x6d, 0xb6,
    0xdb, 0x6d, 0xb6, 0xdb, 0x6d, 0xb6, 0xdb, 0x6d, 0xb6, 0xe8, 0xc4, 0x5e, 0xf1, 0x11, 0x68, 0xbd,
    0xef, 0x7b, 0x45, 0xef, 0x7b, 0xc5, 0x2b, 0x5a, 0xd6, 0xb5, 0xdb, 0x6e, 0x85, 0xb6, 0xdc, 0xde,
    0xf3, 0x5a, 0xde, 0xf3, 0x37, 0x99, 0x99, 0x8a, 0x0a, 0x0a, 0x0a, 0x51, 0x16, 0xa2, 0xdb, 0x6d,
    0xb6, 0xdb, 0x6d, 0xb6, 0xdb, 0x6d, 0xb6, 0xdb, 0x6d, 0xb6, 0xdb, 0xa7, 0x7b, 0xde, 0x22, 0x22,
    0x22, 0x22, 0x2d, 0x7b, 0xc5, 0xad, 0x6b, 0x5a, 0xd6, 0xb5, 0xad, 0x11, 0x6b, 0xd1, 0x6d, 0xba,
    0x16, 0xdb, 0x6d, 0xd6, 0xf7, 0xbd, 0xef, 0x7a, 0x54, 0x14, 0x14, 0xa9, 0x5a, 0xd6, 0x88, 0x88,
    0x8a, 0x2d, 0xb6, 0xdb, 0x6d, 0xb6, 0xdb, 0x6d, 0xb6, 0xdb, 0x6d, 0xb6, 0xdb, 0x6d, 0xd6, 0x22,
    0xf7, 0xbc, 0x44, 0x44, 0x44, 0x44, 0x5e, 0xd6, 0xb5, 0xad, 0x6b, 0x5a, 0x22, 0x22, 0x22, 0xf4,
    0x5b, 0x6d, 0xba, 0x16, 0xdb, 0x6d, 0xb7, 0x4e, 0x29, 0x5a, 0x95, 0x2a, 0x0a, 0x0b, 0x5a, 0xd1,
    0x11, 0x6b, 0xd1, 0x6d, 0xb6, 0xdb, 0x6d, 0xb6, 0xdb, 0x6d, 0xb6, 0xdb, 0x6d, 0xb6, 0xdb, 0x6e,
    0x9c, 0x5e, 0xd6, 0xb4, 0x45, 0xa2, 0x22, 0x22, 0x22, 0xd7, 0x8b, 0x5a, 0xd4, 0xad, 0x11, 0x11,
    0x11, 0x14, 0xdb, 0x6d, 0xb6, 0xe8, 0x5b, 0x6d, 0xb6, 0xdb, 0x6e, 0xf7, 0xbd, 0xef, 0x7b, 0xde,
    0xd7, 0x6d, 0xb6, 0xdb, 0x6d, 0xb6, 0xdb, 0x6d, 0xb6, 0xdb, 0x6d, 0xb6, 0xdb, 0x6d, 0xb6, 0xeb,
    0x7b, 0xde, 0xf1, 0x11, 0x14, 0xad, 0x6a, 0x54, 0xa2, 0x2d, 0x68, 0x8b, 0x5a, 0xd6, 0xb4, 0xb6,
    0xdb, 0x6d, 0xb6, 0xdb, 0x74, 0x2d, 0xb6, 0xdb, 0x6d, 0xb6, 0xdb, 0x6d, 0xb6, 0xdb, 0x6d, 0xb6,
    0xdb, 0x6d, 0xb6, 0xdb, 0x6d, 0xb6, 0xdb, 0x6d, 0xb6, 0xdd, 0x1b, 0xde, 0xf7, 0xbd, 0xef, 0x11,
    0x11, 0x11, 0x11, 0x14, 0xad, 0x6b, 0x5a, 0xd1, 0x11, 0x11, 0x11, 0x14, 0x5b, 0x6d, 0xb6, 0xdb,
    0x6d, 0xba, 0x16, 0xdb, 0x6d, 0xb6, 0xdb, 0x6d, 0xb6, 0xdb, 0x6d, 0xb6, 0xdb, 0x6d, 0xb6, 0xdb,
    0x6d, 0xb6, 0xdb, 0x6d, 0xb6, 0xdb, 0x74, 0x62, 0xf7, 0xbd, 0xef, 0x68, 0x88, 0x88, 0x8b, 0x44,
    0x45, 0xad, 0x4a, 0xd6, 0xb4, 0x44, 0x5a, 0x68, 0xb6, 0xdb, 0x6d, 0xb6, 0xdb, 0x6d, 0xba, 0x16,
    0xdb, 0x6d, 0xb6, 0xdb, 0x6d, 0xb6, 0xdb, 0x6d, 0xb6, 0xdb, 0x6d, 0xb6, 0xdb, 0x6d, 0xb6, 0xdb,
    0x6d, 0xb6, 0xdb, 0xa7, 0x6b, 0xde, 0xf7, 0x88, 0x8a, 0x56, 0x8b, 0xde, 0xf1, 0x4a, 0xd6, 0xb5,
    0xad, 0x6b, 0x5a, 0x8b, 0x6d, 0xb6, 0xdb, 0x6d, 0xb6, 0xdb, 0x6d, 0xb7, 0x42, 0xdb, 0x6d, 0xb6,
    0xdb, 0x6d, 0xb6, 0xdb, 0x6d, 0xb6, 0xdb, 0x6d, 0xb6, 0xdb, 0x6d, 0xb6, 0xdb, 0x6d, 0xb6, 0xdb,
    0x74, 0xe2, 0x2d, 0x11, 0x11, 0x16, 0xb5, 0x05, 0xad, 0x6b, 0x5a, 0xd1, 0x11, 0x11, 0x6a, 0x6d,
    0xb6, 0xdb, 0x6d, 0xb6, 0xdb, 0x6d, 0xb6, 0xdb, 0xa1, 0x6d, 0xb6, 0xdb, 0x6d, 0xb6, 0xdb, 0x6d,
    0xb6, 0xdb, 0x6d, 0xb6, 0xdb, 0x6d, 0xb6, 0xdb, 0x6d, 0xb6, 0xdb, 0x6d, 0xba, 0xda, 0xf7, 0xbc,
    0x44, 0x45, 0xad, 0x6b, 0x50, 0x52, 0xb5, 0xad, 0x68, 0x88, 0xbd, 0x16, 0xdb, 0x6d, 0xb6, 0xdb,
    0x6d, 0xb6, 0xdb, 0x6d, 0xba, 0x16, 0xdb, 0x6d, 0xb6, 0xdb, 0x6d, 0xb6, 0xdb, 0x6d, 0xb6, 0xdb,
    0x6d, 0xb6, 0xdb, 0x6d, 0xb6, 0xdb, 0x6d, 0xb7, 0x4e, 0x2f, 0x7a, 0x56, 0x88, 0x8b, 0x5a, 0xd6,
    0xb5, 0xad, 0x6b, 0x5a, 0xd4, 0xdb, 0x6d, 0xb6, 0xdb, 0x6d, 0xb6, 0xdb, 0x6d, 0xb6, 0xdb, 0x6d,
    0xba, 0x16, 0xdb, 0x6d, 0xb6, 0xdb, 0x6d, 0xb6, 0xdb, 0x6d, 0xb6, 0xdb, 0x6d, 0xb6, 0xdb, 0x6d,
    0xb6, 0xdb, 0x6d, 0xba, 0x31, 0x7b, 0xde, 0xf1, 0x41, 0x6b, 0x5a, 0xd6, 0xb4, 0x44, 0x45, 0xa5,
    0xb6, 0xdb, 0x6d, 0xb6, 0xdb, 0x6d, 0xb6, 0xdb, 0x6d, 0xb6, 0xdb, 0x6e, 0x85, 0xb6, 0xdb, 0x6d,
    0xb6, 0xdb, 0x6d, 0xb6, 0xdb, 0x6d, 0xb6, 0xdb, 0x6d, 0xb6, 0xdb, 0x6d, 0xb6, 0xdb, 0x74, 0x62,
    0xf6, 0x88, 0x88, 0x88, 0xa5, 0x6b, 0x5a, 0x22, 0x2d, 0x2d, 0xb6, 0xdb, 0x6d, 0xb6, 0xdb, 0x6d,
    0xb6, 0xdb, 0x6d, 0xb6, 0xdb, 0x6d, 0xd0, 0xb6, 0xdb, 0x6d, 0xb6, 0xdb, 0x6d, 0xb6, 0xdb, 0x6d,
    0xb6, 0xdb, 0x6d, 0xb6, 0xdb, 0x6d, 0xb6, 0xdb, 0x6e, 0xf1, 0x78, 0x88, 0x88, 0x8a, 0x56, 0xb5,
    0xad, 0x6b, 0x53, 0x6d, 0xb6, 0xdb, 0x6d, 0xb6, 0xdb, 0x6d, 0xb6, 0xdb, 0x6d, 0xb6, 0xdb, 0x6d,
    0xba, 0x16, 0xdb, 0x6d, 0xb6, 0xdb, 0x6d, 0xb6, 0xdb, 0x6d, 0xb6, 0xdb, 0x6d, 0xb6, 0xdb, 0x6d,
    0xb6, 0xdb, 0x6d, 0xd1, 0xa5, 0x16, 0x88, 0x88, 0xb5, 0xad, 0x6b, 0x5a, 0xd7, 0x6d, 0xb6, 0xdb,
    0x6d, 0xb6, 0xdb, 0x6d, 0xb6, 0xdb, 0x6d, 0xb6, 0xdb, 0x6d, 0xb7, 0x42, 0xdb, 0x6d, 0xb6, 0xdb,
    0x6d, 0xb6, 0xdb, 0x6d, 0xb6, 0xdb, 0x6d, 0xb6, 0xdb, 0x6d, 0xb6, 0xdb, 0x6d, 0xb7, 0x5a, 0x51,
    0x11, 0x11, 0x6b, 0x5a, 0xd6, 0xb5, 0xdb, 0x6d, 0xb6, 0xdb, 0x6d, 0xb6, 0xdb, 0x6d, 0xb6, 0xdb,
    0x6d, 0xb6, 0xdb, 0x6d, 0xba, 0x16, 0xdb, 0x6d, 0xb6, 0xdb, 0x6d, 0xb6, 0xdb, 0x6d, 0xb6, 0xdb,
    0x6d, 0xb6, 0xdb, 0x6d, 0xb6, 0xdb, 0x6d, 0xb6, 0xdd, 0x69, 0x5a, 0x22, 0xd4, 0xa9, 0x52, 0x88,
    0xbb, 0x6d, 0xb6, 0xdb, 0x6d, 0xb6, 0xdb, 0x6d, 0xb6, 0xdb, 0x6d, 0xb6, 0xdb, 0x6d, 0xba, 0x16,
    0xdb, 0x6d, 0xb6, 0xdb, 0x6d, 0xb6, 0xdb, 0x6d, 0xb6, 0xdb, 0x6d, 0xb6, 0xdb, 0x6d, 0xb6, 0xdb,
    0x6d, 0xb6, 0xdb, 0x6d, 0xbb, 0x5a, 0xd6, 0xb5, 0x28, 0x8b, 0x4d, 0xa9, 0x52, 0xa5, 0x4a, 0xd5,
    0x74, 0x6b, 0x7b, 0x45, 0x16, 0xdb, 0x6d, 0xb6, 0xdb, 0x6d, 0xb6, 0xdb, 0xa1, 0x6d, 0xb6, 0xdb,
    0x6d, 0xb6, 0xdb, 0x6d, 0xb6, 0xdb, 0x6d, 0xb6, 0xdb, 0x6d, 0xb6, 0xdb, 0x6d, 0xb6, 0xdb, 0x6d,
    0xb6, 0xdb, 0x74, 0x66, 0xd4, 0xad, 0x6b, 0x5a, 0xd6, 0xbd, 0xef, 0x78, 0xb5, 0xa8, 0x2d, 0x6a,
    0x56, 0x86, 0xdb, 0x6d, 0xb6, 0xdb, 0x6d, 0xb6, 0xdb, 0xa1, 0x6d, 0xb6, 0xdb, 0x6d, 0xb6, 0xdb,
    0x6d, 0xb6, 0xdb, 0x6d, 0xb6, 0xdb, 0x6d, 0xb6, 0xdb, 0x6d, 0xb6, 0xdb, 0x6d, 0xb6, 0xdb, 0x6d,
    0xba, 0x33, 0x4a, 0xb4, 0xad, 0x6b, 0x5a, 0xd1, 0x11, 0x16, 0xb5, 0xad, 0x6a, 0xb6, 0xdb, 0x6d,
    0xb6, 0xdb, 0x6d, 0xb6, 0xdd, 0x0b, 0x6d, 0xb6, 0xdb, 0x6d, 0xb6, 0xdb, 0x6d, 0xb6, 0xdb, 0x6d,
    0xb6, 0xdb, 0x6d, 0xb6, 0xdb, 0x6d, 0xb6, 0xdb, 0x6d, 0xb6, 0xdb, 0x6d, 0xb6, 0xdb, 0xa3, 0x34,
    0xa9, 0x5a, 0xf7, 0x88, 0xab, 0xa3, 0x45, 0xb6, 0xdb, 0x6d, 0xb6, 0xdb, 0x6d, 0xb6, 0xdb, 0xa1
};

const HuffmanFrequency SPRITE_33_FREQS[] = {
    {0x0a, 51},
    {0x23, 406},
    {0x25, 70},
    {0x2a, 487},
    {0x2b, 471},
    {0x2d, 305},
    {0x2e, 67},
    {0x3a, 77},
    {0x3d, 517},
    {0x40, 16},
    {0xa0, 2584},
    {0xc2, 2584}
};
}

const HuffmanEncodedSprite SPRITE_33 = {
    SPRITE_33_BYTES,
    static_cast<int>(sizeof(SPRITE_33_BYTES) / sizeof(SPRITE_33_BYTES[0])),
    19712,
    7635,
    SPRITE_33_FREQS,
    static_cast<int>(sizeof(SPRITE_33_FREQS) / sizeof(SPRITE_33_FREQS[0]))
};

namespace
{
const unsigned char SPRITE_34_BYTES[] = {
    0xcf, 0x39, 0xce, 0x73, 0x9c, 0xe7, 0x39, 0xce, 0x73, 0x9c, 0xe7, 0x39, 0xce, 0x73, 0x9c, 0xe7,
    0x39, 0xce, 0x73, 0x9c, 0xe7, 0x39, 0xce, 0x73, 0x9c, 0xe7, 0x39, 0xcf, 0xad, 0x2a, 0xae, 0xb4,
    0x73, 0x9c, 0xe7, 0x39, 0xce, 0x73, 0x9c, 0xe7, 0x39, 0xce, 0x73, 0x9c, 0xe7, 0x39, 0xce, 0x73,
    0x9c, 0xe7, 0x39, 0xce, 0x73, 0x9c, 0xe7, 0x39, 0xce, 0x73, 0x9c, 0xe7, 0x39, 0xf3, 0xce, 0x73,
    0x9c, 0xe7, 0x39, 0xce, 0x73, 0x9c, 0xe7, 0x39, 0xce, 0x73, 0x9c, 0xe7, 0x39, 0xce, 0x73, 0x9c,
    0xe7, 0x39, 0xcf, 0xad, 0xe3, 0x86, 0x6c, 0xb0, 0xc6, 0xaa, 0xaa, 0xab, 0x1c, 0x70, 0xcb, 0x36,
    0x6c, 0xb1, 0x4e, 0x73, 0x9c, 0xe7, 0x39, 0xce, 0x73, 0x9c, 0xe7, 0x39, 0xce, 0x73, 0x9c, 0xe7,
    0x39, 0xce, 0x73, 0x9c, 0xe7, 0x39, 0xce, 0x73, 0x9c, 0xe7, 0xcf, 0x39, 0xce, 0x73, 0x9c, 0xe7,
    0x39, 0xce, 0x73, 0x9c, 0xe7, 0x39, 0xce, 0x73, 0x9c, 0xe7, 0x39, 0xce, 0x7d, 0x59, 0xb2, 0xc2,
    0xaa, 0xaa, 0xaa, 0xaa, 0xaa, 0xaa, 0xaa, 0xc7, 0x0c, 0xd9, 0x63, 0xa3, 0x9c, 0xe7, 0x39, 0xce,
    0x73, 0x9c, 0xe7, 0x39, 0xce, 0x73, 0x9c, 0xe7, 0x39, 0xce, 0x73, 0x9c, 0xe7, 0x39, 0xce, 0x7c,
    0xf3, 0x9c, 0xe7, 0x39, 0xce, 0x73, 0x9c, 0xe7, 0x39, 0xce, 0x73, 0x9c, 0xe7, 0x39, 0xce, 0x7d,
    0x63, 0x9b, 0x1d, 0xef, 0x7b, 0xde, 0xd5, 0x55, 0xde, 0xf7, 0xba, 0xaa, 0xaa, 0xaa, 0xaa, 0xaa,
    0xb0, 0xcd, 0x8e, 0x8e, 0x73, 0x9c, 0xe7, 0x39, 0xce, 0x73, 0x9c, 0xe7, 0x39, 0xce, 0x73, 0x9c,
    0xe7, 0x39, 0xce, 0x73, 0x9f, 0x3c, 0xe7, 0x39, 0xce, 0x73, 0x9c, 0xe7, 0x39, 0xce, 0x73, 0x9c,
    0xe7, 0x39, 0xcf, 0xbc, 0xec, 0x37, 0xbd, 0xed, 0x55, 0x55, 0x55, 0x55, 0x77, 0xba, 0xaa, 0xaa,
    0xaa, 0xaa, 0xaa, 0xac, 0xb3, 0x27, 0x39, 0xce, 0x73, 0x9c, 0xe7, 0x39, 0xce, 0x73, 0x9c, 0xe7,
    0x39, 0xce, 0x73, 0x9c, 0xe7, 0xcf, 0x39, 0xce, 0x73, 0x9c, 0xe7, 0x39, 0xce, 0x73, 0x9c, 0xe7,
    0x39, 0xdc, 0xb2, 0xb7, 0xb5, 0x55, 0x55, 0x55, 0x55, 0x55, 0x5d, 0xee, 0xaa, 0xaa, 0xaa, 0xaa,
    0xaa, 0xaa, 0xcb, 0x2d, 0x1c, 0xe7, 0x39, 0xce, 0x73, 0x9c, 0xe7, 0x39, 0xce, 0x73, 0x9c, 0xe7,
    0x39, 0xcf, 0x9e, 0x73, 0x9c, 0xe7, 0x39, 0xce, 0x73, 0x9c, 0xe7, 0x39, 0xf5, 0xbc, 0xd6, 0xf6,
    0xae, 0xb5, 0xad, 0x6b, 0x4a, 0xaa, 0xaa, 0xaa, 0xaa, 0xbb, 0xdd, 0x55, 0x55, 0x55, 0x55, 0x55,
    0x55, 0x66, 0xc7, 0x47, 0x39, 0xce, 0x73, 0x9c, 0xe7, 0x39, 0xce, 0x73, 0x9c, 0xe7, 0x39, 0xf3,
    0xce, 0x73, 0x9c, 0xe7, 0x39, 0xce, 0x73, 0x9c, 0xfa, 0xc7, 0x2b, 0x7b, 0xda, 0xeb, 0x5a, 0xd6,
    0xb5, 0xad, 0x2a, 0xaa, 0xaa, 0xaa, 0xaa, 0xbb, 0xaa, 0xaa, 0xaa, 0xaa, 0xaa, 0xaa, 0xaa, 0xcb,
    0x0d, 0x1c, 0xe7, 0x39, 0xce, 0x73, 0x9c, 0xe7, 0x39, 0xce, 0x73, 0x9f, 0x3c, 0xe7, 0x39, 0xce,
    0x73, 0x9c, 0xe7, 0x39, 0xf1, 0xca, 0xb7, 0xb5, 0xd6, 0xb5, 0xad, 0x6b, 0x5a, 0xd6, 0x95, 0x55,
    0x55, 0x55, 0x55, 0x5d, 0xee, 0xaa, 0xaa, 0xaa, 0xaa, 0xaa, 0xaa, 0xaa, 0xcb, 0x2d, 0x1c, 0xe7,
    0x39, 0xce, 0x73, 0x9c, 0xe7, 0x39, 0xce, 0x7c, 0xf3, 0x9c, 0xe7, 0x39, 0xce, 0x73, 0x9d, 0xcd,
    0x5b, 0xda, 0xae, 0xb5, 0xad, 0x6b, 0x5a, 0xd2, 0xaa, 0xaa, 0xaa, 0xaa, 0xaa, 0xae, 0xea, 0xaa,
    0xaa, 0xaa, 0xaa, 0xaa, 0xaa, 0xaa, 0xcd, 0xb3, 0x9c, 0xe7, 0x39, 0xce, 0x73, 0x9c, 0xe7, 0x39,
    0xf3, 0xce, 0x73, 0x9c, 0xe7, 0x39, 0xf5, 0x8e, 0x15, 0xbd, 0xaa, 0xaa, 0xaa, 0xaa, 0xaa, 0xaa,
    0xaa, 0xaa, 0xaa, 0xbb, 0xaa, 0xaa, 0xaa, 0xaa, 0xaa, 0xaa, 0xaa, 0xaa, 0xc7, 0x36, 0x8e, 0x73,
    0x9c, 0xe7, 0x39, 0xce, 0x73, 0x9f, 0x3c, 0xe7, 0x39, 0xce, 0x73, 0xeb, 0x35, 0x5b, 0xda, 0xaa,
    0xaa, 0xaa, 0xaa, 0xaa, 0xaa, 0xaa, 0xaa, 0xab, 0xbd, 0xd5, 0x55, 0x55, 0x55, 0x55, 0x55, 0x55,
    0x55, 0x56, 0x6d, 0x9c, 0xe7, 0x39, 0xce, 0x73, 0x9c, 0xe7, 0xcf, 0x39, 0xce, 0x73, 0x9f, 0x79,
    0x55, 0x6d, 0x55, 0x55, 0x55, 0x55, 0x55, 0x55, 0x55, 0x55, 0x55, 0x77, 0x55, 0x55, 0x55, 0x55,
    0x55, 0x55, 0x55, 0x55, 0x55, 0x86, 0x07, 0x39, 0xce, 0x73, 0x9c, 0xe7, 0x3e, 0x79, 0xce, 0x73,
    0x9e, 0xca, 0xaa, 0xda, 0xaa, 0xaa, 0xaa, 0xaa, 0xaa, 0xaa, 0xaa, 0xaa, 0xab, 0xbd, 0xd5, 0x55,
    0x55, 0x55, 0x55, 0x55, 0x55, 0x55, 0x55, 0x58, 0x66, 0xd1, 0xce, 0x73, 0x9c, 0xe7, 0x3e, 0x79,
    0xce, 0x73, 0xd9, 0x55, 0x5b, 0xda, 0xaa, 0xaa, 0xaa, 0xaa, 0xaa, 0xaa, 0xaa, 0xaa, 0xae, 0xf7,
    0x6f, 0x7b, 0xde, 0xf7, 0xba, 0xaa, 0xaa, 0xaa, 0xaa, 0xaa, 0xaa, 0xaa, 0xb1, 0xc8, 0xe7, 0x39,
    0xce, 0x73, 0x9f, 0x3c, 0xe7, 0x3e, 0xf2, 0xaa, 0xad, 0xed, 0x55, 0x55, 0x55, 0x55, 0x55, 0x55,
    0x55, 0x55, 0x5d, 0xed, 0x55, 0x55, 0xdd, 0x55, 0x55, 0x55, 0x55, 0x55, 0x55, 0x55, 0x58, 0x62,
    0x73, 0x9c, 0xe7, 0x39, 0xf3, 0xce, 0x77, 0x35, 0x55, 0x56, 0xd5, 0x55, 0x55, 0x55, 0x55, 0x55,
    0x55, 0x55, 0x5d, 0xef, 0x6a, 0xaa, 0xab, 0xba, 0xaa, 0xaa, 0xaa, 0xaa, 0xaa, 0xaa, 0xaa, 0xac,
    0xa3, 0x9c, 0xe7, 0x39, 0xf3, 0xce, 0x7c, 0xb1, 0xaa, 0xaa, 0xde, 0xd5, 0x55, 0x55, 0x55, 0x55,
    0x55, 0x55, 0x57, 0x7b, 0xc7, 0x36, 0xd5, 0x55, 0x55, 0xdd, 0x55, 0x55, 0x55, 0x55, 0x55, 0x55,
    0x55, 0x56, 0x58, 0x9c, 0xe7, 0x39, 0xf3, 0xcf, 0xbc, 0xaa, 0xaa, 0xab, 0x7b, 0x55, 0x55, 0x55,
    0x55, 0x55, 0x55, 0x57, 0x7b, 0xac, 0x6b, 0x6a, 0xaa, 0xab, 0xbd, 0xd5, 0x55, 0x55, 0x55, 0x55,
    0x55, 0x55, 0x55, 0x61, 0x1c, 0xe7, 0x3e, 0x7e, 0xb2, 0xaa, 0xaa, 0xaa, 0xb7, 0xb5, 0x55, 0x55,
    0x55, 0x55, 0x55, 0xde, 0xf7, 0x55, 0x8d, 0x96, 0x15, 0xb5, 0x55, 0x5d, 0xd5, 0x55, 0x55, 0x55,
    0x55, 0x55, 0x55, 0x55, 0x56, 0x1a, 0x39, 0xf3, 0xf7, 0x9a, 0xaa, 0xaa, 0xaa, 0xad, 0xef, 0x6a,
    0xaa, 0xaa, 0xaa, 0xef, 0x7b, 0xdd, 0x55, 0x55, 0x63, 0x86, 0x15, 0x6d, 0x5d, 0xed, 0xde, 0xea,
    0xaa, 0xaa, 0xaa, 0xaa, 0xaa, 0xaa, 0xaa, 0xac, 0x4e, 0x7c, 0xfc, 0x32, 0xca, 0xaa, 0xaa, 0xaa,
    0xaa, 0xb7, 0xbd, 0xef, 0x7b, 0xde, 0xf7, 0xbd, 0xef, 0x75, 0x55, 0x55, 0x55, 0x56, 0x58, 0xe5,
    0x8d, 0x6f, 0x7b, 0xde, 0xf7, 0xbd, 0xd5, 0x55, 0x55, 0x55, 0x55, 0x55, 0x55, 0x55, 0x63, 0x1f,
    0x3f, 0x2d, 0xef, 0x36, 0x35, 0x55, 0x55, 0x55, 0x55, 0x55, 0x55, 0x55, 0x55, 0x55, 0x55, 0x55,
    0x92, 0xb8, 0x65, 0x55, 0x5b, 0xde, 0xea, 0xaa, 0xaa, 0xab, 0x0a, 0xaa, 0xaa, 0xaa, 0xab, 0x07,
    0x3f, 0x33, 0xbd, 0xef, 0x2c, 0x6a, 0xaa, 0xaa, 0xaa, 0xaa, 0xaa, 0xaa, 0xaa, 0xaa, 0xaa, 0xaa,
    0xc7, 0x1d, 0x6b, 0x4b, 0x8e, 0x55, 0x55, 0x55, 0x55, 0x55, 0x55, 0x95, 0x55, 0x55, 0x55, 0x55,
    0x96, 0x7e, 0x4e, 0xf7, 0xbd, 0xef, 0x1c, 0x2a, 0xaa, 0xaa, 0xaa, 0xaa, 0xaa, 0xaa, 0xaa, 0xaa,
    0xaa, 0xac, 0xb5, 0xad, 0x6b, 0x5a, 0x5d, 0xe5, 0x55, 0x55, 0x55, 0x55, 0x55, 0x65, 0x55, 0x55,
    0x55, 0x55, 0x96, 0x7e, 0x4e, 0xd5, 0x56, 0xca, 0xaa, 0xaa, 0xaa, 0xaa, 0xaa, 0xaa, 0xaa, 0xaa,
    0xaa, 0xac, 0x35, 0xad, 0x6b, 0x5a, 0xd6, 0xb4, 0xd8, 0x63, 0x55, 0x55, 0x55, 0x55, 0x59, 0x63,
    0x55, 0x55, 0x55, 0x56, 0x59, 0xf9, 0x2a, 0xaa, 0xba, 0x70, 0xca, 0xaa, 0xaa, 0xaa, 0xaa, 0xaa,
    0xaa, 0xaa, 0xaa, 0xac, 0x6d, 0x6b, 0x5a, 0xd6, 0xb5, 0xad, 0x6b, 0x4e, 0xf2, 0xc6, 0xaa, 0xaa,
    0xaa, 0xab, 0x2a, 0xaa, 0xaa, 0xaa, 0xb0, 0xb3, 0xf0, 0xde, 0xd5, 0x55, 0x75, 0xad, 0x6b, 0x0c,
    0x2a, 0xaa, 0xaa, 0xaa, 0xaa, 0xaa, 0xaa, 0xaa, 0xb0, 0x75, 0xad, 0x6b, 0x5a, 0xd6, 0xb5, 0xad,
    0x6b, 0x4e, 0x19, 0xb1, 0xaa, 0xaa, 0xaa, 0xb1, 0xc6, 0xaa, 0xaa, 0xaa, 0xb2, 0x4f, 0x9f, 0x63,
    0xb5, 0x55, 0x57, 0x5a, 0xd6, 0xb5, 0xac, 0x72, 0xaa, 0xaa, 0xaa, 0xaa, 0xaa, 0xaa, 0xaa, 0xb0,
    0xd6, 0xb5, 0xad, 0x6b, 0x5a, 0xd6, 0xb5, 0xad, 0x69, 0xcc, 0xb9, 0xaa, 0xaa, 0xaa, 0xc3, 0x2a,
    0xaa, 0xaa, 0xab, 0x08, 0xe7, 0x3e, 0x7e, 0xb2, 0x55, 0x55, 0x57, 0x5a, 0xd6, 0xb5, 0xad, 0x6b,
    0x79, 0x63, 0x55, 0x55, 0x55, 0x55, 0x55, 0x55, 0x63, 0xad, 0x6b, 0x5a, 0xd6, 0xb5, 0xad, 0x6b,
    0x5a, 0xd6, 0xb5, 0xad, 0x36, 0x55, 0x55, 0x59, 0xb1, 0xab, 0x1c, 0x2a, 0xab, 0x1c, 0xb3, 0x60,
    0x73, 0x9c, 0xf9, 0xe7, 0xc3, 0x6e, 0xf7, 0xb5, 0x55, 0x5d, 0x6b, 0x5a, 0xd6, 0xb5, 0xad, 0x6b,
    0x1c, 0xd8, 0x55, 0x55, 0x55, 0x55, 0x55, 0x56, 0x3b, 0xd6, 0xb5, 0xad, 0x6b, 0x5a, 0xd6, 0xb5,
    0xad, 0x6b, 0x5a, 0xd2, 0xe5, 0x8d, 0x55, 0x9b, 0x1a, 0xac, 0xb1, 0xaa, 0xc3, 0x27, 0x2c, 0xdb,
    0x39, 0xce, 0x7c, 0xf3, 0xb9, 0x3b, 0x5d, 0xef, 0x7b, 0xde, 0xd5, 0x75, 0xad, 0x6b, 0x5a, 0xd6,
    0xb5, 0xad, 0x6b, 0x0c, 0xaa, 0xaa, 0xaa, 0xaa, 0xaa, 0xab, 0x1c, 0xb3, 0x66, 0xc3, 0x6e, 0xb5,
    0xad, 0x6b, 0x5a, 0xd6, 0xb4, 0xae, 0x6a, 0xb3, 0x63, 0x55, 0x96, 0x35, 0x86, 0x5b, 0x5d, 0xe6,
    0xc8, 0xe7, 0x39, 0xcf, 0x9e, 0x73, 0xe3, 0x8b, 0xbd, 0xef, 0x7b, 0xda, 0xef, 0x6a, 0xeb, 0x5a,
    0xd6, 0xb5, 0xad, 0x6b, 0x5a, 0xd6, 0xb5, 0xac, 0x73, 0x61, 0x8d, 0x55, 0x55, 0x55, 0x55, 0x55,
    0x55, 0x8e, 0x19, 0x66, 0xcd, 0x85, 0xb5, 0xac, 0x71, 0xc2, 0xab, 0x1c, 0xd8, 0x65, 0x61, 0x2a,
    0xe5, 0x9b, 0x67, 0x39, 0xce, 0x7c, 0xf3, 0x9f, 0x59, 0x6d, 0x55, 0x57, 0x6a, 0xaa, 0xeb, 0x5a,
    0xd6, 0xb5, 0xad, 0x6b, 0x5a, 0xd6, 0xb5, 0xad, 0x6b, 0x79, 0x65, 0x55, 0x55, 0x55, 0x55, 0x55,
    0x55, 0x55, 0x55, 0x55, 0x56, 0x18, 0xe2, 0xeb, 0x5a, 0x57, 0x0c, 0xb0, 0xc4, 0xe7, 0x39, 0xce,
    0x7c, 0xf3, 0x9c, 0xfa, 0xcc, 0xaa, 0xaa, 0xed, 0x55, 0x55, 0xd6, 0xb5, 0xad, 0x6b, 0x5a, 0xd6,
    0xb5, 0xad, 0x6b, 0x5a, 0xd6, 0xb5, 0xac, 0x33, 0x65, 0x55, 0x55, 0x55, 0x55, 0x55, 0x55, 0x55,
    0x55, 0x54, 0xba, 0x71, 0xcd, 0x85, 0x8e, 0x47, 0x39, 0xce, 0x73, 0x9f, 0x3c, 0xe7, 0x39, 0xf5,
    0x99, 0xde, 0xf7, 0xbd, 0xbb, 0xda, 0xaa, 0xaa, 0xae, 0xb5, 0xad, 0x6b, 0x5a, 0xd6, 0xb5, 0xad,
    0x6b, 0x5a, 0xd6, 0xb5, 0xad, 0x6b, 0x5a, 0xde, 0x59, 0xb2, 0xaa, 0xaa, 0xaa, 0xaa, 0xaa, 0xaa,
    0xaa, 0xaa, 0xaa, 0xc7, 0x31, 0xce, 0x73, 0x9c, 0xe7, 0x3e, 0x79, 0xce, 0x73, 0x9f, 0x59, 0xca,
    0xae, 0xf7, 0xb5, 0x55, 0x55, 0x55, 0x5d, 0x6b, 0x5a, 0xd6, 0xb5, 0xad, 0x6b, 0x5a, 0xd6, 0xb5,
    0xad, 0x6b, 0x5a, 0xd6, 0x95, 0x77, 0x96, 0x76, 0x6c, 0x31, 0xaa, 0xaa, 0xaa, 0xaa, 0xaa, 0xaa,
    0xab, 0x36, 0x8e, 0x73, 0x9c, 0xe7, 0x39, 0xf3, 0xce, 0x73, 0x9c, 0xe7, 0xd6, 0x76, 0xd5, 0x55,
    0x55, 0x55, 0x55, 0x55, 0x55, 0x55, 0x55, 0x55, 0x55, 0x5d, 0xbb, 0xde, 0xdd, 0xef, 0x7b, 0xdb,
    0xbb, 0x2c, 0xec, 0xd9, 0xb2, 0xc3, 0x1c, 0x6a, 0xaa, 0xaa, 0xb3, 0x65, 0xa3, 0x9c, 0xe7, 0x39,
    0xce, 0x73, 0xe7, 0x9c, 0xe7, 0x39, 0xce, 0x73, 0xe3, 0x82, 0xaa, 0xaa, 0xaa, 0xaa, 0xaa, 0xaa,
    0xaa, 0xaa, 0xaa, 0xaa, 0xbb, 0xda, 0xaa, 0xaa, 0xbb, 0xde, 0xd5, 0x55, 0x55, 0x55, 0x57, 0x08,
    0xe7, 0x39, 0xce, 0x73, 0x9c, 0xe7, 0x3e, 0x79, 0xce, 0x73, 0x9c, 0xe7, 0x39, 0xdc, 0xdb, 0xde,
    0xf7, 0xbd, 0xed, 0x55, 0x55, 0x55, 0x55, 0x55, 0x55, 0x55, 0x55, 0x77, 0xbd, 0xef, 0x7b, 0xda,
    0xaa, 0xbb, 0xde, 0xf6, 0xaa, 0xaa, 0xaa, 0xab, 0x9b, 0x47, 0x39, 0xce, 0x73, 0x9c, 0xe7, 0x39,
    0xcf, 0x9e, 0x73, 0x9c, 0xe7, 0x39, 0xce, 0x73, 0xeb, 0x1c, 0x9d, 0xed, 0xde, 0xf6, 0xaa, 0xaa,
    0xaa, 0xaa, 0xaa, 0xaa, 0xae, 0xf7, 0xbd, 0xef, 0x7b, 0x55, 0x55, 0xde, 0xf7, 0xbd, 0xaa, 0xaa,
    0xaa, 0xaa, 0xb8, 0x47, 0x39, 0xce, 0x73, 0x9c, 0xe7, 0x39, 0xce, 0x73, 0xe7, 0x9c, 0xe7, 0x39,
    0xce, 0x73, 0x9c, 0xe7, 0x3e, 0xb3, 0xb0, 0x5d, 0xed, 0x55, 0x55, 0x55, 0x55, 0x55, 0x55, 0x5d,
    0xef, 0x6a, 0xef, 0x7b, 0x55, 0x55, 0xde, 0xf6, 0xaa, 0xaa, 0xaa, 0xab, 0x8e, 0x5a, 0x39, 0xce,
    0x73, 0x9c, 0xe7, 0x39, 0xce, 0x73, 0x9c, 0xf9, 0xe7, 0x39, 0xce, 0x73, 0x9c, 0xe7, 0x39, 0xce,
    0x73, 0xeb, 0x3b, 0x1d, 0xed, 0x55, 0x57, 0x7b, 0xda, 0xaa, 0xaa, 0xaa, 0xef, 0x7b, 0x55, 0x57,
    0x7b, 0xde, 0xf7, 0xbd, 0xef, 0x7b, 0xde, 0xd5, 0x55, 0x55, 0x57, 0x1c, 0xb4, 0x73, 0x9c, 0xe7,
    0x39, 0xce, 0x73, 0x9c, 0xe7, 0x39, 0xce, 0x7c, 0xf3, 0x9c, 0xe7, 0x39, 0xce, 0x73, 0x9c, 0xe7,
    0x39, 0xce, 0x7d, 0x61, 0x92, 0xaa, 0xae, 0xf7, 0xbd, 0xef, 0x7b, 0xde, 0xd5, 0xde, 0xf7, 0xbd,
    0xed, 0x55, 0x55, 0x55, 0x55, 0x55, 0xda, 0xaa, 0xaa, 0xef, 0x2c, 0x74, 0x73, 0x9c, 0xe7, 0x39,
    0xce, 0x73, 0x9c, 0xe7, 0x39, 0xce, 0x73, 0x9f, 0x3c, 0xe7, 0x39, 0xce, 0x73, 0x9c, 0xe7, 0x39,
    0xce, 0x73, 0x9c, 0xe7, 0x3b, 0x9b, 0x05, 0x55, 0x55, 0xde, 0xf6, 0xaa, 0xaa, 0xaa, 0xaa, 0xae,
    0xf7, 0xbd, 0xef, 0x7b, 0x55, 0x77, 0xbd, 0xaa, 0xae, 0x19, 0x93, 0x9c, 0xe7, 0x39, 0xce, 0x73,
    0x9c, 0xe7, 0x39, 0xce, 0x73, 0x9c, 0xe7, 0x39, 0xf3, 0xce, 0x73, 0x9c, 0xe7, 0x39, 0xce, 0x73,
    0x9c, 0xe7, 0x39, 0xce, 0x73, 0x9c, 0xfa, 0xb3, 0xb0, 0x77, 0xbd, 0xef, 0x7b, 0xde, 0xd5, 0x55,
    0x55, 0x55, 0x55, 0x77, 0xbd, 0xaa, 0xaa, 0xaa, 0xae, 0xf0, 0xce, 0xb4, 0x73, 0x9c, 0xe7, 0x39,
    0xce, 0x73, 0x9c, 0xe7, 0x39, 0xce, 0x73, 0x9c, 0xe7, 0x39, 0xcf, 0x9e, 0x73, 0x9c, 0xe7, 0x39,
    0xce, 0x73, 0x9c, 0xe7, 0x39, 0xce, 0x73, 0x9c, 0xe7, 0x39, 0xce, 0x77, 0x0c, 0xd8, 0xef, 0x7b,
    0x55, 0x55, 0x55, 0x55, 0x55, 0x5d, 0xed, 0x55, 0x55, 0x5d, 0xe1, 0x9d, 0x82, 0x73, 0x9c, 0xe7,
    0x39, 0xce, 0x73, 0x9c, 0xe7, 0x39, 0xce, 0x73, 0x9c, 0xe7, 0x39, 0xce, 0x73, 0x9c, 0xf9, 0xe7,
    0x39, 0xce, 0x73, 0x9c, 0xe7, 0x39, 0xce, 0x73, 0x9c, 0xe7, 0x39, 0xce, 0x73, 0x9c, 0xe7, 0x39,
    0xce, 0x77, 0x0c, 0xec, 0xb1, 0xdb, 0xbd, 0xaa, 0xae, 0xf7, 0xbd, 0xed, 0x55, 0xde, 0xf6, 0xaa,
    0xef, 0x1c, 0xd9, 0xd8, 0xe8, 0xe7, 0x39, 0xce, 0x73, 0x9c, 0xe7, 0x39, 0xce, 0x73, 0x9c, 0xe7,
    0x39, 0xce, 0x73, 0x9c, 0xe7, 0x39, 0xce, 0x73, 0x9f, 0x3c, 0xe7, 0x39, 0xce, 0x73, 0x9c, 0xe7,
    0x39, 0xce, 0x73, 0x9c, 0xe7, 0x39, 0xce, 0x73, 0x9c, 0xe7, 0x39, 0xce, 0x73, 0x9c, 0xe7, 0xd6,
    0xf0, 0xcd, 0x9b, 0x2c, 0x31, 0xb7, 0xbd, 0xaa, 0xbb, 0xdd, 0x8e, 0x19, 0x66, 0xcd, 0x96, 0x2e,
    0x8e, 0x73, 0x9c, 0xe7, 0x39, 0xce, 0x73, 0x9c, 0xe7, 0x39, 0xce, 0x73, 0x9c, 0xe7, 0x39, 0xce,
    0x73, 0x9c, 0xe7, 0x39, 0xce, 0x73, 0x9c, 0xf9, 0xe7, 0x39, 0xce, 0x73, 0x9c, 0xe7, 0x39, 0xce,
    0x73, 0x9c, 0xe7, 0x39, 0xce, 0x73, 0x9c, 0xe7, 0x39, 0xce, 0x73, 0x9c, 0xe7, 0x39, 0xce, 0x73,
    0x9c, 0xe7, 0x39, 0xf5, 0xad, 0x3b, 0x57, 0x5a, 0x39, 0xce, 0x73, 0x9c, 0xe7, 0x39, 0xce, 0x73,
    0x9c, 0xe7, 0x39, 0xce, 0x73, 0x9c, 0xe7, 0x39, 0xce, 0x73, 0x9c, 0xe7, 0x39, 0xce, 0x73, 0x9c,
    0xe7, 0x39, 0xce, 0x73, 0x9c, 0xf9, 0xe0
};

const HuffmanFrequency SPRITE_34_FREQS[] = {
    {0x0a, 51},
    {0x23, 91},
    {0x25, 60},
    {0x2a, 72},
    {0x2b, 85},
    {0x2d, 341},
    {0x2e, 322},
    {0x3a, 1250},
    {0x3d, 1577},
    {0x40, 12},
    {0xa0, 1190},
    {0xc2, 1190}
};
}

const HuffmanEncodedSprite SPRITE_34 = {
    SPRITE_34_BYTES,
    static_cast<int>(sizeof(SPRITE_34_BYTES) / sizeof(SPRITE_34_BYTES[0])),
    17331,
    6241,
    SPRITE_34_FREQS,
    static_cast<int>(sizeof(SPRITE_34_FREQS) / sizeof(SPRITE_34_FREQS[0]))
};

namespace
{
const unsigned char SPRITE_35_BYTES[] = {
    0xc2, 0x73, 0x9c, 0xe7, 0x39, 0xce, 0x73, 0x9c, 0xe7, 0x39, 0xce, 0x73, 0x9c, 0xe7, 0x39, 0xce,
    0x73, 0x9c, 0xe7, 0x39, 0xce, 0x73, 0x9c, 0xe7, 0x3d, 0xb6, 0xb3, 0xcb, 0x06, 0x59, 0x67, 0x9e,
    0x79, 0xe3, 0x9e, 0x79, 0x65, 0x96, 0x58, 0xa7, 0xb8, 0xe7, 0x39, 0xce, 0x73, 0x9c, 0xe7, 0x39,
    0xce, 0x73, 0x9c, 0xe7, 0x39, 0xce, 0x73, 0x9c, 0xe7, 0x39, 0xce, 0x73, 0x9c, 0xe7, 0x39, 0xcf,
    0x84, 0xe7, 0x39, 0xce, 0x73, 0x9c, 0xe7, 0x39, 0xce, 0x73, 0x9c, 0xe7, 0x39, 0xce, 0x73, 0x9c,
    0xe7, 0x39, 0xce, 0x73, 0xd3, 0xc7, 0x2c, 0xd6, 0xea, 0xaa, 0xaa, 0xaa, 0xab, 0x7b, 0xdb, 0x7a,
    0xc7, 0x2c, 0x18, 0xb8, 0xe7, 0x39, 0xce, 0x73, 0x9c, 0xe7, 0x39, 0xce, 0x73, 0x9c, 0xe7, 0x39,
    0xce, 0x73, 0x9c, 0xe7, 0x39, 0xce, 0x73, 0xe1, 0x39, 0xce, 0x73, 0x9c, 0xe7, 0x39, 0xce, 0x73,
    0x9c, 0xe7, 0x39, 0xce, 0x73, 0x9c, 0xe7, 0x39, 0xcf, 0x6f, 0x3c, 0x96, 0xea, 0xaa, 0xaa, 0xaa,
    0xaa, 0xaa, 0xde, 0xf6, 0xdb, 0x6d, 0xb6, 0xde, 0x38, 0x31, 0x8e, 0x73, 0x9c, 0xe7, 0x39, 0xce,
    0x73, 0x9c, 0xe7, 0x39, 0xce, 0x73, 0x9c, 0xe7, 0x39, 0xce, 0x73, 0xe1, 0x39, 0xce, 0x73, 0x9c,
    0xe7, 0x39, 0xce, 0x73, 0x9c, 0xe7, 0x39, 0xce, 0x73, 0x9c, 0xe7, 0xb3, 0xc1, 0xaa, 0xaa, 0xaa,
    0xaa, 0xaa, 0xaa, 0xaa, 0xab, 0x7b, 0xdb, 0x6d, 0xb6, 0xdb, 0x6d, 0xbc, 0x70, 0x33, 0x9c, 0xe7,
    0x39, 0xce, 0x73, 0x9c, 0xe7, 0x39, 0xce, 0x73, 0x9c, 0xe7, 0x39, 0xce, 0x7c, 0x27, 0x39, 0xce,
    0x73, 0x9c, 0xe7, 0x39, 0xce, 0x73, 0x9c, 0xe7, 0x39, 0xce, 0x7b, 0x3c, 0xf7, 0x55, 0x55, 0x55,
    0x55, 0x55, 0x55, 0x55, 0x55, 0x6f, 0x7b, 0x6d, 0xb6, 0xdb, 0x6d, 0xb6, 0xda, 0xc0, 0xa3, 0x9c,
    0xe7, 0x39, 0xce, 0x73, 0x9c, 0xe7, 0x39, 0xce, 0x73, 0x9c, 0xe7, 0xc2, 0x73, 0x9c, 0xe7, 0x39,
    0xce, 0x73, 0x9c, 0xe7, 0x39, 0xce, 0x73, 0xd8, 0xe4, 0xea, 0xaa, 0xaa, 0xaa, 0xaa, 0xaa, 0xaa,
    0xaa, 0xaa, 0xad, 0xed, 0xb6, 0xdb, 0x6d, 0xb6, 0xdb, 0x6d, 0xbc, 0x72, 0x67, 0x39, 0xce, 0x73,
    0x9c, 0xe7, 0x39, 0xce, 0x73, 0x9c, 0xe7, 0x3e, 0x13, 0x9c, 0xe7, 0x39, 0xce, 0x73, 0x9c, 0xe7,
    0x39, 0xce, 0x7b, 0x3c, 0x6a, 0xa8, 0xe7, 0xaa, 0xaa, 0xaa, 0xaa, 0xaa, 0xaa, 0xaa, 0xaa, 0xad,
    0xed, 0xb6, 0xdb, 0x6d, 0xb6, 0xdb, 0x6d, 0xbd, 0x64, 0xa3, 0x9c, 0xe7, 0x39, 0xce, 0x73, 0x9c,
    0xe7, 0x39, 0xcf, 0x84, 0xe7, 0x39, 0xce, 0x73, 0x9c, 0xe7, 0x39, 0xce, 0x7d, 0xe4, 0xaa, 0xa3,
    0x9c, 0xe7, 0x39, 0xcf, 0x55, 0x55, 0x55, 0x55, 0x55, 0x55, 0x55, 0x55, 0x5b, 0xdb, 0x6d, 0xb6,
    0xdb, 0x6d, 0xb6, 0xdb, 0x6f, 0x2c, 0x63, 0x9c, 0xe7, 0x39, 0xce, 0x73, 0x9c, 0xe7, 0x3e, 0x13,
    0x9c, 0xe7, 0x39, 0xce, 0x73, 0x9c, 0xe7, 0xb3, 0xc6, 0xaa, 0x39, 0xce, 0x73, 0x9c, 0xe7, 0xaa,
    0xaa, 0xaa, 0xaa, 0xaa, 0xaa, 0xaa, 0xaa, 0xaa, 0xb6, 0xdb, 0x6d, 0xb6, 0xdb, 0x6d, 0xb6, 0xdb,
    0x79, 0x68, 0xe7, 0x39, 0xce, 0x73, 0x9c, 0xe7, 0x39, 0xf0, 0x9c, 0xe7, 0x39, 0xce, 0x73, 0x9c,
    0xe7, 0x59, 0x55, 0x54, 0x73, 0x9c, 0xe7, 0xaa, 0xaa, 0xaa, 0xaa, 0xaa, 0xaa, 0xaa, 0xaa, 0xaa,
    0xaa, 0xb7, 0xb6, 0xdb, 0x6d, 0xb6, 0xdb, 0x6d, 0xb6, 0xde, 0xb0, 0x47, 0x39, 0xce, 0x73, 0x9c,
    0xe7, 0x3e, 0x13, 0x9c, 0xe7, 0x39, 0xce, 0x73, 0xd8, 0x1d, 0x55, 0x55, 0x55, 0x55, 0x55, 0x55,
    0x55, 0x55, 0x55, 0x55, 0x55, 0x55, 0x55, 0x56, 0xf7, 0xb6, 0xdb, 0x6d, 0xb6, 0xdb, 0x6d, 0xb6,
    0xf1, 0xc4, 0xe7, 0x39, 0xce, 0x73, 0x9c, 0xf8, 0x4e, 0x73, 0x9c, 0xe7, 0x39, 0xd6, 0x0a, 0xaa,
    0xaa, 0xaa, 0xaa, 0xaa, 0xaa, 0xaa, 0xaa, 0xaa, 0xaa, 0xaa, 0xaa, 0xaa, 0xaa, 0xb7, 0xbd, 0xb6,
    0xdb, 0x6d, 0xb6, 0xdb, 0x6d, 0xb7, 0xac, 0x8e, 0x73, 0x9c, 0xe7, 0x39, 0xf0, 0x9c, 0xe7, 0x39,
    0xce, 0x7c, 0x73, 0xaa, 0xaa, 0xdd, 0x55, 0x55, 0x55, 0x55, 0x55, 0x55, 0x55, 0x55, 0x55, 0x55,
    0x25, 0xad, 0xee, 0xde, 0xf7, 0xbd, 0xed, 0xb6, 0xdb, 0x6d, 0xb6, 0xdb, 0x6d, 0xb6, 0xf0, 0x47,
    0x39, 0xce, 0x73, 0xe1, 0x39, 0xce, 0x73, 0xd8, 0xe7, 0x55, 0x56, 0x4e, 0xd6, 0xaa, 0xaa, 0xaa,
    0xaa, 0xaa, 0xaa, 0xaa, 0xaa, 0xaa, 0x9e, 0x7a, 0xde, 0xf7, 0xb7, 0x9e, 0x4f, 0x7b, 0xde, 0xf6,
    0xdb, 0x6d, 0xb6, 0xdb, 0x6d, 0xb6, 0xdb, 0x6f, 0x04, 0x73, 0x9c, 0xe7, 0xc2, 0x73, 0x9c, 0xe7,
    0x58, 0xd5, 0x56, 0xd5, 0x56, 0x9d, 0x55, 0x55, 0x55, 0x55, 0x55, 0x55, 0x55, 0x55, 0x8e, 0x7b,
    0xaa, 0xaa, 0xdb, 0xcb, 0x5b, 0xde, 0xdb, 0x6d, 0xb6, 0xdb, 0x6d, 0xb6, 0xdb, 0x6d, 0xbc, 0x11,
    0xce, 0x73, 0xe1, 0x39, 0xce, 0x7d, 0x67, 0x55, 0x4b, 0x75, 0x54, 0xf5, 0x55, 0x55, 0x55, 0x55,
    0x55, 0x55, 0x55, 0x6f, 0x25, 0x55, 0x55, 0x55, 0x5b, 0xc5, 0xb6, 0xdb, 0x6d, 0xb6, 0xdb, 0x6d,
    0xb6, 0xdb, 0x6d, 0xe0, 0x8e, 0x73, 0xe1, 0x39, 0xcf, 0xbc, 0xaa, 0xab, 0x1d, 0xd5, 0x55, 0x58,
    0xd5, 0x55, 0x55, 0x55, 0x55, 0x55, 0x56, 0xf2, 0x75, 0x55, 0x55, 0x55, 0x55, 0xb4, 0xdb, 0x6d,
    0xb6, 0xdb, 0x6d, 0xb6, 0xdb, 0x6d, 0xb5, 0x89, 0xce, 0x7c, 0x27, 0x3d, 0x96, 0xea, 0xac, 0xf7,
    0x55, 0x55, 0x56, 0x75, 0x55, 0x55, 0x55, 0x55, 0x55, 0x6f, 0x03, 0xaa, 0xaa, 0xaa, 0xaa, 0xaa,
    0xad, 0x69, 0xb6, 0xdb, 0x6d, 0xb6, 0xdb, 0x6d, 0xb6, 0xdb, 0xcd, 0x9c, 0xf8, 0x4e, 0x7d, 0x63,
    0x55, 0x2d, 0x55, 0x55, 0x55, 0x6d, 0x55, 0x55, 0x55, 0x55, 0x55, 0x6f, 0x2d, 0x55, 0x55, 0x55,
    0x55, 0x55, 0x55, 0x4d, 0xb6, 0xdb, 0x6d, 0xb6, 0xdb, 0x6d, 0xb6, 0xdb, 0x79, 0x47, 0xc2, 0x7b,
    0x2a, 0xaa, 0xce, 0xaa, 0xaa, 0xaa, 0xb6, 0xea, 0xaa, 0xab, 0x55, 0x55, 0xbc, 0xf5, 0x55, 0x55,
    0x55, 0x55, 0x55, 0x55, 0x56, 0xdb, 0x6d, 0xb6, 0xdb, 0x6d, 0xb6, 0xdb, 0x6d, 0xb7, 0x8b, 0x3e,
    0x13, 0xeb, 0x1a, 0xaa, 0xd5, 0x55, 0x55, 0x55, 0x4a, 0xaa, 0xaa, 0x96, 0xeb, 0x7b, 0xc5, 0x55,
    0x55, 0x55, 0x55, 0x55, 0x55, 0x55, 0x5b, 0x6d, 0xb6, 0xdb, 0x6d, 0xb6, 0xdb, 0x6d, 0xb6, 0xde,
    0xb3, 0x3e, 0x13, 0xe7, 0xba, 0xaa, 0xaa, 0xaa, 0xaa, 0xaa, 0xb7, 0x55, 0x55, 0x64, 0xf7, 0xbd,
    0x67, 0xbd, 0xd5, 0x55, 0x55, 0x55, 0x55, 0x55, 0x55, 0x5b, 0x6d, 0xb6, 0xdb, 0x6d, 0xb6, 0xdb,
    0x6d, 0xb6, 0xdb, 0xca, 0xc3, 0x65, 0x55, 0x55, 0x55, 0x55, 0x55, 0x55, 0x55, 0x55, 0x59, 0x3d,
    0xe7, 0xad, 0xd5, 0x55, 0x55, 0x55, 0x55, 0x55, 0x55, 0x56, 0xf6, 0xdb, 0x6d, 0xb6, 0xdb, 0x6d,
    0xb6, 0xdb, 0x6d, 0xb7, 0x8b, 0xc3, 0xbc, 0xea, 0xaa, 0xaa, 0xaa, 0xaa, 0xaa, 0xaa, 0xaa, 0xa9,
    0xad, 0xef, 0x75, 0x55, 0x55, 0x55, 0x55, 0x55, 0x55, 0x55, 0x6d, 0xb6, 0xdb, 0x6d, 0xb6, 0xdb,
    0x6d, 0xb6, 0xdb, 0x6d, 0xad, 0x61, 0xd6, 0x7b, 0xde, 0xf7, 0x55, 0x55, 0x55, 0x59, 0x55, 0x55,
    0x55, 0x55, 0x55, 0x55, 0x55, 0x55, 0x55, 0x55, 0x55, 0x55, 0x56, 0xf6, 0xdb, 0x6d, 0xb6, 0xdb,
    0x6d, 0xb6, 0xdb, 0x6d, 0xb6, 0xd2, 0xc2, 0xf3, 0xde, 0xf7, 0xbd, 0xd5, 0x55, 0x55, 0x6f, 0x05,
    0x55, 0x55, 0x55, 0x55, 0x55, 0x55, 0x59, 0xee, 0xaa, 0xaa, 0xaa, 0xaa, 0xaa, 0xdb, 0x6d, 0xb6,
    0xdb, 0x6d, 0xb6, 0xdb, 0x6d, 0xb6, 0xdb, 0x69, 0x61, 0x79, 0xbd, 0xef, 0x7b, 0xaa, 0xaa, 0xaa,
    0xde, 0x0a, 0xaa, 0xaa, 0xaa, 0xaa, 0xaa, 0xaa, 0xb0, 0x55, 0x55, 0x55, 0x55, 0x55, 0x5b, 0xdb,
    0x6d, 0xb6, 0xdb, 0x6d, 0xb6, 0xdb, 0x6d, 0xb6, 0xdb, 0xc7, 0x06, 0xb0, 0xef, 0x36, 0xf7, 0xbd,
    0xef, 0x7b, 0xaa, 0xaa, 0xad, 0xd5, 0x55, 0x55, 0x55, 0x55, 0x55, 0x55, 0x82, 0xaa, 0xaa, 0xaa,
    0xaa, 0xab, 0x7b, 0xde, 0xdb, 0x6d, 0xb6, 0xdb, 0x6d, 0xb6, 0xdb, 0x6d, 0xb7, 0x9a, 0xcd, 0xe1,
    0xb2, 0x6d, 0xef, 0x7b, 0xde, 0xf7, 0x55, 0x55, 0x55, 0x55, 0x55, 0x55, 0x55, 0x55, 0x55, 0x6a,
    0xaa, 0xaa, 0xaa, 0xaa, 0xad, 0xef, 0x7b, 0xdb, 0x6d, 0xb6, 0xdb, 0x6d, 0xb6, 0xdb, 0x6d, 0xbc,
    0xd2, 0x59, 0x58, 0x4e, 0xb0, 0x26, 0xf7, 0xbd, 0xef, 0x7b, 0xaa, 0xaa, 0xaa, 0xaa, 0xaa, 0xaa,
    0xaa, 0xaa, 0xaa, 0xaa, 0xaa, 0xaa, 0xaa, 0xab, 0x7b, 0xde, 0xf7, 0xb6, 0xdb, 0x6d, 0xb6, 0xdb,
    0x6d, 0xbd, 0xbc, 0x71, 0x49, 0x25, 0x89, 0xf0, 0x9f, 0x79, 0x2c, 0x72, 0xd3, 0xde, 0xf7, 0xbd,
    0xee, 0xaa, 0xaa, 0xaa, 0xaa, 0xaa, 0xaa, 0xaa, 0xaa, 0xaa, 0xaa, 0xaa, 0xaa, 0xab, 0x7b, 0xde,
    0xf7, 0xbd, 0xb6, 0xdb, 0x6d, 0xb6, 0xdb, 0x7a, 0xcd, 0x6b, 0x5a, 0xd2, 0xd6, 0xb3, 0x67, 0xc2,
    0x73, 0xe2, 0x92, 0x4b, 0x1c, 0xb3, 0x7b, 0xde, 0xf7, 0x55, 0x55, 0x55, 0x55, 0x55, 0x55, 0x55,
    0x55, 0x55, 0x55, 0x55, 0x55, 0xbd, 0xef, 0x7b, 0xde, 0xdb, 0x6d, 0xb6, 0xdb, 0x6d, 0x65, 0x8a,
    0x5a, 0xd6, 0xb5, 0xad, 0x6b, 0x5a, 0xcc, 0xe7, 0xc2, 0x73, 0xef, 0x24, 0x92, 0x49, 0x69, 0x2c,
    0xf2, 0xcf, 0x55, 0x55, 0x55, 0x55, 0x55, 0x55, 0x55, 0x55, 0x55, 0x55, 0x55, 0x5b, 0xde, 0xf7,
    0xbd, 0xed, 0xb6, 0xdb, 0x7a, 0xcb, 0x06, 0x58, 0xa4, 0x92, 0x5a, 0xd6, 0xb5, 0xad, 0x6b, 0x5a,
    0xcd, 0x9c, 0xf8, 0x4e, 0x73, 0xeb, 0x14, 0x92, 0x49, 0x2d, 0x6b, 0x5a, 0xd6, 0xb4, 0xb1, 0xcf,
    0x3c, 0x77, 0x55, 0x55, 0x55, 0x55, 0x55, 0x55, 0x55, 0x55, 0x5b, 0xde, 0xf7, 0xbd, 0xeb, 0x1c,
    0xf2, 0xcb, 0x3c, 0x52, 0x49, 0x24, 0x92, 0x49, 0x2d, 0x6b, 0x5a, 0xd6, 0xb5, 0xac, 0x51, 0xce,
    0x7c, 0x27, 0x39, 0xec, 0x92, 0x49, 0x24, 0xb3, 0x4b, 0x5a, 0xd6, 0xb5, 0xad, 0x6b, 0x5a, 0xd6,
    0xb4, 0x92, 0xc7, 0x1c, 0x71, 0xc7, 0x1c, 0x71, 0xc7, 0x1c, 0x71, 0xc7, 0x1c, 0x71, 0x58, 0xe3,
    0x9e, 0x79, 0xe7, 0x9e, 0x38, 0xe3, 0x8e, 0x29, 0x69, 0x24, 0x92, 0x49, 0x24, 0x92, 0x49, 0x24,
    0x92, 0xd6, 0xb5, 0xad, 0x6b, 0x5a, 0xd6, 0x71, 0xce, 0x7c, 0x27, 0x39, 0xcf, 0x60, 0x49, 0x24,
    0x92, 0x58, 0xe0, 0xcf, 0x35, 0xad, 0x6b, 0x5a, 0xd6, 0xb5, 0xad, 0x6b, 0x5a, 0x6d, 0xbd, 0x37,
    0xad, 0x6b, 0x5a, 0xd3, 0xd6, 0xb5, 0xad, 0x6b, 0x5a, 0xd6, 0xb5, 0xad, 0x69, 0x24, 0x92, 0x49,
    0x24, 0x96, 0x29, 0x24, 0x92, 0x4b, 0x5a, 0xd6, 0xb5, 0xad, 0x6b, 0x5a, 0xca, 0x39, 0xce, 0x7c,
    0x27, 0x39, 0xce, 0x7b, 0x02, 0x49, 0x24, 0x92, 0x59, 0x36, 0xda, 0xc7, 0x3c, 0xb3, 0xc5, 0x2d,
    0x6b, 0x5a, 0xd6, 0xb5, 0xad, 0x6b, 0x5a, 0xd6, 0xb5, 0xad, 0x6b, 0x5a, 0xd6, 0xb5, 0xad, 0x6b,
    0x49, 0x24, 0x92, 0x49, 0x25, 0x8e, 0x59, 0x66, 0x92, 0x49, 0x24, 0x96, 0xb5, 0xad, 0x6b, 0x5a,
    0xd6, 0xb5, 0x94, 0x73, 0x9c, 0xe7, 0xc2, 0x73, 0x9c, 0xe7, 0x39, 0xf0, 0x24, 0x92, 0x49, 0x25,
    0x8e, 0x2d, 0xb6, 0xdb, 0x6d, 0xb6, 0xdb, 0xd2, 0xcf, 0x3c, 0xb2, 0xcb, 0x2c, 0xb3, 0xcf, 0x3c,
    0xf1, 0xc7, 0x14, 0x96, 0x38, 0xe3, 0x9e, 0x79, 0x65, 0x96, 0x59, 0xad, 0x37, 0xac, 0x92, 0x49,
    0x24, 0x92, 0x4b, 0x5a, 0xd6, 0xb5, 0xad, 0x6b, 0x5a, 0xca, 0x39, 0xce, 0x73, 0x9f, 0x09, 0xce,
    0x73, 0x9c, 0xe7, 0x3e, 0x59, 0xa4, 0x92, 0x49, 0x25, 0x8e, 0x4d, 0xef, 0x6d, 0xbd, 0xef, 0x7b,
    0xde, 0xf7, 0xb6, 0xdb, 0x6d, 0xb6, 0xdb, 0x6d, 0xb6, 0xdb, 0x6d, 0xed, 0xef, 0x7b, 0xdb, 0x59,
    0xa4, 0x92, 0x49, 0x24, 0xb5, 0xad, 0x6b, 0x5a, 0xd6, 0xb5, 0xa5, 0x99, 0xce, 0x73, 0x9c, 0xe7,
    0x3e, 0x13, 0x9c, 0xe7, 0x39, 0xce, 0x73, 0xbc, 0x09, 0x24, 0x92, 0x49, 0x25, 0x92, 0xde, 0xf6,
    0xf7, 0xbd, 0xed, 0xb7, 0xb6, 0xf7, 0xbd, 0xef, 0x7b, 0xdb, 0xde, 0xdb, 0x6f, 0x7b, 0xde, 0xf7,
    0xbd, 0xef, 0x7b, 0xde, 0xde, 0x49, 0x24, 0x92, 0x49, 0x25, 0xad, 0x6b, 0x5a, 0xd6, 0xb5, 0xad,
    0x65, 0xa3, 0x9c, 0xe7, 0x39, 0xce, 0x73, 0xe1, 0x39, 0xce, 0x73, 0x9c, 0xe7, 0x39, 0xec, 0xb3,
    0x49, 0x24, 0x92, 0x49, 0x25, 0x9e, 0x49, 0xef, 0x7b, 0xde, 0xf7, 0xbd, 0xef, 0x7b, 0xde, 0xf7,
    0xbd, 0xef, 0x7b, 0xde, 0xf3, 0xde, 0xf7, 0xbd, 0xef, 0x7b, 0xde, 0xf6, 0xf2, 0x49, 0x24, 0x92,
    0x49, 0x2d, 0x6b, 0x5a, 0xd6, 0xb5, 0xad, 0x69, 0x67, 0x1c, 0xe7, 0x39, 0xce, 0x73, 0x9c, 0xf8,
    0x4e, 0x73, 0x9c, 0xe7, 0x39, 0xce, 0x73, 0x9f, 0x78, 0x31, 0x49, 0x24, 0x92, 0x49, 0x24, 0x96,
    0x39, 0xe6, 0xb7, 0xb7, 0xbd, 0xb7, 0xbd, 0xef, 0x7b, 0xdb, 0xde, 0xf7, 0x93, 0xde, 0xf7, 0xbd,
    0xed, 0xac, 0xb1, 0x49, 0x24, 0x92, 0x49, 0x25, 0xad, 0x6b, 0x5a, 0xd6, 0xb5, 0xad, 0x65, 0xb3,
    0x9c, 0xe7, 0x39, 0xce, 0x73, 0x9c, 0xe7, 0xc2, 0x73, 0x9c, 0xe7, 0x39, 0xce, 0x73, 0x9c, 0xe7,
    0x3e, 0xb2, 0x49, 0x24, 0x92, 0x49, 0x24, 0x92, 0x49, 0x63, 0x9e, 0x59, 0x63, 0x9b, 0xde, 0xf7,
    0xbd, 0xef, 0x7b, 0x79, 0x6f, 0x7b, 0x6b, 0x3c, 0xd2, 0x49, 0x24, 0x92, 0x49, 0x24, 0xb5, 0xad,
    0x6b, 0x5a, 0xd6, 0xb5, 0x93, 0x39, 0xce, 0x73, 0x9c, 0xe7, 0x39, 0xce, 0x73, 0x9f, 0x09, 0xce,
    0x73, 0x9c, 0xe7, 0x39, 0xce, 0x73, 0x9c, 0xe7, 0x3b, 0xc1, 0x8a, 0x49, 0x24, 0x92, 0x49, 0x24,
    0x92, 0x49, 0x24, 0x96, 0x38, 0xe7, 0x9e, 0x59, 0xe5, 0x9e, 0x38, 0xa4, 0x92, 0x49, 0x24, 0x92,
    0x49, 0x24, 0x92, 0xd6, 0xb5, 0xad, 0x6b, 0x4b, 0x26, 0x73, 0x9c, 0xe7, 0x39, 0xce, 0x73, 0x9c,
    0xe7, 0x39, 0xcf, 0x84, 0xe7, 0x39, 0xce, 0x73, 0x9c, 0xe7, 0x39, 0xce, 0x73, 0x9c, 0xe7, 0xb2,
    0xcd, 0x24, 0x92, 0x49, 0x24, 0x92, 0x49, 0x24, 0x92, 0x49, 0x24, 0x92, 0x49, 0x24, 0x92, 0x49,
    0x24, 0x92, 0x49, 0x24, 0x96, 0xb5, 0xad, 0x6b, 0x1c, 0xf6, 0x73, 0x9c, 0xe7, 0x39, 0xce, 0x73,
    0x9c, 0xe7, 0x39, 0xce, 0x73, 0xe1, 0x39, 0xce, 0x73, 0x9c, 0xe7, 0x39, 0xce, 0x73, 0x9c, 0xe7,
    0x39, 0xce, 0x73, 0xeb, 0x06, 0x29, 0x24, 0x92, 0x49, 0x24, 0x92, 0x49, 0x24, 0x92, 0x49, 0x24,
    0x92, 0x49, 0x24, 0x92, 0x49, 0x24, 0x92, 0x49, 0x2d, 0x2c, 0xb6, 0x73, 0x9c, 0xe7, 0x39, 0xce,
    0x73, 0x9c, 0xe7, 0x39, 0xce, 0x73, 0x9c, 0xe7, 0xc2, 0x73, 0x9c, 0xe7, 0x39, 0xce, 0x73, 0x9c,
    0xe7, 0x39, 0xce, 0x73, 0x9c, 0xe7, 0x39, 0xe7, 0x83, 0x24, 0x92, 0x49, 0x24, 0x92, 0x49, 0x24,
    0x92, 0x49, 0x24, 0x92, 0x49, 0x24, 0x92, 0x49, 0x24, 0x92, 0x4b, 0x1c, 0x1a, 0x8e, 0x73, 0x9c,
    0xe7, 0x39, 0xce, 0x73, 0x9c, 0xe7, 0x39, 0xce, 0x73, 0x9c, 0xe7, 0x3e, 0x13, 0x9c, 0xe7, 0x39,
    0xce, 0x73, 0x9c, 0xe7, 0x39, 0xce, 0x73, 0x9c, 0xe7, 0x39, 0xce, 0x73, 0x9c, 0xf2, 0xc1, 0x92,
    0x49, 0x24, 0x92, 0x49, 0x24, 0x92, 0x49, 0x24, 0x92, 0x49, 0x24, 0x92, 0x49, 0x25, 0x9e, 0x0c,
    0x63, 0x9c, 0xe7, 0x39, 0xce, 0x73, 0x9c, 0xe7, 0x39, 0xce, 0x73, 0x9c, 0xe7, 0x39, 0xce, 0x73,
    0x9c, 0xf8, 0x4e, 0x73, 0x9c, 0xe7, 0x39, 0xce, 0x73, 0x9c, 0xe7, 0x39, 0xce, 0x73, 0x9c, 0xe7,
    0x39, 0xce, 0x73, 0x9c, 0xe7, 0x3c, 0xf1, 0xc1, 0x96, 0x78, 0xa4, 0x92, 0x49, 0x24, 0x92, 0x49,
    0x24, 0x92, 0x49, 0x2c, 0xf2, 0xc1, 0x9e, 0xa3, 0x9c, 0xe7, 0x39, 0xce, 0x73, 0x9c, 0xe7, 0x39,
    0xce, 0x73, 0x9c, 0xe7, 0x39, 0xce, 0x73, 0x9c, 0xe7, 0x39, 0xcf, 0x84, 0xe7, 0x39, 0xce, 0x73,
    0x9c, 0xe7, 0x39, 0xce, 0x73, 0x9c, 0xe7, 0x39, 0xce, 0x73, 0x9c, 0xe7, 0x39, 0xce, 0x73, 0x9c,
    0xe7, 0x39, 0xcf, 0x6d, 0xac, 0xf2, 0xcb, 0x2c, 0xb2, 0xcf, 0x3c, 0xf3, 0xcf, 0x2c, 0xb2, 0xcb,
    0x2c, 0xd6, 0xb7, 0xb8, 0xe7, 0x39, 0xce, 0x73, 0x9c, 0xe7, 0x39, 0xce, 0x73, 0x9c, 0xe7, 0x39,
    0xce, 0x73, 0x9c, 0xe7, 0x39, 0xce, 0x73, 0x9c, 0xe7, 0x39, 0xcf, 0x84
};

const HuffmanFrequency SPRITE_35_FREQS[] = {
    {0x0a, 51},
    {0x23, 100},
    {0x25, 98},
    {0x2a, 96},
    {0x2b, 626},
    {0x2d, 743},
    {0x2e, 1699},
    {0x3a, 303},
    {0x3d, 261},
    {0x40, 35},
    {0xa0, 1039},
    {0xc2, 1039}
};
}

const HuffmanEncodedSprite SPRITE_35 = {
    SPRITE_35_BYTES,
    static_cast<int>(sizeof(SPRITE_35_BYTES) / sizeof(SPRITE_35_BYTES[0])),
    17886,
    6090,
    SPRITE_35_FREQS,
    static_cast<int>(sizeof(SPRITE_35_FREQS) / sizeof(SPRITE_35_FREQS[0]))
};

namespace
{
const unsigned char SPRITE_36_BYTES[] = {
    0x9a, 0xdb, 0x6d, 0xb6, 0xdb, 0x6d, 0xb6, 0xdb, 0x6d, 0xb6, 0xdb, 0x6d, 0xb6, 0xdb, 0x6d, 0xb6,
    0xdb, 0x6d, 0xb6, 0xdb, 0x6d, 0xb6, 0xdb, 0xb4, 0xaa, 0xcd, 0xb6, 0xdb, 0x6d, 0xb6, 0xdb, 0x6d,
    0xb6, 0xdb, 0x6d, 0xb6, 0xdb, 0x6d, 0xb6, 0xe6, 0xb6, 0xdb, 0x6d, 0xb6, 0xdb, 0x6d, 0xb6, 0xdb,
    0x6d, 0xb6, 0xdb, 0x6d, 0xb6, 0xdb, 0x6d, 0xb6, 0xdb, 0x6d, 0xb6, 0xdb, 0x6d, 0xda, 0xf5, 0x17,
    0xb3, 0x6d, 0xb6, 0xdb, 0x6d, 0xb6, 0xdb, 0x6d, 0xb6, 0xdb, 0x6d, 0xb6, 0xdb, 0x6d, 0xb7, 0x35,
    0xb6, 0xdb, 0x6d, 0xb6, 0xdb, 0x6d, 0xb6, 0xdb, 0x6d, 0xb6, 0xdb, 0x6d, 0xb6, 0xdb, 0x6d, 0xb6,
    0xdb, 0x6d, 0xb6, 0xdb, 0xb5, 0x55, 0x44, 0xac, 0xdb, 0x6d, 0xb6, 0xdb, 0x6d, 0xb6, 0xed, 0x69,
    0x55, 0x54, 0x55, 0x9b, 0x6d, 0xb6, 0xdb, 0x6d, 0xcd, 0x6d, 0xb6, 0xdb, 0x6d, 0xb6, 0xdb, 0x6d,
    0xb7, 0x29, 0x59, 0xb6, 0xdb, 0x6d, 0xb6, 0xdb, 0x6d, 0xb6, 0xdb, 0x6d, 0xb6, 0xed, 0x78, 0xaa,
    0x89, 0x36, 0xdb, 0x6d, 0xb6, 0xdb, 0x6e, 0x55, 0x15, 0x55, 0x51, 0x7b, 0x36, 0xdb, 0x6d, 0xb6,
    0xdb, 0x6d, 0xcd, 0x6d, 0xb6, 0xdb, 0x6d, 0xb6, 0xdb, 0x6d, 0xb6, 0xef, 0x51, 0x7b, 0x36, 0xdb,
    0x6d, 0xb6, 0xdb, 0x6d, 0xb6, 0xdb, 0x6d, 0xca, 0x2a, 0xaa, 0xa4, 0xdb, 0x6d, 0xb6, 0xdd, 0xad,
    0x78, 0x8a, 0xbd, 0xea, 0xaa, 0xf6, 0x6d, 0xb6, 0xdb, 0x6d, 0xb6, 0xdb, 0x6d, 0xcd, 0x6d, 0xb6,
    0xdb, 0x6d, 0xb6, 0xdb, 0x6d, 0xb6, 0xdd, 0xaa, 0xaa, 0xa5, 0x66, 0xdb, 0x6d, 0xb6, 0xdb, 0x6d,
    0xb6, 0xdd, 0xaa, 0xaa, 0xf5, 0x52, 0x6d, 0xb6, 0xdb, 0xb4, 0xaf, 0x55, 0x7b, 0xde, 0xf5, 0x57,
    0xb3, 0x6d, 0xb6, 0xdb, 0x6d, 0xb6, 0xdb, 0x6d, 0xb7, 0x35, 0xb6, 0xdb, 0x6d, 0xb6, 0xdb, 0x6d,
    0xb6, 0xdb, 0x6e, 0xd5, 0x55, 0x55, 0x26, 0xdb, 0x6d, 0xb6, 0xdb, 0x6d, 0xb7, 0x68, 0xbd, 0xef,
    0x7a, 0xbb, 0x6d, 0xb6, 0xed, 0x7a, 0xab, 0xde, 0xf7, 0xbd, 0x54, 0x9b, 0x6d, 0xbb, 0x5a, 0x52,
    0xbd, 0xef, 0x7b, 0xde, 0xcd, 0xb6, 0xdb, 0x73, 0x5b, 0x6d, 0xb6, 0xdb, 0x6d, 0xb6, 0xdb, 0x6d,
    0xb6, 0xdd, 0xaf, 0x15, 0x7a, 0xa9, 0x36, 0xdb, 0x6d, 0xb6, 0xdb, 0x72, 0xab, 0xde, 0xf7, 0xbd,
    0xdb, 0x6d, 0xbb, 0x44, 0x55, 0x55, 0x5e, 0xa2, 0xf6, 0x6d, 0xda, 0xf5, 0x55, 0x55, 0x55, 0x15,
    0x29, 0x5a, 0xcd, 0xb6, 0xdb, 0x6e, 0x6b, 0x6d, 0xb6, 0xdb, 0x6d, 0xb6, 0xdb, 0x6d, 0xb6, 0xdb,
    0x76, 0x94, 0x5e, 0xf7, 0xab, 0xd9, 0xb6, 0xdd, 0xa5, 0x26, 0xdc, 0xaa, 0xaf, 0x7b, 0xd5, 0x59,
    0xb6, 0xed, 0x11, 0x55, 0x55, 0x55, 0x17, 0xb5, 0xa5, 0x15, 0x7b, 0xde, 0xf7, 0xa8, 0xbc, 0xad,
    0x66, 0xdb, 0x6d, 0xb6, 0xdb, 0x6e, 0x6b, 0x6d, 0xb6, 0xdb, 0x6d, 0xb6, 0xdb, 0x6d, 0xb6, 0xdb,
    0x6d, 0xca, 0x2f, 0x7b, 0xd4, 0xf2, 0xb3, 0x6e, 0xd5, 0x4d, 0xda, 0xf5, 0x55, 0x55, 0x16, 0x6d,
    0xda, 0x22, 0xaa, 0xaa, 0xa2, 0x2f, 0x6a, 0x9e, 0xaa, 0xf7, 0xaa, 0xa8, 0x93, 0x6d, 0xb6, 0xdb,
    0x6d, 0xb6, 0xdb, 0x6d, 0xcd, 0x6d, 0xb6, 0xdb, 0x6d, 0xb6, 0xdb, 0x6d, 0xb6, 0xdb, 0x6d, 0xb7,
    0x6a, 0x8a, 0xaa, 0x88, 0xb3, 0x76, 0xaa, 0x6e, 0xf1, 0x55, 0x55, 0x52, 0x6d, 0xde, 0x22, 0xaa,
    0xaa, 0xa2, 0x22, 0x2a, 0xaa, 0xaa, 0xaa, 0xac, 0xdb, 0x6d, 0xb6, 0xdb, 0x6d, 0xb6, 0xdb, 0x6d,
    0xb9, 0xad, 0xb6, 0xdb, 0x6d, 0xb6, 0xdb, 0x6d, 0xb6, 0xdb, 0x6d, 0xb6, 0xdd, 0xaa, 0x2a, 0xaa,
    0xa2, 0xee, 0xd7, 0xbc, 0xad, 0x55, 0x55, 0x55, 0x3b, 0x76, 0xbc, 0x54, 0x55, 0x54, 0x4f, 0x15,
    0x55, 0x55, 0x15, 0x7b, 0x36, 0xdb, 0x6d, 0xb6, 0xdb, 0x6d, 0xb6, 0xdb, 0x6d, 0xb7, 0x35, 0xb6,
    0xdb, 0xb5, 0xa5, 0x7a, 0xab, 0xde, 0xf7, 0xbd, 0xef, 0x7a, 0xbc, 0xad, 0x66, 0xdb, 0x6e, 0xd7,
    0x8a, 0xaa, 0xaa, 0xab, 0x4a, 0x7a, 0xbd, 0x55, 0x55, 0x44, 0x9d, 0xaa, 0x2a, 0xaa, 0xa2, 0x78,
    0xaa, 0xaa, 0xa8, 0xa9, 0x59, 0xb6, 0xdb, 0x6d, 0xb6, 0xdb, 0x6d, 0xb6, 0xdb, 0x6d, 0xb6, 0xe6,
    0xb7, 0x69, 0x55, 0x55, 0x55, 0xef, 0x7b, 0xde, 0xf7, 0xbd, 0xef, 0x7a, 0xaa, 0x88, 0xaa, 0xbd,
    0x9b, 0x76, 0xbc, 0x55, 0x55, 0x55, 0x54, 0xf5, 0x11, 0x55, 0x55, 0x32, 0xed, 0x11, 0x55, 0x55,
    0x3c, 0xf5, 0x55, 0x55, 0x17, 0xb3, 0x6d, 0xb6, 0xdb, 0xb5, 0xad, 0x6b, 0x5a, 0xd6, 0x6d, 0xb6,
    0xdb, 0x6d, 0xb6, 0xe6, 0xda, 0xf5, 0x55, 0x55, 0x7b, 0xde, 0xf7, 0xbd, 0xef, 0x7b, 0xde, 0xf5,
    0x55, 0x55, 0x55, 0x55, 0x11, 0x17, 0xb3, 0xb4, 0x45, 0x55, 0x54, 0xf3, 0xcf, 0x33, 0x11, 0x15,
    0x17, 0xb4, 0xf1, 0x55, 0x55, 0x3c, 0x55, 0x55, 0x4f, 0x2b, 0x37, 0x69, 0x5e, 0x22, 0xaa, 0xaa,
    0x2a, 0xaa, 0xaa, 0xaa, 0xaa, 0xa2, 0x7a, 0x95, 0xac, 0xdb, 0x6e, 0x6c, 0xad, 0x6b, 0x5a, 0xd6,
    0xb5, 0xad, 0x6b, 0x4a, 0xa7, 0x88, 0xaa, 0xaa, 0xaa, 0xaa, 0xaa, 0xaa, 0xaa, 0xaa, 0x9e, 0xf6,
    0x9e, 0xa2, 0x2a, 0x27, 0x9e, 0x66, 0x78, 0x88, 0x9e, 0xd3, 0x31, 0x11, 0x11, 0x3c, 0x45, 0x54,
    0xf6, 0xb4, 0xaa, 0x2a, 0xaa, 0xaa, 0xaa, 0xaa, 0xaa, 0xaa, 0xaa, 0xf7, 0xbd, 0xef, 0x7a, 0xaa,
    0xaa, 0xaa, 0x8b, 0xd9, 0xcd, 0x6d, 0xb6, 0xdb, 0x6d, 0xb6, 0xdb, 0x6e, 0xd2, 0x89, 0xe2, 0x2a,
    0xaa, 0xaa, 0xaa, 0xaa, 0xaa, 0xa7, 0x9e, 0x78, 0x88, 0x9e, 0x79, 0xe7, 0x9e, 0x22, 0x66, 0x78,
    0x88, 0x89, 0xe7, 0x88, 0x89, 0xe5, 0x53, 0xd5, 0x55, 0x55, 0x55, 0x55, 0x54, 0x44, 0x44, 0x44,
    0x45, 0x5e, 0x56, 0xb5, 0x9b, 0x6d, 0xda, 0xd6, 0x95, 0x44, 0xd6, 0xdb, 0x6d, 0xb6, 0xdb, 0x6d,
    0xb6, 0xdb, 0x6d, 0xb9, 0x44, 0x44, 0x55, 0x55, 0x55, 0x55, 0x44, 0xf3, 0xcf, 0x11, 0x3c, 0xcc,
    0xcc, 0xf3, 0xcf, 0x33, 0x3c, 0x44, 0x4f, 0x33, 0x11, 0x3c, 0xcc, 0xf5, 0x55, 0x55, 0x55, 0x51,
    0x15, 0x51, 0x7b, 0x36, 0xdb, 0x6d, 0xb6, 0xdb, 0x6d, 0xb6, 0xdb, 0x6d, 0xcd, 0x6d, 0xb6, 0xdb,
    0x6d, 0xb6, 0xdb, 0x6d, 0xb6, 0xdb, 0x6d, 0xbb, 0x5e, 0xa2, 0x2a, 0xaa, 0xaa, 0x22, 0x79, 0xe7,
    0x9e, 0x79, 0x99, 0xe7, 0x9e, 0x62, 0x22, 0x27, 0x9e, 0x79, 0xe6, 0x67, 0x8a, 0xaa, 0xaa, 0x88,
    0xab, 0xda, 0xd6, 0xb5, 0xad, 0x6b, 0x5a, 0xcd, 0xb6, 0xdb, 0x6d, 0xb6, 0xdb, 0x6d, 0xb6, 0xe6,
    0xb6, 0xdb, 0x6d, 0xb6, 0xdb, 0x76, 0xb4, 0xa5, 0x7a, 0xaa, 0xaa, 0xaa, 0xaa, 0xab, 0xca, 0xd2,
    0xa8, 0x88, 0x88, 0x88, 0x89, 0xe7, 0x9e, 0x79, 0xe7, 0x9e, 0x78, 0x88, 0x9e, 0x79, 0xe7, 0x88,
    0x88, 0x89, 0xe6, 0x67, 0xaa, 0x89, 0xe2, 0x22, 0x2a, 0xaa, 0xa2, 0x22, 0xaf, 0x79, 0x59, 0xb6,
    0xdb, 0x6d, 0xb6, 0xdb, 0x73, 0x5b, 0x6d, 0xb6, 0xdd, 0xaf, 0x15, 0x55, 0x57, 0xbd, 0xea, 0xaa,
    0xaa, 0xaa, 0xaa, 0xaa, 0xaa, 0x22, 0xa7, 0x98, 0x99, 0x88, 0x88, 0x89, 0xe7, 0x9e, 0x79, 0xe6,
    0x27, 0x88, 0x9e, 0x66, 0x78, 0x88, 0x89, 0xe7, 0x9e, 0x22, 0xaa, 0xaa, 0xaa, 0xaa, 0xaa, 0xaa,
    0xaa, 0xf7, 0xbd, 0xef, 0x7b, 0xd5, 0xec, 0xdb, 0x6d, 0xb6, 0xdb, 0x73, 0x5b, 0x6d, 0xda, 0x51,
    0x15, 0x55, 0x57, 0xbd, 0xef, 0x7a, 0xaa, 0xaa, 0xaa, 0xaa, 0xaa, 0xaa, 0xaa, 0xa8, 0x88, 0x89,
    0xe6, 0x62, 0x22, 0x79, 0xe7, 0x9e, 0x79, 0x89, 0xe7, 0x9e, 0x66, 0x78, 0x88, 0x9e, 0x78, 0x88,
    0x88, 0xa8, 0x9e, 0x66, 0x2f, 0x29, 0x4a, 0x52, 0xa9, 0xe2, 0xaf, 0x7b, 0xde, 0xf7, 0xbd, 0x54,
    0x59, 0xb6, 0xdb, 0x6d, 0xb9, 0xad, 0xbb, 0x54, 0x55, 0x55, 0x44, 0xf3, 0xd5, 0xe5, 0x6b, 0x5a,
    0xd6, 0x95, 0x4c, 0xcf, 0x15, 0x55, 0x55, 0x51, 0x13, 0x33, 0x33, 0xc4, 0x44, 0xf3, 0xcf, 0x3c,
    0xf3, 0xcf, 0x3c, 0xf3, 0xcf, 0x33, 0x3c, 0xf3, 0xcf, 0x11, 0x11, 0x3c, 0xcd, 0xec, 0xdb, 0x6d,
    0xb6, 0xdb, 0x6d, 0xb6, 0xed, 0x51, 0x55, 0x55, 0x55, 0x7b, 0x36, 0xdb, 0x6d, 0xcd, 0x76, 0xbc,
    0x55, 0x59, 0xb6, 0xdb, 0x6d, 0xda, 0x55, 0x3d, 0x55, 0x55, 0x44, 0x44, 0x44, 0x54, 0x44, 0xf3,
    0xc4, 0x4f, 0x33, 0x3c, 0xf3, 0xcf, 0x3c, 0xf3, 0xcc, 0xcf, 0x3c, 0xcc, 0xf3, 0xc4, 0xad, 0x6b,
    0x5a, 0xd6, 0xb5, 0x54, 0xac, 0xdb, 0x6d, 0xb6, 0xdb, 0x6d, 0xb6, 0xdb, 0x77, 0xaa, 0xaa, 0xab,
    0x36, 0xdb, 0x6e, 0x6b, 0x6d, 0xb6, 0xdb, 0x6d, 0xbb, 0x4a, 0xaa, 0xaa, 0xa2, 0xaa, 0xa5, 0x29,
    0x5e, 0xa2, 0xaa, 0x2a, 0xf5, 0x51, 0x11, 0x11, 0x13, 0xcf, 0x3c, 0xf3, 0xcf, 0x33, 0x3c, 0x5a,
    0xd6, 0xb5, 0xad, 0x6b, 0x5a, 0xd2, 0xbd, 0xea, 0xf6, 0x6d, 0xb6, 0xdb, 0x6d, 0xb6, 0xdb, 0x6d,
    0xb7, 0x6b, 0xd5, 0x49, 0xb6, 0xdb, 0x9a, 0xdb, 0x6d, 0xb6, 0xdb, 0xb5, 0x45, 0xef, 0x51, 0x57,
    0xb3, 0x6e, 0x51, 0x7b, 0xde, 0xf7, 0xbd, 0x55, 0xed, 0x6b, 0x5a, 0xd6, 0xb5, 0xad, 0x2a, 0x9e,
    0x79, 0xe7, 0x8b, 0x5a, 0xd6, 0xb4, 0xaa, 0x56, 0xb5, 0xaf, 0x2b, 0xde, 0xf7, 0x93, 0x6d, 0xb6,
    0xdb, 0x6d, 0xb6, 0xdb, 0x6d, 0xb6, 0xed, 0x79, 0x36, 0xdb, 0x9a, 0xdb, 0x6d, 0xb6, 0xed, 0x51,
    0x55, 0x17, 0x95, 0x9b, 0x6d, 0xb6, 0xe5, 0x3d, 0x5e, 0x2a, 0xf2, 0xa9, 0x5a, 0xd6, 0xbd, 0xad,
    0x6b, 0x4a, 0x52, 0xa9, 0xe7, 0xb5, 0xad, 0x2b, 0xd5, 0xef, 0x2b, 0x5a, 0xd6, 0x94, 0xa5, 0x2b,
    0xde, 0xcd, 0xb6, 0xdb, 0x6d, 0xb6, 0xdb, 0x6d, 0xb6, 0xdb, 0x6d, 0xb6, 0xdc, 0xd6, 0xdb, 0x6d,
    0xb9, 0x55, 0x54, 0x59, 0xb6, 0xdb, 0x6d, 0xb6, 0xdd, 0xaf, 0x13, 0xd4, 0xad, 0x79, 0x5a, 0xd6,
    0x94, 0x5e, 0x52, 0x94, 0xa5, 0x2a, 0x99, 0x94, 0xa5, 0x6b, 0x5a, 0xd6, 0xb5, 0xa5, 0x29, 0x4a,
    0x57, 0x89, 0x5e, 0x4d, 0xb6, 0xdb, 0x6d, 0xb6, 0xdb, 0x6d, 0xb6, 0xdb, 0x6d, 0xb6, 0xdc, 0xd6,
    0xdb, 0x6d, 0xde, 0xa2, 0xf6, 0x6d, 0xb6, 0xdb, 0x6d, 0xb6, 0xed, 0x28, 0x8b, 0x5a, 0x52, 0x95,
    0xad, 0x6b, 0x4a, 0xa5, 0x29, 0x5e, 0x2f, 0x29, 0x4c, 0x4a, 0x52, 0x94, 0xa5, 0x29, 0x4f, 0x3c,
    0xf3, 0xc5, 0x54, 0x4a, 0x57, 0x93, 0x6d, 0xb6, 0xdb, 0x6d, 0xb6, 0xdb, 0x6d, 0xb6, 0xdb, 0x6d,
    0xb7, 0x35, 0xb6, 0xdb, 0x95, 0x55, 0x9b, 0x6d, 0xb6, 0xdb, 0x6d, 0xb6, 0xed, 0x28, 0x9e, 0x2f,
    0x2b, 0x5a, 0xd6, 0xb5, 0xad, 0x6b, 0xd5, 0x5e, 0x52, 0x94, 0xa7, 0x9e, 0x52, 0x94, 0xa5, 0x29,
    0x4a, 0x52, 0x94, 0xa5, 0x29, 0x4a, 0xf7, 0xb3, 0x6d, 0xb6, 0xdb, 0x6d, 0xb6, 0xdb, 0x6d, 0xb6,
    0xdb, 0x6d, 0xb7, 0x35, 0xb6, 0xdd, 0xaf, 0x7b, 0x36, 0xdb, 0x6d, 0xb6, 0xdb, 0x6d, 0xb7, 0x69,
    0x55, 0x5e, 0x27, 0x9e, 0x78, 0x8a, 0xa8, 0x88, 0xbc, 0xa5, 0x29, 0x4a, 0x66, 0x27, 0xbc, 0xa5,
    0x29, 0x4a, 0x52, 0x94, 0xa5, 0x29, 0x4a, 0x57, 0x93, 0x6d, 0xb6, 0xdb, 0x6d, 0xb6, 0xdb, 0x6d,
    0xb6, 0xdb, 0x6d, 0xb6, 0xe6, 0xb6, 0xdb, 0x6d, 0xb6, 0xdb, 0x6d, 0xb6, 0xdb, 0x6d, 0xb6, 0xdb,
    0xb4, 0xaf, 0x51, 0x15, 0x55, 0x55, 0x51, 0x12, 0x94, 0xa5, 0x2a, 0x88, 0x88, 0x8a, 0x94, 0xa5,
    0x29, 0x4a, 0x52, 0x94, 0xa5, 0x7b, 0x36, 0xdb, 0x6d, 0xb6, 0xdb, 0x6d, 0xb6, 0xdb, 0x6d, 0xb6,
    0xdb, 0x6d, 0xcd, 0x6d, 0xb6, 0xdb, 0x6d, 0xb6, 0xdb, 0x6d, 0xb6, 0xdb, 0x6d, 0xb6, 0xed, 0x7b,
    0xde, 0xaf, 0x7b, 0xde, 0xf5, 0x57, 0x94, 0xa5, 0x28, 0x88, 0x88, 0x88, 0x88, 0x88, 0x8a, 0xaa,
    0x8a, 0x8b, 0xb6, 0xdb, 0x6d, 0xb6, 0xdb, 0x6d, 0xb6, 0xdb, 0x6d, 0xb6, 0xdb, 0x6d, 0xb7, 0x35,
    0xb6, 0xdb, 0x6d, 0xb6, 0xdb, 0x6d, 0xb6, 0xdb, 0x6d, 0xb6, 0xdb, 0x76, 0xbd, 0xe5, 0x7a, 0x8a,
    0x88, 0xbc, 0xa5, 0x2b, 0xd5, 0x54, 0x44, 0x44, 0x44, 0x44, 0x44, 0x44, 0x44, 0x44, 0x55, 0x9b,
    0x6d, 0xb6, 0xdb, 0x6d, 0xb6, 0xdb, 0x6d, 0xb6, 0xdb, 0x6d, 0xb6, 0xe6, 0xb6, 0xdb, 0x6d, 0xb6,
    0xdb, 0x6d, 0xb6, 0xdb, 0x6d, 0xb6, 0xdb, 0x6d, 0xb7, 0x68, 0xbc, 0xa5, 0x29, 0x4a, 0x55, 0x15,
    0x7b, 0xde, 0xf7, 0xaa, 0x88, 0x88, 0x88, 0x88, 0x88, 0x89, 0x98, 0xa8, 0xbb, 0x6d, 0xb6, 0xdb,
    0x6d, 0xb6, 0xdb, 0x6d, 0xb6, 0xdb, 0x6d, 0xb6, 0xe6, 0xb6, 0xdb, 0x6d, 0xb6, 0xdb, 0x6d, 0xb6,
    0xdb, 0x6d, 0xb6, 0xdb, 0x6d, 0xb6, 0xdb, 0x71, 0x7b, 0xde, 0x57, 0xbd, 0xef, 0x7b, 0xde, 0xf7,
    0xbd, 0xea, 0xa2, 0x22, 0x22, 0x22, 0x66, 0x22, 0xaa, 0x2a, 0xcd, 0xb6, 0xdb, 0x6d, 0xb6, 0xdb,
    0x6d, 0xb6, 0xdb, 0x6d, 0xb6, 0xe6, 0xb6, 0xdb, 0x6d, 0xb6, 0xdb, 0x6d, 0xb6, 0xdb, 0x6d, 0xb6,
    0xdb, 0x6d, 0xb6, 0xdb, 0xb4, 0xf7, 0x94, 0xa5, 0x7b, 0xde, 0xf7, 0xbd, 0xef, 0x7b, 0xde, 0xf7,
    0xbd, 0x54, 0x44, 0xf1, 0x11, 0x55, 0x11, 0x17, 0xb3, 0x6d, 0xb6, 0xdb, 0x6d, 0xb6, 0xdb, 0x6d,
    0xb6, 0xdb, 0x6d, 0xcd, 0x6d, 0xb6, 0xdb, 0x6d, 0xb6, 0xdb, 0x6d, 0xb6, 0xdb, 0x6d, 0xb6, 0xdb,
    0x6d, 0xb7, 0x6a, 0xbd, 0x55, 0xef, 0x7b, 0xde, 0xf7, 0xbd, 0xef, 0x7b, 0xde, 0xa2, 0x22, 0x2a,
    0x22, 0xaa, 0xaa, 0x22, 0xa2, 0xf6, 0x6d, 0xb6, 0xdb, 0x6d, 0xb6, 0xdb, 0x6d, 0xb6, 0xdb, 0x6d,
    0xcd, 0x6d, 0xb6, 0xdb, 0x6d, 0xb6, 0xdb, 0x6d, 0xb6, 0xdb, 0x6d, 0xb6, 0xdb, 0x6d, 0xb7, 0x68,
    0x94, 0xa5, 0x7a, 0xaa, 0xaa, 0xaa, 0xaa, 0xaa, 0xab, 0xde, 0xf7, 0xbd, 0x54, 0x44, 0x44, 0x45,
    0x55, 0x44, 0x9d, 0xaf, 0x56, 0x6d, 0xb6, 0xdb, 0x6d, 0xb6, 0xdb, 0x6d, 0xb6, 0xe6, 0xb6, 0xdb,
    0x6d, 0xb6, 0xdb, 0x6d, 0xb6, 0xdb, 0x6d, 0xb7, 0x6b, 0x36, 0xdb, 0x6d, 0xbb, 0x4f, 0x7b, 0xca,
    0x57, 0xbd, 0xef, 0x7b, 0xde, 0xf7, 0xbd, 0xef, 0x7b, 0xde, 0xf7, 0xbd, 0x54, 0x44, 0x45, 0x55,
    0x54, 0x4a, 0xd7, 0xb4, 0xaa, 0xcd, 0xb6, 0xdb, 0x6d, 0xb6, 0xdb, 0x6d, 0xb6, 0xe6, 0xb6, 0xdb,
    0x6d, 0xb6, 0xdb, 0x6d, 0xb6, 0xdb, 0x6d, 0xb7, 0x7b, 0x5e, 0xed, 0xb6, 0xdb, 0x75, 0x7b, 0xca,
    0xf7, 0xbd, 0xef, 0x7b, 0xde, 0xf7, 0xbd, 0xef, 0x7b, 0xde, 0xf7, 0xbd, 0x4f, 0x11, 0x3c, 0xaa,
    0x78, 0x9e, 0x2a, 0xaf, 0x29, 0x5e, 0x4d, 0xb6, 0xdb, 0x6d, 0xb6, 0xdb, 0x6d, 0xb6, 0xe6, 0xb6,
    0xdb, 0x6d, 0xb6, 0xdb, 0x6d, 0xb6, 0xdc, 0xa5, 0x29, 0x55, 0x54, 0x4a, 0x55, 0x56, 0xb5, 0xe2,
    0x2a, 0x27, 0xab, 0xde, 0xf7, 0xbd, 0xef, 0x7b, 0xde, 0xf7, 0xbd, 0xef, 0x7b, 0xde, 0xa7, 0x88,
    0xaa, 0xbc, 0xad, 0x2a, 0x88, 0x88, 0x9e, 0x78, 0xa8, 0xbd, 0x9b, 0x6d, 0xb6, 0xdb, 0x6d, 0xb6,
    0xdb, 0x73, 0x5b, 0x6d, 0xb6, 0xdb, 0x6d, 0xb6, 0xdb, 0x6d, 0xda, 0xf5, 0x51, 0x11, 0x15, 0x57,
    0xbc, 0x55, 0xef, 0x55, 0x11, 0x51, 0x55, 0x55, 0x7b, 0xde, 0xf7, 0xaa, 0xaa, 0x88, 0xaa, 0x88,
    0x8a, 0xa8, 0x8a, 0xbc, 0x44, 0x5e, 0xf7, 0xbd, 0x4f, 0x11, 0x26, 0xdb, 0x6d, 0xb6, 0xdb, 0x6d,
    0xb6, 0xdc, 0xd6, 0xdb, 0x6d, 0xb6, 0xdb, 0x6d, 0xb6, 0xdb, 0x6d, 0xc5, 0x5e, 0xf7, 0xbd, 0x45,
    0x5e, 0xf5, 0x15, 0x7a, 0x9e, 0x79, 0xe2, 0xaa, 0xaa, 0xaa, 0xaa, 0xaa, 0xaa, 0xaa, 0x22, 0x22,
    0x22, 0x27, 0x88, 0xa8, 0x8b, 0xde, 0xf7, 0xbd, 0xef, 0x7a, 0x9e, 0xac, 0xdb, 0x6d, 0xb6, 0xdb,
    0x6d, 0xb6, 0xdc, 0xd6, 0xdb, 0x6d, 0xb6, 0xdb, 0x6d, 0xb6, 0xdb, 0x6d, 0xda, 0xaf, 0x7b, 0xde,
    0xf7, 0x88, 0xab, 0xde, 0x78, 0x89, 0xe2, 0x22, 0x22, 0x22, 0x22, 0x22, 0x22, 0x22, 0x22, 0x22,
    0x22, 0x22, 0x27, 0x88, 0xa8, 0xab, 0xde, 0xf7, 0xbd, 0xef, 0x7b, 0xc5, 0x49, 0xb6, 0xdb, 0x6d,
    0xb6, 0xdb, 0x6d, 0xb9, 0xad, 0xb6, 0xdb, 0x6d, 0xb6, 0xdb, 0x6d, 0xb6, 0xdb, 0x76, 0xab, 0xde,
    0xf7, 0xbd, 0xea, 0x22, 0x22, 0x66, 0x22, 0x22, 0x22, 0x22, 0x22, 0xaa, 0xaa, 0x22, 0x22, 0x22,
    0x22, 0x66, 0x22, 0x26, 0x62, 0x27, 0x8a, 0xbd, 0xef, 0x7b, 0xde, 0xf7, 0xbd, 0x55, 0x9b, 0x6d,
    0xb6, 0xdb, 0x6d, 0xb6, 0xdb, 0x9a, 0xdb, 0x6d, 0xb6, 0xdb, 0x6d, 0xb6, 0xdb, 0x6d, 0xb6, 0xed,
    0x2a, 0x94, 0xa5, 0x2b, 0xc4, 0x44, 0x4c, 0x44, 0xcc, 0x54, 0xa5, 0x6b, 0x4a, 0xf1, 0x11, 0x11,
    0x11, 0x11, 0x11, 0x11, 0x13, 0x33, 0xcf, 0x33, 0x11, 0x3d, 0x5e, 0x52, 0x94, 0xa5, 0x29, 0x4a,
    0xaa, 0xcd, 0xb6, 0xdb, 0x6d, 0xb6, 0xdb, 0x6d, 0xcd, 0x6d, 0xb6, 0xdb, 0x6d, 0xb6, 0xdb, 0x6d,
    0xb6, 0xdb, 0x6d, 0xda, 0xf2, 0xb5, 0xad, 0x2a, 0x88, 0x86, 0xdb, 0x6d, 0xb6, 0xdb, 0x76, 0x95,
    0xea, 0xaa, 0xaa, 0x56, 0xb3, 0x6d, 0xbb, 0x5e, 0x2a, 0x52, 0xb5, 0xad, 0x6b, 0x4a, 0xf2, 0x6d,
    0xb6, 0xdb, 0x6d, 0xb6, 0xdb, 0x6d, 0xcd, 0x6d, 0xb6, 0xdb, 0x6d, 0xb6, 0xdb, 0x6d, 0xb6, 0xdb,
    0x6d, 0xb7, 0x6b, 0xde, 0x52, 0xa8, 0x93, 0x6d, 0xb6, 0xdb, 0x6d, 0xb6, 0xdb, 0x6d, 0xb6, 0xdb,
    0x6d, 0xb6, 0xdb, 0xbc, 0x5e, 0x56, 0xb5, 0xa5, 0x2b, 0x36, 0xdb, 0x6d, 0xb6, 0xdb, 0x6d, 0xb6,
    0xdc, 0xd6, 0xdb, 0x6d, 0xb6, 0xdb, 0x6d, 0xb6, 0xdb, 0x6d, 0xb6, 0xdb, 0x6d, 0xb6, 0xdb, 0x6d,
    0xb6, 0xdb, 0x6d, 0xb6, 0xdb, 0x6d, 0xb6, 0xdb, 0x6d, 0xb6, 0xdb, 0x6d, 0xbb, 0x4a, 0xf7, 0x95,
    0x9b, 0x6d, 0xb6, 0xdb, 0x6d, 0xb6, 0xdb, 0x6d, 0xb9, 0xa0
};

const HuffmanFrequency SPRITE_36_FREQS[] = {
    {0x0a, 51},
    {0x23, 37},
    {0x25, 6},
    {0x2a, 189},
    {0x2b, 502},
    {0x2d, 432},
    {0x2e, 289},
    {0x3a, 265},
    {0x3d, 662},
    {0xa0, 2618},
    {0xc2, 2618}
};
}

const HuffmanEncodedSprite SPRITE_36 = {
    SPRITE_36_BYTES,
    static_cast<int>(sizeof(SPRITE_36_BYTES) / sizeof(SPRITE_36_BYTES[0])),
    19275,
    7669,
    SPRITE_36_FREQS,
    static_cast<int>(sizeof(SPRITE_36_FREQS) / sizeof(SPRITE_36_FREQS[0]))
};

namespace
{
const unsigned char SPRITE_37_BYTES[] = {
    0x0f, 0xdd, 0xdd, 0xdd, 0xdd, 0xdd, 0xdd, 0xdd, 0xdd, 0xdd, 0xdd, 0xdd, 0xdd, 0xdc, 0x6d, 0xb2,
    0x26, 0x7d, 0xdd, 0xdd, 0xdd, 0xdd, 0xdd, 0xdd, 0xdd, 0xdd, 0xdd, 0xdd, 0xdd, 0xdd, 0xdd, 0xdd,
    0xdd, 0xdd, 0xdd, 0xdd, 0xdd, 0xdc, 0x6c, 0x88, 0x89, 0x77, 0x77, 0x77, 0x77, 0x77, 0x77, 0x77,
    0x77, 0x77, 0x07, 0xee, 0xee, 0xee, 0xee, 0xee, 0xee, 0xee, 0xee, 0xee, 0xee, 0xee, 0xee, 0xee,
    0x48, 0xcd, 0x24, 0xc8, 0x8f, 0xbb, 0xbb, 0xbb, 0xbb, 0xbb, 0xb8, 0xcd, 0x26, 0xdb, 0x48, 0xcf,
    0xbb, 0xbb, 0xbb, 0xbb, 0xbb, 0x8d, 0xb4, 0x92, 0x4c, 0x97, 0x77, 0x77, 0x77, 0x77, 0x77, 0x77,
    0x77, 0x77, 0x07, 0xee, 0xee, 0xee, 0xee, 0xee, 0xee, 0xee, 0xee, 0xee, 0xee, 0xee, 0xee, 0xee,
    0x31, 0x69, 0x24, 0x92, 0x4c, 0x45, 0x99, 0xb2, 0x26, 0x92, 0x49, 0x24, 0x92, 0x49, 0xb2, 0x10,
    0x12, 0xe3, 0x64, 0xd2, 0x49, 0x24, 0xc9, 0x9f, 0x77, 0x77, 0x77, 0x77, 0x77, 0x77, 0x77, 0x77,
    0x07, 0xee, 0xee, 0xee, 0xee, 0xee, 0xee, 0xee, 0xee, 0xee, 0xee, 0xee, 0xee, 0xee, 0xe3, 0x62,
    0x92, 0x49, 0x24, 0x93, 0x23, 0x33, 0x33, 0x33, 0x33, 0x33, 0x34, 0x92, 0x49, 0x24, 0xd9, 0x00,
    0x52, 0x49, 0x24, 0x9b, 0x64, 0x7d, 0xdd, 0xdd, 0xdd, 0xdd, 0xdd, 0xdd, 0xdd, 0xdd, 0xdc, 0x1f,
    0xbb, 0xbb, 0xbb, 0xbb, 0xbb, 0xbb, 0xbb, 0xbb, 0xbb, 0xbb, 0xbb, 0xbb, 0xbb, 0xb8, 0xd0, 0xb4,
    0x92, 0x48, 0xcc, 0xcc, 0xcc, 0xcc, 0xcc, 0xcc, 0xcc, 0xcd, 0x24, 0x92, 0x49, 0xb4, 0x92, 0x49,
    0x24, 0x9b, 0x6c, 0x8f, 0xbb, 0xbb, 0xbb, 0xbb, 0xbb, 0xbb, 0xbb, 0xbb, 0xbb, 0xb8, 0x3f, 0x77,
    0x77, 0x77, 0x77, 0x77, 0x77, 0x77, 0x77, 0x77, 0x77, 0x77, 0x77, 0x77, 0x77, 0x71, 0x91, 0x36,
    0xd1, 0x99, 0x99, 0x99, 0x99, 0x99, 0x99, 0x99, 0xa4, 0x92, 0x49, 0x24, 0x92, 0x49, 0x24, 0x9b,
    0x6d, 0x91, 0x1f, 0x77, 0x77, 0x77, 0x77, 0x77, 0x77, 0x77, 0x77, 0x77, 0x77, 0x07, 0xee, 0xee,
    0xee, 0xee, 0xee, 0xee, 0xee, 0xee, 0xee, 0xee, 0xee, 0xee, 0xee, 0xee, 0xee, 0xe3, 0x64, 0x48,
    0xcc, 0xcc, 0xcc, 0xcc, 0xcc, 0xcc, 0xcd, 0x24, 0x92, 0x49, 0xb6, 0xd2, 0x49, 0x24, 0xdb, 0x6d,
    0x92, 0xee, 0xee, 0xee, 0xee, 0xee, 0xee, 0xee, 0xee, 0xee, 0xee, 0xee, 0xe0, 0xfd, 0xdd, 0xdd,
    0xdd, 0xdd, 0xdd, 0xdd, 0xdd, 0xdd, 0xdd, 0xdd, 0xdd, 0xdd, 0xdd, 0xdd, 0xdd, 0xc6, 0x4c, 0xcc,
    0xcc, 0xcc, 0xcc, 0xcc, 0xcc, 0xd2, 0x49, 0x24, 0x99, 0x08, 0x88, 0x88, 0x88, 0xb6, 0xdb, 0x6d,
    0x81, 0x77, 0x77, 0x77, 0x77, 0x77, 0x77, 0x77, 0x77, 0x77, 0x77, 0x77, 0x77, 0x07, 0xee, 0xee,
    0xee, 0xee, 0xee, 0xee, 0xee, 0xee, 0xee, 0xee, 0xee, 0xee, 0xee, 0xee, 0xee, 0xe3, 0x26, 0x91,
    0x99, 0x99, 0x99, 0x9a, 0x49, 0x24, 0x92, 0x48, 0x84, 0x42, 0x08, 0x20, 0x11, 0x11, 0x09, 0x36,
    0xdb, 0x61, 0x2e, 0xee, 0xee, 0xee, 0xee, 0xee, 0xee, 0xee, 0xee, 0xee, 0xee, 0xee, 0xe0, 0xfd,
    0xdd, 0xdd, 0xdd, 0xdd, 0xdd, 0xdd, 0xdd, 0xdd, 0xdd, 0xdd, 0xdd, 0xdd, 0xdd, 0xdd, 0xc6, 0x44,
    0x92, 0x49, 0x24, 0x92, 0x49, 0x24, 0x92, 0x49, 0x88, 0x00, 0x00, 0x00, 0x00, 0x08, 0x9b, 0x22,
    0x6d, 0xb6, 0xc8, 0xbb, 0xbb, 0xbb, 0xbb, 0xbb, 0xbb, 0xbb, 0xbb, 0xbb, 0xbb, 0xbb, 0xb8, 0x3f,
    0x77, 0x77, 0x77, 0x77, 0x77, 0x77, 0x77, 0x77, 0x77, 0x77, 0x77, 0x77, 0x77, 0x77, 0x77, 0x22,
    0x69, 0x24, 0x92, 0x49, 0x24, 0x92, 0x49, 0x26, 0x00, 0x00, 0x00, 0x11, 0x22, 0x21, 0x16, 0xc8,
    0x9b, 0x6d, 0xb6, 0x06, 0x67, 0xdd, 0xdd, 0xdd, 0xdd, 0xdd, 0xdd, 0xdd, 0xdd, 0xdd, 0xc1, 0xfb,
    0xbb, 0xbb, 0xbb, 0xbb, 0xbb, 0xbb, 0xbb, 0xbb, 0xbb, 0xbb, 0xbb, 0xbb, 0xbb, 0xbb, 0xb8, 0xc9,
    0xa4, 0x92, 0x49, 0x24, 0x92, 0x49, 0x24, 0xc0, 0x00, 0x00, 0x48, 0x88, 0x88, 0x88, 0x45, 0xb2,
    0x6d, 0xb6, 0xdb, 0x64, 0x2d, 0x19, 0xf7, 0x77, 0x77, 0x77, 0x77, 0x77, 0x77, 0x70, 0x7e, 0xee,
    0xee, 0xee, 0xee, 0xee, 0xee, 0xee, 0xee, 0xee, 0xee, 0xee, 0xee, 0xee, 0xee, 0xee, 0x44, 0xd2,
    0x49, 0x24, 0x92, 0x49, 0x24, 0x92, 0x20, 0x00, 0x02, 0x44, 0x22, 0x22, 0x44, 0x20, 0x26, 0xdb,
    0x6d, 0xb6, 0xd2, 0x49, 0x10, 0x19, 0xf7, 0x77, 0x77, 0x77, 0x77, 0x77, 0x70, 0x7e, 0xee, 0xee,
    0xee, 0xee, 0xee, 0xee, 0xee, 0xee, 0xee, 0xee, 0xee, 0xee, 0xee, 0xee, 0xee, 0x62, 0xd2, 0x49,
    0x24, 0x92, 0x49, 0x24, 0x92, 0x10, 0x80, 0x02, 0x20, 0x85, 0x26, 0x44, 0x42, 0x06, 0xdb, 0x6d,
    0xb6, 0xda, 0x49, 0x24, 0x05, 0xdd, 0xdd, 0xdd, 0xdd, 0xdd, 0xdd, 0xc1, 0xfb, 0xbb, 0xbb, 0xbb,
    0xbb, 0xbb, 0xbb, 0xbb, 0xbb, 0xbb, 0xbb, 0xbb, 0xbb, 0xbb, 0xbb, 0x8c, 0x89, 0x24, 0x92, 0x49,
    0x24, 0x92, 0x49, 0x24, 0x10, 0x00, 0x42, 0x1a, 0x18, 0x1a, 0xcc, 0xd9, 0x11, 0x08, 0xb6, 0xd3,
    0x6d, 0xb6, 0xda, 0x48, 0x99, 0xf7, 0x77, 0x77, 0x77, 0x77, 0x77, 0x70, 0x7e, 0xee, 0xee, 0xee,
    0xee, 0xee, 0xee, 0xee, 0xee, 0xee, 0xee, 0xee, 0xee, 0xee, 0xee, 0x44, 0xd2, 0x49, 0x24, 0x92,
    0x49, 0x24, 0x92, 0x48, 0x34, 0x00, 0x08, 0x21, 0x0d, 0x0c, 0x66, 0x66, 0x44, 0x40, 0x01, 0x11,
    0x36, 0x44, 0x20, 0x01, 0x36, 0xc9, 0x1f, 0x77, 0x77, 0x77, 0x77, 0x77, 0x77, 0x70, 0x7e, 0xee,
    0xee, 0xee, 0xee, 0xee, 0xee, 0xee, 0xee, 0xee, 0xee, 0xee, 0xee, 0xee, 0x34, 0x49, 0x24, 0x92,
    0x49, 0x24, 0x92, 0x49, 0x24, 0x90, 0x68, 0x02, 0x0c, 0x0c, 0x0c, 0x0c, 0x0c, 0x66, 0x64, 0x44,
    0x42, 0x4c, 0x5a, 0x6d, 0xb6, 0xd9, 0x00, 0x8f, 0xbb, 0xbb, 0xbb, 0xbb, 0xbb, 0xbb, 0xbb, 0xb8,
    0x3f, 0x77, 0x77, 0x77, 0x77, 0x77, 0x77, 0x77, 0x77, 0x77, 0x77, 0x77, 0x77, 0x71, 0xb4, 0x92,
    0x49, 0x24, 0x92, 0x49, 0x24, 0x92, 0x49, 0x26, 0x10, 0x68, 0x68, 0x60, 0x60, 0x68, 0x41, 0x00,
    0x88, 0x88, 0x45, 0x89, 0x36, 0xdb, 0x6d, 0x91, 0x2e, 0xee, 0xee, 0xee, 0xee, 0xee, 0xee, 0xee,
    0xee, 0xe0, 0xfd, 0xdd, 0xdd, 0xdd, 0xdd, 0xdd, 0xdd, 0xdd, 0xdd, 0xdd, 0xdd, 0xdd, 0xc6, 0x49,
    0x24, 0x92, 0x49, 0x24, 0x92, 0x49, 0x24, 0x92, 0x49, 0x26, 0x00, 0x80, 0x01, 0x22, 0x22, 0x22,
    0x00, 0x90, 0x93, 0x6d, 0xb6, 0xdb, 0x25, 0xdd, 0xdd, 0xdd, 0xdd, 0xdd, 0xdd, 0xdd, 0xdd, 0xdd,
    0xc1, 0xfb, 0xbb, 0xbb, 0xbb, 0xbb, 0xbb, 0xbb, 0xbb, 0xbb, 0xbb, 0xbb, 0x8d, 0xb4, 0x92, 0x49,
    0x24, 0x92, 0x49, 0x24, 0x92, 0x49, 0xb6, 0xdb, 0x6d, 0x32, 0x10, 0x83, 0x42, 0x00, 0x00, 0x00,
    0x85, 0xb6, 0xdb, 0x6d, 0xb2, 0x7d, 0xdd, 0xdd, 0xdd, 0xdd, 0xdd, 0xdd, 0xdd, 0xdd, 0xdd, 0xc1,
    0xfb, 0xbb, 0xbb, 0xbb, 0xbb, 0xbb, 0xbb, 0xbb, 0xbb, 0xbb, 0xbb, 0x8c, 0x24, 0x8c, 0xcd, 0x24,
    0x92, 0x49, 0x24, 0x88, 0x5b, 0x6d, 0xb6, 0xdb, 0x6d, 0xb6, 0xdb, 0x6d, 0xb6, 0xc8, 0x49, 0xb6,
    0xdb, 0x64, 0xfb, 0xbb, 0xbb, 0xbb, 0xbb, 0xbb, 0xbb, 0xbb, 0xbb, 0xbb, 0xb8, 0x3f, 0x77, 0x77,
    0x77, 0x77, 0x77, 0x77, 0x77, 0x77, 0x77, 0x77, 0x77, 0x10, 0xa4, 0x93, 0x69, 0x24, 0x92, 0x4c,
    0x30, 0x34, 0x21, 0x12, 0x6d, 0xb6, 0xdb, 0x6d, 0xb6, 0xdb, 0x6d, 0xb6, 0xc8, 0x80, 0x1a, 0x10,
    0x09, 0xb1, 0x3e, 0xee, 0xee, 0xee, 0xee, 0xee, 0xee, 0xee, 0xee, 0xee, 0xee, 0x0f, 0xdd, 0xdd,
    0xdd, 0xdd, 0xdd, 0xdd, 0xdd, 0xdd, 0xdd, 0xdd, 0xdd, 0xdc, 0x29, 0x24, 0x92, 0x49, 0x24, 0x98,
    0x60, 0x68, 0x68, 0x60, 0x44, 0x4d, 0xb6, 0xdb, 0x6d, 0xb6, 0xdb, 0x6d, 0xb6, 0xc8, 0x02, 0x7d,
    0xdd, 0xdd, 0xdd, 0xdd, 0xdd, 0xdd, 0xdd, 0xdd, 0xdd, 0xdd, 0xdd, 0xdd, 0xdd, 0xdc, 0x1f, 0xbb,
    0xbb, 0xbb, 0xbb, 0xbb, 0xbb, 0xbb, 0xbb, 0xbb, 0xbb, 0xbb, 0xb8, 0xc0, 0x92, 0x49, 0x24, 0x92,
    0x41, 0x81, 0xa1, 0xa1, 0xa1, 0xa1, 0xa0, 0x21, 0x6d, 0xb6, 0x92, 0x4c, 0x88, 0x01, 0x00, 0x20,
    0xd0, 0x84, 0x42, 0x08, 0x8f, 0xbb, 0xbb, 0xbb, 0xbb, 0xbb, 0xbb, 0xbb, 0xbb, 0xbb, 0xbb, 0xbb,
    0xbb, 0xbb, 0xbb, 0x83, 0xf7, 0x77, 0x77, 0x77, 0x77, 0x77, 0x77, 0x77, 0x77, 0x77, 0x77, 0x77,
    0x21, 0x49, 0x24, 0x92, 0x49, 0x04, 0x1a, 0x1a, 0x1a, 0x18, 0x1a, 0x10, 0x90, 0x05, 0xb6, 0xd2,
    0x49, 0x88, 0x88, 0x88, 0x88, 0x88, 0x88, 0x80, 0x51, 0xf7, 0x77, 0x77, 0x77, 0x77, 0x77, 0x77,
    0x77, 0x77, 0x77, 0x77, 0x77, 0x77, 0x70, 0x7e, 0xee, 0xee, 0xee, 0xee, 0xee, 0xee, 0xee, 0xee,
    0xee, 0xee, 0xee, 0xe4, 0x04, 0x9b, 0x49, 0x26, 0xd8, 0x68, 0x68, 0x68, 0x42, 0x44, 0x4d, 0xb0,
    0x36, 0xd2, 0x4c, 0x40, 0x22, 0x22, 0x22, 0x22, 0x22, 0x22, 0x22, 0x02, 0x3e, 0xee, 0xee, 0xee,
    0xee, 0xee, 0xee, 0xee, 0xee, 0xee, 0xee, 0xee, 0xee, 0x0f, 0xdd, 0xdd, 0xdd, 0xdd, 0xdd, 0xdd,
    0xdd, 0xdd, 0xdd, 0xdd, 0xdd, 0xdd, 0xc6, 0x24, 0xdb, 0x6d, 0xb6, 0xdb, 0x6d, 0xb6, 0x21, 0x00,
    0x40, 0x00, 0x04, 0xdb, 0x20, 0x08, 0x88, 0x88, 0x88, 0x88, 0x80, 0x44, 0x44, 0x44, 0x48, 0xfb,
    0xbb, 0xbb, 0xbb, 0xbb, 0xbb, 0xbb, 0xbb, 0xbb, 0xbb, 0xbb, 0xb8, 0x3f, 0x77, 0x77, 0x77, 0x77,
    0x77, 0x77, 0x77, 0x77, 0x77, 0x77, 0x77, 0x77, 0x71, 0xa1, 0x03, 0x6d, 0xb6, 0xdb, 0x6c, 0x40,
    0x22, 0x22, 0x22, 0x22, 0x21, 0x04, 0x01, 0x22, 0x22, 0x22, 0x22, 0x22, 0x22, 0x10, 0x80, 0x22,
    0x22, 0x22, 0x01, 0x3e, 0xee, 0xee, 0xee, 0xee, 0xee, 0xee, 0xee, 0xee, 0xee, 0xe0, 0xfd, 0xdd,
    0xdd, 0xdd, 0xdd, 0xdd, 0xdd, 0xdd, 0xdd, 0xdd, 0xdd, 0xdd, 0xdd, 0xdd, 0xdd, 0xc6, 0x21, 0x0b,
    0x6d, 0xb2, 0x03, 0x6d, 0x91, 0x10, 0x88, 0x89, 0x11, 0x11, 0x11, 0x11, 0x11, 0x11, 0x13, 0x6d,
    0xb0, 0x80, 0x22, 0x22, 0x22, 0x00, 0x2e, 0xee, 0xee, 0xee, 0xee, 0xee, 0xee, 0xee, 0xee, 0xe0,
    0xfd, 0xdd, 0xdd, 0xdd, 0xdd, 0xdd, 0xdd, 0xdd, 0xdd, 0xdd, 0xdd, 0xdd, 0xdd, 0xdd, 0xdd, 0xc6,
    0x42, 0x4c, 0x84, 0x02, 0xdb, 0x6d, 0xb6, 0xdb, 0x49, 0x24, 0xdb, 0x6d, 0xb6, 0xdb, 0x6d, 0x24,
    0x88, 0x44, 0x44, 0x48, 0x88, 0x80, 0x47, 0xdd, 0xdd, 0xdd, 0xdd, 0xdd, 0xdd, 0xdd, 0xc1, 0xfb,
    0xbb, 0xbb, 0xbb, 0xbb, 0xbb, 0xbb, 0xbb, 0xbb, 0xbb, 0xbb, 0xbb, 0xbb, 0xbb, 0x8d, 0x93, 0x6d,
    0xb6, 0xdb, 0x6d, 0xb6, 0xda, 0x46, 0x66, 0x66, 0x66, 0x92, 0x49, 0x24, 0x92, 0x49, 0x24, 0x98,
    0x93, 0x6d, 0xb6, 0xd8, 0x91, 0xf7, 0x77, 0x77, 0x77, 0x77, 0x77, 0x70, 0x7e, 0xee, 0xee, 0xee,
    0xee, 0xee, 0xee, 0xee, 0xee, 0xee, 0xee, 0xee, 0xee, 0xe3, 0x60, 0x26, 0xdb, 0x6d, 0xb6, 0xdb,
    0x6d, 0xb4, 0x8c, 0xcc, 0xcc, 0xcc, 0xcc, 0xcc, 0xcc, 0xcc, 0xcc, 0xcc, 0xd2, 0x49, 0x21, 0x26,
    0xdb, 0x6d, 0xb6, 0xc4, 0x57, 0x77, 0x77, 0x77, 0x77, 0x77, 0x07, 0xee, 0xee, 0xee, 0xee, 0xee,
    0xee, 0xee, 0xee, 0xee, 0xee, 0xee, 0xee, 0xe4, 0x44, 0xdb, 0x6d, 0xb6, 0xdb, 0x64, 0x44, 0xda,
    0x46, 0x66, 0x66, 0x66, 0x66, 0x66, 0x66, 0x66, 0x92, 0x49, 0x24, 0x92, 0x48, 0x26, 0xdb, 0x6d,
    0xb6, 0xdb, 0x11, 0x12, 0x3e, 0xee, 0xee, 0xee, 0x0f, 0xdd, 0xdd, 0xdd, 0xdd, 0xdd, 0xdd, 0xdd,
    0xdd, 0xdd, 0xdd, 0xdd, 0xc6, 0x24, 0xdb, 0x6d, 0xb6, 0xdb, 0x20, 0x09, 0x11, 0x36, 0x8c, 0xcc,
    0xcc, 0xcc, 0xcc, 0xcc, 0xcc, 0xcd, 0x24, 0x92, 0x49, 0x24, 0x92, 0x22, 0x20, 0x36, 0xdb, 0x6d,
    0xb2, 0x22, 0x17, 0xdd, 0xdd, 0xdd, 0xc1, 0xfb, 0xbb, 0xbb, 0xbb, 0xbb, 0xbb, 0xbb, 0xbb, 0xbb,
    0xbb, 0xb8, 0xc8, 0x9b, 0x6d, 0xb6, 0xdb, 0x62, 0x02, 0x22, 0x22, 0x26, 0x8c, 0xcc, 0xcc, 0xcc,
    0xcc, 0xcc, 0xcc, 0xcd, 0x24, 0x66, 0x66, 0x69, 0x24, 0x66, 0x8c, 0x20, 0x92, 0x12, 0x6d, 0xb6,
    0x42, 0x42, 0x27, 0xdd, 0xdd, 0xdd, 0xc1, 0xfb, 0xbb, 0xbb, 0xbb, 0xbb, 0xbb, 0xbb, 0xbb, 0xbb,
    0xbb, 0x8c, 0x49, 0xb6, 0x44, 0xdb, 0x6c, 0x84, 0x9b, 0x6d, 0xb6, 0x24, 0x8c, 0xcc, 0xcc, 0xcc,
    0xcc, 0xcc, 0xcc, 0xcc, 0xcd, 0x23, 0x33, 0x33, 0x49, 0x24, 0x61, 0x08, 0x8a, 0x21, 0x26, 0xc8,
    0x02, 0x22, 0x7d, 0xdd, 0xdd, 0xdd, 0xc1, 0xfb, 0xbb, 0xbb, 0xbb, 0xbb, 0xbb, 0xbb, 0xb8, 0xd1,
    0x08, 0x88, 0x00, 0x42, 0x29, 0x90, 0x09, 0x88, 0x09, 0xb6, 0xdb, 0x6d, 0xb1, 0x24, 0x66, 0x66,
    0x66, 0x92, 0x49, 0x23, 0x33, 0x49, 0x23, 0x33, 0x34, 0x91, 0x84, 0x24, 0x42, 0xc8, 0x00, 0x10,
    0x11, 0x1f, 0x77, 0x77, 0x77, 0x77, 0x70, 0x7e, 0xee, 0xee, 0xee, 0xee, 0xee, 0xee, 0xee, 0x32,
    0x12, 0x21, 0x10, 0x06, 0x92, 0x48, 0x80, 0x01, 0x12, 0x6d, 0xb6, 0xdb, 0x6d, 0xb2, 0x14, 0x66,
    0x66, 0x66, 0x69, 0x24, 0x66, 0x66, 0x92, 0x48, 0xd2, 0x49, 0x30, 0x36, 0xd8, 0xb3, 0xe3, 0x3e,
    0xee, 0xee, 0xee, 0xee, 0xee, 0xee, 0x0f, 0xdd, 0xdd, 0xdd, 0xdd, 0xdd, 0xdd, 0xdd, 0xc6, 0xc0,
    0x22, 0x22, 0x06, 0x92, 0x61, 0x00, 0x5b, 0x6d, 0xb6, 0xdb, 0x6d, 0xb6, 0xd8, 0x11, 0x9a, 0x48,
    0xcc, 0xcc, 0xcd, 0x19, 0xa4, 0x92, 0x49, 0x24, 0x82, 0x26, 0xdb, 0x62, 0xfb, 0xbb, 0xbb, 0xbb,
    0xbb, 0xbb, 0xbb, 0xbb, 0x83, 0xf7, 0x77, 0x77, 0x77, 0x77, 0x77, 0x77, 0x77, 0x19, 0x00, 0x44,
    0x0d, 0x24, 0x82, 0x00, 0x1b, 0x6d, 0xa6, 0x9b, 0x6d, 0xb6, 0xdb, 0x61, 0x19, 0xa4, 0x91, 0x99,
    0x99, 0xa4, 0x8c, 0xcc, 0xcc, 0xd2, 0x46, 0x02, 0x6d, 0xb6, 0xc4, 0x8f, 0xbb, 0xbb, 0xbb, 0xbb,
    0xbb, 0xbb, 0xbb, 0x83, 0xf7, 0x77, 0x77, 0x77, 0x77, 0x77, 0x77, 0x77, 0x72, 0x00, 0x42, 0xd2,
    0x48, 0x21, 0x12, 0x6d, 0xb6, 0xdb, 0x6d, 0xb6, 0xdb, 0x6d, 0x8a, 0x33, 0x48, 0xcc, 0xcc, 0xcc,
    0xd2, 0x33, 0x34, 0x92, 0x48, 0x04, 0x44, 0xdb, 0x6c, 0x48, 0xfb, 0xbb, 0xbb, 0xbb, 0xbb, 0xbb,
    0xbb, 0xb8, 0x3f, 0x77, 0x77, 0x77, 0x77, 0x77, 0x77, 0x77, 0x77, 0x1b, 0x24, 0x92, 0x40, 0x11,
    0x08, 0x9b, 0x6d, 0xb6, 0xdb, 0x6d, 0xb6, 0xdb, 0x6c, 0x51, 0x99, 0x99, 0x99, 0x99, 0x9a, 0x49,
    0x24, 0x93, 0x00, 0x04, 0x88, 0x89, 0xb6, 0xc5, 0xf7, 0x77, 0x77, 0x77, 0x77, 0x77, 0x77, 0x77,
    0x07, 0xee, 0xee, 0xee, 0xee, 0xee, 0xee, 0xee, 0xee, 0x36, 0x46, 0x69, 0x21, 0x11, 0x00, 0x44,
    0x4d, 0xb6, 0xdb, 0x6d, 0xb6, 0xdb, 0x6d, 0x81, 0xb4, 0x92, 0x49, 0x24, 0x92, 0x6d, 0xb2, 0x00,
    0x04, 0x44, 0x48, 0x88, 0x88, 0x85, 0x9f, 0x77, 0x77, 0x77, 0x77, 0x77, 0x77, 0x77, 0x70, 0x7e,
    0xee, 0xee, 0xee, 0xee, 0xee, 0xee, 0xe3, 0x32, 0x66, 0x69, 0x22, 0x00, 0x04, 0x01, 0x11, 0x13,
    0x6d, 0xb6, 0xdb, 0x6d, 0xb6, 0xd8, 0x8b, 0x6d, 0xb6, 0xdb, 0x6d, 0xb6, 0xc8, 0x40, 0x01, 0x11,
    0x11, 0x11, 0x22, 0x22, 0x12, 0x3e, 0xee, 0xee, 0xee, 0xee, 0xee, 0xee, 0xee, 0xee, 0x0f, 0xdd,
    0xdd, 0xdd, 0xdd, 0xdd, 0xc6, 0x9b, 0x46, 0x66, 0x92, 0x40, 0x33, 0x60, 0x08, 0x44, 0x88, 0x88,
    0x9b, 0x6d, 0xb6, 0xdb, 0x20, 0x0b, 0x6d, 0xb6, 0xdb, 0x6d, 0x90, 0x80, 0x40, 0x24, 0x44, 0x22,
    0x22, 0x22, 0x22, 0x22, 0x27, 0xdd, 0xdd, 0xdd, 0xdd, 0xdd, 0xdd, 0xdd, 0xdd, 0xdc, 0x1f, 0xbb,
    0xbb, 0xbb, 0xb8, 0xc9, 0xa4, 0x66, 0x66, 0x66, 0x92, 0x41, 0x1f, 0x72, 0x01, 0x08, 0x89, 0x09,
    0x11, 0x11, 0x11, 0x11, 0x10, 0x00, 0x4d, 0xb6, 0xd9, 0x08, 0x80, 0x49, 0xa3, 0x4c, 0x40, 0x22,
    0x22, 0x22, 0x22, 0x22, 0x20, 0x11, 0x21, 0x15, 0xdd, 0xdd, 0xdd, 0xdd, 0xdd, 0xdd, 0xdd, 0xc1,
    0xfb, 0xbb, 0xbb, 0xb9, 0x81, 0xa4, 0x92, 0x49, 0x19, 0xa4, 0x85, 0xf7, 0x1b, 0x00, 0x88, 0x88,
    0x88, 0x88, 0x88, 0x88, 0x8a, 0x33, 0x33, 0x33, 0x33, 0x33, 0x33, 0xee, 0xee, 0xee, 0xee, 0xe3,
    0x33, 0x4c, 0x42, 0x08, 0x02, 0x02, 0x6d, 0xa4, 0x84, 0xfb, 0xbb, 0xbb, 0xbb, 0xbb, 0xbb, 0xbb,
    0x83, 0xf7, 0x77, 0x77, 0x72, 0x01, 0x24, 0xdb, 0x6d, 0xb4, 0x92, 0x61, 0x77, 0x71, 0x88, 0x88,
    0x88, 0x88, 0x88, 0x88, 0x08, 0xfb, 0xbb, 0xbb, 0xbb, 0xbb, 0xbb, 0xbb, 0xbb, 0xbb, 0xbb, 0xbb,
    0xbb, 0xbb, 0xbb, 0xbb, 0xbb, 0xbb, 0xbb, 0x8c, 0xcc, 0xcf, 0xbb, 0xbb, 0xbb, 0xbb, 0xbb, 0xbb,
    0xbb, 0xb8, 0x3f, 0x77, 0x77, 0x77, 0x73, 0x12, 0x6c, 0x88, 0x88, 0x45, 0xa4, 0x85, 0xf7, 0x77,
    0x19, 0x00, 0x9b, 0x6d, 0x84, 0x03, 0xee, 0xee, 0xee, 0xee, 0xee, 0xee, 0xee, 0xee, 0xee, 0xee,
    0xee, 0xee, 0xee, 0xee, 0xee, 0xee, 0xee, 0xee, 0xee, 0xee, 0xee, 0xee, 0xee, 0xee, 0xee, 0xee,
    0xee, 0xee, 0xee, 0xe0, 0xfd, 0xdd, 0xdd, 0xdd, 0xdc, 0x69, 0xa3, 0xee, 0xee, 0x36, 0x4c, 0x99,
    0xf7, 0x77, 0x71, 0xa1, 0x26, 0xd9, 0x11, 0xf7, 0x77, 0x77, 0x77, 0x77, 0x77, 0x77, 0x77, 0x77,
    0x77, 0x77, 0x77, 0x77, 0x77, 0x77, 0x77, 0x77, 0x77, 0x77, 0x77, 0x77, 0x77, 0x77, 0x77, 0x77,
    0x77, 0x77, 0x77, 0x77, 0x77, 0x07
};

const HuffmanFrequency SPRITE_37_FREQS[] = {
    {0x0a, 51},
    {0x23, 57},
    {0x25, 27},
    {0x2a, 137},
    {0x2b, 311},
    {0x2d, 776},
    {0x2e, 396},
    {0x3a, 748},
    {0x3d, 317},
    {0x40, 14},
    {0xa0, 2217},
    {0xc2, 2217}
};
}

const HuffmanEncodedSprite SPRITE_37 = {
    SPRITE_37_BYTES,
    static_cast<int>(sizeof(SPRITE_37_BYTES) / sizeof(SPRITE_37_BYTES[0])),
    19248,
    7268,
    SPRITE_37_FREQS,
    static_cast<int>(sizeof(SPRITE_37_FREQS) / sizeof(SPRITE_37_FREQS[0]))
};

namespace
{
const unsigned char SPRITE_38_BYTES[] = {
    0xa2, 0xdb, 0x6d, 0xb6, 0xdb, 0x6d, 0xb6, 0xdb, 0x6d, 0xb6, 0xdc, 0xda, 0x2f, 0x7b, 0xde, 0x2f,
    0x56, 0xdb, 0x6d, 0xb6, 0xdb, 0x6d, 0xb6, 0xdb, 0x6d, 0xb6, 0xdb, 0x6d, 0xb6, 0xdb, 0x6d, 0xb6,
    0xdb, 0x6d, 0xb6, 0xdb, 0x6d, 0xb6, 0xdb, 0x6d, 0xba, 0x2d, 0xb6, 0xdb, 0x6d, 0xb6, 0xdb, 0x6d,
    0xb6, 0xdb, 0x6e, 0xb1, 0x79, 0x99, 0x99, 0xbc, 0x4b, 0x6d, 0xb6, 0xdb, 0x6d, 0xb6, 0xdb, 0x6d,
    0xb6, 0xdb, 0x6d, 0xb6, 0xdb, 0x6d, 0xb6, 0xdb, 0x6d, 0xb6, 0xdb, 0x6d, 0xb6, 0xdb, 0x6d, 0xb6,
    0xdd, 0x16, 0xdb, 0x6d, 0xb6, 0xdb, 0x6d, 0xb6, 0xdd, 0x66, 0xd6, 0x88, 0xbc, 0xcd, 0xef, 0x7b,
    0xde, 0xf1, 0x2d, 0xb6, 0xdb, 0x6d, 0xb6, 0xdb, 0x6d, 0xb6, 0xdb, 0x6d, 0xb6, 0xdb, 0x6d, 0xb6,
    0xdb, 0x6d, 0xb6, 0xdb, 0x6d, 0xb6, 0xdb, 0x6d, 0xb6, 0xdb, 0x74, 0x5b, 0x6d, 0xb6, 0xdb, 0x6d,
    0xb6, 0xdb, 0x75, 0xb4, 0xcc, 0xcc, 0xcc, 0xcc, 0xde, 0xf7, 0xbd, 0xef, 0x56, 0xdb, 0x6d, 0xb6,
    0xdb, 0x6d, 0xb6, 0xdb, 0x6d, 0xb6, 0xdb, 0x6d, 0xb6, 0xdb, 0x6d, 0xb6, 0xdb, 0x6d, 0xb6, 0xdb,
    0x6d, 0xb6, 0xdb, 0x6d, 0xd1, 0x6d, 0xb6, 0xdb, 0x6d, 0xb6, 0xdb, 0x6d, 0xde, 0xf3, 0x33, 0x33,
    0x33, 0x33, 0x37, 0xbd, 0xef, 0x69, 0x6d, 0xb6, 0xdb, 0x6d, 0xb6, 0xdb, 0x6d, 0xb6, 0xdb, 0x6d,
    0xb6, 0xdb, 0x6d, 0xb6, 0xdb, 0x6d, 0xb6, 0xdb, 0x6d, 0xb6, 0xdb, 0x6d, 0xb6, 0xdd, 0x16, 0xdb,
    0x6d, 0xb6, 0xdb, 0x6d, 0xb6, 0xdc, 0xda, 0x22, 0xf1, 0x11, 0x17, 0xbd, 0xe6, 0x6f, 0x7b, 0xd3,
    0x2d, 0xb6, 0xdb, 0x6d, 0xb6, 0xdb, 0x6d, 0xb6, 0xdb, 0x6d, 0xb6, 0xdb, 0x6d, 0xb6, 0xdb, 0x6d,
    0xb6, 0xdb, 0x6d, 0xb6, 0xdb, 0x6d, 0xb6, 0xdd, 0x16, 0xdb, 0x6d, 0xb6, 0xdb, 0x6d, 0xb6, 0xdb,
    0xac, 0xde, 0xf7, 0xbc, 0x45, 0xad, 0x17, 0xbc, 0xcd, 0xef, 0x11, 0x56, 0xdb, 0x6d, 0xb6, 0xdb,
    0x6d, 0xb6, 0xdb, 0x6d, 0xb6, 0xdb, 0x6d, 0xb6, 0xdb, 0x6d, 0xb6, 0xdb, 0x6d, 0xb6, 0xdb, 0x6d,
    0xb6, 0xdb, 0xa2, 0xdb, 0x6d, 0xb6, 0xdb, 0x6d, 0xb6, 0xdb, 0x6d, 0xb6, 0xdb, 0x75, 0xac, 0xd3,
    0x17, 0xbd, 0xe6, 0xf7, 0x88, 0xab, 0x6d, 0xb6, 0xdb, 0x6d, 0xb6, 0xdb, 0x6d, 0xb6, 0xdb, 0x6d,
    0xb6, 0xdb, 0x6d, 0xb6, 0xdb, 0x6d, 0xb6, 0xdb, 0x6d, 0xb6, 0xdb, 0x74, 0x5b, 0x6d, 0xb6, 0xdb,
    0x6d, 0xb6, 0xdb, 0x6d, 0xb6, 0xdb, 0x6d, 0xb6, 0xeb, 0x7b, 0x45, 0xef, 0x7b, 0xde, 0xd1, 0x56,
    0xdb, 0x6d, 0xb6, 0xdb, 0x6d, 0xb6, 0xdb, 0x6d, 0xb6, 0xdb, 0x6d, 0xb6, 0xdb, 0x6d, 0xb6, 0xdb,
    0x6d, 0xb6, 0xdb, 0x6d, 0xba, 0x2d, 0xb6, 0xdb, 0x6d, 0xb6, 0xdb, 0x6d, 0xb6, 0xdb, 0x6d, 0xb6,
    0xdb, 0x6d, 0xd6, 0x62, 0xd1, 0x7b, 0xde, 0x22, 0xd7, 0xad, 0x6b, 0x56, 0xdb, 0x6d, 0xb6, 0xdb,
    0x6d, 0xb6, 0xdb, 0x6d, 0xb6, 0xdb, 0x6d, 0xb6, 0xdb, 0x6d, 0xb6, 0xdb, 0x6d, 0xb6, 0xe8, 0xb6,
    0xdb, 0x6d, 0xb6, 0xdb, 0x6d, 0xb6, 0xdb, 0x6d, 0xb6, 0xdb, 0x6d, 0xb6, 0xdb, 0xad, 0xe9, 0x88,
    0x88, 0x8a, 0x1a, 0x1a, 0x69, 0xa1, 0xab, 0x6d, 0xb6, 0xdb, 0x6d, 0xb6, 0xdb, 0x6d, 0xb6, 0xdb,
    0x6d, 0xb6, 0xdb, 0x6d, 0xb6, 0xdb, 0x6d, 0xb6, 0xdb, 0xa2, 0xdb, 0x6d, 0xb6, 0xdb, 0x6d, 0xb6,
    0xdb, 0x6d, 0xb6, 0xdb, 0x6d, 0xb6, 0xdb, 0x6d, 0xba, 0xda, 0x86, 0x9a, 0x69, 0xa6, 0x9a, 0x69,
    0xa6, 0x98, 0xab, 0x6d, 0xb6, 0xdb, 0x6d, 0xb6, 0xdb, 0x6d, 0xb6, 0xdb, 0x6d, 0xb6, 0xdb, 0x6d,
    0xb6, 0xdb, 0x6d, 0xb6, 0xe8, 0xb6, 0xdb, 0x6d, 0xb6, 0xdb, 0x6e, 0xb5, 0xab, 0x6d, 0xb6, 0xdb,
    0x6d, 0xb6, 0xdb, 0x6d, 0xba, 0xc5, 0xa9, 0xa6, 0x9a, 0x69, 0xa6, 0x9a, 0x69, 0xa6, 0x98, 0xab,
    0x6d, 0xb6, 0xdb, 0x6d, 0xb6, 0xdb, 0x6d, 0xb6, 0xdb, 0x6d, 0xb6, 0xdb, 0x6d, 0xb6, 0xdb, 0x6d,
    0xba, 0x2d, 0xb6, 0xdb, 0x6d, 0xb6, 0xdc, 0xc4, 0xde, 0x2d, 0x7a, 0xb6, 0xdb, 0x6d, 0xb6, 0xdb,
    0x6d, 0xb7, 0x36, 0xa6, 0x9a, 0x69, 0xa6, 0x9a, 0x69, 0xa6, 0x9a, 0x1a, 0x1b, 0xd5, 0xb6, 0xdb,
    0x6d, 0xb6, 0xdb, 0x6d, 0xb6, 0xdb, 0x6d, 0xb6, 0xdb, 0x6d, 0xb6, 0xdb, 0x6d, 0xb6, 0xe8, 0xb6,
    0xdb, 0x6d, 0xb6, 0xdb, 0xac, 0xc4, 0xcc, 0xcd, 0xef, 0x6b, 0x5e, 0xb5, 0xad, 0x6b, 0x5a, 0xd6,
    0xb5, 0xab, 0x6e, 0xb1, 0x4d, 0xad, 0x4d, 0x34, 0xd3, 0x4d, 0x34, 0xd0, 0xd3, 0x6a, 0x68, 0x69,
    0xb5, 0xa5, 0xb6, 0xdb, 0x6d, 0xb6, 0xdb, 0x6d, 0xb6, 0xdb, 0x6d, 0xb6, 0xdb, 0x6d, 0xb6, 0xdb,
    0x6e, 0x8b, 0x6d, 0xb6, 0xdb, 0x6d, 0xb7, 0x31, 0x33, 0x33, 0x7b, 0xde, 0xf1, 0x6b, 0x5a, 0xf3,
    0x5a, 0xcc, 0xde, 0x22, 0xf7, 0xb5, 0x36, 0xa6, 0x9a, 0x1a, 0x6d, 0x6b, 0x5e, 0x6b, 0x5a, 0xd6,
    0xb5, 0x9b, 0x45, 0x5b, 0x6d, 0xb6, 0xdb, 0x6d, 0xb6, 0xdb, 0x6d, 0xb6, 0xdb, 0x6d, 0xb6, 0xdb,
    0x6d, 0xb7, 0x45, 0xb6, 0xdb, 0x6d, 0xb6, 0xdb, 0x98, 0xbd, 0xef, 0x7b, 0xc5, 0xaf, 0x35, 0xad,
    0x6b, 0x5a, 0xd6, 0xb5, 0xac, 0xcc, 0xcc, 0xde, 0xf3, 0x33, 0x33, 0x33, 0x35, 0x99, 0x99, 0x9b,
    0x5a, 0x22, 0xd6, 0xab, 0x6d, 0xb6, 0xdb, 0x6d, 0xb6, 0xdb, 0x6d, 0xb6, 0xdb, 0x6d, 0xb6, 0xdb,
    0x6d, 0xba, 0x2d, 0xb6, 0xdb, 0x6d, 0xb6, 0xdd, 0x6f, 0x7b, 0xde, 0xf3, 0x5a, 0xd6, 0xb5, 0xad,
    0x6b, 0x5a, 0xd6, 0xb5, 0xac, 0xcc, 0xcc, 0xcc, 0xcc, 0xcc, 0xcc, 0xcc, 0xcc, 0xcd, 0xe2, 0x98,
    0x88, 0x88, 0x88, 0xa6, 0x2b, 0x5a, 0xd6, 0xb5, 0xad, 0x5b, 0x6d, 0xb6, 0xdb, 0x6d, 0xb6, 0xdb,
    0x6d, 0xb6, 0xdb, 0x74, 0x5b, 0x6d, 0xb6, 0xdb, 0x6d, 0xba, 0xde, 0x2f, 0x35, 0xad, 0x6b, 0x5a,
    0xd6, 0xb5, 0xad, 0x6b, 0x5a, 0xd6, 0xb3, 0x33, 0x33, 0x33, 0x33, 0x33, 0x33, 0x33, 0x7b, 0xde,
    0x25, 0xc5, 0xad, 0x11, 0x11, 0x11, 0x11, 0x11, 0x17, 0x88, 0x9a, 0xb6, 0xdb, 0x6d, 0xb6, 0xdb,
    0x6d, 0xb6, 0xdb, 0x6d, 0xba, 0x2d, 0xb6, 0xdb, 0x6d, 0xb6, 0xdd, 0x62, 0xd3, 0x5a, 0xd6, 0xb5,
    0xad, 0x6b, 0x5a, 0xd6, 0xb5, 0xad, 0x6b, 0x33, 0x33, 0x33, 0x33, 0x33, 0x33, 0x33, 0x7b, 0xde,
    0xf7, 0xab, 0x6e, 0xb7, 0xb4, 0x45, 0xef, 0x7b, 0xde, 0xf7, 0xbd, 0xef, 0x78, 0x8a, 0xb6, 0xdb,
    0x6d, 0xb6, 0xdb, 0x6d, 0xb6, 0xdb, 0x6d, 0xd1, 0x6d, 0xb6, 0xdb, 0x6d, 0xb6, 0xeb, 0x7a, 0xd6,
    0xb5, 0xad, 0x6b, 0x5a, 0xd6, 0xb5, 0xad, 0x6b, 0x59, 0x99, 0x99, 0x99, 0x99, 0x99, 0x99, 0x9b,
    0xde, 0xf7, 0xa6, 0xad, 0xb6, 0xdb, 0x71, 0x6b, 0xde, 0xf7, 0xbd, 0xef, 0x7b, 0xde, 0xf1, 0x4b,
    0x6d, 0xb6, 0xdb, 0x6d, 0xb6, 0xdb, 0x6d, 0xb6, 0xdb, 0xa2, 0xdb, 0x6d, 0xb6, 0xdb, 0x6e, 0xb7,
    0xad, 0x6b, 0x5a, 0xd6, 0xb5, 0xad, 0x6b, 0x5a, 0xd6, 0xb3, 0x33, 0x33, 0x33, 0x33, 0x33, 0x33,
    0x7b, 0xde, 0xf7, 0x8b, 0x53, 0x69, 0xab, 0x6d, 0xb6, 0xe2, 0x2f, 0x7b, 0xde, 0xf7, 0xbd, 0xaf,
    0x56, 0xdb, 0x6d, 0xb6, 0xdb, 0x6d, 0xb6, 0xdb, 0x6d, 0xb6, 0xdd, 0x16, 0xdb, 0x6d, 0xb6, 0xdb,
    0xad, 0xa6, 0xb5, 0xad, 0x6b, 0x5a, 0xd6, 0xb5, 0xad, 0x66, 0x66, 0x66, 0x66, 0x66, 0x66, 0x62,
    0xf7, 0xbd, 0xef, 0x7b, 0xde, 0x2f, 0x7b, 0xda, 0x1b, 0x6d, 0xb7, 0x5b, 0x5e, 0xf7, 0xbd, 0xef,
    0x4d, 0x5b, 0x75, 0xab, 0x6d, 0xb6, 0xdb, 0x6d, 0xb6, 0xdb, 0x6d, 0xb6, 0xdd, 0x16, 0xdb, 0x6d,
    0xb6, 0xdb, 0xa6, 0x66, 0x6b, 0x5a, 0xd6, 0xb5, 0xad, 0x66, 0x66, 0x66, 0x66, 0x66, 0x66, 0x62,
    0x2f, 0x7b, 0xde, 0xf7, 0xbd, 0xef, 0x78, 0x8b, 0xc4, 0x55, 0xb6, 0xdb, 0x6e, 0xd1, 0x7b, 0xde,
    0xf1, 0x0d, 0xcd, 0xa2, 0xf7, 0xbd, 0xa2, 0xad, 0xb6, 0xdb, 0x6d, 0xb6, 0xdb, 0x6d, 0xba, 0x2d,
    0xb6, 0xdb, 0x6d, 0xb7, 0x4c, 0xcc, 0xcc, 0xcc, 0xcc, 0xcc, 0xcc, 0xcc, 0xcc, 0xcc, 0xcc, 0xda,
    0x2f, 0x7b, 0xde, 0xf3, 0x7b, 0xde, 0xf7, 0xbd, 0xe9, 0x88, 0xbb, 0x6d, 0xb6, 0xdb, 0x75, 0x98,
    0xa6, 0x2b, 0x5b, 0xc4, 0x44, 0x5e, 0xf7, 0xbd, 0xef, 0x6b, 0xd5, 0xb6, 0xdb, 0x6d, 0xb6, 0xdb,
    0x6e, 0x8b, 0x6d, 0xb6, 0xdb, 0x6d, 0xde, 0x66, 0x66, 0x66, 0x66, 0x66, 0x66, 0x66, 0x66, 0x66,
    0xf4, 0xda, 0xd1, 0x79, 0x99, 0x99, 0x99, 0x99, 0x99, 0x99, 0x8b, 0x5d, 0xb6, 0xdb, 0x6d, 0xb6,
    0xeb, 0x16, 0x88, 0x88, 0x88, 0xb5, 0x36, 0xb5, 0xa2, 0xf7, 0xbd, 0xaf, 0x56, 0xdb, 0x6d, 0xb6,
    0xdb, 0x6e, 0x8b, 0x6d, 0xb6, 0xdb, 0x6d, 0xcd, 0xe6, 0x66, 0x66, 0x66, 0x66, 0x66, 0x66, 0x66,
    0xd4, 0x36, 0xa1, 0xb5, 0xe6, 0x66, 0x66, 0x66, 0x66, 0x66, 0x66, 0x66, 0x62, 0xd5, 0x6d, 0xb6,
    0xeb, 0x14, 0x16, 0x88, 0x88, 0xbd, 0xe2, 0x9a, 0x1a, 0x6d, 0x6b, 0x5a, 0x9a, 0x69, 0xb4, 0x5e,
    0x25, 0xb6, 0xdb, 0x6d, 0xb6, 0xdb, 0xa2, 0xdb, 0x6d, 0xb6, 0xdb, 0x71, 0x69, 0x99, 0x99, 0x99,
    0x99, 0x99, 0x9b, 0xc4, 0xd6, 0x68, 0x6d, 0x4d, 0x31, 0x33, 0x33, 0x33, 0x33, 0x33, 0x33, 0x33,
    0x31, 0x56, 0xe6, 0x69, 0xa6, 0x22, 0x22, 0x22, 0x2f, 0x11, 0x16, 0xb5, 0xa9, 0xb5, 0x34, 0xd3,
    0x6b, 0x53, 0x43, 0x4d, 0xea, 0xdb, 0x6d, 0xb6, 0xdb, 0x6d, 0xba, 0x2d, 0xb6, 0xdb, 0x6d, 0xba,
    0xda, 0xd3, 0x35, 0xac, 0xcc, 0xcc, 0xc5, 0x34, 0x31, 0x78, 0xbc, 0xcc, 0xcc, 0xcc, 0xcc, 0xcc,
    0xcc, 0xcc, 0x5a, 0x2f, 0x78, 0xa6, 0x9b, 0x45, 0xa2, 0x22, 0x22, 0x22, 0x22, 0x22, 0xf7, 0x9b,
    0xc5, 0x36, 0xb4, 0x56, 0xad, 0xb6, 0xdb, 0x6d, 0xb6, 0xdb, 0x6d, 0xb6, 0xdb, 0xa2, 0xdb, 0x6d,
    0xb6, 0xdb, 0x8b, 0xc5, 0x6b, 0x5a, 0xd6, 0x66, 0xf1, 0x7b, 0xcc, 0xcc, 0xcc, 0xcc, 0xcc, 0xcc,
    0xcc, 0xcc, 0xc4, 0x5e, 0xf6, 0xa1, 0xa6, 0xd6, 0xb5, 0xa2, 0x22, 0x22, 0x22, 0x22, 0x22, 0x22,
    0x2d, 0x4c, 0xcc, 0x50, 0xde, 0xad, 0xb6, 0xdb, 0x6d, 0xb6, 0xdb, 0x6d, 0xb6, 0xdb, 0x6d, 0xd1,
    0x6d, 0xb6, 0xdb, 0x6e, 0x6f, 0x15, 0xad, 0x6b, 0x5a, 0xcd, 0xed, 0x7b, 0xcc, 0xcc, 0xcc, 0xcc,
    0xcc, 0xcc, 0xcc, 0xcc, 0xde, 0xf1, 0x43, 0x4d, 0xad, 0x6b, 0x5a, 0xd6, 0x88, 0x88, 0x88, 0x88,
    0xb5, 0xad, 0x6b, 0x53, 0x4d, 0xeb, 0x5a, 0xb6, 0xdb, 0x6d, 0xb6, 0xdb, 0x6d, 0xb6, 0xdb, 0x6d,
    0xb6, 0xdb, 0xa2, 0xdb, 0x6d, 0xb6, 0xeb, 0x17, 0xbd, 0x6b, 0x5a, 0xd6, 0xb7, 0xb5, 0xef, 0x79,
    0x99, 0x99, 0x99, 0x99, 0x99, 0x99, 0x99, 0xbc, 0x50, 0xd3, 0x6b, 0x5a, 0xd6, 0xb5, 0xad, 0x6b,
    0x5a, 0xd6, 0xb5, 0xad, 0x6b, 0x53, 0x43, 0x13, 0x56, 0xdb, 0x6d, 0xb6, 0xdb, 0x6d, 0xb6, 0xdb,
    0x6d, 0xb6, 0xdb, 0x6d, 0xb6, 0xe8, 0xb6, 0xdb, 0x6d, 0xbb, 0xde, 0x2b, 0x5a, 0xd6, 0xb5, 0xb4,
    0x5e, 0xf7, 0xbd, 0xef, 0x7b, 0xcc, 0xcc, 0xde, 0xf7, 0xbd, 0xef, 0x7b, 0x53, 0x16, 0xb5, 0xad,
    0x6b, 0x5a, 0xd6, 0xb5, 0xad, 0x6b, 0x5a, 0xd4, 0xd0, 0xd0, 0xda, 0xd6, 0xbb, 0x6d, 0xb6, 0xdb,
    0x6d, 0xb6, 0xdb, 0x6d, 0xb6, 0xdb, 0x6d, 0xb6, 0xdb, 0x6e, 0x8b, 0x6d, 0xb6, 0xdd, 0x6f, 0x79,
    0xad, 0x6b, 0x59, 0xb5, 0xef, 0x7b, 0xde, 0xf7, 0xbd, 0xef, 0x16, 0xb5, 0x0c, 0x44, 0x45, 0xad,
    0x4c, 0x44, 0x44, 0x50, 0xda, 0xd6, 0xb5, 0xad, 0x6b, 0x5a, 0xd6, 0xb5, 0x05, 0xad, 0x6b, 0x5a,
    0xd6, 0xa6, 0x2a, 0xdb, 0x6d, 0xb6, 0xdb, 0x6d, 0xb6, 0xdb, 0x6d, 0xb6, 0xdb, 0x6d, 0xb7, 0x45,
    0xb6, 0xdb, 0x6e, 0x62, 0xf5, 0xad, 0x6b, 0x31, 0x7b, 0xde, 0xf7, 0xbd, 0xef, 0x68, 0x9a, 0xb7,
    0x4d, 0xef, 0x37, 0xbc, 0x44, 0x44, 0x44, 0x45, 0xa8, 0x69, 0xb5, 0xad, 0x6b, 0x5a, 0xd6, 0xb5,
    0xad, 0x6b, 0x5a, 0xd6, 0xb4, 0x45, 0xae, 0xdb, 0x6d, 0xb6, 0xdb, 0x6d, 0xb7, 0x5a, 0xb6, 0xdb,
    0x6d, 0xb6, 0xdb, 0xa2, 0xdb, 0x6d, 0xb7, 0x31, 0x69, 0xac, 0xde, 0xd7, 0xbd, 0xef, 0x7b, 0xda,
    0x2b, 0x56, 0xdb, 0x76, 0x9a, 0xcc, 0xde, 0x29, 0xa6, 0x9a, 0x6d, 0x6b, 0x44, 0x5a, 0x9b, 0x5a,
    0xd6, 0xb5, 0xa2, 0x22, 0x22, 0x22, 0x22, 0x22, 0x22, 0x28, 0x6d, 0x35, 0x6d, 0xb6, 0xdb, 0x6d,
    0xde, 0xd6, 0x96, 0xdb, 0x6d, 0xb6, 0xdb, 0xa2, 0xdb, 0x6d, 0xb6, 0xe6, 0x22, 0xf7, 0x8a, 0x62,
    0xf7, 0xbc, 0x5a, 0xad, 0xb6, 0xdb, 0x73, 0x7a, 0xd6, 0xb3, 0x33, 0x33, 0x37, 0xbd, 0xef, 0x7b,
    0xde, 0xd6, 0x88, 0x88, 0x88, 0x88, 0x88, 0x88, 0x88, 0x88, 0x88, 0x8b, 0x53, 0x6b, 0x5a, 0x9a,
    0x69, 0x89, 0x9a, 0xcc, 0x5a, 0x2d, 0x4c, 0xde, 0x2a, 0xdb, 0x6d, 0xb7, 0x45, 0xb6, 0xdb, 0x6d,
    0xb7, 0x31, 0x11, 0x11, 0x17, 0x89, 0xab, 0x6d, 0xb6, 0xdd, 0x6f, 0x4d, 0x6b, 0x5a, 0xcc, 0xcc,
    0xcc, 0xcc, 0xcc, 0xcc, 0xcc, 0xc5, 0xa2, 0x22, 0x22, 0x22, 0x22, 0x22, 0x22, 0x22, 0x22, 0x2d,
    0x4d, 0x36, 0xb5, 0xad, 0x6b, 0x5a, 0x22, 0xd6, 0xb5, 0xad, 0x6a, 0x6d, 0x2d, 0xb6, 0xdb, 0x74,
    0x5b, 0x6d, 0xb6, 0xdb, 0x6d, 0xb6, 0xdb, 0x6d, 0xb6, 0xdb, 0x6d, 0xcd, 0xa2, 0x22, 0xb5, 0xac,
    0xcc, 0xcc, 0xcc, 0xcc, 0xcc, 0xcc, 0xcc, 0xcd, 0xe9, 0x88, 0x88, 0x8b, 0xc4, 0x44, 0x44, 0x44,
    0x44, 0x44, 0x53, 0x4d, 0xad, 0x6b, 0x5a, 0xd6, 0xb5, 0xad, 0x6b, 0x5a, 0x9b, 0x55, 0xb6, 0xdb,
    0x6d, 0xd1, 0x6d, 0xb6, 0xdb, 0x6d, 0xb6, 0xdb, 0x6d, 0xb6, 0xdb, 0x6d, 0xd6, 0x22, 0x22, 0x22,
    0xf5, 0xad, 0x66, 0x66, 0x66, 0x66, 0x66, 0x66, 0x66, 0x66, 0x66, 0xf4, 0x14, 0xd3, 0x7b, 0xde,
    0x22, 0x22, 0x22, 0x22, 0x22, 0x22, 0x86, 0x9b, 0x5a, 0xd6, 0xb5, 0xad, 0x6b, 0x5a, 0x9a, 0x1a,
    0xb6, 0xdb, 0x6d, 0xb6, 0xe8, 0xb6, 0xdb, 0x6d, 0xb6, 0xdb, 0x6d, 0xb6, 0xdb, 0x6d, 0xb7, 0x5b,
    0xda, 0xf7, 0xbd, 0xe2, 0xd1, 0x35, 0x99, 0x99, 0x99, 0x99, 0x99, 0x99, 0x99, 0xbc, 0x45, 0xe6,
    0xf6, 0xbd, 0xef, 0x78, 0x88, 0x88, 0x88, 0x88, 0x88, 0x8a, 0x1a, 0x6d, 0x6b, 0x5a, 0xd6, 0xb5,
    0x34, 0xde, 0xad, 0xb6, 0xdb, 0x6d, 0xb7, 0x45, 0xb6, 0xdb, 0x6d, 0xb6, 0xdb, 0x6d, 0xb6, 0xdb,
    0x6d, 0xb9, 0xb5, 0xef, 0x7b, 0xde, 0xf1, 0x14, 0xde, 0xf1, 0x79, 0x99, 0x99, 0x99, 0xbc, 0x44,
    0x5e, 0xf3, 0x7b, 0x5a, 0x2f, 0x7b, 0xde, 0xf1, 0x11, 0x11, 0x11, 0x11, 0x11, 0x6a, 0x1b, 0x5a,
    0xd6, 0xb5, 0x36, 0x9a, 0xb6, 0xdb, 0x6d, 0xb6, 0xdb, 0x74, 0x5b, 0x6d, 0xb6, 0xdb, 0x6d, 0xb6,
    0xdb, 0x6d, 0xb6, 0xdb, 0x9a, 0x6f, 0x7b, 0xde, 0xf7, 0x88, 0x88, 0xb4, 0xcc, 0xcc, 0xcc, 0xcc,
    0xcc, 0xcc, 0xde, 0x29, 0xb4, 0x5a, 0x9b, 0xde, 0xf7, 0xbc, 0x44, 0x44, 0x44, 0x44, 0x44, 0x5a,
    0xd4, 0x34, 0xd3, 0x69, 0x6d, 0xb6, 0xdb, 0x6d, 0xb6, 0xdb, 0x6e, 0x8b, 0x6d, 0xb6, 0xdb, 0x6d,
    0xb6, 0xdb, 0x6d, 0xb6, 0xdb, 0x75, 0x88, 0xbd, 0xef, 0x7b, 0xc4, 0x44, 0x5a, 0xd4, 0xd3, 0x17,
    0xbd, 0xef, 0x7b, 0xc4, 0x44, 0x44, 0x44, 0x53, 0x4c, 0x5e, 0xf7, 0xbd, 0xe2, 0x22, 0x22, 0x22,
    0x22, 0x2d, 0x6b, 0x4b, 0x6d, 0xb6, 0xdb, 0x6d, 0xb6, 0xdb, 0x6d, 0xba, 0x2d, 0xb6, 0xdb, 0x6d,
    0xb6, 0xdb, 0x6d, 0xb6, 0xdb, 0x6d, 0xb9, 0xb5, 0xa2, 0x22, 0x2d, 0x6b, 0x5a, 0xd6, 0xb5, 0xe6,
    0xf1, 0x68, 0x88, 0x88, 0x8b, 0x53, 0x4d, 0xa2, 0x22, 0x98, 0xbd, 0xef, 0x78, 0xbd, 0xef, 0x11,
    0x11, 0x16, 0xb5, 0xad, 0x76, 0xdb, 0x6d, 0xb6, 0xdb, 0x6d, 0xb6, 0xdb, 0x74, 0x5b, 0x6d, 0xb6,
    0xdb, 0x6d, 0xb6, 0xdb, 0x6d, 0xb6, 0xdb, 0xac, 0x44, 0x50, 0xda, 0xd6, 0xb5, 0xad, 0x43, 0x4d,
    0x5b, 0x6d, 0xb7, 0x5a, 0xde, 0x2d, 0x4d, 0x34, 0xd3, 0x68, 0x8b, 0xc5, 0x0d, 0xa2, 0x22, 0x22,
    0x22, 0x22, 0xd6, 0xb5, 0xad, 0x4c, 0x55, 0xb6, 0xdb, 0x6d, 0xb6, 0xdb, 0x6d, 0xb6, 0xe8, 0xb6,
    0xdb, 0x6d, 0xb6, 0xdb, 0x6d, 0xb6, 0xdb, 0x6d, 0xba, 0xc5, 0xef, 0x78, 0x88, 0x9a, 0xd5, 0xb6,
    0xdb, 0x6d, 0xb6, 0xdb, 0x6d, 0xb6, 0xdb, 0x6d, 0xba, 0xc5, 0xad, 0x6b, 0x5a, 0xd6, 0xb5, 0xad,
    0x6b, 0x5a, 0xd1, 0x56, 0xdb, 0x6d, 0xb6, 0xdb, 0x6d, 0xb6, 0xdb, 0xa2, 0xdb, 0x6d, 0xb6, 0xdb,
    0x6d, 0xb6, 0xdb, 0x6d, 0xb6, 0xdd, 0x6b, 0x56, 0xdb, 0x6d, 0xb6, 0xdb, 0x6d, 0xb6, 0xdb, 0x6d,
    0xb6, 0xdb, 0x6d, 0xb6, 0xdd, 0x66, 0xd6, 0xb5, 0xa9, 0xa6, 0x9a, 0x69, 0xb5, 0xad, 0x15, 0x6d,
    0xb6, 0xdb, 0x6d, 0xb6, 0xdb, 0x6d, 0xba, 0x2d, 0xb6, 0xdb, 0x6d, 0xb6, 0xdb, 0x6d, 0xb6, 0xdb,
    0x6d, 0xb6, 0xdb, 0x6d, 0xb6, 0xdb, 0x6d, 0xb6, 0xdb, 0x6d, 0xb6, 0xdb, 0x6d, 0xb6, 0xdb, 0x6d,
    0xba, 0xd0, 0xcd, 0x66, 0x6f, 0x78, 0xa6, 0x86, 0x2a, 0xdb, 0x6d, 0xb6, 0xdb, 0x6d, 0xb6, 0xdb,
    0x74, 0x5b, 0x6d, 0xb6, 0xdb, 0x6d, 0xb6, 0xdb, 0x6d, 0xb6, 0xdb, 0x6d, 0xb6, 0xdb, 0x6d, 0xb6,
    0xdb, 0x6d, 0xb6, 0xdb, 0x6d, 0xb6, 0xdb, 0x6d, 0xb6, 0xdb, 0x6d, 0xde, 0xd1, 0x7b, 0xde, 0xf1,
    0x12, 0xdb, 0x6d, 0xb6, 0xdb, 0x6d, 0xb6, 0xdb, 0x6e, 0x88
};

const HuffmanFrequency SPRITE_38_FREQS[] = {
    {0x0a, 51},
    {0x23, 36},
    {0x25, 3},
    {0x2a, 146},
    {0x2b, 340},
    {0x2d, 396},
    {0x2e, 293},
    {0x3a, 514},
    {0x3d, 459},
    {0xa0, 2813},
    {0xc2, 2813}
};
}

const HuffmanEncodedSprite SPRITE_38 = {
    SPRITE_38_BYTES,
    static_cast<int>(sizeof(SPRITE_38_BYTES) / sizeof(SPRITE_38_BYTES[0])),
    19021,
    7864,
    SPRITE_38_FREQS,
    static_cast<int>(sizeof(SPRITE_38_FREQS) / sizeof(SPRITE_38_FREQS[0]))
};

namespace
{
const unsigned char SPRITE_39_BYTES[] = {
    0x6d, 0xb6, 0xdb, 0x6d, 0xb6, 0xdb, 0x6d, 0xb6, 0xdb, 0x6d, 0xb6, 0xdb, 0x6d, 0xb6, 0xdb, 0x6d,
    0xb6, 0xdb, 0x6d, 0xb6, 0xdb, 0x8a, 0xdb, 0x6d, 0xb6, 0xdb, 0x6d, 0xb6, 0xdb, 0x6d, 0xb7, 0x09,
    0x54, 0xe7, 0x39, 0xce, 0xea, 0x50, 0x83, 0x6d, 0xb6, 0xdb, 0x6d, 0xb6, 0xdb, 0x6d, 0xb6, 0xdb,
    0x6d, 0xb6, 0xdb, 0x6d, 0xb6, 0xdb, 0x6d, 0xb6, 0xdb, 0x6d, 0xb6, 0xdb, 0x6d, 0xb6, 0xe2, 0xb6,
    0xdb, 0x6d, 0xb6, 0xdb, 0x6d, 0xb6, 0xe1, 0x0a, 0xba, 0xaa, 0xaa, 0xaa, 0xaa, 0xaa, 0xaa, 0xab,
    0x9d, 0x42, 0x0d, 0xb6, 0xdb, 0x6d, 0xb6, 0xdb, 0x6d, 0xb6, 0xdb, 0x6d, 0xb6, 0xdb, 0x6d, 0xb6,
    0xdb, 0x6d, 0xb6, 0xdb, 0x6d, 0xb6, 0xdb, 0x6d, 0xc5, 0x6d, 0xb6, 0xdb, 0x6d, 0xb6, 0xdb, 0x70,
    0x95, 0xd5, 0x55, 0x55, 0x55, 0x55, 0x55, 0x55, 0x55, 0x55, 0xdd, 0xdd, 0xca, 0x0d, 0xb6, 0xdb,
    0x6d, 0xb6, 0xdb, 0x6d, 0xb6, 0xdb, 0x6d, 0xb6, 0xdb, 0x6d, 0xb6, 0xdb, 0x6d, 0xb6, 0xdb, 0x6d,
    0xb6, 0xdb, 0x71, 0x5b, 0x6d, 0xb6, 0xdb, 0x6d, 0xb6, 0xe1, 0x57, 0x55, 0x55, 0x55, 0x55, 0x55,
    0x55, 0x55, 0x55, 0x55, 0x77, 0x77, 0x77, 0x70, 0x6d, 0xb6, 0xdb, 0x6d, 0xb6, 0xdb, 0x6d, 0xb6,
    0xdb, 0x6d, 0xb6, 0xdb, 0x6d, 0xb6, 0xdb, 0x6d, 0xb6, 0xdb, 0x6d, 0xb6, 0xdc, 0x56, 0xdb, 0x6d,
    0xb6, 0xdb, 0x6d, 0xc2, 0xae, 0xaa, 0xaa, 0xaa, 0xaa, 0xaa, 0xaa, 0xaa, 0xaa, 0xaa, 0xae, 0xee,
    0xee, 0xee, 0xa0, 0xdb, 0x6d, 0xb6, 0xdb, 0x6d, 0xb6, 0xdb, 0x6d, 0xb6, 0xdb, 0x6d, 0xb6, 0xdb,
    0x6d, 0xb6, 0xdc, 0x25, 0x26, 0xdb, 0x6d, 0xb7, 0x15, 0xb6, 0xdb, 0x6d, 0xb6, 0xdb, 0x70, 0xba,
    0xaa, 0xaa, 0xaa, 0xaa, 0xaa, 0xaa, 0xaa, 0xaa, 0xaa, 0xab, 0xbb, 0xbb, 0xbb, 0x9d, 0xc9, 0xb6,
    0xdb, 0x6d, 0xb6, 0xdb, 0x6d, 0xb6, 0xdb, 0x6d, 0xb6, 0xdb, 0x6d, 0xb6, 0xdb, 0x6e, 0x17, 0x2a,
    0x84, 0x25, 0x55, 0x06, 0xdc, 0x56, 0xdb, 0x6d, 0xb6, 0xdb, 0x6e, 0x15, 0x75, 0x55, 0x55, 0x55,
    0x55, 0x55, 0x55, 0x55, 0x55, 0x55, 0x77, 0x77, 0x77, 0x77, 0x77, 0x70, 0x6d, 0xb6, 0xdb, 0x6d,
    0xb6, 0xdb, 0x6d, 0xb6, 0xdb, 0x6d, 0xb6, 0xdb, 0x6d, 0xb6, 0xea, 0x50, 0x95, 0x4a, 0xa1, 0x2a,
    0x83, 0x6e, 0x2b, 0x6d, 0xb6, 0xdb, 0x6d, 0xb7, 0x0b, 0xaa, 0xaa, 0xaa, 0xaa, 0xaa, 0xaa, 0xaa,
    0xaa, 0xaa, 0xb8, 0x98, 0x88, 0x89, 0xdd, 0xdd, 0xdd, 0xdd, 0xc1, 0xb6, 0xdb, 0x6d, 0xb6, 0xdb,
    0x6d, 0xb6, 0xdb, 0x6d, 0xb6, 0xdb, 0x6d, 0xb6, 0xe5, 0x75, 0x57, 0x39, 0xca, 0x52, 0xa9, 0x42,
    0x55, 0x51, 0x5b, 0x6d, 0xb6, 0xdb, 0x6d, 0xb8, 0x4e, 0xee, 0xee, 0xee, 0xea, 0xaa, 0xaa, 0xaa,
    0xaa, 0xaa, 0xe2, 0x62, 0x22, 0x62, 0x65, 0x73, 0xbb, 0xbb, 0x8e, 0x3b, 0xa8, 0x36, 0xdb, 0x6d,
    0xb6, 0xdb, 0x6d, 0xb6, 0xdb, 0x6d, 0xb6, 0xdb, 0x6d, 0xca, 0xaa, 0xaa, 0xaa, 0xae, 0x73, 0x9d,
    0xca, 0x12, 0xa8, 0xad, 0xb6, 0xdb, 0x6d, 0xb6, 0xe5, 0x57, 0x57, 0x77, 0x77, 0x77, 0x55, 0x55,
    0x55, 0x55, 0x57, 0x73, 0x89, 0x89, 0x89, 0x9d, 0xc4, 0xc7, 0x77, 0x71, 0xc7, 0x1c, 0x73, 0x9d,
    0x41, 0xb6, 0xdb, 0x6d, 0xb6, 0xdb, 0x6d, 0xb6, 0xdb, 0x6d, 0xb6, 0xe5, 0x55, 0x55, 0x55, 0x55,
    0x55, 0x57, 0x75, 0x2a, 0x84, 0x56, 0xdb, 0x6d, 0xb6, 0xdc, 0x2e, 0x75, 0x55, 0x77, 0x77, 0x77,
    0x77, 0x77, 0x77, 0x77, 0x77, 0x77, 0x77, 0x39, 0xce, 0xee, 0xee, 0xee, 0x38, 0xe3, 0x8e, 0x38,
    0xe7, 0x39, 0x41, 0xb6, 0xdb, 0x6d, 0xb6, 0xdb, 0x6d, 0xb6, 0xdb, 0x6d, 0xca, 0xea, 0xaa, 0xaa,
    0xaa, 0xaa, 0xee, 0xe7, 0x39, 0xd4, 0x22, 0xb7, 0x09, 0x5d, 0xdd, 0xdd, 0x55, 0x55, 0x55, 0x5d,
    0xdd, 0xdd, 0xdc, 0xee, 0xaa, 0xaa, 0xaa, 0xe7, 0x3b, 0xbb, 0xbb, 0xbb, 0xbb, 0xbb, 0xb8, 0xe3,
    0x8e, 0x38, 0xe3, 0x8e, 0x38, 0xe7, 0x70, 0x6d, 0xb6, 0xdb, 0x6d, 0xb6, 0xdb, 0x6d, 0xc2, 0x15,
    0x39, 0xdd, 0x4e, 0x77, 0x57, 0x77, 0x77, 0x39, 0xce, 0x73, 0x93, 0x8a, 0xea, 0xea, 0xaa, 0xaa,
    0xaa, 0xe7, 0x3b, 0xbb, 0xb9, 0xce, 0x73, 0xaa, 0x9d, 0xd5, 0x55, 0x55, 0x55, 0x54, 0x73, 0xbb,
    0xbb, 0xbb, 0xbb, 0xbb, 0x89, 0x89, 0x8e, 0x38, 0xe3, 0x8e, 0x38, 0xe3, 0x8e, 0x3a, 0x83, 0x6d,
    0xb6, 0xdb, 0x84, 0x25, 0x2a, 0xa9, 0x4a, 0xea, 0x52, 0x95, 0x54, 0xa5, 0x39, 0xce, 0x73, 0x9c,
    0xe7, 0x39, 0xdc, 0x1b, 0x8b, 0x3a, 0xaa, 0xaa, 0xaa, 0xba, 0xb9, 0x55, 0x55, 0x55, 0xd5, 0x55,
    0x55, 0x55, 0x47, 0x73, 0xb9, 0xce, 0xee, 0x39, 0xdd, 0xdd, 0xdd, 0xdd, 0xdc, 0xe5, 0x06, 0xdc,
    0x27, 0x39, 0xc7, 0x39, 0xce, 0x73, 0x94, 0xa5, 0x57, 0x2b, 0x9c, 0xa5, 0x29, 0x4a, 0x72, 0x94,
    0xa5, 0x72, 0x94, 0xae, 0xaa, 0xa3, 0x9c, 0xe7, 0x39, 0xce, 0xe4, 0xdb, 0x71, 0x6a, 0xea, 0xaa,
    0xee, 0xe7, 0x75, 0x55, 0x77, 0x77, 0x75, 0x55, 0x57, 0x75, 0x55, 0x71, 0xce, 0xe7, 0x3b, 0x8e,
    0xee, 0xee, 0xee, 0xee, 0xee, 0x38, 0xea, 0x52, 0x94, 0xa5, 0x2a, 0xaa, 0xaa, 0xb9, 0x4a, 0x52,
    0x9c, 0xa5, 0x29, 0x55, 0x4a, 0x55, 0x75, 0x55, 0x57, 0x55, 0x57, 0x55, 0x73, 0x9c, 0xe7, 0x75,
    0x50, 0x6d, 0xb7, 0x15, 0xc2, 0xae, 0x77, 0x75, 0x55, 0x75, 0x06, 0xe1, 0x53, 0xbb, 0xbb, 0x9c,
    0xee, 0xaa, 0xe7, 0x3b, 0x9c, 0xe7, 0x77, 0x77, 0x77, 0x77, 0x77, 0x73, 0x9d, 0xdd, 0xdd, 0xce,
    0x52, 0xaa, 0x94, 0xa5, 0x75, 0x2a, 0xa9, 0xd5, 0x55, 0xdd, 0x55, 0x4e, 0xaa, 0xae, 0xee, 0xe7,
    0x77, 0x73, 0x9c, 0xea, 0x55, 0x28, 0x36, 0xdb, 0x71, 0x5b, 0x6d, 0xb6, 0xdb, 0x6d, 0xb6, 0xe1,
    0x57, 0x73, 0x9c, 0xe7, 0x39, 0xdc, 0xe3, 0x9d, 0xd4, 0xe7, 0x77, 0x77, 0x77, 0x77, 0x77, 0x73,
    0x9c, 0xe7, 0x3b, 0xb9, 0xce, 0xaa, 0x77, 0x55, 0x3b, 0xab, 0x9c, 0xee, 0xe7, 0x39, 0xce, 0x73,
    0x94, 0x25, 0x06, 0xdc, 0x25, 0x57, 0x3b, 0xaa, 0xa9, 0x41, 0xb6, 0xdb, 0x6e, 0x2b, 0x6d, 0xb6,
    0xdb, 0x6d, 0xb6, 0xdb, 0x85, 0x5d, 0x5d, 0xdd, 0xdd, 0xdd, 0xdd, 0xdd, 0xdd, 0xdd, 0xdd, 0xdd,
    0xdd, 0xdd, 0xce, 0x73, 0x9c, 0xe7, 0x3b, 0xbb, 0xb9, 0xc7, 0x39, 0xd4, 0xa1, 0x2b, 0x89, 0x8e,
    0x38, 0xe7, 0x52, 0x9c, 0xe7, 0x4d, 0xb6, 0xdb, 0x6d, 0xb6, 0xdb, 0x6d, 0xb6, 0xdb, 0x71, 0x5b,
    0x6d, 0xb6, 0xdb, 0x6d, 0xb6, 0xdb, 0x85, 0x5d, 0xdd, 0xdd, 0xdd, 0xdd, 0xdd, 0xdd, 0xdd, 0xdd,
    0xdd, 0xdd, 0xdc, 0xe7, 0x39, 0xce, 0x73, 0x9c, 0xe7, 0x08, 0x42, 0x0d, 0xb6, 0xdc, 0x25, 0x1c,
    0x71, 0xce, 0x72, 0x83, 0x84, 0x20, 0xdb, 0x6d, 0xb6, 0xdb, 0x6d, 0xb6, 0xdb, 0x6d, 0xb7, 0x15,
    0xb6, 0xdb, 0x6d, 0xb6, 0xdb, 0x6d, 0xb6, 0xea, 0xee, 0xee, 0xee, 0xee, 0xee, 0xee, 0xee, 0xee,
    0xee, 0xee, 0xee, 0x73, 0x9c, 0xe7, 0x1c, 0x9b, 0x6d, 0xb6, 0xdb, 0x6d, 0xb6, 0xe1, 0x53, 0x8e,
    0xa0, 0xdb, 0x6d, 0xb6, 0xdb, 0x6d, 0xb6, 0xdb, 0x6d, 0xb6, 0xdb, 0x71, 0x5b, 0x6d, 0xb6, 0xdb,
    0x6d, 0xb6, 0xdb, 0x6d, 0xd5, 0xdd, 0xdd, 0xdd, 0xdd, 0xdd, 0xdd, 0xdd, 0xdd, 0xdd, 0xdc, 0xe3,
    0x9c, 0xe4, 0xdb, 0x6d, 0xb6, 0xdb, 0x6d, 0xb6, 0xdb, 0x6d, 0xb6, 0xdb, 0x6d, 0xb6, 0xdb, 0x6d,
    0xb6, 0xdb, 0x6d, 0xb6, 0xdb, 0x6e, 0x2b, 0x6d, 0xb6, 0xdb, 0x6d, 0xb6, 0xdb, 0x6d, 0xb7, 0x57,
    0x77, 0x77, 0x77, 0x77, 0x77, 0x77, 0x77, 0x77, 0x39, 0xce, 0xa0, 0xdb, 0x6d, 0xb6, 0xdb, 0x6d,
    0xb6, 0xdb, 0x6d, 0xb6, 0xdb, 0x6d, 0xb6, 0xdb, 0x6d, 0xb6, 0xdb, 0x6d, 0xb6, 0xdb, 0x6d, 0xb8,
    0xad, 0xb6, 0xdb, 0x6d, 0xb6, 0xdb, 0x6d, 0xb6, 0xdb, 0xab, 0xbb, 0xbb, 0xbb, 0xbb, 0xbb, 0xbb,
    0xbb, 0x9c, 0xe4, 0xdb, 0x6d, 0xb6, 0xdb, 0x6d, 0xb6, 0xdb, 0x6d, 0xb6, 0xdb, 0x6d, 0xb6, 0xdb,
    0x6d, 0xb6, 0xdb, 0x6d, 0xb6, 0xdb, 0x6d, 0xb6, 0xdc, 0x56, 0xdb, 0x6d, 0xb6, 0xdb, 0x6d, 0xb6,
    0xdb, 0x6d, 0xc2, 0x77, 0x55, 0x57, 0x77, 0x77, 0x77, 0x73, 0xb9, 0x36, 0xdb, 0x6d, 0xb6, 0xdb,
    0x6d, 0xb6, 0xdb, 0x6d, 0xb6, 0xdb, 0x6d, 0xb6, 0xdb, 0x6d, 0xb6, 0xdb, 0x6d, 0xb6, 0xdb, 0x6d,
    0xb6, 0xdc, 0x56, 0xdb, 0x6d, 0xb6, 0xdb, 0x6d, 0xb6, 0xdb, 0x6d, 0xba, 0xaa, 0xaa, 0xbb, 0xbb,
    0xbb, 0xba, 0x83, 0x6d, 0xb6, 0xdb, 0x6d, 0xb6, 0xdb, 0x6d, 0xb6, 0xdb, 0x6d, 0xb6, 0xdb, 0x6d,
    0xb6, 0xdb, 0x6d, 0xb6, 0xdb, 0x6d, 0xb6, 0xdb, 0x6d, 0xb7, 0x15, 0xb6, 0xdb, 0x6d, 0xb6, 0xdb,
    0x6d, 0xb6, 0xdb, 0x6e, 0xae, 0xaa, 0xae, 0xee, 0xee, 0xe7, 0x06, 0xdb, 0x6d, 0xb6, 0xdb, 0x6d,
    0xb6, 0xdb, 0x6d, 0xb6, 0xdb, 0x6d, 0xb6, 0xdb, 0x6d, 0xb6, 0xdb, 0x6d, 0xb6, 0xdb, 0x6d, 0xb6,
    0xdb, 0x6d, 0xc5, 0x6d, 0xb6, 0xdb, 0x6d, 0xb6, 0xdb, 0x6d, 0xb6, 0xdb, 0x95, 0xce, 0x73, 0x9c,
    0xe7, 0x39, 0xc7, 0x06, 0xdb, 0x6d, 0xb6, 0xdb, 0x6d, 0xb6, 0xdb, 0x6d, 0xb6, 0xdb, 0x6d, 0xb6,
    0xdb, 0x6d, 0xb6, 0xdb, 0x6d, 0xb6, 0xdb, 0x6d, 0xb6, 0xdb, 0x6d, 0xb8, 0xad, 0xb6, 0xdb, 0x6d,
    0xb6, 0xdb, 0x6d, 0xb6, 0xdb, 0x6e, 0xa5, 0x29, 0x4a, 0x52, 0xaa, 0x83, 0x6d, 0xb6, 0xdb, 0x6d,
    0xb6, 0xdb, 0x6d, 0xb6, 0xdb, 0x6d, 0xb6, 0xdb, 0x6d, 0xb6, 0xdb, 0x6d, 0xb6, 0xdb, 0x6d, 0xb6,
    0xdb, 0x6d, 0xb6, 0xdb, 0x8a, 0xdb, 0x6d, 0xb6, 0xdb, 0x6d, 0xb6, 0xdb, 0x6d, 0xb7, 0x09, 0xca,
    0x52, 0x94, 0xaa, 0xaa, 0x50, 0x6d, 0xb6, 0xdb, 0x6d, 0xb6, 0xdb, 0x6d, 0xb6, 0xdb, 0x6d, 0xb6,
    0xdb, 0x6d, 0xb6, 0xdb, 0x6d, 0xb6, 0xdb, 0x6d, 0xb6, 0xdb, 0x6d, 0xb6, 0xdb, 0x8a, 0xdb, 0x6d,
    0xb6, 0xdb, 0x6d, 0xb6, 0xdb, 0x6d, 0xb6, 0xea, 0xaa, 0x52, 0x94, 0xa5, 0x50, 0x6d, 0xb6, 0xdb,
    0x6d, 0xb6, 0xdb, 0x6d, 0xb6, 0xdb, 0x6d, 0xb6, 0xdb, 0x6d, 0xb6, 0xdb, 0x6d, 0xb6, 0xdb, 0x6d,
    0xb6, 0xdb, 0x6d, 0xb6, 0xdb, 0x71, 0x5b, 0x6d, 0xb6, 0xdb, 0x6d, 0xb6, 0xdb, 0x6d, 0xb6, 0xdd,
    0x4a, 0x52, 0x94, 0xa5, 0x2a, 0xb8, 0x36, 0xdb, 0x6d, 0xb6, 0xdb, 0x6d, 0xb6, 0xdb, 0x6d, 0xb6,
    0xdb, 0x6d, 0xb6, 0xdb, 0x6d, 0xb6, 0xdb, 0x6d, 0xb6, 0xdb, 0x6d, 0xb6, 0xdb, 0x6d, 0xc5, 0x6d,
    0xb6, 0xdb, 0x6d, 0xb6, 0xdb, 0x6d, 0xb6, 0xdb, 0x71, 0xce, 0x73, 0x8e, 0x38, 0xe7, 0x39, 0x41,
    0xb6, 0xdb, 0x6d, 0xb6, 0xdb, 0x6d, 0xb6, 0xdb, 0x6d, 0xb6, 0xdb, 0x6d, 0xb6, 0xdb, 0x6d, 0xb6,
    0xdb, 0x6d, 0xb6, 0xdb, 0x6d, 0xb6, 0xdb, 0x6e, 0x2b, 0x6d, 0xb6, 0xdb, 0x6d, 0xb6, 0xdb, 0x6d,
    0xb6, 0xdb, 0xb9, 0x4a, 0x52, 0x94, 0xa5, 0x57, 0x08, 0x36, 0xdb, 0x6d, 0xb6, 0xdb, 0x6d, 0xb6,
    0xdb, 0x6d, 0xb6, 0xdb, 0x6d, 0xb6, 0xdb, 0x6d, 0xb6, 0xdb, 0x6d, 0xb6, 0xdb, 0x6d, 0xb6, 0xdb,
    0x6e, 0x2b, 0x6d, 0xb6, 0xdb, 0x6d, 0xb6, 0xdb, 0x6d, 0xb6, 0xdb, 0xa9, 0x4a, 0x52, 0x94, 0xaa,
    0xe3, 0x94, 0x1b, 0x6d, 0xb6, 0xdb, 0x6d, 0xb6, 0xdb, 0x6d, 0xb6, 0xdb, 0x6d, 0xb6, 0xdb, 0x6d,
    0xb6, 0xdb, 0x6d, 0xb6, 0xdb, 0x6d, 0xb6, 0xdb, 0x6d, 0xb7, 0x15, 0xb6, 0xdb, 0x6d, 0xb6, 0xdb,
    0x6d, 0xb6, 0xdb, 0x6d, 0xba, 0xbb, 0xbb, 0x9c, 0xee, 0xa7, 0x06, 0xdb, 0x6d, 0xb6, 0xdb, 0x6d,
    0xb6, 0xdb, 0x6d, 0xb6, 0xdb, 0x6d, 0xb6, 0xdb, 0x6d, 0xb6, 0xdb, 0x6d, 0xb6, 0xdb, 0x6d, 0xb6,
    0xdb, 0x6d, 0xc5, 0x6d, 0xb6, 0xdb, 0x6d, 0xb6, 0xdb, 0x6d, 0xb6, 0xdb, 0x6e, 0xae, 0xee, 0xea,
    0xae, 0x73, 0xb6, 0xdb, 0x6d, 0xb6, 0xdb, 0x6d, 0xb6, 0xdb, 0x6d, 0xb6, 0xdb, 0x6d, 0xb6, 0xdb,
    0x6d, 0xb6, 0xdb, 0x6d, 0xb6, 0xdb, 0x6d, 0xb6, 0xdb, 0x6d, 0xc5, 0x6d, 0xb6, 0xdb, 0x6d, 0xb6,
    0xdb, 0x6d, 0xb6, 0xdb, 0x6e, 0x12, 0x9c, 0xe7, 0x3b, 0xbb, 0xab, 0x93, 0x6d, 0xb6, 0xdb, 0x6d,
    0xb6, 0xdb, 0x6d, 0xb6, 0xdb, 0x6d, 0xb6, 0xdb, 0x6d, 0xb6, 0xdb, 0x6d, 0xb6, 0xdb, 0x6d, 0xb6,
    0xdb, 0x6d, 0xb7, 0x15, 0xb6, 0xdb, 0x6d, 0xb6, 0xdb, 0x6d, 0xb6, 0xdb, 0x6d, 0xb7, 0x29, 0xd5,
    0x55, 0x55, 0xc7, 0x77, 0x4d, 0xb6, 0xdb, 0x6d, 0xb6, 0xdb, 0x6d, 0xb6, 0xdb, 0x6d, 0xb6, 0xdb,
    0x6d, 0xb6, 0xdb, 0x6d, 0xb6, 0xdb, 0x6d, 0xb6, 0xdb, 0x6d, 0xb6, 0xe2, 0xb6, 0xdb, 0x6d, 0xb6,
    0xdb, 0x6d, 0xb6, 0xdb, 0x6d, 0xb6, 0xdc, 0x2e, 0x73, 0x9d, 0xdd, 0x5c, 0xe7, 0x50, 0x6d, 0xb6,
    0xdb, 0x6d, 0xb6, 0xdb, 0x6d, 0xb6, 0xdb, 0x6d, 0xb6, 0xdb, 0x6d, 0xb6, 0xdb, 0x6d, 0xb6, 0xdb,
    0x6d, 0xb6, 0xdb, 0x6d, 0xc5, 0x6d, 0xb6, 0xdb, 0x6d, 0xb6, 0xdb, 0x6d, 0xb6, 0xdb, 0x6d, 0xb8,
    0x5c, 0xe7, 0x77, 0x38, 0xe7, 0x39, 0xce, 0x73, 0x94, 0x1b, 0x6d, 0xb6, 0xdb, 0x6d, 0xb6, 0xdb,
    0x6d, 0xb6, 0xdb, 0x6d, 0xb6, 0xdb, 0x6d, 0xb6, 0xdb, 0x6d, 0xb6, 0xdb, 0x6d, 0xb6, 0xe2, 0xb6,
    0xdb, 0x6d, 0xb6, 0xdb, 0x6d, 0xb6, 0xdb, 0x6d, 0xb6, 0xe1, 0x29, 0xce, 0xee, 0xee, 0xee, 0xee,
    0x73, 0x9c, 0xaa, 0x9b, 0x6d, 0xb6, 0xdb, 0x6d, 0xb6, 0xdb, 0x6d, 0xb6, 0xdb, 0x6d, 0xb6, 0xdb,
    0x6d, 0xb6, 0xdb, 0x6d, 0xb6, 0xdb, 0x6d, 0xb7, 0x15, 0xb6, 0xdb, 0x6d, 0xb6, 0xdb, 0x6d, 0xb6,
    0xdb, 0x6d, 0xb7, 0x09, 0xdd, 0xdd, 0xdd, 0x5d, 0xce, 0xae, 0x39, 0xce, 0x74, 0xdb, 0x6d, 0xb6,
    0xdb, 0x6d, 0xb6, 0xdb, 0x6d, 0xb6, 0xdb, 0x6d, 0xb6, 0xdb, 0x6d, 0xb6, 0xdb, 0x6d, 0xb6, 0xdb,
    0x6d, 0xb8, 0xad, 0xb6, 0xdb, 0x6d, 0xb6, 0xdb, 0x6d, 0xb6, 0xdb, 0x6d, 0xc2, 0xa1, 0x08, 0x55,
    0x42, 0x12, 0x8e, 0x10, 0x95, 0x47, 0x52, 0x83, 0x6d, 0xb6, 0xdb, 0x6d, 0xb6, 0xdb, 0x6d, 0xb6,
    0xdb, 0x6d, 0xb6, 0xdb, 0x6d, 0xb6, 0xdb, 0x6d, 0xb6, 0xdb, 0x6d, 0xb6, 0xe2, 0xb6, 0xdb, 0x6d,
    0xb6, 0xdb, 0x6d, 0xb6, 0xdb, 0x6d, 0xb7, 0x0b, 0xaa, 0x95, 0x5d, 0x42, 0x10, 0x94, 0x21, 0x06,
    0xdb, 0x6d, 0xb6, 0xdb, 0x6d, 0xb6, 0xdb, 0x6d, 0xb6, 0xdb, 0x6d, 0xb6, 0xdb, 0x6d, 0xb6, 0xdb,
    0x6d, 0xb6, 0xdb, 0x6d, 0xb6, 0xdb, 0x6d, 0xb6, 0xdb, 0x6d, 0xb6, 0xdb, 0x6d, 0xb6, 0xdb, 0x6d,
    0xb6, 0xdb, 0x6d, 0xb6, 0xdb, 0x6d, 0xb6, 0xdb, 0x6d, 0xb6, 0xdb, 0x6d, 0xb6, 0xdb, 0x6e, 0x28
};

const HuffmanFrequency SPRITE_39_FREQS[] = {
    {0x0a, 45},
    {0x23, 11},
    {0x25, 3},
    {0x2a, 63},
    {0x2b, 227},
    {0x2d, 407},
    {0x2e, 107},
    {0x3a, 146},
    {0x3d, 487},
    {0xa0, 3072},
    {0xc2, 3072}
};
}

const HuffmanEncodedSprite SPRITE_39 = {
    SPRITE_39_BYTES,
    static_cast<int>(sizeof(SPRITE_39_BYTES) / sizeof(SPRITE_39_BYTES[0])),
    15997,
    7640,
    SPRITE_39_FREQS,
    static_cast<int>(sizeof(SPRITE_39_FREQS) / sizeof(SPRITE_39_FREQS[0]))
};

namespace
{
const unsigned char SPRITE_40_BYTES[] = {
    0xee, 0xee, 0xee, 0xee, 0xee, 0xee, 0xee, 0xee, 0xee, 0xee, 0xee, 0xee, 0xee, 0xee, 0xee, 0xee,
    0xee, 0xee, 0xee, 0xee, 0xee, 0x13, 0xdd, 0xdd, 0xdd, 0xdd, 0xdd, 0xdd, 0xdd, 0xdd, 0xdd, 0xdd,
    0xdd, 0xdd, 0xdd, 0xdd, 0xdd, 0xdd, 0xdd, 0xdd, 0xdd, 0xdd, 0xdd, 0xdd, 0xdd, 0xc3, 0x18, 0xfb,
    0xbb, 0xbb, 0xbb, 0xbb, 0xbb, 0xbb, 0xbb, 0xbb, 0xbb, 0xbb, 0xbb, 0xbb, 0xbb, 0xbb, 0xbb, 0xbb,
    0xbb, 0xbb, 0xbb, 0xbb, 0xbb, 0xbb, 0xbb, 0xbb, 0x84, 0xf7, 0x77, 0x77, 0x77, 0x77, 0x77, 0x77,
    0x77, 0x77, 0x77, 0x77, 0x77, 0x77, 0x77, 0x77, 0x77, 0x77, 0x77, 0x77, 0x77, 0x77, 0x77, 0x0d,
    0x9c, 0x00, 0x01, 0x26, 0x23, 0xee, 0xee, 0xee, 0xee, 0xee, 0xee, 0xee, 0xee, 0xee, 0xee, 0xee,
    0xee, 0xee, 0xee, 0xee, 0xee, 0xee, 0xee, 0xee, 0xee, 0xee, 0xee, 0x13, 0xdd, 0xdd, 0xdd, 0xdd,
    0xdd, 0xdd, 0xdd, 0xdd, 0xdd, 0xdd, 0xdd, 0xdd, 0xdd, 0xdd, 0xdd, 0xdd, 0xdd, 0xdd, 0xdd, 0xdd,
    0xdc, 0x37, 0x20, 0x00, 0x00, 0x00, 0x00, 0x0e, 0x47, 0xdd, 0xdd, 0xdd, 0xdd, 0xdd, 0xdd, 0xdd,
    0xdd, 0xdd, 0xdd, 0xdd, 0xdd, 0xdd, 0xdd, 0xdd, 0xdd, 0xdd, 0xdd, 0xdd, 0xdd, 0xdc, 0x27, 0xbb,
    0xbb, 0xbb, 0xbb, 0xbb, 0xbb, 0xbb, 0xbb, 0xbb, 0xbb, 0xbb, 0xbb, 0xbb, 0xbb, 0xbb, 0xbb, 0xbb,
    0xbb, 0xbb, 0xbb, 0x86, 0xce, 0x00, 0x00, 0x00, 0x00, 0x00, 0x00, 0x48, 0xfb, 0xbb, 0xbb, 0xbb,
    0xbb, 0xbb, 0xbb, 0xbb, 0xbb, 0xbb, 0xbb, 0xbb, 0xbb, 0xbb, 0xbb, 0xbb, 0xbb, 0xbb, 0xbb, 0xbb,
    0xb8, 0x4f, 0x77, 0x77, 0x77, 0x77, 0x77, 0x77, 0x77, 0x77, 0x77, 0x77, 0x77, 0x77, 0x77, 0x77,
    0x77, 0x77, 0x77, 0x77, 0x77, 0x77, 0x39, 0x77, 0x77, 0x07, 0x70, 0x77, 0x77, 0x72, 0xe3, 0xee,
    0xee, 0xee, 0xee, 0xee, 0xee, 0xee, 0xee, 0xee, 0xee, 0xee, 0xee, 0xee, 0xee, 0xee, 0xee, 0xee,
    0xee, 0xee, 0xee, 0xe1, 0x3d, 0xdd, 0xdd, 0xdd, 0xdd, 0xdc, 0x37, 0x2e, 0x00, 0x4b, 0xb8, 0x0f,
    0xbb, 0xbb, 0xbb, 0xbb, 0xbb, 0xbb, 0xbb, 0xbb, 0xbb, 0x89, 0x77, 0x77, 0x77, 0x77, 0x77, 0x76,
    0x71, 0xf7, 0x77, 0x77, 0x77, 0x77, 0x77, 0x77, 0x77, 0x77, 0x77, 0x77, 0x77, 0x77, 0x77, 0x77,
    0x77, 0x77, 0x77, 0x77, 0x77, 0x77, 0x09, 0xee, 0xee, 0xee, 0xee, 0xe1, 0x97, 0x01, 0x80, 0x00,
    0x3b, 0xbb, 0x90, 0xee, 0xee, 0xee, 0xee, 0xee, 0xee, 0xee, 0xee, 0xee, 0xe1, 0x96, 0x24, 0x92,
    0x4b, 0x10, 0x1f, 0x77, 0x77, 0x77, 0x77, 0x77, 0x77, 0x77, 0x77, 0x77, 0x77, 0x77, 0x77, 0x77,
    0x77, 0x77, 0x77, 0x77, 0x77, 0x77, 0x77, 0x77, 0x09, 0xee, 0xee, 0xee, 0xee, 0x19, 0x01, 0x80,
    0x00, 0x00, 0x03, 0xbb, 0xb8, 0xbd, 0xdd, 0xdd, 0xdd, 0xdd, 0xdd, 0xdd, 0xdd, 0xdd, 0xdd, 0xdc,
    0x34, 0x93, 0x39, 0x71, 0xf7, 0x77, 0x77, 0x77, 0x77, 0x77, 0x77, 0x77, 0x77, 0x70, 0xc6, 0x31,
    0x8f, 0xbb, 0xbb, 0xbb, 0xbb, 0xbb, 0xbb, 0xbb, 0xbb, 0xbb, 0xbb, 0xb8, 0x4f, 0x77, 0x77, 0x77,
    0x70, 0xc8, 0x0c, 0x60, 0x00, 0x00, 0x0e, 0xee, 0xe2, 0xbb, 0x11, 0xf7, 0x77, 0x77, 0x77, 0x77,
    0x77, 0x77, 0x77, 0x77, 0x77, 0x77, 0x77, 0x77, 0x77, 0x77, 0x77, 0x77, 0x77, 0x77, 0x77, 0x77,
    0x0c, 0x65, 0x89, 0x25, 0x88, 0xfb, 0xbb, 0xbb, 0xbb, 0xbb, 0xbb, 0xbb, 0xbb, 0xbb, 0xb8, 0x4f,
    0x77, 0x77, 0x77, 0x73, 0x90, 0x00, 0x00, 0x77, 0x77, 0x77, 0x76, 0x18, 0x31, 0x1f, 0x77, 0x77,
    0x77, 0x77, 0x77, 0x77, 0x77, 0x70, 0xca, 0x2c, 0x88, 0xfb, 0xbb, 0xbb, 0xbb, 0xbb, 0x86, 0xe0,
    0x30, 0x62, 0x4b, 0xbb, 0xbb, 0xbb, 0x96, 0x23, 0xee, 0xee, 0xee, 0xee, 0xee, 0xee, 0xee, 0xee,
    0xee, 0x13, 0xdd, 0xdd, 0xdd, 0xdc, 0x32, 0x5d, 0xdd, 0xdd, 0xdd, 0xdd, 0xd9, 0xc7, 0xdd, 0xdd,
    0xdd, 0xdd, 0xc3, 0x18, 0xc1, 0xdc, 0xb8, 0x0d, 0xd1, 0x2e, 0xee, 0xe4, 0xb0, 0xfb, 0xbb, 0x86,
    0xec, 0x49, 0x77, 0x77, 0x77, 0x77, 0x77, 0x77, 0x72, 0x49, 0x28, 0x8c, 0x63, 0xee, 0xee, 0xee,
    0xee, 0xee, 0xee, 0x13, 0xdd, 0xdd, 0xdd, 0xdd, 0xdc, 0x05, 0xc9, 0x70, 0x07, 0x2e, 0x3e, 0x1f,
    0x77, 0x0c, 0x1d, 0xd9, 0x8b, 0xbb, 0xbb, 0xb9, 0x24, 0x92, 0x49, 0x24, 0x92, 0x47, 0xdd, 0xc8,
    0x92, 0xee, 0xee, 0xe4, 0xb3, 0x32, 0x4c, 0x2b, 0x31, 0x24, 0x92, 0x59, 0x30, 0xfb, 0xbb, 0xbb,
    0xbb, 0xbb, 0x84, 0xf7, 0x77, 0x77, 0x77, 0x77, 0x77, 0x77, 0x0c, 0x00, 0x00, 0x60, 0xc4, 0x96,
    0x62, 0xee, 0xee, 0xee, 0xee, 0xee, 0xe4, 0x92, 0x49, 0x62, 0x49, 0x24, 0xa2, 0x3e, 0xe0, 0x44,
    0x92, 0x4b, 0x30, 0x0c, 0x63, 0x18, 0xdd, 0x89, 0x24, 0xa6, 0x66, 0x66, 0x15, 0xfb, 0xbb, 0xbb,
    0xbb, 0xbb, 0x84, 0xf7, 0x77, 0x77, 0x77, 0x77, 0x77, 0x77, 0x77, 0x77, 0x0d, 0x9d, 0xdd, 0xdd,
    0xdd, 0xdd, 0xdd, 0xdd, 0xdc, 0x97, 0x77, 0x77, 0x77, 0x24, 0x92, 0x49, 0x24, 0x94, 0xc0, 0x29,
    0x24, 0x92, 0x49, 0x64, 0xee, 0x58, 0x92, 0x49, 0x25, 0x11, 0x53, 0x32, 0x1f, 0x77, 0x77, 0x77,
    0x77, 0x09, 0xee, 0xee, 0xee, 0xee, 0xee, 0xee, 0xee, 0xee, 0xee, 0x02, 0xee, 0xee, 0xee, 0xee,
    0xee, 0xee, 0xe5, 0x8b, 0xbb, 0xbb, 0xb9, 0x24, 0x92, 0x49, 0x24, 0x96, 0x49, 0x12, 0x49, 0x24,
    0x92, 0x49, 0x24, 0x92, 0x49, 0x24, 0x92, 0x00, 0x53, 0x11, 0xf7, 0x77, 0x77, 0x77, 0x09, 0xe1,
    0xb9, 0x77, 0x77, 0x1f, 0x77, 0x77, 0x77, 0x77, 0x03, 0x3b, 0xbb, 0xbb, 0xbb, 0xbb, 0xb9, 0x66,
    0x25, 0x99, 0x99, 0x99, 0x99, 0x99, 0x99, 0x99, 0x99, 0x89, 0x64, 0xc4, 0x92, 0x4b, 0x22, 0x93,
    0x33, 0x33, 0x33, 0x33, 0x33, 0x31, 0x2c, 0xcc, 0xc9, 0x26, 0x1f, 0x77, 0x77, 0x77, 0x70, 0x91,
    0xbb, 0x80, 0x00, 0x39, 0x0e, 0xee, 0xee, 0xe1, 0x97, 0x77, 0x72, 0x49, 0x24, 0x92, 0x4b, 0x24,
    0x85, 0x4e, 0xe2, 0x97, 0x24, 0x92, 0x50, 0x84, 0xc9, 0x24, 0x49, 0x24, 0x92, 0xc4, 0x92, 0x49,
    0x24, 0x92, 0x49, 0x42, 0xa6, 0x4c, 0xc9, 0x80, 0x7d, 0xdd, 0xdd, 0xdc, 0x25, 0x80, 0x00, 0x00,
    0x1c, 0xb8, 0xfb, 0xbb, 0x86, 0xc4, 0xb9, 0x24, 0xb3, 0x31, 0x24, 0x92, 0x49, 0x2c, 0x99, 0xc0,
    0x06, 0x31, 0x8c, 0x63, 0x28, 0x96, 0x66, 0x48, 0x92, 0x49, 0x24, 0x92, 0x49, 0x2c, 0xcc, 0x49,
    0x2c, 0xcc, 0xcc, 0x28, 0xa9, 0x24, 0x98, 0x7d, 0xdd, 0xdd, 0xc2, 0x59, 0xdd, 0xdd, 0xdd, 0xd9,
    0xc7, 0xc3, 0x02, 0x5d, 0xdc, 0x96, 0x48, 0xa2, 0x49, 0x24, 0x92, 0x49, 0x24, 0xb3, 0x31, 0x24,
    0x92, 0x49, 0x2c, 0xcc, 0x99, 0x8b, 0x12, 0x49, 0x24, 0x94, 0xee, 0x49, 0x72, 0xc9, 0x33, 0x32,
    0x49, 0x24, 0xc8, 0x7d, 0xdd, 0xdd, 0xc2, 0x46, 0x0c, 0x5d, 0xdd, 0x83, 0xb8, 0x69, 0xdc, 0x96,
    0x64, 0xce, 0x00, 0xec, 0x49, 0x24, 0x92, 0x49, 0x24, 0x92, 0x49, 0x24, 0x92, 0x49, 0x66, 0x64,
    0x92, 0x48, 0x54, 0xcc, 0xcc, 0xcc, 0xc9, 0xd9, 0x33, 0x33, 0x26, 0x22, 0xa4, 0x92, 0x49, 0x22,
    0x3e, 0xee, 0xee, 0xe1, 0x3d, 0xdd, 0xdd, 0xdd, 0xdd, 0xdc, 0xe9, 0x99, 0x0a, 0xce, 0x03, 0x18,
    0xcb, 0x3b, 0xbb, 0x92, 0x49, 0x24, 0x92, 0x49, 0x66, 0x62, 0x58, 0xbb, 0x33, 0x32, 0x49, 0x26,
    0x49, 0x24, 0x92, 0x49, 0x24, 0x98, 0x96, 0x62, 0x48, 0xa9, 0x24, 0x85, 0x44, 0x07, 0xdd, 0xdd,
    0xdd, 0xc2, 0x7b, 0xbb, 0xbb, 0xbb, 0xbb, 0xb8, 0x69, 0x24, 0xc9, 0x89, 0x25, 0xdd, 0xdd, 0xc9,
    0x24, 0x92, 0xc9, 0x8b, 0xb8, 0x3a, 0x66, 0x4c, 0x31, 0xb8, 0xa2, 0xa4, 0x92, 0x49, 0x24, 0x92,
    0x49, 0x24, 0x92, 0x49, 0x24, 0x92, 0x49, 0x99, 0x85, 0x0e, 0xee, 0xee, 0xee, 0xee, 0xee, 0x13,
    0xdd, 0xdd, 0xdd, 0xdd, 0xdd, 0xdc, 0x36, 0x24, 0x92, 0x5d, 0xdd, 0xdd, 0xc9, 0x29, 0x0a, 0x99,
    0x99, 0x24, 0x99, 0x89, 0x25, 0x86, 0x31, 0x83, 0x30, 0xa9, 0x24, 0xc9, 0x24, 0x92, 0x49, 0x24,
    0x92, 0x49, 0x24, 0x93, 0x33, 0x32, 0x23, 0xe1, 0xbb, 0x80, 0x01, 0x71, 0x8f, 0x84, 0xf7, 0x77,
    0x77, 0x77, 0x77, 0x77, 0x0d, 0xd8, 0x92, 0xc4, 0x96, 0x15, 0x89, 0x66, 0x4c, 0xcc, 0xc9, 0x26,
    0x66, 0x66, 0x66, 0x64, 0xce, 0x00, 0x05, 0x21, 0x09, 0x24, 0x92, 0x48, 0x51, 0x53, 0x24, 0x92,
    0x49, 0x24, 0xcc, 0xcc, 0xc9, 0x07, 0x77, 0x0c, 0x80, 0x00, 0x00, 0x01, 0x71, 0x3d, 0xdd, 0xdd,
    0xdd, 0xdd, 0xdd, 0xc3, 0x76, 0x24, 0x83, 0xa4, 0xcc, 0x99, 0x90, 0xa2, 0xa2, 0x49, 0x24, 0x92,
    0x49, 0x24, 0x92, 0x4b, 0x21, 0x45, 0x49, 0x24, 0x92, 0x49, 0x24, 0x28, 0xa9, 0x32, 0x49, 0x24,
    0x92, 0x49, 0x00, 0xfb, 0xb9, 0xdc, 0x00, 0x00, 0x00, 0x01, 0x84, 0xf7, 0x77, 0x77, 0x77, 0x77,
    0x77, 0x0d, 0xd8, 0x94, 0x31, 0x80, 0x24, 0x98, 0xbb, 0xbb, 0xb9, 0x2c, 0xc8, 0x51, 0x45, 0x15,
    0x26, 0x66, 0x25, 0x99, 0x92, 0x49, 0x24, 0xcc, 0xc9, 0x24, 0x91, 0x18, 0xc0, 0x8a, 0x2a, 0x42,
    0xa0, 0x18, 0xc7, 0xdd, 0xdd, 0xdd, 0xcc, 0xee, 0xe0, 0x0e, 0xee, 0x40, 0x4f, 0x77, 0x77, 0x77,
    0x77, 0x77, 0x77, 0x03, 0x12, 0x2b, 0x83, 0xb3, 0x12, 0x4b, 0x24, 0x92, 0x49, 0x24, 0x92, 0x66,
    0x66, 0x49, 0x24, 0x92, 0x49, 0x24, 0xcc, 0x92, 0x4c, 0x93, 0x03, 0x33, 0x24, 0x90, 0xa9, 0x93,
    0xf7, 0x77, 0x77, 0x77, 0x03, 0x33, 0xbb, 0xbb, 0x97, 0x18, 0x9e, 0xee, 0xee, 0xee, 0xee, 0xee,
    0xee, 0x1b, 0xb1, 0x61, 0x02, 0xb1, 0x25, 0x85, 0x49, 0x21, 0x51, 0x77, 0x77, 0x77, 0x2c, 0x2a,
    0x49, 0x24, 0x92, 0x49, 0x24, 0x92, 0x42, 0xa4, 0x92, 0x49, 0x24, 0x92, 0x15, 0x24, 0x99, 0x07,
    0x77, 0x77, 0x77, 0x77, 0x0c, 0x09, 0x71, 0x8f, 0xb8, 0x4f, 0x77, 0x77, 0x77, 0x77, 0x77, 0x77,
    0x70, 0xcb, 0x12, 0x49, 0x2c, 0x92, 0x42, 0xbb, 0x94, 0x2a, 0x49, 0x26, 0x77, 0x29, 0x24, 0xce,
    0xee, 0x2a, 0x64, 0xc9, 0x24, 0x92, 0x48, 0x51, 0x52, 0x49, 0x24, 0x92, 0x49, 0x30, 0xfb, 0xbb,
    0xbb, 0xbb, 0xbb, 0xbb, 0xbb, 0xbb, 0xbb, 0x84, 0xf7, 0x77, 0x77, 0x77, 0x77, 0x77, 0x77, 0x71,
    0x4c, 0xcc, 0xcc, 0xcc, 0x99, 0x27, 0x72, 0x92, 0x49, 0x24, 0xce, 0xe9, 0x21, 0x4b, 0xbb, 0x91,
    0x52, 0x49, 0x24, 0x92, 0x48, 0x53, 0xc3, 0x74, 0x92, 0x49, 0x24, 0x93, 0x8f, 0xbb, 0xbb, 0xbb,
    0xbb, 0xbb, 0xbb, 0xbb, 0xbb, 0xb8, 0x4f, 0x77, 0x77, 0x77, 0x77, 0x77, 0x77, 0x77, 0x0d, 0x93,
    0x33, 0x33, 0x0a, 0x2b, 0x32, 0x67, 0x77, 0x24, 0x97, 0x77, 0x22, 0xa4, 0x99, 0xdc, 0xa1, 0x52,
    0x49, 0x33, 0x24, 0x92, 0x42, 0x87, 0x77, 0x73, 0x8a, 0x92, 0x49, 0x24, 0x3e, 0xee, 0xee, 0xee,
    0xee, 0xee, 0xee, 0xee, 0xee, 0xee, 0xe1, 0x3d, 0xdd, 0xdd, 0xdd, 0xdd, 0xdd, 0xdd, 0xdd, 0xdc,
    0x02, 0xa6, 0x66, 0x77, 0x2c, 0xcc, 0xc8, 0x51, 0x02, 0xb3, 0x92, 0xc9, 0x26, 0x77, 0x22, 0xa4,
    0x92, 0x49, 0x24, 0x92, 0x49, 0x21, 0x43, 0xbb, 0xbb, 0x8a, 0x64, 0x1d, 0xdd, 0xdd, 0xdd, 0xdd,
    0xdd, 0xdd, 0xdd, 0xdd, 0xdd, 0xdd, 0xdd, 0xc2, 0x7b, 0xbb, 0xbb, 0xbb, 0xbb, 0xbb, 0xbb, 0xbb,
    0xbb, 0xb8, 0x19, 0x33, 0x17, 0x77, 0x72, 0x49, 0x64, 0x28, 0xa2, 0x8a, 0xce, 0x0e, 0xc9, 0x24,
    0x92, 0x4c, 0xcc, 0x92, 0x4c, 0x99, 0x98, 0x51, 0xf7, 0x77, 0x77, 0x0c, 0x63, 0xee, 0xee, 0xee,
    0xee, 0xee, 0xee, 0xee, 0xee, 0xee, 0xee, 0xee, 0xee, 0xe1, 0x3d, 0xdd, 0xdd, 0xdd, 0xdd, 0xdd,
    0xdd, 0xdd, 0xdd, 0xdd, 0xc3, 0x64, 0xcc, 0xcc, 0xcc, 0xcc, 0x85, 0x62, 0xe0, 0x00, 0x00, 0x0e,
    0xee, 0xee, 0xee, 0xee, 0xee, 0xec, 0x2a, 0x48, 0x56, 0x64, 0x28, 0xf8, 0x6e, 0xee, 0xee, 0x41,
    0xd0, 0xfb, 0xbb, 0xbb, 0xbb, 0xbb, 0xbb, 0xbb, 0xbb, 0xbb, 0xbb, 0xbb, 0xb8, 0x4f, 0x77, 0x77,
    0x77, 0x77, 0x77, 0x77, 0x77, 0x77, 0x77, 0x77, 0x3b, 0x33, 0x33, 0x33, 0x33, 0x33, 0x33, 0x38,
    0x39, 0x49, 0x24, 0x92, 0x49, 0x21, 0x50, 0xa9, 0x26, 0x1f, 0x77, 0x77, 0x70, 0xc1, 0xc0, 0x00,
    0x00, 0x00, 0x1c, 0x3b, 0xbb, 0xbb, 0xbb, 0xbb, 0xbb, 0xbb, 0xbb, 0xbb, 0xbb, 0xbb, 0x84, 0xf7,
    0x77, 0x77, 0x77, 0x77, 0x77, 0x77, 0x77, 0x77, 0x77, 0x70, 0x26, 0x66, 0x66, 0x42, 0xb3, 0x17,
    0x76, 0x49, 0x24, 0x92, 0x49, 0x24, 0x92, 0x48, 0x87, 0x77, 0x77, 0x77, 0x77, 0x0d, 0x9d, 0xdd,
    0xc0, 0x00, 0x01, 0xd8, 0x7d, 0xdd, 0xdd, 0xdd, 0xdd, 0xdd, 0xdd, 0xdd, 0xdd, 0xdd, 0xdc, 0x27,
    0xbb, 0xbb, 0xbb, 0xbb, 0xbb, 0xbb, 0xbb, 0xbb, 0xbb, 0xbb, 0xbb, 0x86, 0xe2, 0x88, 0x10, 0x46,
    0x31, 0xbb, 0x21, 0x09, 0x24, 0x92, 0x49, 0x24, 0x91, 0x18, 0xfb, 0xbb, 0xbb, 0xbb, 0xbb, 0xbb,
    0x86, 0x9d, 0xdd, 0xdd, 0xdd, 0xdd, 0xdd, 0xfb, 0xbb, 0xbb, 0xbb, 0xbb, 0xbb, 0xbb, 0xbb, 0xbb,
    0xbb, 0xb8, 0x4f, 0x77, 0x77, 0x77, 0x77, 0x77, 0x77, 0x77, 0x70, 0xc0, 0x63, 0x1f, 0x77, 0x77,
    0x77, 0x77, 0x77, 0x77, 0x77, 0x77, 0x77, 0x73, 0xb3, 0x32, 0x49, 0x30, 0xfb, 0xbb, 0xbb, 0xbb,
    0xbb, 0xbb, 0xbb, 0x86, 0x0c, 0x49, 0x24, 0xbb, 0xb9, 0x1f, 0x77, 0x77, 0x77, 0x77, 0x77, 0x77,
    0x77, 0x77, 0x77, 0x77, 0x09, 0xee, 0xee, 0xee, 0xee, 0xee, 0xee, 0xee, 0x1b, 0xb8, 0x39, 0x72,
    0xe3, 0x1b, 0x87, 0x77, 0x77, 0x77, 0x77, 0x77, 0x77, 0x77, 0x0c, 0x63, 0x18, 0xc6, 0x3e, 0xee,
    0xee, 0xee, 0xee, 0xee, 0xee, 0xee, 0xee, 0xee, 0x1b, 0xb3, 0x33, 0x3b, 0x80, 0xfb, 0xbb, 0xbb,
    0xbb, 0xbb, 0xbb, 0xbb, 0xbb, 0xbb, 0xbb, 0xbb, 0x84, 0xf7, 0x77, 0x77, 0x77, 0x77, 0x77, 0x0d,
    0xcb, 0x80, 0x00, 0x3b, 0xa1, 0x8c, 0x63, 0xee, 0xee, 0xee, 0xee, 0xee, 0xee, 0xee, 0xee, 0xee,
    0xee, 0xee, 0xee, 0xee, 0xee, 0xee, 0xee, 0xee, 0xee, 0xee, 0xee, 0xee, 0xee, 0x18, 0xfb, 0xbb,
    0xbb, 0xbb, 0xbb, 0xbb, 0xbb, 0xbb, 0xbb, 0xbb, 0xbb, 0xbb, 0xbb, 0xb8, 0x4f, 0x77, 0x77, 0x77,
    0x77, 0x77, 0x70, 0x27, 0x70, 0x00, 0x07, 0x77, 0x14, 0x7d, 0xdd, 0xdd, 0xdd, 0xdd, 0xdd, 0xdd,
    0xdd, 0xdd, 0xdd, 0xdd, 0xdd, 0xdd, 0xdd, 0xdd, 0xdd, 0xdd, 0xdd, 0xdd, 0xdd, 0xdd, 0xdd, 0xdd,
    0xdd, 0xdd, 0xdd, 0xdd, 0xdd, 0xdd, 0xdd, 0xdd, 0xdd, 0xdd, 0xdd, 0xdd, 0xdd, 0xdd, 0xdc, 0x27,
    0xbb, 0xbb, 0xbb, 0xbb, 0xbb, 0xb8, 0x6e, 0xc5, 0xdd, 0xdd, 0xdc, 0xb7, 0x77, 0x77, 0x77, 0x77,
    0x77, 0x77, 0x77, 0x77, 0x77, 0x77, 0x77, 0x77, 0x77, 0x77, 0x77, 0x77, 0x77, 0x77, 0x77, 0x77,
    0x77, 0x77, 0x77, 0x77, 0x77, 0x77, 0x77, 0x77, 0x77, 0x77, 0x77, 0x77, 0x77, 0x77, 0x77, 0x77,
    0x77, 0x70, 0x9e, 0xee, 0xee, 0xee, 0xee, 0xee, 0xee, 0xe1, 0xb3, 0x3b, 0x92, 0x03, 0xee, 0xee,
    0xee, 0xee, 0xee, 0xee, 0xee, 0xee, 0xee, 0xee, 0xee, 0xee, 0xee, 0xee, 0xee, 0xee, 0xee, 0xee,
    0xee, 0xee, 0xee, 0xee, 0xee, 0xee, 0xee, 0xee, 0xee, 0xee, 0xee, 0xee, 0xee, 0xee, 0xee, 0xee,
    0xee, 0xee, 0xee, 0xee, 0xee, 0xee, 0xee, 0xee, 0xee, 0xee, 0xee, 0xee, 0xee, 0xee, 0xee, 0xee,
    0xee, 0xee, 0xee, 0xee, 0xee, 0xee, 0xee, 0xee, 0xee, 0xee, 0xee, 0xee, 0xee, 0xee, 0xee, 0xee,
    0xee, 0xee, 0xee, 0xee, 0xee, 0xee, 0xee, 0xee, 0xee, 0xee, 0xee, 0xee, 0xee, 0xee, 0xee, 0xee,
    0xee, 0xee, 0xee, 0xee, 0xee, 0xe1, 0x20
};

const HuffmanFrequency SPRITE_40_FREQS[] = {
    {0x0a, 44},
    {0x23, 78},
    {0x25, 7},
    {0x2a, 559},
    {0x2b, 368},
    {0x2d, 396},
    {0x2e, 175},
    {0x3a, 186},
    {0x3d, 530},
    {0xa0, 2141},
    {0xc2, 2141}
};
}

const HuffmanEncodedSprite SPRITE_40 = {
    SPRITE_40_BYTES,
    static_cast<int>(sizeof(SPRITE_40_BYTES) / sizeof(SPRITE_40_BYTES[0])),
    17331,
    6625,
    SPRITE_40_FREQS,
    static_cast<int>(sizeof(SPRITE_40_FREQS) / sizeof(SPRITE_40_FREQS[0]))
};

namespace
{
const unsigned char SPRITE_41_BYTES[] = {
    0x33, 0x33, 0x33, 0x33, 0x33, 0x33, 0x33, 0x33, 0x33, 0x33, 0x33, 0x33, 0x33, 0x33, 0x33, 0x33,
    0x33, 0x33, 0x33, 0x33, 0x32, 0x76, 0x00, 0xd9, 0x99, 0x99, 0x99, 0x37, 0xc0, 0x1e, 0x3f, 0xcd,
    0x3a, 0x66, 0x66, 0x66, 0x66, 0x66, 0x66, 0x66, 0x66, 0x66, 0x66, 0x66, 0x66, 0x66, 0x66, 0x66,
    0x66, 0x66, 0x66, 0x4c, 0xcc, 0xcc, 0xcc, 0xcc, 0xcc, 0xcc, 0xcc, 0xcc, 0xcc, 0xcc, 0xcc, 0xcc,
    0xcc, 0xcc, 0xcc, 0xcc, 0xcc, 0xcc, 0xcc, 0x9a, 0x06, 0xfe, 0xef, 0x99, 0x99, 0x93, 0x8d, 0x1b,
    0x17, 0x77, 0x77, 0x1b, 0x33, 0x33, 0x33, 0x33, 0x33, 0x33, 0x33, 0x33, 0x33, 0x33, 0x33, 0x33,
    0x33, 0x33, 0x33, 0x33, 0x33, 0x33, 0x26, 0x66, 0x66, 0x66, 0x66, 0x66, 0x66, 0x66, 0x66, 0x66,
    0x66, 0x66, 0x66, 0x66, 0x66, 0x66, 0x66, 0x66, 0x66, 0x4e, 0xdb, 0x6e, 0xef, 0xfe, 0x13, 0x33,
    0x27, 0x0d, 0xb7, 0x77, 0x77, 0x76, 0x3a, 0x66, 0x66, 0x66, 0x66, 0x66, 0x66, 0x66, 0x66, 0x66,
    0x66, 0x66, 0x66, 0x66, 0x66, 0x66, 0x66, 0x66, 0x64, 0xcc, 0xcc, 0xcc, 0xcc, 0xcc, 0xcc, 0xcc,
    0xcc, 0xcc, 0xcc, 0xcc, 0xcc, 0xcc, 0xcc, 0xcc, 0xcc, 0xcc, 0xcc, 0x9d, 0xe6, 0x9b, 0xbf, 0xbb,
    0xff, 0xfb, 0x1d, 0x27, 0x61, 0xb6, 0xff, 0xfe, 0xee, 0xe3, 0xa6, 0x66, 0x66, 0x66, 0x66, 0x66,
    0x66, 0x66, 0x66, 0x66, 0x66, 0x66, 0x66, 0x66, 0x66, 0x66, 0x66, 0x66, 0x4c, 0xcc, 0xcc, 0xcc,
    0xcc, 0xcc, 0xcc, 0xcc, 0xcc, 0xcc, 0xcc, 0xcc, 0xcc, 0xcc, 0xcc, 0xcc, 0xcc, 0xcc, 0xc9, 0xdd,
    0xb0, 0xfe, 0xff, 0xff, 0xfe, 0xc7, 0x78, 0xdb, 0x7f, 0xff, 0x77, 0x77, 0x09, 0x99, 0x99, 0x99,
    0x99, 0x99, 0x99, 0x99, 0x99, 0x99, 0x99, 0x99, 0x99, 0x99, 0x99, 0x99, 0x99, 0x99, 0x93, 0x33,
    0x33, 0x33, 0x33, 0x33, 0x33, 0x33, 0x33, 0x33, 0x33, 0x33, 0x33, 0x33, 0x33, 0x33, 0x33, 0x33,
    0x32, 0x71, 0xfb, 0x0f, 0xef, 0xff, 0xff, 0xff, 0xee, 0x00, 0x7f, 0x77, 0x77, 0x77, 0x77, 0x69,
    0x99, 0x99, 0x99, 0x99, 0x99, 0x99, 0x99, 0x99, 0x99, 0x99, 0x99, 0x99, 0x99, 0x99, 0x99, 0x99,
    0x99, 0x33, 0x33, 0x33, 0x33, 0x33, 0x33, 0x33, 0x33, 0x33, 0x33, 0x33, 0x33, 0x33, 0x33, 0x33,
    0x33, 0x33, 0x33, 0x33, 0xdb, 0x0f, 0xee, 0xff, 0xff, 0xff, 0xff, 0xff, 0xff, 0xee, 0xee, 0xee,
    0xee, 0xee, 0xf3, 0xa6, 0x66, 0x66, 0x66, 0x66, 0x66, 0x66, 0x66, 0x66, 0x66, 0x66, 0x66, 0x66,
    0x66, 0x66, 0x66, 0x64, 0xcc, 0xcc, 0xcc, 0xcc, 0xcc, 0xcc, 0xcc, 0xcc, 0xcc, 0xcc, 0xcc, 0xcc,
    0xcc, 0xcc, 0xcc, 0xcc, 0xcc, 0xcc, 0xce, 0x1b, 0xfb, 0xbb, 0xbb, 0xff, 0xff, 0xff, 0xff, 0xfb,
    0xbb, 0xbb, 0xbb, 0xbb, 0xbb, 0xbb, 0x1d, 0x33, 0x33, 0x33, 0x33, 0x33, 0x33, 0x33, 0x33, 0x33,
    0x33, 0x33, 0x33, 0x33, 0x33, 0x33, 0x26, 0x66, 0x66, 0x66, 0x66, 0x66, 0x66, 0x66, 0x66, 0x66,
    0x66, 0x66, 0x66, 0x66, 0x66, 0x66, 0x66, 0x66, 0x66, 0x70, 0xdf, 0xdd, 0xdd, 0xdf, 0xff, 0xff,
    0xfd, 0xdd, 0xdd, 0xdd, 0xdd, 0xdd, 0xdd, 0xdd, 0xdd, 0xdd, 0xa6, 0x66, 0x66, 0x66, 0x66, 0x66,
    0x66, 0x66, 0x66, 0x66, 0x66, 0x66, 0x66, 0x66, 0x64, 0xcc, 0xcc, 0xcc, 0xcc, 0xcc, 0xcc, 0xcc,
    0xcc, 0xcc, 0xcc, 0xcc, 0xcc, 0xcc, 0xcc, 0xcc, 0xcc, 0xcc, 0x9c, 0x6f, 0xf0, 0xdf, 0xdd, 0xdd,
    0xdd, 0xff, 0xff, 0xff, 0xdc, 0x5d, 0xff, 0xfc, 0x44, 0x5d, 0xdd, 0xff, 0xdd, 0xc7, 0x9d, 0x33,
    0x33, 0x33, 0x33, 0x33, 0x33, 0x33, 0x33, 0x33, 0x33, 0x33, 0x33, 0x33, 0x26, 0x66, 0x66, 0x66,
    0x66, 0x66, 0x66, 0x66, 0x66, 0x66, 0x66, 0x66, 0x66, 0x66, 0x64, 0xe9, 0x93, 0x8d, 0x00, 0x71,
    0xfb, 0x7f, 0x77, 0x77, 0x77, 0x7f, 0xff, 0xf1, 0x00, 0x00, 0x00, 0x7f, 0xf7, 0xf7, 0x77, 0x77,
    0x76, 0x3a, 0x66, 0x66, 0x66, 0x66, 0x66, 0x66, 0x66, 0x66, 0x66, 0x66, 0x66, 0x66, 0x64, 0xcc,
    0xcc, 0xcc, 0xcc, 0xcc, 0xcc, 0xcc, 0xcc, 0xcc, 0xcc, 0xcc, 0xcc, 0xc9, 0xdb, 0xf8, 0xbb, 0xc0,
    0xf0, 0x0b, 0x61, 0xfd, 0xdd, 0xdd, 0xdd, 0xc5, 0xfc, 0x79, 0x78, 0x00, 0x00, 0x07, 0xff, 0xff,
    0xf7, 0x77, 0x1e, 0x5d, 0x8e, 0x99, 0x99, 0x99, 0x99, 0x99, 0x99, 0x99, 0x99, 0x99, 0x99, 0x99,
    0x93, 0x33, 0x33, 0x33, 0x33, 0x33, 0x33, 0x33, 0x33, 0x33, 0x33, 0x33, 0x27, 0x62, 0x22, 0x22,
    0xdb, 0x6d, 0xbc, 0x6c, 0x3f, 0xbb, 0xbb, 0xfc, 0xbc, 0x00, 0x07, 0x80, 0x00, 0x00, 0x01, 0xff,
    0xff, 0xfc, 0x44, 0x79, 0x1e, 0x79, 0x11, 0x11, 0x1f, 0xd8, 0xe9, 0x99, 0x99, 0x99, 0x99, 0x99,
    0x99, 0x93, 0x33, 0x33, 0x33, 0x33, 0x33, 0x33, 0x33, 0x33, 0x33, 0x33, 0x27, 0x1a, 0x44, 0x44,
    0x7f, 0xed, 0xb6, 0x03, 0xb6, 0xdb, 0xbb, 0xbb, 0xbb, 0xbc, 0x77, 0x8f, 0x2e, 0xf0, 0x00, 0x00,
    0x01, 0xff, 0xff, 0xff, 0xe5, 0xc0, 0x79, 0x1e, 0x44, 0x44, 0x45, 0xc7, 0x9b, 0x33, 0x33, 0x33,
    0x33, 0x33, 0x32, 0x66, 0x66, 0x66, 0x66, 0x66, 0x66, 0x66, 0x66, 0x64, 0xec, 0x00, 0x1c, 0x79,
    0xe4, 0x40, 0x00, 0x00, 0xed, 0xb6, 0xdd, 0xdd, 0xdd, 0xc0, 0x0c, 0x69, 0xa6, 0xed, 0xbf, 0xfb,
    0xfb, 0xbb, 0xbf, 0xfb, 0xbb, 0xb8, 0x8b, 0x80, 0x00, 0xf2, 0x22, 0x22, 0xe0, 0x74, 0xcc, 0xcc,
    0xcc, 0xcc, 0xcc, 0xcc, 0x99, 0x99, 0x99, 0x99, 0x99, 0x99, 0x99, 0x99, 0x93, 0x7c, 0xd3, 0x4d,
    0xdd, 0xff, 0xc7, 0x90, 0x00, 0x01, 0xc3, 0x6d, 0xb0, 0xfe, 0xee, 0xf0, 0x0b, 0x1a, 0x6e, 0xc3,
    0x61, 0xdf, 0xdc, 0x00, 0x00, 0x01, 0xbf, 0xbf, 0xff, 0xff, 0xc7, 0x91, 0xe0, 0xe9, 0x99, 0x99,
    0x99, 0x99, 0x99, 0x99, 0x99, 0x33, 0x33, 0x33, 0x33, 0x33, 0x33, 0x33, 0x27, 0x78, 0xc6, 0x9a,
    0x6f, 0xff, 0xff, 0xf9, 0x78, 0x00, 0x78, 0xdb, 0x6d, 0xb7, 0xf7, 0x17, 0x97, 0xe3, 0x4d, 0xdb,
    0x6d, 0x81, 0x83, 0x1c, 0x3b, 0x80, 0x00, 0x00, 0x00, 0x00, 0x00, 0x00, 0xfc, 0x74, 0xcc, 0xcc,
    0xcc, 0xcc, 0xcc, 0xcc, 0xcc, 0x99, 0x99, 0x99, 0x99, 0x99, 0x99, 0x99, 0x38, 0x8c, 0x1f, 0xb1,
    0xbb, 0xbf, 0xff, 0xff, 0xff, 0xfb, 0xfb, 0xbf, 0xff, 0xff, 0xff, 0xff, 0xb8, 0x6c, 0x3c, 0xd3,
    0x76, 0xdb, 0x6c, 0x60, 0xc1, 0x82, 0x1d, 0xc0, 0x00, 0x00, 0x00, 0x00, 0x00, 0x00, 0x79, 0xfc,
    0x6c, 0xcc, 0xcc, 0xcc, 0xcc, 0xcc, 0xcc, 0x99, 0x99, 0x99, 0x99, 0x99, 0x99, 0x99, 0x34, 0xf3,
    0xf6, 0xc6, 0xef, 0xff, 0xff, 0xff, 0xf0, 0x36, 0xd8, 0x0d, 0xb6, 0xdb, 0x6d, 0x87, 0xe3, 0x76,
    0xdb, 0x0d, 0x88, 0xf3, 0xf8, 0x71, 0xe0, 0x00, 0x00, 0x00, 0x00, 0x06, 0x00, 0x02, 0x22, 0xe3,
    0xa6, 0x66, 0x66, 0x66, 0x66, 0x64, 0xcc, 0xcc, 0xcc, 0xcc, 0xcc, 0xcc, 0xc8, 0x3f, 0x6d, 0xb6,
    0x1d, 0xff, 0xfe, 0x00, 0xdb, 0x61, 0xb6, 0xdb, 0x0d, 0xb6, 0x03, 0xf1, 0xbb, 0x6d, 0xb6, 0xc0,
    0x80, 0x1e, 0x78, 0x00, 0x00, 0x00, 0x00, 0x00, 0x00, 0x00, 0xf3, 0xc8, 0xb8, 0xd9, 0x99, 0x99,
    0x99, 0x99, 0x93, 0x33, 0x33, 0x33, 0x33, 0x33, 0x27, 0x6e, 0xdb, 0x6d, 0xb6, 0x2f, 0xff, 0x03,
    0x6d, 0xb0, 0xdb, 0x6c, 0x36, 0xdb, 0x60, 0x31, 0xbb, 0x6d, 0x86, 0xc0, 0x61, 0xfd, 0xe4, 0x00,
    0x00, 0x00, 0x00, 0x00, 0x00, 0x07, 0x11, 0x11, 0x1f, 0xd8, 0xe9, 0x99, 0x99, 0x99, 0x93, 0x33,
    0x33, 0x33, 0x33, 0x33, 0x26, 0xed, 0xb6, 0xdb, 0x6c, 0x5f, 0xe0, 0x6d, 0xb6, 0xdb, 0x6d, 0x80,
    0xdb, 0x6d, 0x80, 0xdb, 0x6d, 0xb6, 0xdb, 0x0f, 0xee, 0xff, 0xef, 0x00, 0x00, 0x00, 0x00, 0x00,
    0x00, 0xf2, 0x22, 0x2e, 0xee, 0xee, 0x3a, 0x66, 0x66, 0x66, 0x4c, 0xcc, 0xcc, 0xcc, 0xcc, 0xcc,
    0xe1, 0xb6, 0xdb, 0x6d, 0x8b, 0xfc, 0x6d, 0xb6, 0xdb, 0x6d, 0xb0, 0x1b, 0x6c, 0x00, 0x1b, 0x61,
    0xb6, 0xd8, 0x0e, 0xff, 0xff, 0xe2, 0xee, 0xef, 0xf0, 0x00, 0x03, 0x80, 0xef, 0x22, 0x3c, 0x88,
    0x88, 0x8b, 0xbb, 0xa6, 0x66, 0x66, 0x64, 0xcc, 0xcc, 0xcc, 0xcc, 0xcc, 0xc9, 0xde, 0x36, 0xdb,
    0x6c, 0x0b, 0xc0, 0xdb, 0x6c, 0x36, 0xdb, 0x61, 0x80, 0x03, 0x0e, 0xdb, 0x6d, 0xb6, 0x03, 0xbf,
    0xff, 0xff, 0xfc, 0xbb, 0xbb, 0xbb, 0xbb, 0xbb, 0x86, 0xd8, 0x71, 0x11, 0xe4, 0x44, 0x44, 0x44,
    0x45, 0xa6, 0x66, 0x66, 0x4c, 0xcc, 0xcc, 0xcc, 0xcc, 0xcc, 0xc9, 0xdd, 0xb6, 0xdb, 0x60, 0x5e,
    0x36, 0xdb, 0x6d, 0xb6, 0xdb, 0x6d, 0xb0, 0xc3, 0xb6, 0xdb, 0x6d, 0xb0, 0xef, 0xff, 0xff, 0xff,
    0xf3, 0xc8, 0x88, 0x88, 0x8b, 0xb6, 0xc0, 0x00, 0x38, 0xf3, 0xcf, 0x22, 0x22, 0x22, 0x22, 0x3a,
    0x66, 0x66, 0x64, 0xcc, 0xcc, 0xcc, 0xcc, 0xcc, 0xcc, 0x9c, 0x3b, 0x6d, 0xb6, 0x05, 0xe3, 0x6d,
    0xb0, 0xdb, 0x60, 0x00, 0xc0, 0x00, 0x5b, 0x6d, 0xb6, 0xd8, 0x77, 0xff, 0xff, 0xff, 0xff, 0xf1,
    0x83, 0x06, 0x0c, 0x10, 0xc0, 0x00, 0x00, 0x03, 0x88, 0xf3, 0xc8, 0x88, 0x88, 0xf2, 0x06, 0xe3,
    0x66, 0x66, 0x4c, 0xcc, 0xcc, 0xcc, 0xcc, 0xcc, 0xce, 0x03, 0xf6, 0xdb, 0x62, 0xf1, 0xb6, 0xdb,
    0x6d, 0xb6, 0x00, 0x0c, 0x07, 0x63, 0x76, 0xdb, 0x60, 0x3f, 0xff, 0xff, 0xbb, 0xff, 0xff, 0xcf,
    0x2f, 0x00, 0x00, 0x00, 0x00, 0x02, 0x22, 0x23, 0xcf, 0xef, 0x1b, 0x6d, 0x80, 0x36, 0x66, 0x4c,
    0xcc, 0xcc, 0xcc, 0xcc, 0xcc, 0x9b, 0xfe, 0x06, 0xdb, 0x6d, 0xde, 0x36, 0xdb, 0x6d, 0xb6, 0xdb,
    0x00, 0x07, 0xe3, 0x76, 0xdb, 0x6c, 0x3f, 0xbf, 0xcb, 0xff, 0xff, 0xff, 0xff, 0xfb, 0xbf, 0xc0,
    0x00, 0x00, 0x01, 0xe7, 0x97, 0x7f, 0x80, 0x07, 0xff, 0xff, 0xf1, 0xb3, 0x33, 0x26, 0x66, 0x66,
    0x66, 0x66, 0x4d, 0x03, 0xff, 0xc0, 0xdb, 0x6d, 0xfe, 0x36, 0xdb, 0x6c, 0x00, 0x00, 0x00, 0x3f,
    0x1b, 0xb0, 0xdb, 0x6d, 0xfd, 0xdd, 0xff, 0xff, 0xff, 0xff, 0xff, 0xff, 0xc5, 0xdf, 0xe0, 0x00,
    0x01, 0x77, 0x77, 0xff, 0xff, 0xff, 0xff, 0xff, 0x1e, 0x26, 0x66, 0x64, 0xcc, 0xcc, 0xcc, 0xcc,
    0x9d, 0xfb, 0x60, 0x3f, 0xff, 0x6d, 0xb1, 0x78, 0xdb, 0x6d, 0xb6, 0xd8, 0x0c, 0x3f, 0x1b, 0xb6,
    0xdb, 0x6c, 0x0b, 0xbf, 0xff, 0xff, 0xff, 0xff, 0xff, 0xff, 0xfc, 0xbb, 0xbb, 0xbb, 0xfc, 0x77,
    0x7f, 0xff, 0xff, 0xff, 0xff, 0xff, 0xf9, 0xe4, 0x47, 0x4c, 0xcc, 0x99, 0x99, 0x99, 0x99, 0x9c,
    0x36, 0xd8, 0x6f, 0xed, 0xb6, 0xc0, 0x80, 0x03, 0x61, 0xb6, 0x00, 0x00, 0x6e, 0xdb, 0x6d, 0xb6,
    0x06, 0x3f, 0xff, 0xff, 0xff, 0xff, 0xff, 0xff, 0xff, 0xfb, 0xbb, 0xbb, 0xbb, 0xb8, 0x8b, 0xff,
    0xff, 0xff, 0xff, 0xff, 0xff, 0xf8, 0xf2, 0xe3, 0xa6, 0x66, 0x4c, 0xcc, 0xcc, 0xcc, 0xc8, 0xdb,
    0x60, 0x30, 0xfd, 0xb6, 0xd8, 0x77, 0xe3, 0x47, 0xed, 0x80, 0xff, 0xdb, 0x6d, 0x86, 0x00, 0x7f,
    0x7f, 0xff, 0xff, 0xff, 0xff, 0xff, 0xff, 0xff, 0xf7, 0x77, 0x77, 0x77, 0x77, 0x11, 0x77, 0x7f,
    0xff, 0xff, 0x77, 0xff, 0xff, 0x1e, 0x5c, 0x74, 0xcc, 0xc9, 0x99, 0x99, 0x99, 0x99, 0x03, 0x0d,
    0x80, 0x03, 0xf6, 0xdb, 0x61, 0xf8, 0xdc, 0x3f, 0xff, 0xc6, 0xdb, 0x6d, 0xb0, 0x1d, 0xdf, 0xff,
    0xff, 0xff, 0xff, 0xff, 0xff, 0xff, 0xff, 0xe5, 0xdd, 0xdd, 0xdd, 0xdd, 0xdd, 0xc4, 0x44, 0x44,
    0x45, 0xe0, 0x17, 0xff, 0xf9, 0x1f, 0xc7, 0x4c, 0xcc, 0x99, 0x99, 0x99, 0x99, 0x05, 0xf8, 0x60,
    0x36, 0xc3, 0xc6, 0xdb, 0x01, 0x8d, 0xc0, 0x78, 0xdb, 0x6d, 0xb6, 0xc0, 0x8f, 0xff, 0xff, 0xff,
    0xff, 0xff, 0xff, 0xff, 0xff, 0xff, 0xf2, 0xee, 0xee, 0xee, 0xee, 0xee, 0xee, 0xee, 0x22, 0x22,
    0xef, 0xff, 0x1d, 0xff, 0xff, 0xc2, 0x66, 0x66, 0x4c, 0xcc, 0xcc, 0x9c, 0x3f, 0xf8, 0x0d, 0xb0,
    0x18, 0x0e, 0x1b, 0x61, 0xb1, 0xbb, 0x01, 0xe0, 0x0d, 0xb6, 0xdf, 0xe6, 0x9f, 0xff, 0xff, 0xff,
    0xff, 0xff, 0xff, 0xff, 0xff, 0xfe, 0x5d, 0xdd, 0xdd, 0xdd, 0xdd, 0xdd, 0xdd, 0xdd, 0xdd, 0xdd,
    0xdd, 0xdd, 0xfd, 0xff, 0xff, 0xdf, 0x33, 0x33, 0x26, 0x66, 0x66, 0x47, 0xff, 0x90, 0x03, 0x6d,
    0xe0, 0x0f, 0xed, 0x87, 0xed, 0xb0, 0xd8, 0x00, 0x36, 0xc0, 0xbb, 0xb7, 0x7f, 0xff, 0xff, 0xff,
    0xff, 0xff, 0xff, 0xff, 0xf9, 0x17, 0x7f, 0x11, 0xe7, 0x97, 0x77, 0x77, 0x77, 0x77, 0x77, 0x77,
    0x77, 0x11, 0x77, 0xff, 0xf7, 0xcc, 0xcc, 0xcc, 0x99, 0x99, 0x93, 0x7b, 0xbb, 0x8b, 0xb6, 0xd8,
    0x00, 0x07, 0x11, 0x60, 0x36, 0xdb, 0x6d, 0xb6, 0x1b, 0x0f, 0xef, 0xfe, 0xff, 0xff, 0xff, 0xff,
    0xff, 0xff, 0xf0, 0x00, 0xee, 0xff, 0xff, 0xff, 0x23, 0xcf, 0x2e, 0xee, 0xee, 0xee, 0xee, 0x22,
    0x3c, 0xf3, 0xcf, 0x2e, 0xee, 0xe3, 0xa6, 0x66, 0x66, 0x4c, 0xcc, 0xcc, 0x9a, 0x5d, 0xc5, 0xff,
    0xc4, 0x5e, 0x36, 0x03, 0xc7, 0x81, 0xb6, 0xdb, 0x6c, 0x06, 0xc3, 0x8b, 0xc0, 0x1f, 0xff, 0xff,
    0xdc, 0x44, 0x45, 0xdd, 0xff, 0xc5, 0xe0, 0x00, 0x00, 0xf3, 0xcf, 0x22, 0x22, 0x22, 0x22, 0x22,
    0x3c, 0x88, 0x88, 0x8f, 0x3c, 0xff, 0x3a, 0x66, 0x66, 0x66, 0x4c, 0xcc, 0xcc, 0xc9, 0xdb, 0x8b,
    0xff, 0xff, 0xfb, 0xbb, 0xbc, 0x01, 0xd8, 0x7e, 0xdb, 0x60, 0x00, 0x03, 0xfb, 0xc0, 0xff, 0xfe,
    0x22, 0x22, 0x22, 0x20, 0x00, 0x00, 0x00, 0x00, 0x00, 0x00, 0x47, 0x91, 0x11, 0x11, 0x11, 0x1e,
    0x44, 0x44, 0x44, 0x79, 0x11, 0x71, 0xd3, 0x33, 0x33, 0x32, 0x66, 0x66, 0x66, 0x66, 0x4d, 0x2f,
    0xff, 0xff, 0xfe, 0xee, 0xee, 0xf1, 0xfd, 0x8d, 0xc0, 0x01, 0xe3, 0x61, 0xfd, 0xff, 0xff, 0xc4,
    0x47, 0x91, 0x11, 0x1f, 0xc0, 0x00, 0x00, 0x00, 0x00, 0x00, 0x00, 0x1e, 0x79, 0x11, 0x11, 0x11,
    0xfc, 0x44, 0x5d, 0xdd, 0xc4, 0x44, 0x44, 0x74, 0xcc, 0xcc, 0xcc, 0x99, 0x99, 0x99, 0x99, 0x99,
    0xdc, 0x07, 0xff, 0xf7, 0x77, 0x77, 0x17, 0xf7, 0x03, 0x4d, 0xdb, 0x6c, 0x3b, 0xbf, 0xff, 0x88,
    0x8f, 0xde, 0x79, 0x11, 0x17, 0x78, 0x1b, 0x6d, 0xb6, 0xdb, 0x6c, 0x00, 0xf3, 0xc8, 0x88, 0x88,
    0xf2, 0xee, 0xef, 0xfe, 0xee, 0x22, 0x22, 0x22, 0x3a, 0x66, 0x66, 0x66, 0x4c, 0xcc, 0xcc, 0xcc,
    0xcc, 0x9d, 0xff, 0x87, 0xff, 0x77, 0xff, 0xf7, 0x17, 0x7f, 0x77, 0x80, 0x07, 0x17, 0xff, 0xf1,
    0xe4, 0x44, 0x79, 0x11, 0x11, 0x11, 0xfd, 0xde, 0x36, 0xdb, 0x6d, 0xb0, 0x00, 0x7f, 0xf9, 0x11,
    0x11, 0xe7, 0x91, 0x11, 0x11, 0x11, 0x11, 0x1e, 0x79, 0x11, 0xfe, 0x74, 0xcc, 0xcc, 0xcc, 0x99,
    0x99, 0x99, 0x99, 0x99, 0x93, 0x78, 0xbb, 0xbb, 0xbf, 0xc7, 0xf1, 0x11, 0xe7, 0x97, 0x7f, 0xff,
    0xff, 0xf7, 0x11, 0xe4, 0x45, 0xe7, 0x49, 0xc7, 0x1a, 0x6e, 0xc7, 0xf7, 0x77, 0x78, 0x00, 0x00,
    0x00, 0x1f, 0xff, 0xff, 0xf3, 0x27, 0x02, 0x3c, 0x60, 0x44, 0x44, 0x7f, 0xe0, 0x5d, 0x8e, 0x99,
    0x99, 0x99, 0x99, 0x33, 0x33, 0x33, 0x33, 0x33, 0x27, 0x79, 0xe5, 0xdd, 0xdf, 0xff, 0xfc, 0x44,
    0x79, 0xe7, 0x9e, 0x79, 0xe7, 0x9e, 0x79, 0x11, 0x77, 0x10, 0x3a, 0x66, 0x66, 0x66, 0x64, 0xee,
    0x2f, 0x1b, 0x1b, 0xb6, 0xd8, 0x0f, 0xee, 0xfe, 0xe2, 0xd3, 0x33, 0x27, 0x6f, 0x1e, 0x30, 0x03,
    0xc7, 0x83, 0xa6, 0x66, 0x66, 0x66, 0x66, 0x4c, 0xcc, 0xcc, 0xcc, 0xcc, 0xcc, 0x83, 0xcf, 0x06,
    0xf1, 0x77, 0x11, 0x11, 0xe7, 0x9e, 0x79, 0xf8, 0xe3, 0x8e, 0x37, 0x1a, 0x69, 0xc7, 0x1d, 0x33,
    0x33, 0x33, 0x33, 0x27, 0x70, 0xdb, 0x6d, 0xb6, 0xdb, 0x6d, 0x80, 0xfe, 0x2e, 0x3a, 0x66, 0x66,
    0x64, 0xe3, 0xa6, 0x66, 0x66, 0x64, 0xe3, 0xa6, 0x66, 0x66, 0x66, 0x66, 0x66, 0x4c, 0xcc, 0xcc,
    0xcc, 0xcc, 0xcc, 0xc9, 0xde, 0x69, 0xbb, 0x88, 0xbc, 0xe3, 0x41, 0xe7, 0xf1, 0xb3, 0x33, 0x33,
    0x33, 0x33, 0x33, 0x33, 0x33, 0x33, 0x32, 0x70, 0x03, 0x60, 0x00, 0xdb, 0x6d, 0x80, 0x00, 0x0f,
    0xc7, 0x4c, 0xcc, 0xcc, 0xcc, 0xcc, 0xcc, 0xcc, 0xcc, 0xcc, 0xcc, 0xcc, 0xcc, 0xcc, 0xcc, 0xc9,
    0x99, 0x99, 0x99, 0x99, 0x99, 0x99, 0x38, 0x0d, 0xb0, 0xff, 0x34, 0xd1, 0xe6, 0x9d, 0x33, 0x33,
    0x33, 0x33, 0x33, 0x33, 0x33, 0x33, 0x33, 0x32, 0x70, 0x00, 0x76, 0x38, 0xe0, 0x00, 0x03, 0xc1,
    0xc6, 0xf0, 0x1e, 0x6c, 0xcc, 0xcc, 0xcc, 0xcc, 0xcc, 0xcc, 0xcc, 0xcc, 0xcc, 0xcc, 0xcc, 0xcc,
    0xcc, 0xcc, 0xc9, 0x99, 0x99, 0x99, 0x99, 0x99, 0x99, 0x99, 0x99, 0x99, 0x99, 0x38, 0xdc, 0x74,
    0xcc, 0xcc, 0xcc, 0xcc, 0xcc, 0xcc, 0xcc, 0xcc, 0xcc, 0xcc, 0xcc, 0xce, 0xef, 0xf3, 0x4e, 0x38,
    0xe3, 0xb8, 0x00, 0x31, 0xc7, 0x1c, 0x6f, 0x7e, 0x3a, 0x66, 0x66, 0x66, 0x66, 0x66, 0x66, 0x66,
    0x66, 0x66, 0x66, 0x66, 0x66, 0x66, 0x66, 0x64, 0xcc, 0xcc, 0xcc, 0xcc, 0xcc, 0xcc, 0xcc, 0xcc,
    0xcc, 0xcc, 0xcc, 0xcc, 0xcc, 0xcc, 0xcc, 0xcc, 0xcc, 0xcc, 0xcc, 0xcc, 0xcc, 0xcc, 0xcc, 0xcc,
    0xcc, 0xc9, 0xa0, 0xe3, 0x8e, 0x37, 0xbb, 0xff, 0xfb, 0x1c, 0x71, 0xba, 0x66, 0x66, 0x66, 0x66,
    0x66, 0x66, 0x66, 0x66, 0x66, 0x66, 0x66, 0x66, 0x66, 0x66, 0x66, 0x66, 0x4c, 0xcc, 0xcc, 0xcc,
    0xcc, 0xcc, 0xcc, 0xcc, 0xcc, 0xcc, 0xcc, 0xcc, 0xcc, 0xcc, 0xcc, 0xcc, 0xcc, 0xcc, 0xcc, 0xcc,
    0xcc, 0xcc, 0xcc, 0xcc, 0xcc, 0xcc, 0xc9, 0xc3, 0x63, 0x4e, 0x38, 0xe3, 0x8e, 0x93, 0x86, 0x34,
    0xe9, 0x99, 0x99, 0x99, 0x99, 0x99, 0x99, 0x99, 0x99, 0x99, 0x99, 0x99, 0x99, 0x99, 0x99, 0x99,
    0x99, 0x32
};

const HuffmanFrequency SPRITE_41_FREQS[] = {
    {0x0a, 51},
    {0x23, 326},
    {0x25, 109},
    {0x2a, 523},
    {0x2b, 658},
    {0x2d, 717},
    {0x2e, 108},
    {0x3a, 84},
    {0x3d, 676},
    {0x40, 11},
    {0xa0, 1788},
    {0xc2, 1788}
};
}

const HuffmanEncodedSprite SPRITE_41 = {
    SPRITE_41_BYTES,
    static_cast<int>(sizeof(SPRITE_41_BYTES) / sizeof(SPRITE_41_BYTES[0])),
    19599,
    6839,
    SPRITE_41_FREQS,
    static_cast<int>(sizeof(SPRITE_41_FREQS) / sizeof(SPRITE_41_FREQS[0]))
};

namespace
{
const unsigned char SPRITE_42_BYTES[] = {
    0x6d, 0xb6, 0xdb, 0x6d, 0xb6, 0xdb, 0x6d, 0xb6, 0xdb, 0x6d, 0xb6, 0xdb, 0x6d, 0xb6, 0xdb, 0x6d,
    0xb6, 0xeb, 0x5b, 0x6d, 0xb6, 0xdb, 0x6e, 0xbd, 0x55, 0x55, 0x55, 0x76, 0xdb, 0x6d, 0xb6, 0xdb,
    0x6d, 0xd7, 0xaa, 0x22, 0xbb, 0x6d, 0xb6, 0xdb, 0x6d, 0xb6, 0xdb, 0x6d, 0xb6, 0xdb, 0x6d, 0xb6,
    0xdb, 0x6d, 0xb6, 0xdb, 0x6d, 0xb6, 0xdb, 0x6d, 0xb6, 0xdb, 0x6d, 0xb7, 0x5a, 0xdb, 0x6d, 0xb6,
    0xdb, 0x75, 0xee, 0xe6, 0x69, 0x35, 0x36, 0xdb, 0x6d, 0xb6, 0xeb, 0xc4, 0x5c, 0xdd, 0x76, 0xdb,
    0x6d, 0xb6, 0xdb, 0x6d, 0xb6, 0xdb, 0x6d, 0xb6, 0xdb, 0x6d, 0xb6, 0xdb, 0x6d, 0xb6, 0xdb, 0x6d,
    0xb6, 0xdb, 0x6d, 0xb6, 0xdb, 0x6e, 0xb5, 0xb6, 0xdb, 0x6d, 0xb6, 0xdb, 0xb9, 0xa5, 0x29, 0x48,
    0xae, 0xdb, 0x6d, 0xba, 0xf1, 0x17, 0x37, 0x73, 0x5d, 0xb6, 0xdb, 0x6d, 0xb6, 0xdb, 0x6d, 0xb6,
    0xdb, 0x6d, 0xb6, 0xdb, 0x6d, 0xb6, 0xdb, 0x6d, 0xb6, 0xdb, 0x6d, 0xb6, 0xdb, 0x6d, 0xb6, 0xdb,
    0xad, 0x6d, 0xb6, 0xdb, 0x6d, 0xb6, 0xdd, 0xcd, 0x29, 0x4a, 0x4d, 0x55, 0xdb, 0x75, 0xe2, 0x22,
    0x6e, 0xee, 0xe2, 0xbb, 0x6d, 0xb6, 0xdb, 0x6d, 0xb6, 0xdb, 0x6d, 0xb6, 0xdb, 0x6d, 0xb6, 0xdb,
    0x6d, 0xb6, 0xdb, 0x6d, 0xb6, 0xdb, 0x6d, 0xb6, 0xdb, 0x6d, 0xb7, 0x5a, 0xdb, 0x6d, 0xb6, 0xdd,
    0x78, 0x8a, 0xa2, 0x2e, 0xee, 0xee, 0xee, 0xe2, 0x2e, 0x6e, 0xe6, 0xee, 0xee, 0x6a, 0x6d, 0xb6,
    0xdb, 0x6d, 0xb6, 0xdb, 0x6d, 0xb6, 0xdb, 0x6d, 0xb6, 0xdb, 0x6d, 0xb6, 0xdb, 0x6d, 0xb6, 0xdb,
    0x6d, 0xb6, 0xdb, 0x6d, 0xb6, 0xdd, 0x6b, 0x6d, 0xb6, 0xdb, 0x6e, 0xbd, 0x7a, 0xf7, 0x77, 0x71,
    0x17, 0x77, 0x71, 0x17, 0x71, 0x37, 0x77, 0x77, 0x75, 0x36, 0xdd, 0x78, 0x88, 0xae, 0xdb, 0x6d,
    0xb6, 0xdb, 0x6d, 0xb6, 0xdb, 0x6d, 0xb6, 0xdb, 0x6d, 0xb6, 0xdb, 0x6d, 0xb6, 0xdb, 0x6d, 0xb6,
    0xdb, 0x6d, 0xd6, 0xb6, 0xdb, 0x6d, 0xb6, 0xdb, 0x6e, 0xbc, 0x52, 0x93, 0x77, 0x71, 0x17, 0x77,
    0x33, 0x77, 0x77, 0x77, 0x73, 0x55, 0x78, 0xb8, 0xbb, 0xba, 0xf5, 0xeb, 0xd7, 0x6d, 0xb6, 0xdb,
    0x75, 0xee, 0x22, 0xa8, 0xaa, 0xaa, 0xf5, 0xeb, 0xb6, 0xdb, 0x6d, 0xb6, 0xdb, 0x6d, 0xb6, 0xdb,
    0x6d, 0xb6, 0xdb, 0x75, 0xad, 0xb7, 0x5e, 0x22, 0xbb, 0x6d, 0xba, 0xf1, 0x71, 0x17, 0x37, 0x71,
    0x11, 0x11, 0x11, 0x77, 0x77, 0x77, 0x11, 0x77, 0x31, 0x33, 0x37, 0x77, 0x77, 0x0d, 0xb6, 0xdd,
    0x7a, 0xa2, 0x6a, 0xaf, 0x54, 0xdd, 0xd5, 0x5e, 0xbd, 0xd7, 0x6d, 0xb6, 0xdb, 0x6d, 0xb6, 0xdb,
    0x6d, 0xb6, 0xdb, 0x6d, 0xb7, 0x5b, 0x17, 0x13, 0x31, 0x54, 0xc5, 0x55, 0xdd, 0x78, 0x8a, 0xa2,
    0x2e, 0xee, 0x2e, 0xee, 0x22, 0xee, 0xe2, 0xee, 0x22, 0x22, 0x22, 0xe9, 0x33, 0x77, 0x73, 0x55,
    0x76, 0xdb, 0x75, 0xe6, 0x22, 0x22, 0xee, 0x66, 0x6e, 0x6e, 0x95, 0xdb, 0x6d, 0xb6, 0xdb, 0x6d,
    0xb6, 0xdb, 0x6d, 0xb6, 0xdb, 0x6d, 0xba, 0xd7, 0x5e, 0xe6, 0xe6, 0x94, 0x88, 0x98, 0xa5, 0x2e,
    0x22, 0xee, 0x22, 0x2e, 0x22, 0x22, 0xee, 0x22, 0x22, 0x22, 0xe6, 0xee, 0xe9, 0x33, 0x77, 0x77,
    0x46, 0xdb, 0xaf, 0x48, 0x88, 0x88, 0x8b, 0xbb, 0x9b, 0xbb, 0xb9, 0x6d, 0xb6, 0xdb, 0x6d, 0xb6,
    0xdb, 0x6d, 0xb6, 0xdb, 0x6d, 0xb6, 0xdd, 0x6d, 0x57, 0x37, 0x77, 0x73, 0x37, 0x54, 0x4c, 0xdc,
    0xcc, 0xdc, 0x44, 0x5d, 0xc5, 0xc5, 0x51, 0x77, 0x77, 0x73, 0x37, 0x77, 0x33, 0x33, 0x33, 0x31,
    0x11, 0x13, 0x48, 0x88, 0x88, 0x88, 0x8b, 0xbb, 0xbb, 0xb9, 0x8a, 0xf5, 0xee, 0xbb, 0x6d, 0xb6,
    0xdb, 0x6d, 0xb6, 0xdb, 0x6d, 0xb6, 0xdb, 0x6d, 0xd6, 0xd5, 0x11, 0x37, 0x77, 0x33, 0x33, 0x77,
    0x77, 0x37, 0x73, 0x11, 0x77, 0x13, 0x37, 0x54, 0x44, 0x5d, 0xdd, 0xdd, 0xdc, 0xd2, 0x94, 0xa4,
    0x55, 0x54, 0x45, 0xdc, 0x44, 0x44, 0x44, 0x5d, 0xdd, 0xdd, 0xdd, 0xdc, 0xc5, 0x55, 0xdb, 0x6d,
    0xb6, 0xdb, 0x6d, 0xb6, 0xdb, 0x6d, 0xb6, 0xdb, 0x6d, 0xba, 0xd6, 0xeb, 0xd5, 0x77, 0x73, 0x33,
    0x37, 0x17, 0x37, 0x73, 0x71, 0x77, 0x77, 0x71, 0x71, 0x77, 0x77, 0x77, 0x77, 0x73, 0x33, 0x37,
    0x55, 0x51, 0x11, 0x13, 0x11, 0x11, 0x77, 0x77, 0x77, 0x77, 0x77, 0x77, 0x4b, 0xae, 0xdb, 0x6d,
    0xb6, 0xdb, 0x6d, 0xb6, 0xdb, 0x6d, 0xb6, 0xdb, 0x6d, 0xb7, 0x5a, 0xdb, 0x75, 0xe6, 0x66, 0x66,
    0x62, 0x69, 0x59, 0x37, 0x11, 0x17, 0x77, 0x11, 0x77, 0x4b, 0xba, 0x52, 0xb2, 0x97, 0x71, 0x75,
    0x93, 0x71, 0x11, 0x11, 0x17, 0x77, 0x77, 0x77, 0x77, 0x77, 0x73, 0x33, 0x5d, 0xb6, 0xdb, 0x6d,
    0xb6, 0xdb, 0x6d, 0xb6, 0xdb, 0x6d, 0xb6, 0xdb, 0x6d, 0xb6, 0xdd, 0x6b, 0x6d, 0xb7, 0x13, 0x33,
    0x49, 0xb8, 0xbb, 0xbb, 0xbb, 0xbb, 0xba, 0x52, 0x66, 0x69, 0x34, 0xa5, 0xdc, 0xcc, 0xcc, 0xd6,
    0x5d, 0xc4, 0x44, 0x44, 0x4c, 0xdd, 0xdd, 0xdc, 0xd2, 0xeb, 0xb6, 0xdb, 0x6d, 0xb6, 0xdb, 0x6d,
    0xb6, 0xdb, 0x6d, 0xb6, 0xdb, 0x6d, 0xb6, 0xdb, 0x6d, 0xba, 0xd6, 0xdb, 0x6d, 0xba, 0xf1, 0x13,
    0x59, 0x59, 0x4a, 0xca, 0x52, 0xb2, 0x97, 0x77, 0x77, 0x77, 0x77, 0x34, 0xbb, 0x9a, 0x4c, 0xcd,
    0x2e, 0xee, 0xe2, 0x22, 0x22, 0xe6, 0x93, 0x33, 0x33, 0x53, 0x6d, 0xb6, 0xdb, 0x6d, 0xb6, 0xdb,
    0x6d, 0xb6, 0xdb, 0x6d, 0xb6, 0xdb, 0x6d, 0xb6, 0xdb, 0x6e, 0xb5, 0xb6, 0xdb, 0x6d, 0xb6, 0xdb,
    0xaf, 0x34, 0xa5, 0x65, 0x2e, 0xee, 0xee, 0xee, 0xe6, 0x6e, 0xe9, 0x33, 0x33, 0x37, 0x77, 0x77,
    0x77, 0x17, 0x17, 0x77, 0x77, 0x74, 0xae, 0xdb, 0x6d, 0xb6, 0xdb, 0x6d, 0xb6, 0xdb, 0x6d, 0xb6,
    0xdb, 0x6d, 0xb6, 0xdb, 0x6d, 0xb6, 0xdb, 0x75, 0xad, 0xb6, 0xdb, 0x6d, 0xb6, 0xdb, 0x73, 0x4a,
    0x52, 0xe2, 0x22, 0x22, 0xe6, 0xe6, 0x93, 0x33, 0x33, 0x77, 0x77, 0x77, 0x77, 0x77, 0x77, 0x77,
    0x73, 0x59, 0x35, 0xdb, 0x6d, 0xb6, 0xdb, 0x6d, 0xb6, 0xdb, 0x6d, 0xb6, 0xdb, 0x6d, 0xb6, 0xdb,
    0x6d, 0xb6, 0xdb, 0x6d, 0xd6, 0xb6, 0xdb, 0x6d, 0xb6, 0xdb, 0x6d, 0xd7, 0xaa, 0x69, 0x73, 0x49,
    0xbb, 0xba, 0x4c, 0xcc, 0xcc, 0xcd, 0xc5, 0xdd, 0xdd, 0xcc, 0xdd, 0xcc, 0xcd, 0x29, 0x34, 0xa4,
    0xb6, 0xdb, 0x6d, 0xb6, 0xdb, 0x6d, 0xb6, 0xdb, 0x6d, 0xb6, 0xdb, 0x6e, 0xbd, 0x7a, 0xf5, 0xeb,
    0xd7, 0x6d, 0xb6, 0xdb, 0xad, 0x6d, 0xb6, 0xdb, 0x6d, 0xb6, 0xdb, 0x6e, 0xa8, 0xaa, 0xa8, 0x88,
    0xbb, 0x99, 0x99, 0x99, 0xbb, 0xb8, 0xbb, 0xbb, 0xbb, 0xbb, 0xbb, 0x9a, 0x52, 0x6e, 0x65, 0xb6,
    0xdb, 0x6d, 0xb6, 0xdb, 0x6d, 0xb6, 0xdb, 0x6d, 0xd7, 0xaa, 0x22, 0xe9, 0x33, 0x77, 0x77, 0x34,
    0xb8, 0x8a, 0xed, 0xba, 0xd6, 0xdb, 0x6d, 0xb6, 0xdb, 0x6d, 0xb7, 0x5e, 0xaa, 0xaa, 0xb9, 0xa5,
    0x29, 0x4a, 0x52, 0x66, 0x66, 0xee, 0xee, 0xee, 0xee, 0xee, 0xee, 0xeb, 0x26, 0x66, 0xee, 0xee,
    0xbb, 0x6d, 0xb6, 0xdb, 0x6d, 0xb6, 0xdb, 0x6d, 0xb7, 0x77, 0x77, 0x77, 0x77, 0x74, 0x99, 0x99,
    0x9a, 0x4c, 0xdd, 0xdd, 0xd7, 0xad, 0x6d, 0xb6, 0xdb, 0x6d, 0xb6, 0xdb, 0x75, 0xe2, 0xa9, 0xa5,
    0x2e, 0xee, 0xe2, 0x2e, 0x95, 0x93, 0x77, 0x77, 0x77, 0x77, 0x77, 0x4a, 0x4c, 0xcc, 0xcd, 0xdd,
    0xdd, 0x29, 0x30, 0xdb, 0x6d, 0xb6, 0xdb, 0x6d, 0xba, 0xf7, 0x4a, 0x5d, 0xdd, 0xcc, 0xcc, 0xcd,
    0x29, 0x33, 0x33, 0x59, 0x4a, 0x52, 0x66, 0x66, 0xb5, 0xb6, 0xdb, 0x6d, 0xb6, 0xdb, 0x6d, 0xd7,
    0x8b, 0xa5, 0x22, 0xaa, 0xaa, 0xaa, 0xaa, 0xaa, 0xaa, 0xab, 0x99, 0x9b, 0xbb, 0xb9, 0xb8, 0x89,
    0xbb, 0xbb, 0xbb, 0xbb, 0xbb, 0xac, 0x9a, 0x9b, 0x6d, 0xb6, 0xdb, 0x6d, 0xd7, 0xb9, 0xbb, 0x99,
    0x99, 0xa5, 0x26, 0x66, 0x69, 0x4a, 0x4d, 0xdd, 0x7a, 0xf5, 0xdb, 0x6d, 0xd6, 0xb6, 0xdb, 0x6d,
    0xb6, 0xdb, 0x6d, 0xb7, 0x5e, 0x22, 0xaa, 0xa2, 0x22, 0xee, 0xee, 0xee, 0xee, 0x2e, 0xee, 0xe2,
    0xaa, 0xaa, 0xaa, 0x2e, 0xee, 0xee, 0xee, 0xe6, 0x66, 0x6b, 0xb6, 0xdb, 0x6d, 0xb6, 0xdd, 0xd2,
    0x66, 0x66, 0x66, 0x66, 0x69, 0x49, 0x99, 0x99, 0xaa, 0xbb, 0x6d, 0xb6, 0xdb, 0x75, 0xad, 0xb6,
    0xdb, 0x6d, 0xb6, 0xdb, 0x6d, 0xd7, 0x88, 0xaa, 0xaa, 0xaa, 0xaa, 0xaa, 0xaa, 0xaa, 0xaa, 0xaa,
    0xaa, 0xaa, 0xaa, 0xaa, 0xaa, 0xaa, 0xaa, 0xaa, 0xaa, 0xac, 0xbb, 0xb9, 0x98, 0x88, 0x8b, 0x9a,
    0x52, 0xeb, 0xb6, 0xdb, 0x75, 0xe9, 0x59, 0x59, 0x49, 0x99, 0x99, 0x99, 0x99, 0x9a, 0x4c, 0xcd,
    0x76, 0xdb, 0x6d, 0xb6, 0xdb, 0x75, 0xad, 0xb6, 0xdb, 0x6d, 0xb6, 0xdb, 0x75, 0xe2, 0xe6, 0x2a,
    0xaa, 0xaa, 0xaa, 0xaa, 0xaa, 0xaa, 0xaa, 0xaa, 0xaa, 0xaa, 0xaa, 0xaa, 0xaa, 0xaa, 0xaa, 0x89,
    0xba, 0xa9, 0x48, 0x88, 0x88, 0x88, 0x88, 0xbb, 0xa5, 0x26, 0x66, 0x95, 0x94, 0x99, 0x99, 0x99,
    0x9a, 0x52, 0x66, 0x66, 0x66, 0x94, 0x86, 0xdb, 0x6d, 0xb6, 0xdb, 0x6d, 0xd6, 0xb6, 0xdb, 0x6d,
    0xb6, 0xdb, 0x75, 0x4d, 0xdd, 0xcc, 0xc5, 0x55, 0x55, 0x55, 0x55, 0x55, 0x55, 0x55, 0x55, 0x55,
    0x55, 0x55, 0x54, 0x5d, 0xdd, 0x55, 0x45, 0xc4, 0x44, 0x44, 0x44, 0x44, 0x44, 0x5d, 0xcd, 0x26,
    0x66, 0x66, 0x94, 0x99, 0x99, 0x99, 0x9a, 0x52, 0x66, 0x66, 0x91, 0x5d, 0xb6, 0xdb, 0x6d, 0xb6,
    0xdb, 0x75, 0xad, 0xb6, 0xdb, 0x6d, 0xb7, 0x5e, 0xee, 0xee, 0xee, 0xe6, 0x22, 0xe6, 0x62, 0x2a,
    0xaa, 0xa8, 0xb9, 0xbb, 0xb8, 0x8a, 0xaa, 0xaa, 0x22, 0x91, 0x15, 0x55, 0x54, 0x44, 0x44, 0x44,
    0x45, 0xdd, 0xdd, 0x26, 0x66, 0x66, 0x69, 0x49, 0x99, 0x99, 0x9a, 0x4c, 0xcd, 0x22, 0xbb, 0x6d,
    0xb6, 0xdb, 0x6d, 0xb6, 0xdd, 0x6b, 0x6d, 0xb6, 0xdb, 0x6e, 0x26, 0xee, 0xee, 0xee, 0x66, 0x91,
    0x55, 0x55, 0x55, 0x55, 0x55, 0x55, 0x55, 0x55, 0x55, 0x55, 0x55, 0x55, 0x11, 0x17, 0x71, 0x15,
    0x55, 0x55, 0x51, 0x11, 0x11, 0x11, 0x11, 0x77, 0x73, 0x49, 0x99, 0x99, 0x9a, 0x52, 0x66, 0x66,
    0x66, 0x93, 0x4b, 0xae, 0xdb, 0x6d, 0xb6, 0xdb, 0x6d, 0xb6, 0xeb, 0x5b, 0x6d, 0xb6, 0xdb, 0xaa,
    0x6e, 0xee, 0x66, 0x66, 0x66, 0x69, 0x77, 0x11, 0x15, 0x55, 0x54, 0x44, 0x44, 0x44, 0x45, 0xc4,
    0x44, 0xdc, 0x55, 0x54, 0x44, 0x44, 0x44, 0x44, 0x44, 0x5d, 0xdd, 0xcd, 0x26, 0x66, 0x66, 0x69,
    0x33, 0x33, 0x33, 0x49, 0x8a, 0xed, 0xb6, 0xdb, 0x6d, 0xb6, 0xdb, 0x6d, 0xd6, 0xb6, 0xdb, 0x6d,
    0xba, 0xf1, 0x33, 0x33, 0x33, 0x33, 0x33, 0x33, 0x34, 0x9b, 0xb8, 0xbb, 0xbb, 0x88, 0x88, 0xbb,
    0xbb, 0x8b, 0xa5, 0xc4, 0x44, 0x44, 0x44, 0x44, 0x44, 0x44, 0x5d, 0xdd, 0xdc, 0xd2, 0x66, 0x66,
    0x69, 0x33, 0x33, 0x34, 0xba, 0xed, 0xb6, 0xdb, 0x6d, 0xb6, 0xdb, 0x6d, 0xb7, 0x5a, 0xdb, 0x6d,
    0xb6, 0xeb, 0xc5, 0x26, 0x66, 0x66, 0x94, 0x99, 0x99, 0x99, 0x9a, 0x52, 0x6e, 0xee, 0xee, 0xee,
    0xee, 0xe6, 0x66, 0x6e, 0x91, 0x11, 0x11, 0x11, 0x11, 0x11, 0x11, 0x17, 0x77, 0x77, 0x34, 0x99,
    0x99, 0x9a, 0xc9, 0x99, 0xa5, 0xd7, 0x6d, 0xb6, 0xdb, 0x6d, 0xb6, 0xdb, 0x6d, 0xb6, 0xeb, 0x5b,
    0x6d, 0xb6, 0xdb, 0xaa, 0x66, 0x66, 0x66, 0x94, 0x99, 0x99, 0x99, 0x99, 0x99, 0xac, 0x9b, 0xbb,
    0xbb, 0xbb, 0xbb, 0xbb, 0x8b, 0xa5, 0x22, 0x22, 0x22, 0x22, 0x22, 0x22, 0x2e, 0xee, 0xee, 0xe6,
    0x66, 0x66, 0x6b, 0x26, 0x69, 0x15, 0xdb, 0x6d, 0xb6, 0xdb, 0x6d, 0xb6, 0xdb, 0x6d, 0xb6, 0xeb,
    0x5b, 0x6d, 0xb6, 0xdb, 0x75, 0x4d, 0x26, 0x66, 0x93, 0x33, 0x33, 0x33, 0x33, 0x31, 0x5e, 0xbd,
    0x2b, 0x29, 0x49, 0xbb, 0xb9, 0xa5, 0x65, 0x65, 0x29, 0x4b, 0xb8, 0x88, 0x88, 0x88, 0x8b, 0xbb,
    0xbb, 0xbb, 0xb9, 0xa4, 0xcd, 0x29, 0x33, 0x55, 0x76, 0xdb, 0x6d, 0xb6, 0xdb, 0x6d, 0xb6, 0xdb,
    0x6d, 0xb6, 0xeb, 0x5b, 0x6d, 0xb6, 0xdd, 0x7a, 0xf5, 0x5d, 0x26, 0x66, 0x66, 0x94, 0xa5, 0x29,
    0x49, 0xaf, 0x5d, 0xb6, 0xeb, 0xc4, 0xd2, 0x94, 0xa5, 0x29, 0x4a, 0x52, 0x94, 0xa5, 0xdd, 0xdd,
    0xdd, 0xdd, 0xdd, 0xdd, 0xdd, 0xdd, 0xcd, 0x26, 0x62, 0xbb, 0x6d, 0xb6, 0xdb, 0x6d, 0xb6, 0xdb,
    0x6d, 0xb6, 0xdb, 0x6d, 0xb7, 0x5a, 0xdb, 0x6d, 0xb7, 0x11, 0x11, 0x37, 0x49, 0x99, 0x99, 0x99,
    0x99, 0xa5, 0x21, 0xb6, 0xdb, 0x6e, 0xbd, 0x51, 0x73, 0x4a, 0xca, 0xca, 0xca, 0xca, 0xc9, 0x9a,
    0x4c, 0xcc, 0xdd, 0xdd, 0xdd, 0xdd, 0xdc, 0xcc, 0xdb, 0x6d, 0xb6, 0xdb, 0x6d, 0xb6, 0xdb, 0x6d,
    0xb6, 0xdb, 0x6d, 0xb6, 0xdb, 0x75, 0xad, 0xb6, 0xdd, 0x53, 0x11, 0x71, 0x55, 0x55, 0x55, 0x33,
    0x4a, 0x45, 0x7a, 0xed, 0xb6, 0xdb, 0x6d, 0xb6, 0xdb, 0x6d, 0xb6, 0xdb, 0x6d, 0xb6, 0xea, 0x99,
    0xbb, 0xbb, 0xbb, 0xb9, 0xbb, 0x8a, 0xed, 0xb6, 0xdb, 0x6d, 0xb6, 0xdb, 0x6d, 0xb6, 0xdb, 0x6d,
    0xb6, 0xdb, 0x6e, 0xb5, 0xb6, 0xdb, 0x6e, 0xa9, 0x8b, 0xb8, 0xaa, 0xbb, 0x6d, 0xb6, 0xdb, 0x6d,
    0xb6, 0xdb, 0x6d, 0xb6, 0xdb, 0x6d, 0xb6, 0xdb, 0x6d, 0xd7, 0xa4, 0xdd, 0xdd, 0xdd, 0xdd, 0xdd,
    0xcc, 0x36, 0xdb, 0x6d, 0xb6, 0xdb, 0x6d, 0xb6, 0xdb, 0x6d, 0xb6, 0xdb, 0x6d, 0xba, 0xd6, 0xdb,
    0x6d, 0xb6, 0xdb, 0x6d, 0xb6, 0xdb, 0x6d, 0xb6, 0xdb, 0x6d, 0xb6, 0xdb, 0x6d, 0xb6, 0xdb, 0x6d,
    0xb6, 0xdb, 0x75, 0x5c, 0x44, 0x44, 0x45, 0xcd, 0xdc, 0xc5, 0x76, 0xdb, 0x6d, 0xb6, 0xdb, 0x6d,
    0xb6, 0xdb, 0x6d, 0xb6, 0xdb, 0x6d, 0xba, 0xd6, 0xdb, 0x6d, 0xb6, 0xdb, 0x6d, 0xb6, 0xdb, 0x6d,
    0xb6, 0xdb, 0x6d, 0xb6, 0xdb, 0x6d, 0xb6, 0xdb, 0x6d, 0xb6, 0xdb, 0x74, 0x8b, 0xaa, 0xbc, 0x5d,
    0xc5, 0x55, 0x55, 0x71, 0x5d, 0xb6, 0xdb, 0x6d, 0xb6, 0xdb, 0x6d, 0xb6, 0xdb, 0x6d, 0xb6, 0xdb,
    0x6e, 0xb5, 0xb6, 0xdb, 0x6d, 0xb6, 0xdb, 0x6d, 0xb6, 0xdb, 0x6d, 0xb6, 0xdb, 0x6d, 0xb6, 0xdb,
    0x6d, 0xb6, 0xdb, 0x6d, 0xb6, 0xdb, 0xaf, 0x13, 0x55, 0x55, 0xeb, 0xd7, 0xb8, 0xaa, 0xaa, 0xed,
    0xb6, 0xdb, 0x6d, 0xb6, 0xdb, 0x6d, 0xb6, 0xdb, 0x6d, 0xb6, 0xdb, 0x6e, 0xb5, 0xb6, 0xdb, 0x6d,
    0xb6, 0xdb, 0x6d, 0xb6, 0xdb, 0x6d, 0xb6, 0xdb, 0x6d, 0xb6, 0xdb, 0x6d, 0xb6, 0xdb, 0x6d, 0xb6,
    0xdb, 0x6d, 0xd7, 0x8a, 0xab, 0xb6, 0xeb, 0xd7, 0xae, 0xdb, 0x6d, 0xb6, 0xdb, 0x6d, 0xb6, 0xdb,
    0x6d, 0xb6, 0xdb, 0x6d, 0xb6, 0xdb, 0x6d, 0xb6, 0xdb, 0x6d, 0xb6, 0xdb, 0x6d, 0xb6, 0xdb, 0x6d,
    0xb6, 0xdb, 0x6d, 0xb6, 0xdb, 0x6d, 0xb6, 0xdb, 0x6e, 0xb4
};

const HuffmanFrequency SPRITE_42_FREQS[] = {
    {0x0a, 43},
    {0x23, 29},
    {0x2a, 194},
    {0x2b, 495},
    {0x2d, 395},
    {0x2e, 122},
    {0x3a, 183},
    {0x3d, 636},
    {0xa0, 2244},
    {0xc2, 2244}
};
}

const HuffmanEncodedSprite SPRITE_42 = {
    SPRITE_42_BYTES,
    static_cast<int>(sizeof(SPRITE_42_BYTES) / sizeof(SPRITE_42_BYTES[0])),
    16334,
    6585,
    SPRITE_42_FREQS,
    static_cast<int>(sizeof(SPRITE_42_FREQS) / sizeof(SPRITE_42_FREQS[0]))
};

namespace
{
const unsigned char SPRITE_43_BYTES[] = {
    0x44, 0x44, 0x44, 0x44, 0x44, 0x44, 0x44, 0x44, 0x44, 0x44, 0x44, 0x44, 0x44, 0x44, 0x44, 0x44,
    0x44, 0x44, 0x44, 0x44, 0x44, 0x44, 0x44, 0x44, 0x9c, 0x88, 0x88, 0x88, 0x88, 0x88, 0x88, 0x88,
    0x88, 0x88, 0x88, 0x88, 0x88, 0x88, 0x88, 0x88, 0x88, 0x88, 0x88, 0x88, 0x90, 0x9a, 0xff, 0x77,
    0xe9, 0xa0, 0x88, 0x88, 0x88, 0x88, 0x88, 0x88, 0x88, 0x88, 0x88, 0x88, 0x88, 0x88, 0x88, 0x88,
    0x88, 0x88, 0x88, 0x88, 0x88, 0x88, 0x88, 0x88, 0x88, 0x88, 0x88, 0x93, 0x91, 0x11, 0x11, 0x11,
    0x11, 0x11, 0x11, 0x11, 0x11, 0x11, 0x11, 0x11, 0x11, 0x11, 0x11, 0x11, 0x11, 0x12, 0x16, 0x3f,
    0x6d, 0xb6, 0xdb, 0x6f, 0x46, 0x7a, 0x22, 0x22, 0x22, 0x22, 0x22, 0x22, 0x22, 0x22, 0x22, 0x22,
    0x22, 0x22, 0x22, 0x22, 0x22, 0x22, 0x22, 0x22, 0x22, 0x22, 0x22, 0x22, 0x22, 0x24, 0xe4, 0x44,
    0x44, 0x44, 0x44, 0x44, 0x44, 0x44, 0x44, 0x48, 0x4d, 0x7e, 0xc1, 0x11, 0x11, 0x11, 0x12, 0x13,
    0xfb, 0xed, 0xb6, 0xdb, 0x6d, 0xb6, 0xdb, 0x7b, 0x41, 0x11, 0x11, 0x21, 0x35, 0xee, 0xff, 0xff,
    0xee, 0xb3, 0xe1, 0x04, 0x44, 0x44, 0x44, 0x44, 0x44, 0x44, 0x44, 0x44, 0x44, 0x44, 0x44, 0x44,
    0x9c, 0x88, 0x88, 0x88, 0x88, 0x88, 0x88, 0x88, 0x88, 0x90, 0xdf, 0x6f, 0xc1, 0x11, 0x11, 0x12,
    0x13, 0x7f, 0x77, 0xff, 0xff, 0xff, 0xff, 0x77, 0x77, 0x77, 0xfd, 0xbf, 0xf3, 0xe1, 0x09, 0xff,
    0xdf, 0x6d, 0xb6, 0xdb, 0x6d, 0xff, 0x9f, 0x04, 0x44, 0x44, 0x44, 0x44, 0x44, 0x44, 0x44, 0x44,
    0x44, 0x44, 0x44, 0x9c, 0x88, 0x88, 0x88, 0x88, 0x88, 0x88, 0x88, 0x89, 0x0d, 0xfb, 0x5f, 0x82,
    0x22, 0x42, 0x13, 0xef, 0xfd, 0xdb, 0x6d, 0xb6, 0xdb, 0x6d, 0xb5, 0xfe, 0xef, 0xfe, 0xee, 0xee,
    0xee, 0xee, 0xef, 0xfb, 0x6d, 0xb6, 0xdf, 0xf9, 0x91, 0x11, 0x11, 0x11, 0x11, 0x11, 0x11, 0x11,
    0x11, 0x11, 0x11, 0x27, 0x22, 0x22, 0x22, 0x22, 0x22, 0x22, 0x22, 0x22, 0x4d, 0x6e, 0xdb, 0xe0,
    0x89, 0x3f, 0xed, 0xdb, 0x6d, 0xb6, 0xdb, 0x6d, 0xb6, 0xdb, 0x6d, 0xaf, 0x47, 0xbf, 0xee, 0xdb,
    0x6d, 0x6f, 0xf7, 0x7d, 0xb7, 0xff, 0xfa, 0x64, 0x44, 0x44, 0x44, 0x44, 0x44, 0x44, 0x44, 0x44,
    0x44, 0x44, 0x9c, 0x88, 0x88, 0x88, 0x88, 0x88, 0x88, 0x88, 0x89, 0x35, 0xdb, 0x6b, 0xf3, 0xff,
    0x6d, 0xb6, 0xdb, 0x5b, 0xfd, 0xdd, 0xff, 0x76, 0xdb, 0x6d, 0xb6, 0xfe, 0xb6, 0xed, 0xb6, 0xd6,
    0xff, 0xfc, 0x7b, 0xbf, 0xff, 0xff, 0xe0, 0x88, 0x88, 0x88, 0x88, 0x88, 0x88, 0x88, 0x88, 0x88,
    0x89, 0x39, 0x11, 0x11, 0x11, 0x11, 0x11, 0x11, 0x11, 0x12, 0x6b, 0x6d, 0xb6, 0x3b, 0x6d, 0xb6,
    0xdf, 0x1e, 0xfe, 0xfb, 0x6d, 0xfe, 0xe8, 0xf5, 0xdb, 0x6d, 0xb7, 0xf5, 0xb6, 0xff, 0x69, 0xf3,
    0xe7, 0xcf, 0xdb, 0x6d, 0xb5, 0xe8, 0xf6, 0x44, 0x44, 0x44, 0x44, 0x44, 0x44, 0x44, 0x44, 0x44,
    0x44, 0x9c, 0x88, 0x88, 0x88, 0x88, 0x89, 0x08, 0x68, 0xf5, 0xbf, 0xf6, 0xde, 0xd3, 0xe7, 0xed,
    0xb7, 0xf7, 0x47, 0xbb, 0xed, 0xb6, 0xff, 0x77, 0x77, 0x47, 0xf6, 0xdb, 0x6f, 0xee, 0xed, 0xa7,
    0xed, 0xb6, 0xdb, 0x6d, 0xb6, 0xdb, 0x5e, 0xd0, 0x44, 0x44, 0x44, 0x44, 0x44, 0x44, 0x44, 0x44,
    0x49, 0xc8, 0x88, 0x88, 0x88, 0x90, 0x9f, 0xff, 0x6d, 0xb6, 0xf7, 0x74, 0x6e, 0xdb, 0x6b, 0xdf,
    0x6d, 0xb7, 0xbe, 0xdb, 0xd6, 0xdb, 0x7f, 0xba, 0x3b, 0x6d, 0xaf, 0xdd, 0xb6, 0xdb, 0x6b, 0x6d,
    0xb6, 0xdd, 0xb6, 0xb7, 0xfa, 0xed, 0x3e, 0x10, 0x44, 0x44, 0x44, 0x44, 0x44, 0x49, 0xc8, 0x88,
    0x88, 0x89, 0x0b, 0xff, 0x6d, 0xbf, 0xfd, 0xfb, 0x75, 0xdb, 0x6b, 0xf1, 0xef, 0xb6, 0xdb, 0x63,
    0xf1, 0xeb, 0x76, 0xdb, 0x46, 0x56, 0xdb, 0x7f, 0xf6, 0xdb, 0x6b, 0xff, 0xdd, 0x6d, 0xbd, 0x18,
    0xf7, 0xdb, 0x7f, 0xfb, 0xed, 0xfe, 0xb3, 0xe0, 0x88, 0x88, 0x88, 0x89, 0x39, 0x11, 0x11, 0x12,
    0x1b, 0xff, 0xbb, 0xff, 0xff, 0xbf, 0x6d, 0xd7, 0x6d, 0xaf, 0xff, 0xf4, 0x7e, 0xdb, 0x7e, 0x5f,
    0xff, 0xb6, 0xdb, 0x69, 0x7f, 0xff, 0xff, 0x7e, 0xdb, 0x6b, 0xdf, 0xfd, 0xd6, 0xdb, 0x63, 0xdd,
    0xdd, 0xff, 0x6f, 0xc7, 0xed, 0xb7, 0xff, 0x41, 0x11, 0x11, 0x12, 0x72, 0x22, 0x22, 0x24, 0x2f,
    0x5d, 0xb6, 0xb7, 0xf6, 0xda, 0xfd, 0xdb, 0x6b, 0xdf, 0xfd, 0x1f, 0xb6, 0xd8, 0xff, 0xf7, 0xed,
    0xb6, 0xd7, 0xbf, 0xff, 0xa3, 0x76, 0xdb, 0x5e, 0xff, 0xee, 0xb6, 0xdf, 0xef, 0xff, 0xe8, 0xf7,
    0x77, 0xc7, 0xad, 0xb6, 0xdf, 0xb3, 0x22, 0x22, 0x24, 0xe4, 0x44, 0x48, 0x4f, 0xfb, 0xb6, 0xdb,
    0x5b, 0xff, 0xb6, 0xdf, 0x6d, 0xb6, 0xff, 0x77, 0x47, 0xed, 0xbf, 0x1f, 0xfe, 0xfd, 0xb6, 0xdb,
    0x7f, 0xc6, 0x52, 0x8f, 0xed, 0xb6, 0xdb, 0xe3, 0x1e, 0xee, 0xee, 0xfb, 0xb6, 0xdb, 0x6d, 0xb5,
    0xbd, 0x1f, 0xb6, 0xdf, 0x9f, 0x04, 0x44, 0x9c, 0x88, 0x90, 0xdf, 0xb6, 0xd7, 0xe3, 0x29, 0x77,
    0xfd, 0xdb, 0x6f, 0xfe, 0x8f, 0x5d, 0xb6, 0xdb, 0x6d, 0x7f, 0xee, 0xdb, 0x6d, 0xb7, 0xca, 0x52,
    0x94, 0xa5, 0xd7, 0x6d, 0xb6, 0xdb, 0x6d, 0xb6, 0xdb, 0x6d, 0xb6, 0xdb, 0x6d, 0xb6, 0xd7, 0xbe,
    0xdb, 0x32, 0x22, 0x4e, 0x44, 0x86, 0xfd, 0xaf, 0xc7, 0xbb, 0xa3, 0x6d, 0xbf, 0xf7, 0xfa, 0xed,
    0xb6, 0xdb, 0x6d, 0xb6, 0xdb, 0x6d, 0xb6, 0xdb, 0x6b, 0x29, 0x4a, 0x52, 0x94, 0xa5, 0x2f, 0xbb,
    0x6d, 0xb6, 0xdb, 0x6d, 0xad, 0xfe, 0xee, 0xee, 0xff, 0xb6, 0xed, 0xb6, 0xbf, 0xdd, 0x3e, 0x08,
    0x93, 0x92, 0x1a, 0xeb, 0xf1, 0xee, 0x8c, 0x63, 0x6d, 0xff, 0xef, 0xbb, 0x6d, 0xb6, 0xdb, 0x5b,
    0x7f, 0xfe, 0xdd, 0xb6, 0xdb, 0x6f, 0x8c, 0xa5, 0x29, 0x4a, 0x52, 0x94, 0xa5, 0x29, 0x4b, 0xbb,
    0xed, 0xb6, 0xff, 0x4a, 0x52, 0xff, 0xff, 0xfe, 0xef, 0xee, 0xf8, 0xf7, 0xfe, 0xdb, 0x5e, 0xb0,
    0x44, 0x9c, 0x90, 0xba, 0xf7, 0xff, 0x47, 0xbb, 0xef, 0xf5, 0xdb, 0x6d, 0xb6, 0xfe, 0xee, 0xee,
    0xfe, 0xff, 0x8c, 0xa5, 0x29, 0x4a, 0x3d, 0xd1, 0x94, 0xa5, 0x29, 0x4a, 0x52, 0x94, 0xa5, 0x29,
    0x4a, 0x52, 0x94, 0xa5, 0x29, 0x4a, 0x52, 0x94, 0xa5, 0x29, 0x4b, 0xfe, 0xdf, 0xe8, 0xf7, 0x77,
    0xff, 0x5b, 0xfd, 0x76, 0xdf, 0xf0, 0x49, 0xc9, 0x0b, 0xbf, 0xef, 0xf7, 0xdb, 0x1f, 0xbb, 0x6d,
    0xb7, 0xc7, 0xfe, 0xdb, 0xff, 0xfd, 0x29, 0x4a, 0x52, 0xe9, 0xf3, 0x4d, 0x34, 0xd3, 0x4d, 0x36,
    0xe9, 0x4a, 0x52, 0x94, 0xa5, 0x29, 0x4b, 0xb4, 0xf9, 0xa6, 0x9a, 0x7e, 0xe9, 0x4a, 0x52, 0x94,
    0xa5, 0xd7, 0x6d, 0x7a, 0x3d, 0xdd, 0xff, 0xdf, 0x6d, 0xfe, 0xbb, 0x5e, 0x84, 0xe4, 0x9a, 0x3f,
    0xf6, 0xde, 0xff, 0x8e, 0x9f, 0x3f, 0x6d, 0x7b, 0xff, 0xfa, 0xdb, 0xb7, 0xca, 0x52, 0x94, 0xa5,
    0x3e, 0x69, 0xa6, 0x9a, 0x69, 0xaf, 0xcd, 0x34, 0xd3, 0x4a, 0x52, 0x94, 0xa5, 0x29, 0x59, 0xa6,
    0x9b, 0x59, 0xa6, 0x9a, 0x69, 0xff, 0x29, 0x4a, 0x5d, 0x76, 0xdb, 0xfb, 0xff, 0xbb, 0xbb, 0xbb,
    0xed, 0xbf, 0xdf, 0xb5, 0xf9, 0xd0, 0xeb, 0x6d, 0xbd, 0x1f, 0xed, 0x3e, 0x7e, 0xd7, 0xa3, 0xff,
    0xf1, 0x8f, 0x5d, 0xb6, 0xf9, 0x4a, 0x52, 0x9f, 0x34, 0xd3, 0x4d, 0x34, 0xd3, 0x4d, 0x34, 0xd3,
    0x4d, 0x34, 0xd2, 0x94, 0xa3, 0x18, 0xf6, 0x9a, 0x69, 0xa6, 0x9a, 0x69, 0xa6, 0x9a, 0x69, 0xbe,
    0x52, 0x8d, 0xdb, 0x6b, 0x1f, 0xb7, 0xff, 0xba, 0x3f, 0xff, 0xff, 0xd6, 0xdd, 0x3f, 0xa7, 0x5f,
    0xb6, 0xde, 0xfb, 0xda, 0x7e, 0xda, 0xf5, 0xb7, 0xff, 0xff, 0xe3, 0xb6, 0xd7, 0xa5, 0x2f, 0x9f,
    0x34, 0xd3, 0x4d, 0x34, 0xd3, 0x4d, 0x34, 0xd3, 0x4d, 0x34, 0xd2, 0xee, 0xee, 0xee, 0x9f, 0x08,
    0x42, 0x10, 0x84, 0x21, 0x09, 0xa6, 0xd1, 0x97, 0xed, 0xb5, 0x8c, 0x7b, 0xed, 0xbb, 0x47, 0xff,
    0xff, 0xac, 0x21, 0x6e, 0xe9, 0xd1, 0xb6, 0xdf, 0xef, 0xff, 0xdb, 0x6b, 0x1b, 0x6d, 0xbf, 0xff,
    0xfd, 0xdb, 0x6d, 0xd2, 0x94, 0x67, 0xcd, 0x34, 0xd0, 0x84, 0x21, 0x08, 0x22, 0x24, 0x21, 0x2f,
    0xee, 0xee, 0x8d, 0x82, 0x22, 0x22, 0x22, 0x24, 0x21, 0x3e, 0x32, 0xfd, 0xb6, 0xbd, 0xdd, 0xdf,
    0xb6, 0xd6, 0x3f, 0xdf, 0x3d, 0x11, 0x12, 0x69, 0xa1, 0x3b, 0xbe, 0xdb, 0x7b, 0xbb, 0xf6, 0xdb,
    0xe3, 0xdf, 0x6f, 0xff, 0xff, 0xc7, 0xb6, 0xdb, 0xa5, 0x29, 0x68, 0x42, 0x08, 0x88, 0x88, 0x88,
    0x89, 0x09, 0xf1, 0xff, 0xff, 0xff, 0xed, 0x04, 0x44, 0x44, 0x44, 0x48, 0x69, 0x4b, 0xf6, 0xdb,
    0x5e, 0xee, 0xfb, 0xb6, 0xd1, 0xb3, 0xe0, 0x88, 0x88, 0x88, 0x89, 0x3a, 0xff, 0xff, 0xff, 0xf4,
    0x7f, 0x6d, 0x7f, 0xbf, 0xbb, 0xbb, 0xa3, 0xdd, 0x1d, 0xb6, 0xb1, 0x94, 0xa5, 0x2b, 0x04, 0x44,
    0x44, 0x44, 0x44, 0x86, 0x8f, 0x7f, 0xff, 0xff, 0xff, 0x74, 0xf8, 0x22, 0x22, 0x42, 0x6b, 0x29,
    0x4a, 0x57, 0x6d, 0xb5, 0xe8, 0xfd, 0xdb, 0x58, 0xc1, 0x11, 0x11, 0x11, 0x11, 0x12, 0x74, 0x3f,
    0xff, 0xfb, 0xbf, 0xfe, 0xed, 0xac, 0x7f, 0xff, 0xff, 0xff, 0xa3, 0x76, 0xd7, 0xa5, 0x29, 0x4a,
    0x52, 0x97, 0xc2, 0x10, 0x84, 0x21, 0xba, 0x31, 0x8c, 0x63, 0x18, 0xc7, 0xbb, 0xbb, 0xba, 0x31,
    0x8c, 0x63, 0x29, 0x4a, 0x52, 0x97, 0x46, 0xed, 0xb6, 0xd7, 0xbf, 0x6d, 0x1e, 0xfb, 0x04, 0x84,
    0x11, 0x11, 0x12, 0x72, 0x43, 0xff, 0xfb, 0xed, 0x8d, 0xdb, 0x58, 0xca, 0x3d, 0xff, 0xf1, 0xfb,
    0xb5, 0xe9, 0x77, 0xdb, 0xfd, 0x19, 0x4a, 0x52, 0x94, 0xa5, 0x29, 0x4a, 0x51, 0xda, 0x7e, 0xdb,
    0x6d, 0xf1, 0x94, 0xa5, 0x29, 0x4a, 0x52, 0x97, 0x7f, 0xdb, 0xff, 0xb6, 0xdb, 0x6d, 0xaf, 0xf4,
    0x7b, 0xae, 0xdf, 0xa0, 0x88, 0x93, 0x91, 0x21, 0x3f, 0xba, 0xdb, 0xdd, 0x6d, 0xb7, 0xbb, 0xa3,
    0xd7, 0x6b, 0xd7, 0x6d, 0xb6, 0xdb, 0x6d, 0xb7, 0xca, 0x52, 0x94, 0x6e, 0xdb, 0x6d, 0xb6, 0xdb,
    0x6d, 0xf1, 0xfb, 0x6d, 0xfe, 0xef, 0xfb, 0x7f, 0xba, 0xed, 0xb6, 0xdb, 0x6d, 0xb6, 0xbf, 0x60,
    0x88, 0x89, 0x39, 0x11, 0x21, 0xba, 0xdb, 0x18, 0xf5, 0xb7, 0xfb, 0xae, 0xda, 0xfe, 0xdb, 0x6d,
    0xb6, 0xdb, 0x6d, 0xb6, 0xbf, 0x1f, 0xdb, 0x6d, 0xb6, 0xdb, 0x6d, 0xb6, 0xdb, 0xba, 0xed, 0xb6,
    0xfe, 0x8f, 0x7f, 0xff, 0xf7, 0x7d, 0xb6, 0xdb, 0x6d, 0xff, 0xfc, 0x88, 0x88, 0x93, 0x91, 0x12,
    0x13, 0xfb, 0xff, 0xe3, 0xd1, 0xee, 0xfb, 0xb6, 0xdb, 0xee, 0xdb, 0x6b, 0xfd, 0x18, 0xf7, 0x7f,
    0xfd, 0xb6, 0xfd, 0xdb, 0x6d, 0xbf, 0xfb, 0xbb, 0xbe, 0xed, 0xb6, 0xb1, 0xfd, 0xb6, 0xdb, 0x46,
    0x3d, 0xff, 0xff, 0xfd, 0xdd, 0xdd, 0xdd, 0xdf, 0xfd, 0xdd, 0xa0, 0x88, 0x89, 0x39, 0x11, 0x12,
    0x1b, 0xbf, 0xfa, 0x31, 0xfd, 0xb6, 0xdb, 0x5f, 0xbb, 0x6d, 0x7b, 0xbb, 0xbe, 0xdb, 0xf2, 0xee,
    0xef, 0xfd, 0xb6, 0xdb, 0xa3, 0xf6, 0xdb, 0x7b, 0xed, 0xb6, 0xf7, 0x7d, 0xdb, 0x4f, 0xd7, 0xbb,
    0xbe, 0xdb, 0xd1, 0x8f, 0x59, 0xf3, 0xe7, 0xcf, 0x9f, 0xb5, 0xd3, 0x22, 0x22, 0x4e, 0x44, 0x44,
    0x48, 0x4f, 0xff, 0xf8, 0xfe, 0xdb, 0x5f, 0xef, 0xbb, 0x6d, 0x7a, 0x3d, 0xdd, 0xd6, 0xdb, 0x65,
    0xff, 0xdd, 0xb6, 0xdb, 0x77, 0xfc, 0x6d, 0xdb, 0x6f, 0xeb, 0x6d, 0x8f, 0xff, 0x7e, 0xdb, 0x6e,
    0xe9, 0x5b, 0x6f, 0x76, 0x9f, 0x3e, 0x7c, 0xf9, 0xf3, 0xf6, 0xdb, 0x59, 0xa0, 0x89, 0x39, 0x11,
    0x11, 0x11, 0x21, 0xa3, 0xd6, 0xeb, 0xff, 0x3e, 0x7c, 0xfd, 0xb6, 0xdb, 0x6b, 0xdd, 0xf6, 0xdb,
    0x7e, 0x3d, 0xdb, 0x6d, 0xb7, 0x7f, 0xff, 0xc7, 0x6d, 0xb6, 0xdd, 0xf6, 0x3f, 0xff, 0xff, 0x74,
    0xf9, 0xf3, 0xfb, 0xa3, 0xff, 0xff, 0xb6, 0xd3, 0xe7, 0xed, 0xb6, 0xd6, 0xdd, 0x04, 0x49, 0xc8,
    0x88, 0x88, 0x88, 0x90, 0xef, 0xff, 0xf8, 0xd9, 0xf3, 0xf6, 0xdb, 0x6d, 0xb6, 0xdb, 0xe3, 0xd6,
    0xdb, 0xf1, 0xfb, 0xb6, 0xdb, 0xbf, 0xff, 0xff, 0xa3, 0x76, 0xdb, 0x6d, 0xbf, 0xbb, 0xbb, 0xae,
    0x9f, 0x3f, 0x74, 0xbb, 0xbb, 0xf6, 0xdb, 0x6d, 0xb6, 0xb6, 0xdb, 0x7a, 0x7c, 0x12, 0x72, 0x22,
    0x22, 0x22, 0x24, 0x3f, 0xff, 0xfa, 0xed, 0xb5, 0xb6, 0xdb, 0x6e, 0xdb, 0x6e, 0x8f, 0x74, 0x7e,
    0xdb, 0x6e, 0xbd, 0xdf, 0xff, 0xdd, 0x6f, 0xf5, 0xbb, 0x6d, 0xb5, 0xb7, 0xfb, 0x6d, 0xb7, 0x7d,
    0xb7, 0x6d, 0xb6, 0xdb, 0x5b, 0x6d, 0xb6, 0xf6, 0x82, 0x4e, 0x44, 0x44, 0x44, 0x44, 0x49, 0xfd,
    0xff, 0x1d, 0xb6, 0xb6, 0xdb, 0x6d, 0xb6, 0xed, 0xb7, 0xfd, 0xb6, 0xdb, 0x7f, 0xbe, 0xdf, 0xff,
    0xb6, 0xdb, 0x7e, 0x3d, 0xf7, 0x6d, 0x6f, 0xf5, 0xdb, 0x6b, 0xf6, 0xed, 0xb6, 0xdb, 0x6b, 0x6d,
    0xb6, 0xdb, 0x7a, 0x7c, 0x12, 0x72, 0x22, 0x22, 0x22, 0x22, 0x43, 0x7f, 0xc7, 0x6d, 0x6d, 0xb6,
    0xdb, 0x6d, 0xb7, 0x6d, 0xbf, 0xed, 0xfe, 0xe8, 0xf5, 0xb6, 0xdb, 0x6d, 0xb7, 0xfb, 0xbf, 0xbb,
    0xbb, 0xbb, 0xbe, 0xed, 0xb6, 0xbd, 0x6e, 0xdb, 0x6d, 0xb6, 0xb6, 0xdb, 0x6d, 0xb6, 0xf4, 0xc8,
    0x93, 0x91, 0x11, 0x11, 0x11, 0x11, 0x12, 0x16, 0x37, 0x6b, 0x6d, 0xb6, 0xdb, 0x6d, 0xb6, 0xed,
    0xbb, 0xba, 0x3f, 0xff, 0xff, 0xd1, 0x8f, 0x77, 0x46, 0x31, 0xef, 0xff, 0xfe, 0xee, 0xfb, 0x76,
    0xdb, 0x6d, 0xf1, 0xfb, 0x76, 0xdb, 0x6d, 0xad, 0xb6, 0xdb, 0x6d, 0xbf, 0x60, 0x89, 0x39, 0x11,
    0x11, 0x11, 0x11, 0x11, 0x11, 0x27, 0xf6, 0xd6, 0xdb, 0x6d, 0xb6, 0xdb, 0x6d, 0xdb, 0x68, 0xff,
    0xf4, 0x7b, 0xff, 0xff, 0xff, 0xff, 0xff, 0xff, 0xfe, 0xdb, 0xb6, 0xdb, 0x6d, 0xb5, 0xed, 0x0f,
    0xbf, 0x76, 0xdb, 0x6b, 0x6d, 0xb6, 0xdb, 0x6f, 0xfc, 0xc8, 0x89, 0x39, 0x11, 0x11, 0x11, 0x11,
    0x11, 0x11, 0x21, 0xae, 0xd6, 0xdb, 0x6d, 0xb6, 0xdb, 0x6d, 0xdb, 0x5e, 0xff, 0xff, 0xfe, 0xef,
    0xff, 0xff, 0xff, 0xff, 0xfb, 0x76, 0xdb, 0x6d, 0xad, 0xee, 0xfe, 0xd0, 0x86, 0xef, 0xdb, 0x6d,
    0xad, 0xb6, 0xdb, 0x6d, 0xff, 0x9e, 0x88, 0x89, 0x39, 0x11, 0x11, 0x11, 0x11, 0x11, 0x11, 0x12,
    0x16, 0xed, 0x6d, 0xb6, 0xdb, 0x6d, 0xb6, 0xdd, 0xb4, 0xbf, 0xff, 0xfe, 0xe9, 0xa6, 0xf8, 0xc7,
    0xbf, 0xff, 0xff, 0xed, 0xbb, 0x5b, 0xa6, 0xdf, 0xff, 0xff, 0xd3, 0x24, 0x3b, 0x6d, 0xb5, 0xb6,
    0xdb, 0x6d, 0xbf, 0xf3, 0xd1, 0x11, 0x12, 0x72, 0x22, 0x22, 0x22, 0x22, 0x22, 0x22, 0x22, 0x43,
    0x7e, 0xd6, 0xdb, 0x6d, 0xb6, 0xdb, 0x6e, 0xd6, 0x28, 0x88, 0x88, 0x89, 0x3f, 0xff, 0xff, 0xff,
    0xec, 0xf8, 0x42, 0x10, 0x82, 0x22, 0x22, 0x22, 0x42, 0x13, 0x4f, 0x9f, 0x34, 0x11, 0x27, 0xdd,
    0xb6, 0xb6, 0xdb, 0x6d, 0xff, 0x9f, 0x04, 0x44, 0x44, 0x49, 0xc8, 0x88, 0x88, 0x88, 0x88, 0x88,
    0x88, 0x88, 0x90, 0x9f, 0xf7, 0x5b, 0x6d, 0xb6, 0xdb, 0x6e, 0xdb, 0xaa, 0x22, 0x22, 0x22, 0x4f,
    0xbf, 0xf6, 0xcf, 0x82, 0x22, 0x22, 0x22, 0x22, 0x22, 0x22, 0x22, 0x22, 0x22, 0x22, 0x22, 0x42,
    0x6b, 0xb6, 0xb6, 0xdb, 0xdd, 0x66, 0x82, 0x22, 0x22, 0x22, 0x24, 0xe4, 0x44, 0x44, 0x44, 0x44,
    0x44, 0x44, 0x44, 0x44, 0x48, 0x6f, 0xbb, 0x5b, 0x6d, 0xb6, 0xdd, 0xbe, 0xc1, 0x11, 0x11, 0x11,
    0x11, 0x11, 0x11, 0x11, 0x11, 0x11, 0x11, 0x11, 0x11, 0x11, 0x11, 0x11, 0x11, 0x11, 0x11, 0x11,
    0x12, 0x13, 0x4f, 0xd6, 0xdd, 0x3e, 0x10, 0x44, 0x44, 0x44, 0x44, 0x44, 0x49, 0xc8, 0x88, 0x88,
    0x88, 0x88, 0x88, 0x88, 0x88, 0x88, 0x88, 0x90, 0x9a, 0xfd, 0xdb, 0x6d, 0xb5, 0xfd, 0x04, 0x44,
    0x44, 0x44, 0x44, 0x44, 0x44, 0x44, 0x44, 0x44, 0x44, 0x44, 0x44, 0x44, 0x44, 0x44, 0x44, 0x44,
    0x44, 0x44, 0x44, 0x44, 0x44, 0x44, 0x44, 0x44, 0x44, 0x44, 0x44, 0x44, 0x44, 0x44, 0x49, 0xc8,
    0x88, 0x88, 0x88, 0x88, 0x88, 0x88, 0x88, 0x88, 0x88, 0x88, 0x88, 0x89, 0x09, 0xb5, 0xba, 0x68,
    0x22, 0x22, 0x22, 0x22, 0x22, 0x22, 0x22, 0x22, 0x22, 0x22, 0x22, 0x22, 0x22, 0x22, 0x22, 0x22,
    0x22, 0x22, 0x22, 0x22, 0x22, 0x22, 0x22, 0x22, 0x22, 0x22, 0x22, 0x22, 0x22, 0x22, 0x22, 0x22,
    0x22, 0x22, 0x22, 0x22, 0x22, 0x22, 0x22, 0x22, 0x22, 0x22, 0x22, 0x22, 0x22, 0x22, 0x22, 0x22,
    0x22, 0x22, 0x22, 0x22, 0x22, 0x22, 0x22, 0x22, 0x22, 0x22, 0x22, 0x22, 0x22, 0x22, 0x22, 0x22,
    0x22, 0x22, 0x22, 0x22, 0x22, 0x24, 0xe0
};

const HuffmanFrequency SPRITE_43_FREQS[] = {
    {0x0a, 47},
    {0x23, 439},
    {0x25, 162},
    {0x2a, 581},
    {0x2b, 832},
    {0x2d, 87},
    {0x2e, 139},
    {0x3a, 103},
    {0x3d, 976},
    {0x40, 187},
    {0xa0, 1214},
    {0xc2, 1214}
};
}

const HuffmanEncodedSprite SPRITE_43 = {
    SPRITE_43_BYTES,
    static_cast<int>(sizeof(SPRITE_43_BYTES) / sizeof(SPRITE_43_BYTES[0])),
    18356,
    5981,
    SPRITE_43_FREQS,
    static_cast<int>(sizeof(SPRITE_43_FREQS) / sizeof(SPRITE_43_FREQS[0]))
};

namespace
{
const unsigned char SPRITE_44_BYTES[] = {
    0x99, 0x99, 0x99, 0x99, 0x99, 0x99, 0x99, 0x99, 0x99, 0x99, 0x99, 0x99, 0x99, 0x99, 0x99, 0x99,
    0x99, 0x99, 0x99, 0x91, 0x33, 0x33, 0x33, 0x33, 0x33, 0x33, 0x33, 0x33, 0x33, 0x33, 0x33, 0x33,
    0x33, 0x33, 0x33, 0x33, 0x33, 0x33, 0x33, 0x33, 0x33, 0x33, 0x33, 0x33, 0x32, 0x32, 0x49, 0x09,
    0x99, 0x99, 0x99, 0x99, 0x99, 0x99, 0x99, 0x99, 0x99, 0x99, 0x99, 0x99, 0x99, 0x99, 0x99, 0x99,
    0x99, 0x99, 0x99, 0x99, 0x99, 0x99, 0x13, 0x33, 0x33, 0x33, 0x33, 0x33, 0x33, 0x33, 0x33, 0x33,
    0x33, 0x33, 0x33, 0x33, 0x33, 0x33, 0x33, 0x33, 0x33, 0x33, 0x33, 0x33, 0x33, 0x33, 0x23, 0x23,
    0x24, 0xec, 0x42, 0x66, 0x66, 0x66, 0x66, 0x66, 0x66, 0x66, 0x66, 0x66, 0x66, 0x66, 0x66, 0x66,
    0x66, 0x66, 0x66, 0x66, 0x66, 0x66, 0x66, 0x66, 0x44, 0xcc, 0xcc, 0xcc, 0xcc, 0xcc, 0xcc, 0xcc,
    0xcc, 0xcc, 0xcc, 0xcc, 0xcc, 0xcc, 0xcc, 0xcc, 0xcc, 0xcc, 0xcc, 0xcc, 0xcc, 0xcc, 0xcc, 0xcc,
    0x9e, 0x0e, 0xdb, 0x6d, 0x8c, 0xcc, 0xcc, 0xcc, 0xcc, 0xcc, 0xcc, 0xcc, 0xcc, 0xcc, 0xcc, 0xcc,
    0xcc, 0xcc, 0xcc, 0x80, 0x00, 0x04, 0xcc, 0xcc, 0xcc, 0xcc, 0x89, 0x99, 0x99, 0x99, 0x99, 0x99,
    0x99, 0x99, 0x99, 0x99, 0x99, 0x99, 0x99, 0x99, 0x99, 0x99, 0x99, 0x99, 0x99, 0x99, 0x99, 0x99,
    0x99, 0x03, 0xc0, 0x07, 0x6d, 0xb6, 0xdd, 0x33, 0x33, 0x33, 0x33, 0x33, 0x33, 0x33, 0x33, 0x33,
    0x33, 0x33, 0x20, 0x3d, 0xe7, 0xbb, 0x89, 0x1c, 0xcc, 0xcc, 0xcc, 0xc8, 0x99, 0x99, 0x99, 0x99,
    0x99, 0x99, 0x90, 0xc4, 0xf6, 0xf1, 0x80, 0x4c, 0xcc, 0xcc, 0xcc, 0xcc, 0xcc, 0xcc, 0xcc, 0xcc,
    0xcc, 0xc8, 0x12, 0x31, 0x86, 0xdb, 0x6d, 0xb1, 0x09, 0x99, 0x99, 0x99, 0x99, 0x99, 0x99, 0x99,
    0x99, 0x00, 0xef, 0xc4, 0x9e, 0xe3, 0xbf, 0x6e, 0x99, 0x99, 0x99, 0x99, 0x13, 0x33, 0x33, 0x33,
    0x33, 0x33, 0x32, 0x1b, 0x63, 0xdc, 0x4f, 0x91, 0x80, 0x4c, 0xcc, 0xcc, 0xcc, 0xcc, 0xcc, 0xcc,
    0xcc, 0x81, 0x23, 0x18, 0xfb, 0x6d, 0x89, 0x3b, 0x10, 0x99, 0x99, 0x99, 0x99, 0x99, 0x99, 0x00,
    0xe3, 0x89, 0x24, 0xf1, 0xff, 0xff, 0xff, 0xc3, 0x99, 0x99, 0x99, 0x99, 0x13, 0x33, 0x33, 0x33,
    0x33, 0x33, 0x33, 0x3d, 0xb6, 0x3c, 0x49, 0x27, 0x6e, 0x00, 0x99, 0x99, 0x99, 0x99, 0x99, 0x99,
    0x19, 0xe1, 0x8c, 0x63, 0x3b, 0x6c, 0x49, 0x3b, 0x0e, 0x66, 0x66, 0x66, 0x64, 0x03, 0x8e, 0xc4,
    0x92, 0x49, 0xc2, 0xff, 0xff, 0xff, 0xff, 0x4c, 0xcc, 0xcc, 0xcc, 0xc8, 0x99, 0x99, 0x99, 0x99,
    0x99, 0x99, 0x99, 0x0d, 0xb6, 0xf2, 0x49, 0x24, 0x9d, 0x88, 0x04, 0xcc, 0xcc, 0xcc, 0xc8, 0xcf,
    0x0c, 0x63, 0x18, 0xf6, 0xdb, 0x12, 0x49, 0xc4, 0x26, 0x66, 0x43, 0x8e, 0xc4, 0x92, 0x49, 0x27,
    0x0b, 0xff, 0xff, 0xff, 0xfe, 0x42, 0x66, 0x66, 0x66, 0x66, 0x44, 0xcc, 0xcc, 0xcc, 0xcc, 0xcc,
    0xcc, 0xcc, 0x8f, 0x6d, 0xbf, 0xc9, 0x24, 0x92, 0x4e, 0x38, 0x26, 0x66, 0x64, 0x67, 0x86, 0x31,
    0x8c, 0x7d, 0xb6, 0xd8, 0x92, 0x49, 0xfe, 0x01, 0xef, 0xfc, 0x49, 0x24, 0x92, 0x4f, 0xff, 0xff,
    0xff, 0xff, 0xff, 0x90, 0x99, 0x99, 0x99, 0x99, 0x99, 0x13, 0x33, 0x33, 0x33, 0x33, 0x33, 0x33,
    0x32, 0x1b, 0x6d, 0xbf, 0xc9, 0x24, 0x92, 0x49, 0x27, 0x61, 0x80, 0x13, 0xc3, 0x1f, 0x70, 0xf6,
    0xdb, 0x12, 0x49, 0x27, 0x0a, 0x2f, 0xed, 0x89, 0x24, 0x92, 0x4f, 0x8b, 0xff, 0xff, 0xff, 0xff,
    0xfe, 0x42, 0x66, 0x66, 0x66, 0x66, 0x66, 0x44, 0xcc, 0xcc, 0xcc, 0xcc, 0xcc, 0xcc, 0xcc, 0xc8,
    0x0b, 0xb6, 0xdf, 0xf8, 0x92, 0x49, 0x24, 0x93, 0xb7, 0x8a, 0x7b, 0xbb, 0x8f, 0x00, 0x1f, 0xdb,
    0x12, 0x49, 0x27, 0x7e, 0xdb, 0x62, 0x49, 0x27, 0xc5, 0xff, 0xff, 0xff, 0xff, 0xff, 0xfe, 0x09,
    0x99, 0x99, 0x99, 0x99, 0x99, 0x91, 0x33, 0x33, 0x33, 0x33, 0x33, 0x33, 0x33, 0x33, 0x23, 0xfd,
    0xb6, 0xf1, 0x7c, 0x92, 0x49, 0x24, 0x9d, 0xbf, 0x77, 0x77, 0x77, 0x0c, 0x03, 0x0b, 0xb6, 0xd8,
    0x92, 0x4e, 0xff, 0xdb, 0x62, 0x49, 0xff, 0xff, 0xff, 0xfd, 0xbf, 0xff, 0xff, 0xa6, 0x66, 0x66,
    0x66, 0x66, 0x66, 0x66, 0x44, 0xcc, 0xcc, 0xcc, 0xcc, 0xcc, 0xcc, 0xcc, 0xcc, 0xcf, 0xed, 0xb7,
    0xff, 0xf9, 0x24, 0x92, 0x49, 0xdf, 0xfd, 0xdd, 0xdd, 0xb8, 0x00, 0x36, 0xdb, 0x6d, 0x89, 0x3b,
    0x6f, 0xdb, 0x62, 0x7f, 0xff, 0xff, 0xff, 0x6d, 0xff, 0xbc, 0x51, 0xcc, 0xcc, 0xcc, 0xcc, 0xcc,
    0xcc, 0xcc, 0xc8, 0x99, 0x99, 0x99, 0x99, 0x99, 0x99, 0x99, 0x99, 0x99, 0x01, 0x1b, 0x6f, 0xff,
    0xff, 0xfd, 0xb6, 0xc7, 0x61, 0x7b, 0xbb, 0xbb, 0x88, 0xc0, 0x06, 0x76, 0xdb, 0x6d, 0x89, 0xdb,
    0x7f, 0xed, 0xe2, 0xff, 0xff, 0xff, 0xff, 0xfe, 0xdb, 0x61, 0x47, 0x33, 0x33, 0x33, 0x33, 0x33,
    0x33, 0x33, 0x32, 0x26, 0x66, 0x66, 0x66, 0x66, 0x66, 0x66, 0x66, 0x66, 0x67, 0x85, 0xdb, 0xff,
    0xff, 0xc5, 0xff, 0xff, 0xdb, 0x0b, 0xdd, 0xdd, 0xdc, 0x78, 0x00, 0x3b, 0x8f, 0xed, 0xb6, 0xdb,
    0x6d, 0xb7, 0x93, 0xff, 0xff, 0xff, 0xff, 0xff, 0xb6, 0xd8, 0x50, 0x99, 0x99, 0x99, 0x99, 0x99,
    0x99, 0x99, 0x99, 0x91, 0x33, 0x33, 0x33, 0x33, 0x33, 0x33, 0x33, 0x33, 0x33, 0x21, 0xbf, 0x7f,
    0xff, 0xf8, 0xb8, 0x60, 0x3c, 0x28, 0xa7, 0xbb, 0xbb, 0x8e, 0xe0, 0x00, 0x3d, 0xdd, 0xb6, 0xdb,
    0x6d, 0xbf, 0x70, 0x00, 0x70, 0x8f, 0xff, 0xff, 0xff, 0xdb, 0x6f, 0xf0, 0x99, 0x99, 0x99, 0x99,
    0x99, 0x99, 0x99, 0x99, 0x99, 0x13, 0x33, 0x33, 0x33, 0x33, 0x33, 0x33, 0x33, 0x33, 0x33, 0x20,
    0x2f, 0xff, 0xff, 0xff, 0x8b, 0xc0, 0x00, 0x3d, 0xf8, 0x9e, 0x18, 0xc6, 0x31, 0x8c, 0x7c, 0x31,
    0x80, 0x00, 0xc7, 0xc7, 0x6e, 0x00, 0x00, 0xed, 0xe2, 0x8b, 0xff, 0xff, 0xff, 0xb6, 0xfc, 0x13,
    0x33, 0x33, 0x33, 0x33, 0x33, 0x33, 0x33, 0x33, 0x32, 0x26, 0x66, 0x66, 0x66, 0x66, 0x66, 0x66,
    0x66, 0x66, 0x66, 0x43, 0x85, 0xff, 0xff, 0xff, 0xf1, 0x1e, 0x30, 0x00, 0xec, 0x7b, 0x8e, 0xdb,
    0x62, 0x7b, 0xb1, 0x0e, 0xee, 0x23, 0x00, 0x01, 0x93, 0xbf, 0x6d, 0xbc, 0x5f, 0xff, 0xdb, 0xc8,
    0x4c, 0xcc, 0xcc, 0xcc, 0xcc, 0xcc, 0xcc, 0xcc, 0xcc, 0xcc, 0x89, 0x99, 0x99, 0x99, 0x99, 0x99,
    0x99, 0x99, 0x99, 0x99, 0x99, 0x02, 0x2f, 0xff, 0xff, 0x8a, 0x2f, 0xe2, 0x00, 0x03, 0x24, 0x60,
    0x00, 0x00, 0x03, 0x18, 0xc9, 0x3b, 0x77, 0x70, 0x07, 0x1e, 0xef, 0xdb, 0x63, 0xdd, 0xc7, 0xc5,
    0xff, 0x21, 0x33, 0x33, 0x33, 0x33, 0x33, 0x33, 0x33, 0x33, 0x33, 0x33, 0x22, 0x66, 0x66, 0x66,
    0x66, 0x66, 0x66, 0x66, 0x66, 0x66, 0x66, 0x64, 0x7f, 0xfe, 0x2f, 0x9e, 0xee, 0x17, 0xb0, 0xf8,
    0xf0, 0x00, 0x00, 0x00, 0xc6, 0x3e, 0xf2, 0x49, 0x3b, 0x71, 0xc7, 0xbb, 0xbf, 0x6c, 0x4f, 0x77,
    0x77, 0x71, 0xfc, 0x13, 0x33, 0x33, 0x33, 0x33, 0x33, 0x33, 0x33, 0x33, 0x33, 0x32, 0x26, 0x66,
    0x66, 0x66, 0x66, 0x66, 0x66, 0x66, 0x66, 0x66, 0x64, 0x00, 0xff, 0x77, 0x77, 0x77, 0x8c, 0x00,
    0x7c, 0x00, 0x01, 0xdb, 0x6d, 0xb7, 0x0f, 0x12, 0x49, 0x38, 0xf7, 0x0c, 0x06, 0x3d, 0x89, 0xee,
    0xee, 0xee, 0xee, 0xee, 0x3e, 0x30, 0x99, 0x99, 0x99, 0x99, 0x99, 0x99, 0x99, 0x99, 0x99, 0x13,
    0x33, 0x33, 0x33, 0x33, 0x33, 0x33, 0x33, 0x33, 0x32, 0x1d, 0xbb, 0xbb, 0xbb, 0xbb, 0xb0, 0xc0,
    0x38, 0x60, 0x00, 0x3d, 0xb6, 0xc4, 0x60, 0x00, 0x03, 0xc4, 0x93, 0xbf, 0xcf, 0x0c, 0x00, 0x7d,
    0xe7, 0xbb, 0xbb, 0xbb, 0xbb, 0xbb, 0xbb, 0x8e, 0x18, 0x4c, 0xcc, 0xcc, 0xcc, 0xcc, 0xcc, 0xcc,
    0xc8, 0x99, 0x99, 0x99, 0x99, 0x99, 0x99, 0x99, 0x99, 0x0e, 0xc7, 0xbb, 0xbb, 0xbb, 0xbb, 0xb7,
    0x00, 0x11, 0x80, 0x00, 0xff, 0x6d, 0xc3, 0x00, 0x00, 0x00, 0xec, 0x2e, 0xd8, 0x9c, 0x4f, 0x77,
    0x77, 0x70, 0xa4, 0x92, 0x7b, 0xbb, 0xbb, 0xbb, 0xbb, 0xbb, 0x11, 0x84, 0xcc, 0xcc, 0xcc, 0xcc,
    0xcc, 0xc8, 0x99, 0x99, 0x99, 0x99, 0x99, 0x99, 0x90, 0x19, 0x3d, 0xdd, 0xdd, 0xdd, 0xdc, 0x4e,
    0x3c, 0x31, 0xf8, 0x00, 0x0f, 0xbf, 0x70, 0xc0, 0x06, 0x3e, 0x24, 0x9c, 0x2e, 0xdb, 0x1c, 0x78,
    0x63, 0x18, 0xc0, 0x00, 0x7d, 0xdc, 0x4e, 0x3d, 0xdd, 0xdd, 0xdd, 0xc3, 0xee, 0xdc, 0x39, 0x99,
    0x99, 0x99, 0x99, 0x91, 0x33, 0x33, 0x33, 0x33, 0x33, 0x21, 0xc7, 0x86, 0x31, 0x8c, 0x63, 0x1f,
    0x1e, 0xe1, 0x80, 0x00, 0x00, 0x78, 0x00, 0xc7, 0xc7, 0xbb, 0xbb, 0x89, 0x24, 0x92, 0x45, 0xdb,
    0x6d, 0xb8, 0x00, 0x06, 0x30, 0x00, 0x18, 0xfb, 0xbb, 0xbb, 0x62, 0x7b, 0xb8, 0x63, 0x18, 0xc6,
    0x3e, 0x24, 0x61, 0x33, 0x33, 0x33, 0x22, 0x66, 0x66, 0x66, 0x66, 0x43, 0xb8, 0x63, 0x18, 0xc6,
    0x31, 0xf1, 0xd8, 0x63, 0x1f, 0x77, 0x77, 0x76, 0x14, 0x63, 0x1f, 0x6d, 0xdc, 0x49, 0x24, 0x92,
    0x4e, 0x17, 0xf6, 0xdb, 0xc8, 0xc9, 0x3b, 0x6d, 0xb6, 0xdf, 0xe2, 0xfe, 0xdb, 0x6d, 0xb6, 0xc7,
    0xbb, 0xbb, 0x8f, 0x04, 0xcc, 0xcc, 0x89, 0x99, 0x99, 0x90, 0x1f, 0x70, 0xc0, 0x7c, 0x71, 0xdb,
    0x6d, 0xbf, 0xff, 0xff, 0xf7, 0x76, 0x17, 0x6d, 0xb6, 0xfc, 0x49, 0x24, 0x93, 0xb6, 0xdb, 0x1d,
    0xbf, 0x77, 0x77, 0x77, 0x6f, 0xdb, 0x6d, 0xb6, 0xdb, 0x6d, 0xb6, 0xdb, 0x6d, 0xb6, 0x24, 0xf0,
    0x4c, 0xc8, 0x99, 0x99, 0x90, 0x1f, 0x1f, 0xdb, 0x6d, 0xb6, 0xdb, 0x6d, 0xb6, 0xdb, 0x79, 0xe3,
    0xbf, 0x6d, 0xb6, 0xff, 0xd8, 0x93, 0xbf, 0x6d, 0xb1, 0x27, 0x6c, 0x7b, 0xbb, 0xb7, 0xed, 0xb6,
    0xc4, 0x92, 0x49, 0x24, 0x92, 0x49, 0x24, 0xed, 0x89, 0x21, 0x32, 0x26, 0x66, 0x43, 0xb1, 0xdb,
    0x6d, 0xb1, 0x24, 0x92, 0x49, 0x27, 0x6d, 0xbc, 0xf7, 0x13, 0xe4, 0x92, 0x7b, 0xbb, 0xbb, 0x89,
    0xdb, 0x6c, 0x76, 0x38, 0xf7, 0x77, 0x6d, 0xb6, 0xdb, 0x6d, 0x89, 0x24, 0x92, 0x49, 0x24, 0xed,
    0xb6, 0xdb, 0xf8, 0x26, 0x44, 0xcc, 0xcc, 0x87, 0x6f, 0xfd, 0xb6, 0xd8, 0x92, 0x49, 0x24, 0xed,
    0xb6, 0xc2, 0x9e, 0x18, 0xce, 0xfc, 0x4f, 0x77, 0x12, 0x49, 0x3b, 0x6d, 0xbb, 0x87, 0xc4, 0x93,
    0xb6, 0xdb, 0x6d, 0xb6, 0x24, 0xed, 0xb6, 0xdb, 0xfc, 0x51, 0x02, 0x05, 0x23, 0x00, 0x99, 0x99,
    0x99, 0x13, 0x33, 0x33, 0x33, 0x33, 0x33, 0x32, 0x03, 0x17, 0xff, 0xc5, 0x14, 0x51, 0x45, 0xff,
    0xff, 0xdb, 0x6f, 0x18, 0xc6, 0x33, 0xdb, 0xf1, 0x24, 0x92, 0x49, 0xfd, 0xb8, 0x8c, 0x63, 0x1f,
    0x13, 0xfb, 0x6d, 0xb6, 0xff, 0x14, 0x40, 0x81, 0x45, 0xff, 0xff, 0xff, 0xff, 0xff, 0xff, 0xf1,
    0xcc, 0xcc, 0xcc, 0xcc, 0xc8, 0x99, 0x99, 0x99, 0x99, 0x99, 0x99, 0x19, 0xdb, 0x6d, 0xb6, 0xdb,
    0x78, 0xbb, 0xbb, 0x10, 0x00, 0x1e, 0xc7, 0xbb, 0xbb, 0xbb, 0xb8, 0xed, 0x89, 0x3d, 0xc4, 0x8c,
    0x63, 0x19, 0xf1, 0x76, 0xdb, 0x6d, 0xb7, 0x8a, 0x2f, 0xff, 0xff, 0xff, 0xff, 0xff, 0xff, 0xff,
    0xf0, 0x4c, 0xcc, 0xcc, 0xc8, 0x99, 0x99, 0x99, 0x99, 0x99, 0x19, 0xc4, 0x92, 0x49, 0x3b, 0xfc,
    0x5f, 0xf3, 0xc4, 0x60, 0x01, 0xdb, 0x7e, 0x3d, 0xdd, 0xc3, 0x00, 0x0e, 0xee, 0xee, 0xee, 0xee,
    0x24, 0xf0, 0xc7, 0xd8, 0x5d, 0xb6, 0xdb, 0x6d, 0xe2, 0x8a, 0x28, 0xbf, 0xff, 0xff, 0xfb, 0x6d,
    0x8e, 0xc3, 0x09, 0x99, 0x99, 0x13, 0x33, 0x33, 0x33, 0x20, 0x71, 0x24, 0x92, 0x4f, 0xf8, 0xbf,
    0xfe, 0x2e, 0xec, 0x46, 0x3e, 0x3e, 0x23, 0x6d, 0xff, 0xb8, 0x8c, 0x00, 0x09, 0xee, 0xee, 0xdf,
    0xb6, 0xdf, 0xbb, 0xbb, 0xbf, 0x6d, 0xb6, 0xdb, 0xc5, 0xff, 0xf1, 0x45, 0x17, 0xf6, 0xc4, 0x92,
    0x4e, 0xfe, 0x09, 0x99, 0x91, 0x33, 0x33, 0x32, 0x1d, 0x89, 0x24, 0x9d, 0xff, 0xff, 0xff, 0xff,
    0xe2, 0xee, 0xc7, 0xbc, 0x5c, 0x2e, 0xdb, 0x6d, 0xb7, 0xf0, 0x00, 0x71, 0x3f, 0xb6, 0xdb, 0x6d,
    0xb0, 0xbe, 0x7f, 0xf6, 0xdb, 0x6d, 0xbc, 0x5f, 0xff, 0xff, 0xff, 0xff, 0x17, 0x6d, 0x89, 0xdb,
    0x60, 0x99, 0x91, 0x33, 0x32, 0x1d, 0xe4, 0x93, 0xdb, 0xff, 0xff, 0x7f, 0xff, 0xff, 0xff, 0x9e,
    0xee, 0x24, 0xfe, 0xdb, 0x6d, 0xb6, 0xc4, 0x00, 0x06, 0x76, 0xdb, 0x6d, 0xb6, 0xdb, 0x79, 0xee,
    0x24, 0x9d, 0xb6, 0xde, 0x2f, 0xff, 0xff, 0xff, 0xff, 0x8a, 0x28, 0xbb, 0x13, 0xb6, 0xf1, 0x84,
    0x89, 0x99, 0x0c, 0x49, 0xe3, 0xff, 0xff, 0xb6, 0xdf, 0xff, 0xff, 0xe2, 0xff, 0x77, 0x77, 0x0f,
    0x6d, 0xb6, 0xdb, 0x6d, 0x88, 0xc0, 0x06, 0x76, 0xdb, 0x6d, 0xb1, 0x3b, 0x6d, 0xfd, 0xdd, 0xdd,
    0xc4, 0x9d, 0xe2, 0xff, 0xff, 0xff, 0xff, 0xff, 0xff, 0x8a, 0x28, 0xbf, 0x89, 0xd8, 0x80, 0x90,
    0xc7, 0xb8, 0xf8, 0xbf, 0xff, 0xfb, 0x7f, 0xff, 0xff, 0xff, 0xf8, 0xbf, 0xdd, 0xdc, 0x31, 0xed,
    0xb1, 0x27, 0x6d, 0xb6, 0x3d, 0xdd, 0xbf, 0x6d, 0xb6, 0xdb, 0x12, 0x76, 0xc2, 0x9e, 0xee, 0xe2,
    0x76, 0xde, 0x2f, 0xff, 0xff, 0xff, 0xff, 0xff, 0xff, 0xff, 0xf8, 0xbf, 0xb6, 0xc2, 0x77, 0x1f,
    0x17, 0xff, 0xff, 0xff, 0x6d, 0xb7, 0xff, 0xff, 0xff, 0xfe, 0xee, 0xe1, 0x8f, 0x6d, 0x89, 0xdb,
    0x6d, 0xb7, 0xe3, 0xdd, 0x84, 0x08, 0xfd, 0xb6, 0xdb, 0x62, 0x49, 0xdb, 0x1e, 0xe2, 0x76, 0xd8,
    0x51, 0x7f, 0xff, 0xff, 0xff, 0xff, 0xff, 0xff, 0xff, 0xff, 0xff, 0xff, 0xc4, 0xff, 0xff, 0xf8,
    0xa2, 0x8b, 0xff, 0xb6, 0xc7, 0xb8, 0x60, 0x00, 0x03, 0x3c, 0x31, 0x8c, 0x7b, 0x6d, 0x89, 0x24,
    0xed, 0xbc, 0x5f, 0xf1, 0x45, 0xff, 0xff, 0xf1, 0x7f, 0x6d, 0xb1, 0x24, 0x93, 0xb7, 0x93, 0xb6,
    0xdb, 0xf8, 0x26, 0x66, 0x40, 0x00, 0x7c, 0x77, 0xfe, 0xff, 0x14, 0x5f, 0xf2, 0x26, 0x40, 0x06,
    0x00, 0x00, 0x13, 0x33, 0x33, 0x33, 0x33, 0x33, 0x33, 0xdb, 0x86, 0x31, 0xed, 0xb1, 0x24, 0x92,
    0x70, 0xa2, 0xff, 0xff, 0xf8, 0xbf, 0xff, 0xff, 0xfe, 0x2f, 0xe3, 0xb1, 0x24, 0x92, 0x77, 0xed,
    0xb6, 0xdb, 0x0e, 0x66, 0x66, 0x66, 0x66, 0x66, 0x66, 0x66, 0x64, 0x02, 0x66, 0x44, 0xcc, 0xcc,
    0xcc, 0xcc, 0xcc, 0xcc, 0xcc, 0xcc, 0xcc, 0xcc, 0xc8, 0x0f, 0x0c, 0x63, 0xdb, 0x62, 0x49, 0x24,
    0xe1, 0x81, 0xff, 0xfd, 0x85, 0xff, 0xff, 0xff, 0xff, 0xfc, 0x71, 0x24, 0x92, 0x49, 0xdb, 0xf6,
    0xdb, 0x7f, 0x04, 0xcc, 0xcc, 0xcc, 0xcc, 0xcc, 0xcc, 0xcc, 0xcc, 0xcc, 0xc8, 0x99, 0x99, 0x99,
    0x99, 0x99, 0x99, 0x99, 0x99, 0x99, 0x99, 0x99, 0x0e, 0xe1, 0x8c, 0xed, 0xb1, 0xc4, 0x9c, 0x30,
    0x99, 0x03, 0xb1, 0xc2, 0xff, 0xff, 0xff, 0xfe, 0x1c, 0xc8, 0x76, 0xc4, 0x92, 0x49, 0xdb, 0xf6,
    0xdb, 0x10, 0x99, 0x99, 0x99, 0x99, 0x99, 0x99, 0x99, 0x99, 0x99, 0x99, 0x13, 0x33, 0x33, 0x33,
    0x33, 0x33, 0x33, 0x33, 0x33, 0x33, 0x33, 0x23, 0xdc, 0x33, 0xfb, 0x6d, 0xb6, 0xc3, 0x09, 0x99,
    0x99, 0x03, 0x89, 0xff, 0xff, 0xff, 0xff, 0x1c, 0xcc, 0xcc, 0x80, 0x1c, 0x4e, 0xc4, 0x9d, 0xff,
    0xb6, 0xf1, 0xcc, 0xcc, 0xcc, 0xcc, 0xcc, 0xcc, 0xcc, 0xcc, 0xcc, 0xcc, 0x89, 0x99, 0x99, 0x99,
    0x99, 0x99, 0x99, 0x99, 0x99, 0x99, 0x99, 0x91, 0xff, 0x1d, 0xb6, 0xdb, 0x78, 0x4c, 0xcc, 0xcc,
    0xcc, 0xc8, 0x6c, 0x7c, 0x5f, 0xff, 0xff, 0x09, 0x99, 0x99, 0x99, 0x99, 0x01, 0xfe, 0xdb, 0x13,
    0xbf, 0xf6, 0xfe, 0x09, 0x99, 0x99, 0x99, 0x99, 0x99, 0x99, 0x99, 0x99, 0x99, 0x13, 0x33, 0x33,
    0x33, 0x33, 0x33, 0x33, 0x33, 0x33, 0x33, 0x33, 0x23, 0xfe, 0x3b, 0x6d, 0xbc, 0x73, 0x33, 0x33,
    0x33, 0x33, 0x33, 0x23, 0xdf, 0xe2, 0xff, 0xff, 0x84, 0xcc, 0xcc, 0xcc, 0xcc, 0xcc, 0xcc, 0x86,
    0xfd, 0xb6, 0xdb, 0x6d, 0xc1, 0x33, 0x33, 0x33, 0x33, 0x33, 0x33, 0x33, 0x33, 0x33, 0x22, 0x66,
    0x66, 0x66, 0x66, 0x66, 0x66, 0x66, 0x66, 0x66, 0x66, 0x64, 0x7f, 0xbf, 0x6d, 0xe3, 0x09, 0x99,
    0x99, 0x99, 0x99, 0x99, 0x99, 0x90, 0xc2, 0xff, 0xff, 0x4c, 0xcc, 0xcc, 0xcc, 0xcc, 0xcc, 0xcc,
    0xcc, 0xc8, 0x0f, 0x6d, 0xb6, 0xdb, 0x04, 0xcc, 0xcc, 0xcc, 0xcc, 0xcc, 0xcc, 0xcc, 0xcc, 0xcc,
    0x89, 0x99, 0x99, 0x99, 0x99, 0x99, 0x99, 0x99, 0x99, 0x99, 0x99, 0x90, 0x1e, 0x24, 0x8c, 0x26,
    0x66, 0x66, 0x66, 0x66, 0x66, 0x66, 0x66, 0x66, 0x66, 0x66, 0x66, 0x66, 0x66, 0x66, 0x66, 0x66,
    0x66, 0x66, 0x66, 0x66, 0x64, 0x07, 0xbf, 0x6d, 0xc1, 0x33, 0x33, 0x33, 0x33, 0x33, 0x33, 0x33,
    0x33, 0x33, 0x33, 0x33, 0x33, 0x33, 0x33, 0x32, 0x24
};

const HuffmanFrequency SPRITE_44_FREQS[] = {
    {0x0a, 49},
    {0x23, 110},
    {0x25, 10},
    {0x2a, 574},
    {0x2b, 930},
    {0x2d, 409},
    {0x2e, 260},
    {0x3a, 217},
    {0x3d, 650},
    {0xa0, 1690},
    {0xc2, 1690}
};
}

const HuffmanEncodedSprite SPRITE_44 = {
    SPRITE_44_BYTES,
    static_cast<int>(sizeof(SPRITE_44_BYTES) / sizeof(SPRITE_44_BYTES[0])),
    18630,
    6589,
    SPRITE_44_FREQS,
    static_cast<int>(sizeof(SPRITE_44_FREQS) / sizeof(SPRITE_44_FREQS[0]))
};

namespace
{
const unsigned char SPRITE_45_BYTES[] = {
    0xee, 0xee, 0xee, 0xee, 0x07, 0x77, 0x77, 0x77, 0x77, 0x77, 0x77, 0x77, 0x77, 0x77, 0x77, 0x77,
    0x77, 0x77, 0x77, 0x77, 0x77, 0x77, 0x77, 0x77, 0x77, 0x77, 0x77, 0x77, 0x77, 0x77, 0x77, 0x77,
    0x77, 0x77, 0x77, 0x77, 0x77, 0x77, 0x77, 0x73, 0x0b, 0xb8, 0x8b, 0xa9, 0xee, 0xee, 0xee, 0xee,
    0xee, 0xee, 0xee, 0xee, 0xee, 0xee, 0xe0, 0x77, 0x77, 0x77, 0x16, 0x77, 0x3c, 0x59, 0x99, 0xdb,
    0xbb, 0xbb, 0x95, 0xc2, 0x27, 0xbb, 0xbb, 0xbb, 0xbb, 0xbb, 0xbb, 0xbb, 0xbb, 0xbb, 0xbb, 0xbb,
    0xbb, 0xbb, 0xbb, 0xbb, 0xbb, 0xbb, 0xbb, 0xbb, 0xb8, 0xba, 0x04, 0x22, 0x22, 0x22, 0x22, 0x2a,
    0x7b, 0xbb, 0xbb, 0xbb, 0xbb, 0xbb, 0xbb, 0xbb, 0xb8, 0x1d, 0xdd, 0xc5, 0x55, 0x84, 0x5d, 0x5d,
    0xdc, 0x45, 0x99, 0x59, 0x85, 0x11, 0x10, 0x2d, 0xdd, 0xdd, 0xdd, 0xdd, 0xdd, 0xdd, 0xdd, 0xdd,
    0xdd, 0xdd, 0xdd, 0xdd, 0xdd, 0xdd, 0xdd, 0xdd, 0xdd, 0xdd, 0xc5, 0x91, 0x11, 0x11, 0x10, 0x21,
    0x08, 0x42, 0x10, 0xa0, 0x54, 0xf7, 0x77, 0x77, 0x77, 0x77, 0x77, 0x77, 0x03, 0xb8, 0x92, 0xc2,
    0x22, 0x2e, 0x54, 0x22, 0x2e, 0xcc, 0x2e, 0xe2, 0xc2, 0x88, 0x11, 0x15, 0x3d, 0xdd, 0xdd, 0xdd,
    0xdd, 0xdd, 0xdd, 0xdd, 0xdd, 0xdd, 0xdd, 0xdd, 0xdd, 0xdd, 0xdd, 0xdd, 0xc5, 0x91, 0x11, 0x11,
    0x11, 0x11, 0x11, 0x11, 0x11, 0x11, 0x11, 0x1c, 0xf7, 0x77, 0x77, 0x77, 0x77, 0x77, 0x00, 0xb3,
    0x8b, 0xa9, 0x67, 0x67, 0x6e, 0x66, 0x67, 0x51, 0x17, 0x71, 0x14, 0x44, 0x40, 0x88, 0x45, 0x8f,
    0x77, 0x77, 0x77, 0x77, 0x77, 0x77, 0x77, 0x77, 0x77, 0x77, 0x77, 0x77, 0x77, 0x15, 0x14, 0x44,
    0x44, 0x44, 0x44, 0x44, 0x44, 0x44, 0x77, 0x77, 0x71, 0x11, 0x6e, 0xee, 0xee, 0xee, 0xee, 0xee,
    0xe0, 0x32, 0x8b, 0x8b, 0xaf, 0x2b, 0x33, 0x33, 0xb3, 0x08, 0x42, 0xcc, 0x14, 0x44, 0x44, 0x44,
    0x08, 0x44, 0x42, 0x2e, 0xee, 0xee, 0xc4, 0xb3, 0x2b, 0x2b, 0x32, 0xaa, 0xaa, 0x92, 0x55, 0xc5,
    0x11, 0x11, 0x11, 0x11, 0x11, 0x11, 0x11, 0x11, 0x1f, 0xbb, 0xbb, 0xbb, 0xbb, 0xbb, 0xbb, 0xbb,
    0xbb, 0xbb, 0xbb, 0x80, 0xec, 0x22, 0xec, 0xce, 0xca, 0xac, 0xca, 0xaa, 0xac, 0xce, 0x14, 0x44,
    0x44, 0x44, 0x44, 0x44, 0x44, 0x44, 0x44, 0x44, 0x15, 0x24, 0x92, 0x49, 0x24, 0x96, 0x40, 0x84,
    0x21, 0x08, 0x51, 0x11, 0x11, 0x11, 0x11, 0x11, 0x11, 0x10, 0x2b, 0xdd, 0xdd, 0xdd, 0xdd, 0xdd,
    0xdd, 0xdd, 0xdd, 0xdd, 0xdd, 0xc0, 0xe2, 0x4a, 0xb3, 0x2a, 0xaa, 0xaa, 0xaa, 0xaa, 0xaa, 0xb3,
    0x3a, 0x3b, 0x30, 0x51, 0x11, 0x11, 0x11, 0x11, 0x10, 0x54, 0x92, 0x49, 0x24, 0x92, 0x4a, 0xb8,
    0x42, 0x14, 0x44, 0x44, 0x44, 0x44, 0x44, 0x41, 0x55, 0x70, 0x84, 0x2c, 0x7b, 0xbb, 0xbb, 0xbb,
    0xbb, 0xbb, 0xbb, 0xbb, 0xbb, 0xbb, 0xb8, 0x1d, 0xdd, 0xdd, 0xca, 0xaa, 0xaa, 0xaa, 0xac, 0xca,
    0xaa, 0xce, 0xcc, 0xce, 0x15, 0x14, 0x44, 0x44, 0x44, 0x40, 0x92, 0x49, 0x24, 0x92, 0x49, 0x24,
    0x96, 0x44, 0x44, 0x44, 0x44, 0x44, 0x44, 0x44, 0x47, 0x3d, 0xdd, 0xdd, 0xdd, 0xdd, 0xdd, 0xdd,
    0xdd, 0xdd, 0xdd, 0xdd, 0xdd, 0xdd, 0xdd, 0xc0, 0xee, 0xee, 0xee, 0x2c, 0xca, 0xaa, 0xae, 0xca,
    0xaa, 0xac, 0xcc, 0xe1, 0x10, 0xb0, 0x51, 0x11, 0x11, 0x11, 0xc9, 0x24, 0x92, 0x49, 0x24, 0x92,
    0x49, 0x51, 0x44, 0x44, 0x44, 0x44, 0x44, 0x44, 0x44, 0x63, 0xdd, 0xdd, 0xdd, 0xdd, 0xdd, 0xdd,
    0xdd, 0xdd, 0xdd, 0xdd, 0xdd, 0xdd, 0xdd, 0xdc, 0x0e, 0xee, 0xee, 0xee, 0x2c, 0xca, 0xaa, 0xca,
    0xaa, 0xcc, 0xc7, 0xb8, 0xb3, 0x17, 0x44, 0x44, 0x44, 0x62, 0xcc, 0x54, 0x92, 0x49, 0x2a, 0xca,
    0xa4, 0x92, 0xa1, 0x44, 0x44, 0x44, 0x44, 0x44, 0x44, 0x46, 0x3d, 0xdd, 0xdd, 0xdd, 0xdd, 0xdd,
    0xdd, 0xdd, 0xdd, 0xdd, 0xdd, 0xdd, 0xdd, 0xdd, 0xc0, 0xee, 0xee, 0xee, 0xee, 0xe2, 0x2e, 0xee,
    0x2e, 0xcc, 0x7b, 0xbb, 0xbb, 0xbb, 0x88, 0xa2, 0x04, 0x2c, 0x54, 0xf1, 0x42, 0x49, 0x25, 0x94,
    0xab, 0x92, 0x49, 0x57, 0x0a, 0x22, 0x22, 0x23, 0xbb, 0xbb, 0x9e, 0xee, 0xee, 0xee, 0xee, 0xee,
    0xee, 0xee, 0xee, 0xee, 0xee, 0xee, 0xee, 0xee, 0xee, 0x07, 0x77, 0x77, 0x77, 0x77, 0x17, 0x66,
    0x67, 0xee, 0xee, 0xee, 0xee, 0xee, 0xee, 0xe2, 0x4b, 0x31, 0x2a, 0xc4, 0xa9, 0x24, 0x92, 0xea,
    0x4a, 0x92, 0x49, 0x55, 0x56, 0x71, 0x14, 0x3d, 0xdd, 0xdd, 0xdd, 0xdd, 0xdd, 0xdd, 0xdd, 0xdd,
    0xdd, 0xdd, 0xdd, 0xdd, 0xdd, 0xdd, 0xdd, 0xdd, 0xdc, 0x0e, 0xee, 0xee, 0xee, 0xee, 0x65, 0x25,
    0x8f, 0x77, 0x77, 0x77, 0x77, 0x77, 0x77, 0x77, 0x2b, 0x8b, 0x12, 0x54, 0x92, 0x49, 0x24, 0xab,
    0x29, 0x24, 0x95, 0x55, 0x55, 0x55, 0x57, 0x3d, 0xdd, 0xdd, 0xdd, 0xdd, 0xdd, 0xdd, 0xdd, 0xdd,
    0xdd, 0xdd, 0xdd, 0xdd, 0xdd, 0xdd, 0xdd, 0xdd, 0xdc, 0x0e, 0xee, 0xee, 0xee, 0xe2, 0xea, 0x4b,
    0xf7, 0x77, 0x77, 0x77, 0x77, 0x77, 0x77, 0x71, 0x61, 0x76, 0x55, 0x75, 0x24, 0x92, 0x49, 0x25,
    0x44, 0x92, 0xce, 0xee, 0xe2, 0xca, 0xaa, 0xe7, 0xbb, 0xbb, 0xbb, 0xbb, 0xbb, 0xbb, 0xbb, 0xbb,
    0xbb, 0xbb, 0xbb, 0xbb, 0xbb, 0xbb, 0xbb, 0xbb, 0xbb, 0x81, 0xdd, 0xdd, 0xdd, 0xdc, 0xca, 0x4b,
    0x1e, 0xee, 0xee, 0xee, 0xee, 0xee, 0xe2, 0x49, 0x57, 0x71, 0x62, 0x58, 0x44, 0x28, 0x11, 0x17,
    0x77, 0x12, 0x54, 0x59, 0x99, 0xdd, 0xc5, 0x95, 0x44, 0x92, 0x4f, 0x77, 0x77, 0x77, 0x77, 0x77,
    0x77, 0x77, 0x77, 0x77, 0x77, 0x77, 0x77, 0x77, 0x77, 0x77, 0x03, 0xbb, 0xbb, 0xbb, 0x8b, 0x29,
    0x22, 0x7b, 0xbb, 0xbb, 0xbb, 0x8a, 0xb8, 0xbb, 0xb3, 0x88, 0x42, 0x2c, 0xaa, 0xac, 0x21, 0x76,
    0x67, 0x77, 0x70, 0xaa, 0xa8, 0xb3, 0x3b, 0xbb, 0xba, 0xa8, 0x8b, 0xbb, 0x88, 0x8b, 0x1e, 0xee,
    0xee, 0xee, 0xee, 0xee, 0xee, 0xee, 0xee, 0xee, 0xee, 0xee, 0xee, 0xee, 0xe0, 0x77, 0x77, 0x77,
    0x71, 0x65, 0x25, 0x59, 0x95, 0x94, 0x92, 0xc2, 0xec, 0xcc, 0xcc, 0xce, 0xee, 0x2e, 0xaa, 0xaa,
    0xac, 0xee, 0xca, 0xac, 0xe2, 0xca, 0xa2, 0xee, 0xee, 0xe2, 0xce, 0x2e, 0xcc, 0xee, 0xee, 0x22,
    0x2c, 0x49, 0x2a, 0xcc, 0xaa, 0xac, 0xc7, 0xbb, 0xbb, 0xbb, 0xbb, 0xbb, 0xbb, 0xb8, 0x1d, 0xdd,
    0xdd, 0xdc, 0x5d, 0x49, 0x24, 0x92, 0x55, 0x9d, 0x99, 0xdd, 0xdd, 0xdd, 0xdd, 0xdd, 0xdc, 0x5c,
    0x59, 0x55, 0x55, 0x59, 0x99, 0x55, 0xd5, 0x55, 0x9d, 0x99, 0xdc, 0x5d, 0x99, 0x99, 0xdd, 0xdd,
    0xc4, 0x59, 0x94, 0x92, 0x49, 0x24, 0xab, 0x1e, 0xee, 0xee, 0xee, 0xee, 0xee, 0xee, 0x07, 0x77,
    0x77, 0x77, 0x77, 0x12, 0xa5, 0x9c, 0x59, 0x55, 0x54, 0x95, 0x17, 0x77, 0x77, 0x77, 0x77, 0x77,
    0x0a, 0xb3, 0x30, 0x8b, 0xb2, 0xaa, 0xaa, 0xaa, 0xb3, 0x8b, 0x88, 0xbb, 0x33, 0x33, 0x3b, 0xbb,
    0xbb, 0x85, 0xd9, 0x95, 0x55, 0xdd, 0x95, 0x94, 0x97, 0x5e, 0xee, 0xee, 0xee, 0xee, 0xee, 0xee,
    0x07, 0x77, 0x77, 0x77, 0x77, 0x77, 0x77, 0x77, 0x71, 0x2c, 0x17, 0x61, 0x0b, 0xbb, 0xbb, 0xbb,
    0xbb, 0xbb, 0xb8, 0x92, 0xaa, 0xcc, 0xac, 0xcc, 0xcc, 0xcc, 0xca, 0xaa, 0xae, 0xee, 0xee, 0xee,
    0xee, 0xee, 0xee, 0x22, 0x21, 0x45, 0x3d, 0xdd, 0xdc, 0xac, 0xa4, 0x8f, 0x77, 0x77, 0x77, 0x77,
    0x77, 0x77, 0x03, 0xbb, 0xbb, 0xbb, 0xbb, 0xbb, 0xbb, 0xbb, 0xbb, 0xb9, 0x5c, 0x44, 0x44, 0x45,
    0xdd, 0xdd, 0xdd, 0xdd, 0xdc, 0x24, 0x92, 0x55, 0x55, 0x99, 0x99, 0x99, 0x95, 0x55, 0x5c, 0x5d,
    0xdd, 0xdd, 0xdd, 0xdd, 0xc4, 0x44, 0x44, 0x27, 0xbb, 0xbb, 0xbb, 0x99, 0x89, 0x66, 0xee, 0xee,
    0xee, 0xee, 0xee, 0xee, 0x07, 0x77, 0x77, 0x77, 0x77, 0x77, 0x77, 0x77, 0x77, 0x71, 0x71, 0x11,
    0x11, 0x11, 0x17, 0x11, 0x11, 0x11, 0x16, 0x24, 0x95, 0x61, 0x76, 0x66, 0x66, 0x10, 0xaa, 0x92,
    0x5c, 0x5d, 0xdd, 0xdd, 0xdc, 0x44, 0x44, 0x44, 0x4f, 0x77, 0x77, 0x77, 0x71, 0x65, 0x56, 0x09,
    0xee, 0xee, 0xee, 0xee, 0xee, 0xe0, 0x77, 0x77, 0x77, 0x77, 0x77, 0x77, 0x77, 0x77, 0x77, 0x71,
    0x71, 0x17, 0x77, 0x77, 0x11, 0x11, 0x11, 0x16, 0x24, 0xab, 0xbb, 0x33, 0x33, 0x33, 0x33, 0xbb,
    0xbb, 0xa9, 0x2c, 0x22, 0x22, 0x22, 0x22, 0xee, 0x22, 0xe7, 0xbb, 0xbb, 0xbb, 0xb9, 0x59, 0xd8,
    0x92, 0xae, 0xa7, 0xbb, 0xbb, 0xbb, 0xb8, 0x1d, 0xdd, 0xdd, 0xdd, 0xdd, 0xdd, 0xdd, 0xdd, 0xdd,
    0xdd, 0xdc, 0x59, 0xc2, 0x2e, 0xee, 0x21, 0x17, 0x62, 0x49, 0x50, 0xb3, 0x33, 0x33, 0x33, 0x33,
    0x33, 0xbb, 0xbb, 0xa9, 0x25, 0x98, 0x21, 0x11, 0x08, 0x5d, 0x8f, 0x77, 0x77, 0x77, 0x71, 0x56,
    0x24, 0x92, 0x49, 0x2a, 0xcc, 0xa5, 0x58, 0x90, 0x77, 0x77, 0x77, 0x77, 0x77, 0x77, 0x77, 0x77,
    0x77, 0x77, 0x77, 0x77, 0x71, 0x2e, 0xc4, 0x92, 0x49, 0x24, 0x59, 0x99, 0x99, 0x99, 0x99, 0x99,
    0x99, 0xdd, 0xdd, 0x89, 0x24, 0xaa, 0xb3, 0x37, 0x77, 0x77, 0x77, 0x16, 0x51, 0x75, 0x52, 0x49,
    0x24, 0x92, 0x49, 0x24, 0x92, 0x58, 0x1d, 0xdd, 0xdd, 0xdd, 0xdd, 0xdd, 0xdd, 0xdd, 0xdd, 0xdd,
    0xdd, 0xdd, 0xdd, 0xc5, 0x45, 0xd4, 0x92, 0x49, 0x28, 0xcc, 0xcc, 0xcc, 0xcc, 0xcc, 0xcc, 0xee,
    0xee, 0xec, 0x49, 0x55, 0x65, 0x66, 0x3d, 0xdd, 0xdd, 0xce, 0xa4, 0x92, 0xaa, 0xa5, 0x54, 0x92,
    0x49, 0x2a, 0xee, 0xac, 0x21, 0x50, 0x77, 0x77, 0x77, 0x77, 0x77, 0x77, 0x77, 0x77, 0x77, 0x77,
    0x77, 0x77, 0x77, 0x71, 0x66, 0x65, 0x52, 0x49, 0x2e, 0xee, 0xcc, 0xcc, 0xcc, 0xcc, 0xce, 0xee,
    0xee, 0x2c, 0xaa, 0xac, 0xaa, 0xaa, 0xbd, 0xdd, 0xdd, 0xdc, 0x2a, 0xaa, 0xad, 0xdc, 0x5d, 0x8a,
    0xb2, 0x95, 0x0b, 0xba, 0x92, 0x55, 0x88, 0x3b, 0xbb, 0xbb, 0xbb, 0xbb, 0xbb, 0xbb, 0xbb, 0xbb,
    0xbb, 0xbb, 0xbb, 0xbb, 0xb8, 0xb2, 0x20, 0x42, 0xec, 0xaa, 0x54, 0x2e, 0xee, 0xee, 0xee, 0xee,
    0xee, 0xee, 0xe2, 0xea, 0xcc, 0xe1, 0x08, 0x84, 0x4f, 0x77, 0x77, 0x77, 0x71, 0x27, 0xbb, 0xb8,
    0xa9, 0x2c, 0x4b, 0x15, 0x62, 0x55, 0x4a, 0xb1, 0x07, 0x77, 0x77, 0x77, 0x77, 0x77, 0x77, 0x77,
    0x77, 0x77, 0x77, 0x77, 0x77, 0x16, 0x17, 0x77, 0x77, 0x11, 0x0b, 0xb3, 0x2b, 0x08, 0xbb, 0xbb,
    0xbb, 0xbb, 0xb8, 0x8b, 0xb0, 0x8b, 0xbb, 0xbb, 0xbb, 0xbb, 0x77, 0x77, 0x77, 0x77, 0x77, 0x77,
    0x15, 0x62, 0x4b, 0x9e, 0x72, 0x4b, 0x31, 0x2c, 0x4f, 0x03, 0xbb, 0xbb, 0xbb, 0xbb, 0xbb, 0xbb,
    0xbb, 0xbb, 0xbb, 0xbb, 0xbb, 0xb8, 0x8b, 0xbb, 0xbb, 0xb8, 0x88, 0x88, 0x8a, 0xaa, 0xab, 0x3b,
    0x88, 0x88, 0x45, 0xc5, 0x95, 0xc5, 0xdd, 0xdd, 0xdd, 0xdd, 0xdd, 0xcf, 0x77, 0x77, 0x77, 0x77,
    0x77, 0x2b, 0x29, 0x25, 0xcf, 0x3b, 0x2a, 0xb2, 0x9e, 0xee, 0xee, 0x07, 0x77, 0x77, 0x77, 0x77,
    0x77, 0x77, 0x77, 0x77, 0x77, 0x77, 0x77, 0x72, 0x88, 0x88, 0x88, 0x88, 0x88, 0x88, 0x8b, 0xaa,
    0xaa, 0xaa, 0xaa, 0xaa, 0xb2, 0xb3, 0x38, 0x45, 0xdd, 0xdd, 0xdd, 0xdd, 0xc2, 0x16, 0xee, 0xee,
    0xee, 0xee, 0xee, 0xee, 0x2a, 0xaa, 0xa7, 0xbb, 0x8a, 0x93, 0xdd, 0xdd, 0xdd, 0xc0, 0xee, 0xee,
    0xee, 0xee, 0xee, 0xee, 0xee, 0xee, 0xee, 0xee, 0xee, 0xe2, 0xe2, 0x11, 0x11, 0x11, 0x11, 0x11,
    0x11, 0x75, 0x55, 0x55, 0x55, 0x55, 0x55, 0x56, 0x67, 0x41, 0x11, 0x11, 0x17, 0x70, 0xa9, 0x2a,
    0xcc, 0x7b, 0xbb, 0xbb, 0xbb, 0xbb, 0xbb, 0xbb, 0xbb, 0xbb, 0xbb, 0xbb, 0xbb, 0xbb, 0xbb, 0xb8,
    0x1d, 0xdd, 0xdd, 0xdd, 0xdd, 0xdd, 0xdd, 0xdd, 0xdd, 0xdd, 0xc5, 0x99, 0x49, 0x2c, 0x11, 0x11,
    0x11, 0x11, 0x74, 0x75, 0x55, 0x55, 0x55, 0x55, 0x55, 0x55, 0x57, 0x08, 0x88, 0x88, 0x88, 0x8a,
    0x92, 0x49, 0x24, 0xb0, 0xb1, 0xee, 0xee, 0xee, 0xee, 0xee, 0xee, 0xee, 0xee, 0xee, 0xee, 0xee,
    0xee, 0x07, 0x77, 0x77, 0x77, 0x77, 0x77, 0x77, 0x77, 0x71, 0x2c, 0xc4, 0x92, 0x4a, 0xb0, 0x88,
    0xbb, 0xbb, 0x8b, 0xf7, 0x12, 0xae, 0x2e, 0xca, 0xac, 0xce, 0x2c, 0x55, 0xdc, 0x44, 0x44, 0x42,
    0x4b, 0x3a, 0xa9, 0x25, 0x5c, 0x92, 0xae, 0x7b, 0xbb, 0xbb, 0xbb, 0xbb, 0xbb, 0xbb, 0xbb, 0xbb,
    0xbb, 0x81, 0xdd, 0xdd, 0xdd, 0xdd, 0xdd, 0xdd, 0xc4, 0xb3, 0x12, 0x49, 0x2a, 0xcc, 0x7b, 0x89,
    0x55, 0x52, 0x7b, 0xbb, 0xbb, 0xbb, 0xbb, 0xbb, 0xbb, 0xbb, 0xbb, 0xbb, 0x89, 0x24, 0xf7, 0x77,
    0x77, 0x71, 0x56, 0x76, 0x24, 0x92, 0xac, 0x7b, 0xbb, 0xbb, 0xbb, 0xbb, 0xbb, 0xbb, 0xbb, 0xbb,
    0xb8, 0x1d, 0xdd, 0xdd, 0xdd, 0xdd, 0xdd, 0xc5, 0xd5, 0x99, 0x55, 0x58, 0x5d, 0xc5, 0xfb, 0xbb,
    0xbb, 0xbb, 0xbb, 0xbb, 0xbb, 0xbb, 0xbb, 0xbb, 0xbb, 0xbb, 0xbb, 0xbb, 0xbb, 0xbb, 0xbb, 0xbb,
    0xbb, 0xbb, 0xbb, 0xbb, 0xb8, 0xbb, 0x2a, 0xaa, 0xb3, 0x9e, 0xee, 0xee, 0xee, 0xee, 0xee, 0xee,
    0xee, 0xee, 0xee, 0x07, 0x77, 0x77, 0x77, 0x77, 0x77, 0x72, 0xb1, 0x24, 0xab, 0x3b, 0xb3, 0x33,
    0xaf, 0x77, 0x77, 0x77, 0x77, 0x77, 0x77, 0x77, 0x77, 0x77, 0x77, 0x77, 0x77, 0x77, 0x77, 0x77,
    0x77, 0x77, 0x77, 0x77, 0x77, 0x77, 0x77, 0x3b, 0x3b, 0xbb, 0xbb, 0x1e, 0xee, 0xee, 0xee, 0xee,
    0xee, 0xee, 0xee, 0xee, 0xee, 0x07, 0x77, 0x77, 0x77, 0x77, 0x77, 0x71, 0x51, 0x76, 0x66, 0x61,
    0x76, 0x66, 0x67, 0x73, 0xdd, 0xdd, 0xdd, 0xdd, 0xdd, 0xdd, 0xdd, 0xdd, 0xdd, 0xdd, 0xdd, 0xdd,
    0xdd, 0xdd, 0xdd, 0xdd, 0xdd, 0xdd, 0xdd, 0xdd, 0xdd, 0xce, 0xaa, 0xcc, 0xcc, 0xec, 0x7b, 0xbb,
    0xbb, 0xbb, 0xbb, 0xbb, 0xbb, 0xbb, 0xbb, 0x81, 0xdd, 0xdd, 0xdd, 0xdd, 0xdd, 0xdd, 0xdd, 0xc4,
    0x92, 0x54, 0x5d, 0x99, 0x99, 0x98, 0x42, 0xc7, 0xbb, 0xbb, 0xbb, 0xbb, 0xbb, 0xbb, 0xbb, 0xbb,
    0xbb, 0xbb, 0xbb, 0xbb, 0xbb, 0xbb, 0xbb, 0xbb, 0xbb, 0xbb, 0xbb, 0x8b, 0x3b, 0x33, 0x33, 0x3a,
    0xf7, 0x77, 0x77, 0x77, 0x77, 0x77, 0x77, 0x77, 0x77, 0x03, 0xbb, 0xbb, 0xbb, 0xbb, 0xbb, 0xbb,
    0x8b, 0x88, 0x8b, 0x1e, 0xe2, 0xa2, 0xcc, 0xcc, 0xe8, 0x88, 0xc7, 0xbb, 0xbb, 0xbb, 0xbb, 0xbb,
    0xbb, 0xbb, 0xbb, 0xbb, 0xbb, 0xbb, 0xbb, 0xbb, 0xbb, 0xbb, 0xbb, 0xbb, 0xbb, 0xbb, 0xb9, 0xdd,
    0x99, 0x98, 0x58, 0xf7, 0x77, 0x77, 0x77, 0x12, 0x7b, 0xbb, 0xb8, 0x1d, 0xdd, 0xdd, 0xdd, 0xdd,
    0xdd, 0xcc, 0x14, 0x44, 0x44, 0x0b, 0x12, 0xe1, 0x44, 0x44, 0x44, 0x44, 0x45, 0xee, 0xee, 0xee,
    0xee, 0xee, 0xee, 0xee, 0xee, 0xee, 0xee, 0xee, 0xee, 0xee, 0xee, 0xee, 0xee, 0xee, 0xee, 0xee,
    0xe5, 0x44, 0x76, 0x66, 0x70, 0xa3, 0x1e, 0xee, 0x2a, 0xe2, 0x10, 0x8a, 0x9e, 0xe0, 0x77, 0x77,
    0x77, 0x77, 0x77, 0x73, 0x05, 0x11, 0x19, 0x45, 0x10, 0x21, 0x44, 0x44, 0x08, 0x42, 0x10, 0xa0,
    0x57, 0xbb, 0xbb, 0xbb, 0xbb, 0xbb, 0xbb, 0xbb, 0xbb, 0xbb, 0xbb, 0xbb, 0xbb, 0xbb, 0xbb, 0xbb,
    0xbb, 0xbb, 0xbb, 0xbb, 0x82, 0x88, 0x88, 0x10, 0xa2, 0x22, 0x20, 0xb1, 0x71, 0x11, 0x11, 0x10,
    0xb9, 0xe0, 0x77, 0x77, 0x77, 0x77, 0x77, 0x30, 0xa2, 0x22, 0x22, 0x22, 0x22, 0x22, 0x22, 0x04,
    0x21, 0x08, 0x42, 0x2b, 0xdd, 0xdd, 0xdd, 0xdd, 0xdd, 0xdd, 0xdd, 0xdd, 0xdd, 0xdd, 0xdd, 0xdd,
    0xdd, 0xdd, 0xdd, 0xdd, 0xdd, 0xdd, 0xdd, 0xc5, 0x11, 0x11, 0x11, 0x11, 0x10, 0x21, 0x08, 0x51,
    0x02, 0x17, 0x0a, 0x08, 0x84, 0x48, 0x3b, 0xbb, 0xbb, 0xbb, 0xbb, 0x94, 0x28, 0x88, 0x88, 0x88,
    0x88, 0x88, 0x88, 0x81, 0x08, 0x42, 0xc7, 0xbb, 0xbb, 0xbb, 0xbb, 0xbb, 0xbb, 0xbb, 0xbb, 0xbb,
    0xbb, 0xbb, 0xbb, 0xbb, 0xbb, 0xbb, 0xbb, 0xbb, 0xbb, 0xbb, 0xbb, 0xb8, 0x8a, 0x22, 0x22, 0x22,
    0x04, 0x21, 0x08, 0x42, 0x10, 0x84, 0x21, 0x08, 0x88, 0xa3, 0x83, 0xbb, 0xbb, 0xbb, 0xbb, 0xbb,
    0x95, 0x11, 0x11, 0x11, 0x11, 0x11, 0x11, 0x11, 0x18, 0xf7, 0x77, 0x77, 0x77, 0x77, 0x77, 0x77,
    0x77, 0x77, 0x77, 0x77, 0x77, 0x77, 0x77, 0x77, 0x77, 0x77, 0x77, 0x77, 0x77, 0x77, 0x77, 0x77,
    0x71, 0x25, 0xd1, 0x10, 0x21, 0x08, 0x42, 0x11, 0x11, 0x11, 0x11, 0x11, 0x46, 0x07, 0x77, 0x77,
    0x77, 0x77, 0x77, 0x77, 0x12, 0xc1, 0x44, 0x44, 0x44, 0x15, 0xee, 0xee, 0xee, 0xee, 0xee, 0xee,
    0xee, 0xee, 0xee, 0xee, 0xee, 0xee, 0xee, 0xee, 0xee, 0xee, 0xee, 0xee, 0xee, 0xee, 0xee, 0xee,
    0xee, 0xee, 0xee, 0xee, 0xee, 0xee, 0x51, 0x40, 0x84, 0x21, 0x08, 0x44, 0x44, 0x44, 0x45, 0x04,
    0x83, 0xbb, 0xbb, 0xbb, 0xbb, 0xbb, 0xbb, 0xbb, 0xbb, 0xbb, 0xbb, 0xbb, 0xbb, 0xbb, 0xbb, 0xbb,
    0xbb, 0xbb, 0xbb, 0xbb, 0xbb, 0xbb, 0xbb, 0xbb, 0xbb, 0xbb, 0xbb, 0xbb, 0xbb, 0xbb, 0xbb, 0xbb,
    0xbb, 0xbb, 0xbb, 0xbb, 0xbb, 0xbb, 0xbb, 0xbb, 0xbb, 0xbb, 0xbb, 0x89, 0x56, 0x67, 0x11, 0x08,
    0x42, 0xe7, 0xb8, 0x00
};

const HuffmanFrequency SPRITE_45_FREQS[] = {
    {0x0a, 49},
    {0x23, 332},
    {0x2a, 153},
    {0x2b, 312},
    {0x2d, 414},
    {0x2e, 531},
    {0x3a, 363},
    {0x3d, 427},
    {0xa0, 2276},
    {0xc2, 2276}
};
}

const HuffmanEncodedSprite SPRITE_45 = {
    SPRITE_45_BYTES,
    static_cast<int>(sizeof(SPRITE_45_BYTES) / sizeof(SPRITE_45_BYTES[0])),
    19099,
    7133,
    SPRITE_45_FREQS,
    static_cast<int>(sizeof(SPRITE_45_FREQS) / sizeof(SPRITE_45_FREQS[0]))
};

namespace
{
const unsigned char SPRITE_46_BYTES[] = {
    0xb8, 0xdb, 0x6d, 0xb6, 0xdb, 0x6d, 0xb6, 0xdb, 0x6d, 0xc5, 0x5f, 0x7d, 0xf7, 0xdf, 0x33, 0x56,
    0xb4, 0x36, 0xdb, 0x6d, 0xb6, 0xdb, 0x6d, 0xb6, 0xdb, 0x6d, 0xb6, 0xdb, 0x6d, 0xb6, 0xdb, 0x6d,
    0xb6, 0xdb, 0x6d, 0xb6, 0xdb, 0x6d, 0xb6, 0xdb, 0x6d, 0xbb, 0x8d, 0xb6, 0xdb, 0x6d, 0xb6, 0xdb,
    0x6d, 0xb6, 0xdb, 0x6e, 0x2d, 0x53, 0x33, 0x33, 0x37, 0xcd, 0x59, 0xb6, 0xdb, 0x6d, 0xb6, 0xdb,
    0x6d, 0xb6, 0xdb, 0x6d, 0xb6, 0xdb, 0x6d, 0xb6, 0xdb, 0x6d, 0xb6, 0xdb, 0x6d, 0xb6, 0xdb, 0x6d,
    0xb6, 0xdb, 0xb8, 0xdb, 0x6d, 0xb6, 0xdb, 0x6d, 0xb6, 0xdb, 0x6d, 0xb6, 0xdb, 0x88, 0xa9, 0xb5,
    0x55, 0xad, 0x57, 0xdf, 0x30, 0xdb, 0x6d, 0xb6, 0xdb, 0x6d, 0xb6, 0xdb, 0x6d, 0xb6, 0xdb, 0x6d,
    0xb6, 0xdb, 0x6d, 0xb6, 0xdb, 0x6d, 0xb6, 0xdb, 0x6d, 0xb6, 0xdb, 0xb8, 0xdb, 0x6d, 0xb6, 0xdb,
    0x6d, 0xb6, 0xdb, 0x6d, 0xb6, 0xdb, 0x6d, 0xda, 0xd6, 0xb5, 0x55, 0xad, 0x57, 0xcc, 0xd9, 0xb6,
    0xdb, 0x6d, 0xb6, 0xdb, 0x6d, 0xb6, 0xdb, 0x6d, 0xb6, 0xdb, 0x6d, 0xb6, 0xdb, 0x6d, 0xb6, 0xdb,
    0x6d, 0xb6, 0xdb, 0x6d, 0xdc, 0x6d, 0xb6, 0xdb, 0x6d, 0xb6, 0xdb, 0x6d, 0xb6, 0xdb, 0x6d, 0xb6,
    0xdc, 0x5a, 0xd6, 0xb4, 0xd5, 0x55, 0x5f, 0x33, 0x0d, 0xb6, 0xdb, 0x6e, 0xd3, 0x66, 0xdb, 0x6d,
    0xb6, 0xdb, 0x6d, 0xb6, 0xdb, 0x6d, 0xb6, 0xdb, 0x6d, 0xb6, 0xdb, 0x6d, 0xb6, 0xdd, 0xc6, 0xdb,
    0x6d, 0xb6, 0xdb, 0x6d, 0xb6, 0xdb, 0x6d, 0xb6, 0xdb, 0x6d, 0xbb, 0x5a, 0xd6, 0xab, 0xea, 0xaa,
    0x6f, 0x9a, 0x6d, 0xb6, 0xdb, 0x89, 0xbe, 0xcd, 0xb6, 0xdb, 0x6d, 0xb6, 0xdb, 0x6d, 0xb6, 0xdb,
    0x6d, 0xb6, 0xdb, 0x6d, 0xb6, 0xdb, 0x6d, 0xbb, 0x8d, 0xb6, 0xdb, 0x6d, 0xb6, 0xdb, 0x6d, 0xb6,
    0xdb, 0x6d, 0xb6, 0xdb, 0x71, 0x6b, 0x55, 0x55, 0x55, 0x4d, 0xf3, 0x66, 0xdb, 0x6d, 0xbb, 0x5f,
    0x7d, 0x36, 0xdb, 0x6d, 0xb6, 0xdb, 0x6d, 0xb6, 0xdb, 0x6d, 0xb6, 0xdb, 0x6d, 0xb6, 0xdb, 0x6d,
    0xb6, 0xee, 0x36, 0xdb, 0x6d, 0xb6, 0xdb, 0x6d, 0xb6, 0xdb, 0x6d, 0xb6, 0xdb, 0x6d, 0xc5, 0x55,
    0x55, 0x55, 0x54, 0xdf, 0x50, 0xdb, 0x6d, 0xb8, 0xab, 0xe6, 0x9b, 0x6d, 0xb6, 0xdb, 0x6d, 0xb6,
    0xdb, 0x6d, 0xb6, 0xdb, 0x6d, 0xb6, 0xdb, 0x6d, 0xb6, 0xdb, 0x77, 0x1b, 0x6d, 0xb6, 0xdb, 0x6d,
    0xb6, 0xdb, 0x6d, 0xb6, 0xdb, 0x6d, 0xb6, 0xe2, 0xd5, 0x55, 0x55, 0x55, 0x53, 0x4d, 0xb6, 0xdb,
    0x76, 0xbb, 0xbe, 0x69, 0xb6, 0xdb, 0x6d, 0xb6, 0xdb, 0x6d, 0xb6, 0xdb, 0x6d, 0xb6, 0xdb, 0x6d,
    0xb6, 0xdb, 0x6d, 0xb7, 0x71, 0xb6, 0xdb, 0x6d, 0xb6, 0xdb, 0x6d, 0xb6, 0xdb, 0x6d, 0xb6, 0xdb,
    0x6e, 0xd5, 0x55, 0x55, 0x7d, 0x54, 0xcd, 0x36, 0xdb, 0x6d, 0xda, 0xee, 0xf9, 0xb3, 0x6d, 0xb6,
    0xdb, 0x6d, 0xb6, 0xdb, 0x6d, 0xb6, 0xdb, 0x6d, 0xb6, 0xdb, 0x6d, 0xb6, 0xdb, 0x6e, 0xe3, 0x6d,
    0xb6, 0xdb, 0x6d, 0xb6, 0xdb, 0x6d, 0xb6, 0xdb, 0x6d, 0xb6, 0xe2, 0xaa, 0xaa, 0xaa, 0xaa, 0xf9,
    0xbe, 0xac, 0xdb, 0x6d, 0xc5, 0x5f, 0x33, 0x7d, 0x9b, 0x6d, 0xb6, 0xdb, 0x6d, 0xb6, 0xdb, 0x6d,
    0xb6, 0xdb, 0x6d, 0xb6, 0xdb, 0x6d, 0xb6, 0xdb, 0xb8, 0xdb, 0x6d, 0xb6, 0xdb, 0x6d, 0xb6, 0xdb,
    0x6d, 0xb6, 0xdb, 0x6d, 0xb6, 0xdb, 0x88, 0xaa, 0xaa, 0x99, 0xbe, 0x6a, 0xd0, 0xdb, 0x8b, 0xbb,
    0xe6, 0x66, 0xcd, 0xb6, 0xdb, 0x6d, 0xb6, 0xdb, 0x6d, 0xb6, 0xdb, 0x6d, 0xb6, 0xdb, 0x6d, 0xb6,
    0xdb, 0x6d, 0xdc, 0x6d, 0xb6, 0xdb, 0x6d, 0xb6, 0xdb, 0x6d, 0xb6, 0xdb, 0x6d, 0xb6, 0xdb, 0x6d,
    0xb6, 0xe2, 0xa6, 0x6f, 0xbe, 0x66, 0x66, 0xad, 0x16, 0xbb, 0x9a, 0x9b, 0xe9, 0xb6, 0xdb, 0x6d,
    0xb6, 0xdb, 0x6d, 0xb6, 0xdb, 0x6d, 0xb6, 0xe2, 0x2d, 0x55, 0x53, 0x56, 0x6d, 0xb7, 0x71, 0xb6,
    0xdb, 0x6d, 0xb6, 0xdb, 0x6d, 0xb6, 0xdb, 0x6d, 0xb6, 0xdb, 0x6d, 0xb6, 0xdb, 0x71, 0x69, 0xbe,
    0x66, 0xee, 0x66, 0x6a, 0xd6, 0xb5, 0xaa, 0x66, 0x61, 0xb6, 0xdb, 0x6d, 0xb6, 0xdb, 0x6d, 0xb6,
    0xdc, 0x45, 0x54, 0xdf, 0x35, 0x6b, 0x5a, 0xad, 0x0d, 0xb6, 0xdd, 0xc6, 0xdb, 0x6d, 0xb6, 0xdb,
    0x6d, 0xb6, 0xdb, 0x6d, 0xb6, 0xdb, 0x6d, 0xb6, 0xdb, 0x6d, 0xb8, 0xbe, 0xfb, 0xef, 0xab, 0xe6,
    0xaa, 0xaa, 0xad, 0x33, 0x33, 0x33, 0x33, 0x55, 0x30, 0xdb, 0x6d, 0xb6, 0xdc, 0x55, 0xf3, 0x7d,
    0x5a, 0xd1, 0x11, 0x11, 0x69, 0x86, 0xdb, 0x6d, 0xbb, 0x8d, 0xb6, 0xdb, 0x6d, 0xb6, 0xdb, 0x6d,
    0xb6, 0xdb, 0x6d, 0xb6, 0xdb, 0x6d, 0xb6, 0xdb, 0x71, 0x6b, 0xbb, 0xb9, 0xbe, 0xf9, 0xaa, 0xaa,
    0xaa, 0x99, 0x99, 0x99, 0x99, 0xbe, 0x1b, 0x6d, 0xb6, 0xe2, 0x6f, 0xbe, 0xf9, 0x88, 0x88, 0x88,
    0x88, 0x88, 0x98, 0x6d, 0xb6, 0xdb, 0x6e, 0xe3, 0x6d, 0xb6, 0xdb, 0x6d, 0xb6, 0xdb, 0x6d, 0xb6,
    0xdb, 0x6d, 0xb6, 0xdb, 0x6d, 0xb6, 0xdb, 0x71, 0x53, 0x35, 0x33, 0x55, 0x55, 0x55, 0x53, 0x33,
    0x7d, 0x43, 0x6d, 0xb8, 0x8a, 0xbe, 0xfb, 0xe6, 0x22, 0x22, 0x22, 0x22, 0x22, 0x2d, 0x50, 0xdb,
    0x6d, 0xb6, 0xdb, 0x77, 0x1b, 0x6d, 0xb6, 0xdb, 0x6d, 0xb6, 0xdb, 0x6d, 0xb6, 0xdb, 0x6d, 0xb6,
    0xdb, 0x6d, 0xb6, 0xdb, 0xb5, 0xf3, 0x55, 0x55, 0x35, 0x55, 0x55, 0x53, 0x7d, 0xf3, 0x68, 0x6e,
    0x2d, 0x57, 0xdf, 0x7d, 0x44, 0x44, 0x44, 0x44, 0x44, 0x44, 0x5a, 0xd0, 0xdb, 0x6d, 0xb6, 0xdb,
    0x6d, 0xdc, 0x6d, 0xb6, 0xdb, 0x6d, 0xb6, 0xdb, 0x6d, 0xb6, 0xdb, 0x6d, 0xb6, 0xdb, 0x6d, 0xb6,
    0xdb, 0x71, 0x53, 0x33, 0x35, 0x57, 0xdf, 0x53, 0x37, 0xdf, 0x6a, 0x99, 0xb4, 0x5a, 0xaf, 0xbe,
    0x6a, 0xd1, 0x11, 0x11, 0x11, 0x11, 0x6b, 0x54, 0xd5, 0xad, 0x68, 0x6d, 0xb6, 0xdb, 0x6d, 0xb7,
    0x71, 0xb6, 0xdb, 0x6d, 0xb6, 0xdb, 0x6d, 0xb6, 0xdb, 0x6d, 0xb6, 0xdb, 0x6d, 0xb6, 0xdb, 0x6e,
    0x2d, 0x7d, 0xf7, 0xdf, 0x77, 0x35, 0x55, 0x55, 0x55, 0x53, 0x33, 0x33, 0x7d, 0xdc, 0xd5, 0xad,
    0x11, 0x16, 0xaa, 0xb5, 0x4d, 0x5a, 0xd1, 0x11, 0x16, 0xb4, 0x36, 0xdb, 0x6d, 0xb6, 0xdb, 0x77,
    0x1b, 0x6d, 0xb6, 0xdb, 0x6d, 0xb6, 0xdb, 0x6d, 0xb6, 0xdb, 0x6d, 0xb6, 0xdb, 0x6d, 0xb6, 0xdd,
    0xae, 0xef, 0xbe, 0xee, 0xfb, 0xb9, 0xaa, 0xaa, 0xa9, 0xbb, 0xbe, 0xd5, 0x7d, 0xdc, 0xda, 0xd6,
    0xb4, 0xda, 0xd6, 0xb5, 0xad, 0x6b, 0x5a, 0x22, 0x22, 0xd5, 0x68, 0x6d, 0xb6, 0xdb, 0x6d, 0xb6,
    0xdb, 0xb8, 0xdb, 0x6d, 0xb6, 0xdb, 0x6d, 0xb6, 0xdb, 0x6d, 0xb6, 0xdb, 0x6d, 0xb6, 0xdb, 0x6d,
    0xb6, 0xe2, 0xd7, 0x77, 0xd5, 0x5a, 0x6f, 0xbb, 0xba, 0xbe, 0x66, 0xfb, 0xab, 0xbb, 0xba, 0xb5,
    0xae, 0xea, 0xd6, 0xb5, 0xad, 0x6b, 0x5a, 0xd1, 0x11, 0x11, 0x69, 0x88, 0x6d, 0xb6, 0xdb, 0x6d,
    0xb6, 0xdb, 0x6e, 0xe3, 0x6d, 0xb6, 0xdb, 0x6d, 0xb6, 0xdb, 0x6d, 0xb6, 0xdb, 0x6d, 0xb6, 0xdb,
    0x6d, 0xb6, 0xdb, 0x71, 0x6b, 0x4d, 0xa2, 0xd7, 0xda, 0xd6, 0xaa, 0xa9, 0x99, 0xbe, 0xad, 0x6b,
    0x5a, 0xd6, 0xb4, 0x44, 0x44, 0x44, 0x45, 0xa9, 0xb6, 0xdb, 0x6d, 0xb6, 0xdb, 0x6d, 0xb6, 0xdb,
    0xb8, 0xdb, 0x6d, 0xb6, 0xdb, 0x6d, 0xb6, 0xdb, 0x6d, 0xb6, 0xdb, 0x6d, 0xc4, 0x43, 0x6d, 0xb6,
    0xdb, 0x8a, 0x99, 0xaa, 0x9a, 0xaa, 0xaa, 0x99, 0x99, 0x9a, 0xb4, 0x44, 0x44, 0x44, 0x44, 0x44,
    0x5a, 0xd3, 0x0d, 0xb6, 0xdb, 0x6d, 0xb6, 0xdb, 0x6d, 0xb6, 0xdb, 0x77, 0x1b, 0x6d, 0xb6, 0xdb,
    0x6d, 0xb6, 0xdb, 0x6d, 0xb6, 0xdb, 0x6d, 0xc5, 0xa6, 0xcd, 0xb6, 0xdb, 0x6e, 0x2a, 0x6f, 0x9a,
    0x9a, 0xaa, 0xa9, 0xbe, 0x6f, 0xbe, 0x66, 0xd6, 0x88, 0x88, 0x8b, 0x5a, 0xd6, 0xa8, 0x6d, 0xb6,
    0xdb, 0x6d, 0xb6, 0xdb, 0x6d, 0xb6, 0xdb, 0x6d, 0xdc, 0x6d, 0xb6, 0xdb, 0x6d, 0xb6, 0xdb, 0x6d,
    0xb6, 0xdb, 0x6d, 0xb7, 0x15, 0x53, 0x66, 0xdb, 0x6d, 0xb7, 0x13, 0x77, 0x7c, 0xcd, 0xf3, 0x33,
    0x37, 0xd4, 0xcc, 0xd5, 0xad, 0x36, 0xb4, 0x44, 0x36, 0xdb, 0x6d, 0xb6, 0xdb, 0x6d, 0xb6, 0xdb,
    0x6d, 0xb6, 0xdb, 0x6d, 0xdc, 0x6d, 0xb6, 0xdb, 0x6d, 0xb6, 0xdb, 0x6d, 0xb6, 0xdb, 0x6d, 0xb7,
    0x69, 0xaa, 0x9a, 0x9b, 0xec, 0xdb, 0x8a, 0xab, 0xe6, 0x6f, 0x99, 0xbe, 0xfb, 0xab, 0xab, 0xef,
    0xaa, 0xaa, 0xa9, 0xaa, 0xab, 0x36, 0xdb, 0x6d, 0xb6, 0xdb, 0x6d, 0xb6, 0xdb, 0x6d, 0xb6, 0xdb,
    0x6d, 0xb7, 0x71, 0xb6, 0xdb, 0x6d, 0xb6, 0xdb, 0x6d, 0xb6, 0xdb, 0x6d, 0xb6, 0xe2, 0xd5, 0x55,
    0x37, 0xcc, 0xd5, 0x54, 0xd5, 0x55, 0xf3, 0x55, 0x33, 0x75, 0x33, 0x37, 0xcc, 0xcc, 0xd5, 0xad,
    0x6b, 0x55, 0xf5, 0x36, 0x86, 0xdb, 0x6d, 0xb6, 0xdb, 0x6d, 0xb6, 0xdb, 0x6d, 0xb6, 0xdb, 0x6e,
    0xe3, 0x6d, 0xb6, 0xdb, 0x6d, 0xb6, 0xdb, 0x6d, 0xb6, 0xdb, 0x6d, 0xc5, 0x55, 0x55, 0x55, 0x54,
    0xcc, 0xd5, 0x55, 0x4d, 0xf5, 0x6b, 0xe6, 0x66, 0x1b, 0x6e, 0xf9, 0xb5, 0x5a, 0xd6, 0xb5, 0xad,
    0x53, 0x53, 0x36, 0x86, 0xdb, 0x6d, 0xb6, 0xdb, 0x6d, 0xb6, 0xdb, 0x6d, 0xb6, 0xee, 0x36, 0xdb,
    0x6d, 0xb6, 0xdb, 0x6d, 0xb6, 0xdb, 0x6d, 0xb6, 0xdc, 0x4d, 0x55, 0x55, 0x55, 0x55, 0x4d, 0xdd,
    0x55, 0x54, 0xcc, 0xcc, 0xcc, 0xdd, 0xcc, 0xdf, 0x33, 0x56, 0xb5, 0xae, 0xee, 0xe6, 0xaa, 0xd6,
    0xb5, 0xa6, 0x66, 0xa6, 0xfa, 0xb4, 0x45, 0xa2, 0x22, 0x21, 0xb6, 0xdb, 0x6d, 0xb6, 0xdd, 0xc6,
    0xdb, 0x6d, 0xb6, 0xdb, 0x6d, 0xb6, 0xdb, 0x6d, 0xb6, 0xdb, 0x8a, 0xaa, 0xaa, 0xaa, 0xaa, 0xaa,
    0x99, 0x9b, 0x54, 0xcc, 0xcc, 0xcc, 0xdd, 0xdf, 0x77, 0x77, 0x7d, 0xdd, 0x45, 0xad, 0x6b, 0x5a,
    0xd6, 0xb5, 0x55, 0x5a, 0xd1, 0x6a, 0x9a, 0xaa, 0x99, 0xaa, 0xb5, 0xaa, 0x61, 0xb6, 0xdb, 0x6d,
    0xb7, 0x71, 0xb6, 0xdb, 0x6d, 0xb6, 0xdb, 0x6d, 0xb6, 0xdb, 0x6d, 0xb6, 0xe2, 0xd3, 0x33, 0x55,
    0x55, 0x55, 0x37, 0xd5, 0xad, 0x55, 0x55, 0x33, 0x57, 0xdd, 0xdf, 0x7d, 0xf7, 0xdd, 0xdf, 0x7d,
    0x5a, 0xd5, 0x35, 0x6b, 0x5a, 0xd1, 0x16, 0x88, 0x88, 0x88, 0x88, 0x88, 0xb5, 0x4d, 0xad, 0x30,
    0xdb, 0x6d, 0xb6, 0xdd, 0xc6, 0xdb, 0x6d, 0xb6, 0xdb, 0x6d, 0xb6, 0xdb, 0x6d, 0xb6, 0xdb, 0x71,
    0x53, 0x33, 0x33, 0x33, 0x77, 0x7c, 0xd5, 0x55, 0x55, 0x55, 0x55, 0x55, 0xdd, 0xf7, 0xdf, 0x7d,
    0xf7, 0xdd, 0xda, 0x1b, 0x71, 0x16, 0xb4, 0x44, 0x44, 0x44, 0x44, 0x44, 0x44, 0x44, 0x45, 0xa6,
    0xd6, 0xa6, 0xdb, 0x6d, 0xb6, 0xee, 0x36, 0xdb, 0x6d, 0xb6, 0xdb, 0x6d, 0xb6, 0xdb, 0x6d, 0xb6,
    0xdc, 0x5a, 0xa6, 0xfb, 0xe6, 0xf9, 0xbe, 0xf9, 0x99, 0x9a, 0xaa, 0xaa, 0xaa, 0x9b, 0xab, 0xef,
    0xbe, 0xfb, 0xef, 0xbe, 0x61, 0xb6, 0xdb, 0x71, 0x6b, 0x44, 0x44, 0x44, 0x5a, 0xd1, 0x11, 0x11,
    0x11, 0x35, 0x52, 0xdb, 0x6d, 0xb6, 0xdd, 0xc6, 0xdb, 0x6d, 0xb6, 0xdb, 0x6d, 0xb6, 0xdb, 0x6d,
    0xb7, 0x17, 0xcd, 0xa2, 0xac, 0xdb, 0x71, 0x7c, 0xcd, 0xf3, 0x33, 0x33, 0x33, 0x33, 0x77, 0x7d,
    0xf7, 0xdf, 0x7d, 0xf7, 0xdf, 0x7d, 0xa1, 0xb6, 0xdb, 0x6e, 0x2d, 0x11, 0x11, 0x11, 0x6b, 0x44,
    0x44, 0x44, 0x4d, 0x55, 0x36, 0xdb, 0x6d, 0xb7, 0x71, 0xb6, 0xdb, 0x6d, 0xb6, 0xdb, 0x6d, 0xb6,
    0xdb, 0x89, 0xaa, 0xa8, 0xb5, 0x5f, 0x50, 0xdb, 0x76, 0x99, 0x99, 0x9b, 0xef, 0xbb, 0xbe, 0xfb,
    0xe2, 0x26, 0xee, 0xfb, 0xee, 0xe6, 0xa6, 0x66, 0xfb, 0xbb, 0xb8, 0x6d, 0xb6, 0xe2, 0x22, 0x22,
    0x22, 0x2d, 0x11, 0x11, 0x11, 0x35, 0x36, 0x6d, 0xb6, 0xdb, 0x6e, 0xe3, 0x6d, 0xb6, 0xdb, 0x6d,
    0xb6, 0xdb, 0x6d, 0xb8, 0xaa, 0xa9, 0x99, 0x99, 0x9b, 0x36, 0xdb, 0x76, 0x99, 0x99, 0x99, 0x9b,
    0x43, 0x6d, 0xb6, 0xdb, 0x73, 0x77, 0x7d, 0xf3, 0x77, 0x7d, 0x43, 0x6d, 0xba, 0xb4, 0x44, 0x44,
    0x5a, 0xa2, 0x22, 0x22, 0x6a, 0xf8, 0x6d, 0xb6, 0xdb, 0x6e, 0xe3, 0x6d, 0xb6, 0xdb, 0x6d, 0xb6,
    0xdb, 0x6e, 0x2a, 0xaa, 0xaa, 0xaa, 0x66, 0x69, 0xb6, 0xdb, 0x6e, 0x22, 0x22, 0x1b, 0x6d, 0xb6,
    0xdb, 0x6d, 0xb8, 0x9b, 0xee, 0xee, 0xef, 0xbe, 0xf9, 0xb3, 0x6d, 0xc5, 0xa2, 0x22, 0x22, 0xd5,
    0x11, 0x11, 0x69, 0xaa, 0x6d, 0xb6, 0xdb, 0x6d, 0xdc, 0x6d, 0xb6, 0xdb, 0x6d, 0xb6, 0xdb, 0x71,
    0x6a, 0xaa, 0xaa, 0xaa, 0xa9, 0x99, 0x86, 0xdb, 0x6d, 0xb6, 0xdb, 0x6d, 0xb6, 0xdb, 0x6d, 0xb6,
    0xdb, 0x8b, 0xef, 0xbe, 0xfb, 0xef, 0xbe, 0xf9, 0x86, 0xdc, 0xc4, 0x44, 0x45, 0xad, 0x68, 0x88,
    0x9a, 0x98, 0x6d, 0xb6, 0xdb, 0x6d, 0xdc, 0x6d, 0xb6, 0xdb, 0x6d, 0xb6, 0xdc, 0x5a, 0x6a, 0xaa,
    0xaa, 0xaa, 0xaa, 0x66, 0x5b, 0x6d, 0xb6, 0xdb, 0x6d, 0xb6, 0xdb, 0x6d, 0xb6, 0xdb, 0x6d, 0xba,
    0xbe, 0xfb, 0xef, 0xbe, 0xfb, 0xef, 0xbe, 0xa1, 0xda, 0xd1, 0x11, 0x16, 0xab, 0x44, 0x5a, 0x6a,
    0x9b, 0x6d, 0xb6, 0xdb, 0x6e, 0xe3, 0x6d, 0xb6, 0xdb, 0x6d, 0xb7, 0x15, 0x55, 0x55, 0x55, 0x55,
    0x55, 0x53, 0x34, 0xdb, 0x6d, 0xb6, 0xdb, 0x6d, 0xb6, 0xdb, 0x6d, 0xb6, 0xdb, 0x6d, 0xda, 0x6f,
    0xbe, 0xfb, 0xef, 0xbe, 0xfb, 0xef, 0xbe, 0xd1, 0x51, 0x11, 0x16, 0xa8, 0x8b, 0x4d, 0x4c, 0x36,
    0xdb, 0x6d, 0xb6, 0xdd, 0xc6, 0xdb, 0x6d, 0xb6, 0xdb, 0x71, 0x35, 0x55, 0x55, 0x55, 0x55, 0x55,
    0x33, 0x30, 0xdb, 0x6d, 0xb6, 0xdb, 0x6d, 0xb6, 0xdb, 0x6d, 0xb6, 0xdb, 0x6d, 0xda, 0x66, 0x6f,
    0xbe, 0xfb, 0xef, 0xbe, 0xfb, 0xee, 0xed, 0x51, 0x11, 0x6b, 0x5a, 0x2d, 0x35, 0x30, 0xdb, 0x6d,
    0xb6, 0xdb, 0x6e, 0xe3, 0x6d, 0xb6, 0xdb, 0x6d, 0xda, 0x6a, 0xaa, 0xaa, 0xaa, 0xaa, 0xaa, 0x66,
    0x69, 0xb6, 0xdb, 0x6d, 0xb6, 0xdb, 0x6d, 0xb6, 0xdb, 0x6d, 0xb6, 0xdb, 0x76, 0x99, 0x99, 0xbe,
    0xfb, 0xef, 0xbe, 0xfb, 0xef, 0xbb, 0x98, 0x88, 0xb5, 0x5a, 0xa6, 0x6d, 0x0d, 0xb6, 0xdb, 0x6d,
    0xb6, 0xdd, 0xc6, 0xdb, 0x6d, 0xb6, 0xdd, 0xa6, 0x6a, 0xaa, 0xaa, 0xaa, 0xaa, 0x66, 0x66, 0x69,
    0xb6, 0xdb, 0x6d, 0xb6, 0xdb, 0x6d, 0xb6, 0xdb, 0x6d, 0xb6, 0xdb, 0x6e, 0x66, 0x66, 0x66, 0xfb,
    0xef, 0xbe, 0xfb, 0xef, 0x98, 0x88, 0xab, 0x4c, 0xda, 0x1b, 0x6d, 0xb6, 0xdb, 0x6d, 0xb6, 0xee,
    0x36, 0xdb, 0x6d, 0xb8, 0xab, 0xe6, 0x6a, 0xaa, 0xaa, 0xa6, 0x66, 0x66, 0x66, 0x61, 0xb6, 0xdb,
    0x6d, 0xb6, 0xdb, 0x6d, 0xb6, 0xdb, 0x6d, 0xb6, 0xdb, 0x6e, 0x2f, 0x99, 0x9b, 0xee, 0xef, 0xbe,
    0xee, 0xfb, 0xef, 0xa8, 0x8a, 0xa9, 0xb4, 0x36, 0xdb, 0x6d, 0xb6, 0xdb, 0x6d, 0xb7, 0x71, 0xb6,
    0xdb, 0x76, 0xb5, 0xaf, 0x99, 0x99, 0x99, 0x99, 0x99, 0x99, 0x99, 0x99, 0xbd, 0xb6, 0xdb, 0x6d,
    0xb6, 0xdb, 0x6d, 0xb6, 0xdb, 0x6d, 0xb6, 0xdb, 0x6d, 0xb8, 0xab, 0xe6, 0xa6, 0xfb, 0xef, 0xbe,
    0x6f, 0xb4, 0x4c, 0xda, 0x1b, 0x6d, 0xb6, 0xdb, 0x6d, 0xb6, 0xdb, 0x6e, 0xe3, 0x6d, 0xb8, 0xb5,
    0x54, 0xdf, 0x33, 0x6a, 0xbe, 0x66, 0x6f, 0x9b, 0xef, 0x99, 0x99, 0x86, 0xdb, 0x6d, 0xb6, 0xdb,
    0x6d, 0xb6, 0xdb, 0x6d, 0xb6, 0xdb, 0x6d, 0xb6, 0xdb, 0x71, 0x69, 0xa8, 0x8b, 0x55, 0xf3, 0x51,
    0x0d, 0xb6, 0xdb, 0x6d, 0xb6, 0xdb, 0x6d, 0xb6, 0xdd, 0xc6, 0xdb, 0x8b, 0x5a, 0x1c, 0x5f, 0x6b,
    0x5a, 0x66, 0x66, 0x66, 0xa6, 0x6f, 0x9b, 0x36, 0xdb, 0x6d, 0xb6, 0xdb, 0x6d, 0xb6, 0xdb, 0x6d,
    0xb6, 0xdb, 0x6d, 0xb6, 0xdb, 0x6d, 0xb8, 0xb4, 0x37, 0x11, 0x0d, 0xb6, 0xdb, 0x6d, 0xb6, 0xdb,
    0x6d, 0xb6, 0xdb, 0x6e, 0xe3, 0x6d, 0xb6, 0xdc, 0x55, 0xad, 0x55, 0x33, 0x55, 0x55, 0x68, 0x6d,
    0xb6, 0xdb, 0x6d, 0xb6, 0xdb, 0x6d, 0xb6, 0xdb, 0x6d, 0xb6, 0xdb, 0x6d, 0xb6, 0xdb, 0x6d, 0xb6,
    0xdb, 0x6d, 0xb6, 0xdb, 0x6d, 0xb6, 0xdb, 0x6d, 0xb6, 0xdb, 0x6d, 0xb6, 0xee, 0x36, 0xdb, 0x6d,
    0xda, 0xaa, 0xd0, 0xdb, 0x71, 0x55, 0x0d, 0xb6, 0xdb, 0x6d, 0xb6, 0xdb, 0x6d, 0xb6, 0xdb, 0x6d,
    0xb6, 0xdb, 0x6d, 0xb6, 0xdb, 0x6d, 0xb6, 0xdb, 0x6d, 0xb6, 0xdb, 0x6d, 0xb6, 0xdb, 0x6d, 0xb6,
    0xdb, 0x6d, 0xb6, 0xdb, 0xb8
};

const HuffmanFrequency SPRITE_46_FREQS[] = {
    {0x0a, 51},
    {0x23, 6},
    {0x2a, 47},
    {0x2b, 232},
    {0x2d, 442},
    {0x2e, 366},
    {0x3a, 276},
    {0x3d, 409},
    {0xa0, 3222},
    {0xc2, 3222}
};
}

const HuffmanEncodedSprite SPRITE_46 = {
    SPRITE_46_BYTES,
    static_cast<int>(sizeof(SPRITE_46_BYTES) / sizeof(SPRITE_46_BYTES[0])),
    18087,
    8273,
    SPRITE_46_FREQS,
    static_cast<int>(sizeof(SPRITE_46_FREQS) / sizeof(SPRITE_46_FREQS[0]))
};

namespace
{
const unsigned char SPRITE_47_BYTES[] = {
    0x98, 0xdb, 0x6d, 0xb6, 0xdb, 0x6d, 0xb6, 0xdb, 0x6d, 0xb6, 0xdb, 0x6d, 0xb6, 0xdb, 0x6d, 0xb6,
    0xec, 0xb2, 0xac, 0x6d, 0xb6, 0xdb, 0x6d, 0xb6, 0xdb, 0x6d, 0xb6, 0xdb, 0x6d, 0xb6, 0xdb, 0x6d,
    0xb6, 0xdb, 0x6d, 0xb6, 0xdb, 0x6d, 0xb6, 0xdc, 0xc6, 0xdb, 0x6d, 0xb6, 0xdb, 0x6d, 0xb6, 0xdb,
    0x6d, 0xb6, 0xdb, 0x6d, 0xb7, 0x2b, 0xaa, 0xa5, 0x11, 0x11, 0x11, 0x11, 0x75, 0x8d, 0xb6, 0xdb,
    0x6d, 0xb6, 0xdb, 0x6d, 0xb6, 0xdb, 0x6d, 0xb6, 0xdb, 0x6d, 0xb6, 0xdb, 0x6d, 0xb6, 0xdb, 0x6d,
    0xb7, 0x31, 0xb6, 0xdb, 0x6d, 0xb6, 0xdb, 0x6d, 0xb6, 0xdb, 0x6d, 0xb6, 0xdb, 0xab, 0xac, 0x95,
    0x54, 0x5b, 0x11, 0x17, 0x44, 0x5d, 0x11, 0x75, 0x8d, 0xb6, 0xdb, 0x6d, 0xb6, 0xdb, 0x6d, 0xb6,
    0xdb, 0x6d, 0xb6, 0xdb, 0x6d, 0xb6, 0xdb, 0x6d, 0xb6, 0xdb, 0x6d, 0xb9, 0x8d, 0xb6, 0xdb, 0x6d,
    0xb6, 0xdb, 0x6d, 0xb6, 0xdb, 0x6d, 0xb7, 0x29, 0xb6, 0x59, 0x64, 0x54, 0x45, 0xb1, 0x11, 0x6c,
    0x45, 0xd7, 0x4a, 0x51, 0x63, 0x6d, 0xb6, 0xdb, 0x6d, 0xb6, 0xdb, 0x6d, 0xb6, 0xdb, 0x6d, 0xb6,
    0xdb, 0x6d, 0xb6, 0xdb, 0x6d, 0xb6, 0xdb, 0x73, 0x1b, 0x6d, 0xb6, 0xdb, 0x6d, 0xb6, 0xdb, 0x6d,
    0xb6, 0xdb, 0x94, 0xdb, 0x6d, 0xb2, 0xca, 0x94, 0x44, 0x5d, 0x11, 0x17, 0x4a, 0x52, 0xba, 0xe9,
    0x43, 0x6d, 0xb6, 0xdb, 0x6d, 0xb6, 0xdb, 0x6d, 0xb6, 0xdb, 0x6d, 0xb6, 0xdb, 0x6d, 0xb6, 0xdb,
    0x6d, 0xb6, 0xdb, 0x6e, 0x63, 0x6d, 0xb6, 0xdb, 0x6d, 0xb6, 0xdb, 0x6d, 0xb6, 0xdd, 0x4a, 0x56,
    0xdb, 0x6c, 0x54, 0xae, 0x9b, 0x6d, 0xb1, 0x29, 0x4a, 0xe8, 0x88, 0x95, 0xb7, 0x36, 0xdb, 0x6d,
    0xb6, 0xdb, 0x6d, 0xb6, 0xdb, 0x6d, 0xb6, 0xdb, 0x6d, 0xb6, 0xdb, 0x6d, 0xb6, 0xdb, 0x6d, 0xb6,
    0xdc, 0xc6, 0xdb, 0x6d, 0xb6, 0xdb, 0x6d, 0xb6, 0xdb, 0x6e, 0xc8, 0xb2, 0xca, 0xb6, 0x6c, 0xf3,
    0xdd, 0x17, 0x4a, 0xe8, 0x88, 0xba, 0xeb, 0xad, 0x95, 0x5d, 0x75, 0x36, 0xdb, 0x6d, 0xb6, 0xdb,
    0x6d, 0xb6, 0xdb, 0x6d, 0xb6, 0xdb, 0x6d, 0xb6, 0xdb, 0x6d, 0xb6, 0xdb, 0x6d, 0xb6, 0xdc, 0xc6,
    0xdb, 0x6d, 0xb6, 0xdb, 0x6d, 0xb6, 0xdb, 0xb2, 0xd9, 0xb5, 0x51, 0x2a, 0x9e, 0xfb, 0xef, 0x9e,
    0x6d, 0x5d, 0x75, 0x8d, 0xb8, 0x94, 0xa5, 0x4d, 0xb6, 0xdb, 0x6d, 0xb6, 0xdb, 0x6d, 0xb6, 0xdb,
    0x6d, 0xb6, 0xdb, 0x6d, 0xb6, 0xdb, 0x6d, 0xb6, 0xdb, 0x6d, 0xb6, 0xdc, 0xc6, 0xdb, 0x6d, 0xb6,
    0xdb, 0x6d, 0xb6, 0xdd, 0x93, 0xcf, 0x36, 0x55, 0x36, 0xfb, 0x62, 0x2d, 0xbe, 0xf9, 0xb5, 0x2a,
    0x6d, 0xca, 0x52, 0x94, 0x36, 0xdb, 0x6d, 0xb6, 0xdb, 0x6d, 0xb6, 0xdb, 0x6d, 0xb6, 0xdb, 0x6d,
    0xb6, 0xdb, 0x6d, 0xb6, 0xdb, 0x6d, 0xb6, 0xdb, 0x6e, 0x63, 0x6d, 0xb6, 0xdb, 0x6d, 0xb6, 0xdb,
    0x75, 0x13, 0xdf, 0x7c, 0xf5, 0x75, 0xf7, 0xdf, 0x7d, 0xf7, 0xd4, 0xaa, 0xa1, 0xb9, 0x55, 0x4a,
    0x4d, 0xb6, 0xdb, 0x6d, 0xb6, 0xdb, 0x6d, 0xb6, 0xdb, 0x6d, 0xb6, 0xdb, 0x6d, 0xb6, 0xdb, 0x6d,
    0xb6, 0xdb, 0x6d, 0xb6, 0xdb, 0x73, 0x1b, 0x6d, 0xb6, 0xdb, 0x6d, 0xb6, 0xdb, 0xba, 0xaa, 0x6d,
    0xf3, 0xcf, 0x74, 0x5b, 0x7d, 0xf7, 0x37, 0x2a, 0x94, 0xac, 0xb2, 0x55, 0x50, 0xdb, 0x6d, 0xb6,
    0xec, 0x94, 0xa9, 0xb6, 0xdb, 0x6d, 0xb6, 0xdb, 0x6d, 0xb6, 0xdb, 0x6d, 0xb6, 0xdb, 0x6d, 0xb6,
    0xdb, 0x6d, 0xb6, 0xe6, 0x36, 0xdb, 0x6d, 0xb6, 0xdb, 0x6d, 0xd9, 0x15, 0x55, 0x55, 0x2b, 0xa2,
    0xeb, 0x2c, 0xa9, 0x49, 0xd9, 0x12, 0x95, 0x44, 0xa5, 0x4d, 0xb6, 0xdb, 0x6e, 0x2c, 0xb2, 0xca,
    0x95, 0x8d, 0xb6, 0xdb, 0x6d, 0xb6, 0xdb, 0x6d, 0xb6, 0xdb, 0x6d, 0xb6, 0xdb, 0x6d, 0xb6, 0xdb,
    0x6d, 0xcc, 0x6d, 0xb6, 0xdb, 0x6d, 0xb6, 0xdb, 0x95, 0x55, 0x55, 0x55, 0x4a, 0x22, 0x2a, 0x51,
    0x4d, 0xc5, 0x4a, 0xe9, 0x44, 0x55, 0x55, 0x55, 0x45, 0x8e, 0xcb, 0xa2, 0x55, 0x28, 0x6d, 0xb6,
    0xdb, 0x6d, 0xb6, 0xdb, 0x6d, 0xb6, 0xdb, 0x6d, 0xb6, 0xdb, 0x6d, 0xb6, 0xdb, 0x6d, 0xcc, 0x6d,
    0xb6, 0xdb, 0x6d, 0xb6, 0xdd, 0x45, 0x92, 0xaa, 0xba, 0xaa, 0x51, 0x11, 0x0e, 0xa2, 0x22, 0x52,
    0x94, 0xa5, 0x29, 0x55, 0x55, 0x54, 0xa2, 0xa5, 0x6d, 0x8d, 0xb6, 0xdb, 0x6d, 0xb6, 0xdb, 0x6d,
    0xb6, 0xdb, 0x6d, 0xb6, 0xdb, 0x6d, 0xb6, 0xdb, 0x6d, 0xb6, 0xdb, 0x73, 0x1b, 0x6d, 0xb6, 0xdb,
    0x6d, 0xb6, 0xdb, 0xaa, 0xba, 0xeb, 0x65, 0x13, 0x6f, 0xbe, 0xf8, 0x72, 0x9b, 0x65, 0x96, 0x55,
    0x55, 0xb7, 0xdf, 0x6d, 0x55, 0x54, 0x55, 0x4a, 0x52, 0x95, 0xb6, 0x36, 0xdb, 0x6d, 0xb6, 0xdb,
    0x6d, 0xb6, 0xdb, 0x6d, 0xb6, 0xdb, 0x6d, 0xb6, 0xdb, 0x6d, 0xb6, 0xdc, 0xc6, 0xdb, 0x6d, 0xb6,
    0xdb, 0x6d, 0xb6, 0xea, 0x4d, 0xd9, 0x6d, 0xf7, 0xdf, 0x3d, 0xb5, 0x2b, 0xad, 0xab, 0x2a, 0x27,
    0xbe, 0xfb, 0x6a, 0xaa, 0xaa, 0xaa, 0xaa, 0x25, 0x29, 0x4a, 0x51, 0x63, 0x6d, 0xb6, 0xdb, 0x6d,
    0xb6, 0xdb, 0x6d, 0xb6, 0xdb, 0x6d, 0xb6, 0xdb, 0x6d, 0xb6, 0xdb, 0x73, 0x1b, 0x6d, 0xb6, 0xdb,
    0x6d, 0xb6, 0xdb, 0x6d, 0xb6, 0xee, 0x9e, 0x2e, 0xa9, 0x54, 0x5b, 0x11, 0x7d, 0xf7, 0xdb, 0x55,
    0x55, 0x55, 0x55, 0x55, 0x55, 0x52, 0x94, 0xa5, 0x28, 0x6d, 0xbb, 0x25, 0x17, 0x44, 0xaa, 0xae,
    0x6d, 0xb6, 0xdb, 0x6d, 0xb6, 0xdb, 0x6d, 0xb6, 0xdb, 0x6d, 0xb7, 0x31, 0xb6, 0xdb, 0x6d, 0xb6,
    0xdb, 0x6d, 0xb6, 0xdb, 0x6d, 0xdd, 0x13, 0x62, 0xa2, 0x53, 0x67, 0xbe, 0xf9, 0xb5, 0x55, 0x12,
    0xaa, 0xaa, 0xaa, 0xaa, 0xaa, 0xa9, 0x4a, 0x2e, 0xa6, 0xdb, 0x6e, 0x55, 0x55, 0x56, 0xdb, 0x6c,
    0xd9, 0x54, 0xa2, 0xeb, 0xad, 0xb6, 0xe8, 0xa6, 0xdb, 0x6d, 0xb6, 0xdb, 0x6d, 0xb9, 0x8d, 0xb6,
    0xdb, 0x6d, 0xb6, 0xdb, 0x6d, 0xb6, 0xdb, 0x6d, 0xd4, 0xf3, 0xdd, 0x29, 0x5b, 0x7c, 0xf1, 0x55,
    0x2b, 0x2c, 0xaa, 0xaa, 0xaa, 0xaa, 0xa9, 0x4a, 0x22, 0xe8, 0x6d, 0xb6, 0xea, 0xea, 0xaa, 0xba,
    0xdb, 0x6e, 0x95, 0xb3, 0x66, 0xdd, 0x56, 0xdb, 0x6c, 0xd9, 0xee, 0xaa, 0xaa, 0xb2, 0xa5, 0x74,
    0x58, 0xdb, 0x6d, 0xb9, 0x8d, 0xb6, 0xdb, 0x6d, 0xb6, 0xdb, 0x6d, 0xb6, 0xdb, 0x6d, 0xb7, 0x6d,
    0xd2, 0xaa, 0xb6, 0xaa, 0xaa, 0xaa, 0xaa, 0xe9, 0x55, 0xd1, 0x11, 0x11, 0x16, 0xcf, 0x7d, 0xf6,
    0xdb, 0x17, 0x5f, 0x7d, 0xd5, 0x55, 0x29, 0xb2, 0x95, 0xd3, 0xcf, 0x3d, 0xd1, 0x3d, 0xf7, 0xdb,
    0x55, 0x52, 0x95, 0x55, 0x96, 0x55, 0x55, 0x54, 0x58, 0xdb, 0x73, 0x1b, 0x6d, 0xb6, 0xdb, 0x6d,
    0xb6, 0xdb, 0x6d, 0xb6, 0xdb, 0x6d, 0xd5, 0xb6, 0xc4, 0xa2, 0x51, 0x16, 0xdb, 0x11, 0x11, 0x75,
    0x97, 0x44, 0x4d, 0xba, 0xeb, 0xef, 0x9e, 0xeb, 0xaf, 0x9e, 0x2f, 0x9e, 0x25, 0x55, 0x55, 0x52,
    0xbe, 0xfb, 0xe6, 0xd4, 0xd8, 0xaa, 0xaa, 0xaa, 0x95, 0xd5, 0x55, 0x55, 0x29, 0x55, 0x55, 0x4a,
    0x9b, 0x98, 0xdb, 0x6d, 0xb6, 0xdb, 0x6d, 0xb6, 0xdb, 0x6d, 0xb6, 0xdb, 0x6d, 0xb9, 0x5f, 0x3d,
    0xb6, 0xdd, 0x75, 0xd7, 0x5d, 0x74, 0x45, 0xd1, 0x13, 0xcf, 0x11, 0x36, 0xfb, 0xe7, 0xba, 0xdb,
    0xef, 0xb6, 0xeb, 0xa2, 0xdb, 0xae, 0x8a, 0xaa, 0x9e, 0xfb, 0xe6, 0xd5, 0x55, 0x54, 0x55, 0x54,
    0x55, 0x55, 0x55, 0x4a, 0x55, 0x55, 0x2a, 0xa9, 0x39, 0x8d, 0xb6, 0xdb, 0x6d, 0xb6, 0xdb, 0x6d,
    0xb6, 0xdb, 0x6d, 0xb6, 0xdb, 0x8a, 0x95, 0xd1, 0x29, 0x4a, 0x52, 0x94, 0xae, 0x89, 0xb7, 0xcd,
    0x89, 0x55, 0xd7, 0xdf, 0x7c, 0xf7, 0x4f, 0x6d, 0x8d, 0xb6, 0xdb, 0x6d, 0xd9, 0x56, 0xcf, 0x36,
    0xaa, 0xea, 0xb2, 0xaa, 0x56, 0xd5, 0x55, 0x55, 0x5d, 0x55, 0x55, 0x75, 0x54, 0xa5, 0x31, 0xb6,
    0xdb, 0x6d, 0xb6, 0xdb, 0x6d, 0xb6, 0xdb, 0x6d, 0xb6, 0xdd, 0x4a, 0xaa, 0x2d, 0xaa, 0x94, 0x4a,
    0x51, 0x75, 0xd7, 0xdf, 0x15, 0x55, 0x55, 0x74, 0xf2, 0xb1, 0xb6, 0xdb, 0x6d, 0xb6, 0xdb, 0x6d,
    0xb6, 0xea, 0x55, 0x55, 0x52, 0xb6, 0xaa, 0xaa, 0xa2, 0x2a, 0xaa, 0x52, 0xaa, 0xba, 0xe9, 0x8d,
    0xb6, 0xdb, 0x6d, 0xb6, 0xdb, 0x6d, 0xb6, 0xdb, 0x6d, 0xb7, 0x15, 0x13, 0xdf, 0x7d, 0xf7, 0xdf,
    0x3c, 0xd9, 0xb3, 0xdf, 0x7d, 0xf6, 0xd5, 0x55, 0x55, 0x4a, 0xe8, 0x93, 0x6d, 0xb6, 0xdb, 0x6d,
    0xb6, 0xdb, 0x6d, 0xbb, 0x2d, 0x95, 0x55, 0x4a, 0x6c, 0x44, 0x44, 0x45, 0x55, 0x55, 0xd5, 0x28,
    0xb6, 0xd9, 0x8d, 0xb6, 0xdb, 0x6d, 0xb6, 0xdb, 0x6d, 0xb6, 0xdb, 0x6d, 0xd4, 0xad, 0x9e, 0x6d,
    0xb3, 0xdf, 0x7d, 0xf7, 0xdf, 0x7d, 0xf7, 0xdf, 0x3c, 0xaa, 0xaa, 0xaa, 0xaa, 0x22, 0x2e, 0xb1,
    0xb6, 0xdb, 0x6d, 0xb6, 0xdb, 0x6d, 0xb6, 0xdb, 0xb2, 0xeb, 0x62, 0x22, 0x2e, 0x95, 0xd1, 0x11,
    0x17, 0x5d, 0x11, 0x17, 0x5d, 0x13, 0x1b, 0x6d, 0xb6, 0xdb, 0x6d, 0xb6, 0xdb, 0x6d, 0xb6, 0xdc,
    0x4d, 0x9b, 0x6d, 0xb6, 0xcd, 0xbe, 0xfb, 0xef, 0xbe, 0xfb, 0xef, 0xbe, 0xea, 0xaa, 0xaa, 0xaa,
    0xa9, 0x44, 0x44, 0x53, 0x6d, 0xb6, 0xdb, 0x6d, 0xb6, 0xdb, 0x6d, 0xb6, 0xdb, 0x6d, 0xb6, 0xdb,
    0xb2, 0xeb, 0x6d, 0x88, 0x8b, 0xae, 0x8a, 0x98, 0xdb, 0x6d, 0xb6, 0xdb, 0x6d, 0xb6, 0xdb, 0x6d,
    0xb7, 0x13, 0x6d, 0xb6, 0xdb, 0x6d, 0x9b, 0x3d, 0xf7, 0xdf, 0x7d, 0xf7, 0xdf, 0x36, 0xdb, 0xa2,
    0xaa, 0xaa, 0xa5, 0x11, 0x11, 0x12, 0x6d, 0xb6, 0xdb, 0x6d, 0xb6, 0xdb, 0x6d, 0xb6, 0xdb, 0x6d,
    0xb6, 0xdb, 0x6d, 0xb6, 0xdb, 0x6d, 0xb9, 0x8d, 0xb6, 0xdb, 0x6d, 0xb6, 0xdb, 0x6d, 0xb6, 0xdb,
    0x94, 0xf6, 0xdb, 0x6d, 0xb6, 0xcd, 0x9e, 0xf9, 0xe7, 0x9b, 0x7d, 0xf7, 0xdf, 0x3c, 0xf3, 0xcf,
    0x3c, 0xf3, 0xcf, 0x7d, 0xb1, 0x11, 0x11, 0x26, 0xdb, 0x6d, 0xb6, 0xdb, 0x6d, 0xb6, 0xdb, 0x6d,
    0xb6, 0xdb, 0x6d, 0xb6, 0xdb, 0x6d, 0xb6, 0xdb, 0x98, 0xdb, 0x6d, 0xb6, 0xdb, 0x6d, 0xb6, 0xdb,
    0x6d, 0xd9, 0x6c, 0xac, 0xb2, 0xcb, 0x2c, 0xb2, 0xaa, 0xa6, 0xdf, 0x7d, 0xf7, 0xdf, 0x3c, 0xf3,
    0xdf, 0x7c, 0xf1, 0x28, 0x88, 0x88, 0x89, 0xb3, 0x5b, 0x6d, 0xb6, 0xdb, 0x6d, 0xb6, 0xdb, 0x6d,
    0xb6, 0xdb, 0x6d, 0xb6, 0xdb, 0x6d, 0xb6, 0xdb, 0x6e, 0x63, 0x6d, 0xb6, 0xdb, 0x6d, 0xb6, 0xdb,
    0x6d, 0xb7, 0x55, 0x56, 0x59, 0x65, 0x95, 0x55, 0x36, 0xfb, 0xe7, 0x9e, 0x7b, 0xef, 0xbe, 0x78,
    0xaa, 0x94, 0x44, 0x44, 0x5d, 0x7d, 0xf7, 0xda, 0xdb, 0x6d, 0xb6, 0xdb, 0x6d, 0xb6, 0xdb, 0x6d,
    0xb6, 0xdb, 0x6d, 0xb6, 0xdb, 0x6d, 0xb6, 0xdb, 0x73, 0x1b, 0x6d, 0xb6, 0xdb, 0x6d, 0xb6, 0xdb,
    0x6d, 0xba, 0xaa, 0xaa, 0xaa, 0xab, 0x6f, 0x9e, 0x79, 0xef, 0xbe, 0xf9, 0xb5, 0x55, 0x52, 0x88,
    0x88, 0xb6, 0xfb, 0xef, 0xbe, 0xfb, 0xed, 0x6d, 0xb6, 0xdb, 0x6d, 0xb6, 0xdb, 0x6d, 0xb6, 0xdb,
    0x6d, 0xb6, 0xdb, 0x6d, 0xb6, 0xdb, 0x6d, 0xb9, 0x8d, 0xb6, 0xdb, 0x6d, 0xb6, 0xdb, 0x6d, 0xb6,
    0xdd, 0x55, 0x55, 0x54, 0x5f, 0x3c, 0xf3, 0xdf, 0x7d, 0xb5, 0x55, 0x52, 0x88, 0x8b, 0xa7, 0xbe,
    0xf9, 0xe7, 0x9e, 0x7b, 0xef, 0xba, 0x9b, 0x6d, 0xb6, 0xdb, 0x6d, 0xb6, 0xdb, 0x6d, 0xb6, 0xdb,
    0x6d, 0xb6, 0xdb, 0x6d, 0xb6, 0xdb, 0x6e, 0x63, 0x6d, 0xb6, 0xdb, 0x6d, 0xb6, 0xdb, 0x6d, 0xb7,
    0x51, 0x2a, 0xa9, 0xef, 0xbe, 0xfb, 0xee, 0xaa, 0xa9, 0x4a, 0x22, 0x22, 0x27, 0xbe, 0x79, 0xe7,
    0x9e, 0x79, 0xee, 0x88, 0x8b, 0x1b, 0x6d, 0xb6, 0xdb, 0x6d, 0xb6, 0xdb, 0x71, 0x3c, 0xf7, 0x45,
    0xd4, 0xdb, 0x6d, 0xb6, 0xdb, 0x6d, 0xb6, 0xdc, 0xc6, 0xdb, 0x6d, 0xb6, 0xdb, 0x6d, 0xb6, 0xdb,
    0x6e, 0xc8, 0x8b, 0xaf, 0xbe, 0xf9, 0xb1, 0x11, 0x11, 0x11, 0x11, 0x6d, 0xf7, 0xdf, 0x7d, 0xf7,
    0xcf, 0x74, 0x44, 0x44, 0x44, 0x36, 0xdb, 0x6d, 0xb6, 0xdb, 0x6d, 0xb7, 0x2b, 0xef, 0xbe, 0xfb,
    0xe7, 0xba, 0x9b, 0x6d, 0xb6, 0xdb, 0x6d, 0xb6, 0xdb, 0x98, 0xdb, 0x6d, 0xb6, 0xdb, 0x6d, 0xb6,
    0xdb, 0x6d, 0xdb, 0x7d, 0xd7, 0x5f, 0x6c, 0x44, 0x44, 0x44, 0x44, 0x44, 0x45, 0xb6, 0xc4, 0x44,
    0x44, 0x44, 0x44, 0x45, 0xd6, 0x36, 0xdb, 0x6d, 0xb6, 0xdb, 0x6d, 0xd9, 0x6c, 0x45, 0xb7, 0xdf,
    0x7c, 0xf6, 0x36, 0xdb, 0x6d, 0xb6, 0xdb, 0x6d, 0xb6, 0xe6, 0x36, 0xdb, 0x6d, 0xb6, 0xdb, 0x6d,
    0xb6, 0xea, 0x6d, 0xf3, 0xcf, 0x3d, 0xb1, 0x11, 0x11, 0x11, 0x11, 0x11, 0x11, 0x11, 0x11, 0x11,
    0x11, 0x11, 0x2a, 0xaa, 0x94, 0x58, 0xdb, 0x6d, 0xb6, 0xdb, 0x6e, 0xc9, 0xef, 0xb6, 0xeb, 0xae,
    0xb6, 0x7a, 0x6d, 0xb6, 0xdb, 0x6d, 0xb6, 0xdb, 0x6d, 0xb7, 0x31, 0xb6, 0xdb, 0x6d, 0xb6, 0xdb,
    0x6d, 0xca, 0x55, 0x52, 0x9e, 0xf9, 0xe7, 0xbe, 0x78, 0x88, 0x88, 0x88, 0x88, 0x88, 0x88, 0x88,
    0x88, 0x88, 0x88, 0xaa, 0x9b, 0x36, 0x6c, 0xf3, 0xcd, 0xb1, 0xb6, 0xdb, 0x6d, 0xca, 0x7b, 0xef,
    0xbe, 0xf9, 0xed, 0xb6, 0xc6, 0xdb, 0x6d, 0xb6, 0xdb, 0x6d, 0xb6, 0xdb, 0x6d, 0xcc, 0x6d, 0xb6,
    0xdb, 0x6d, 0xb6, 0xdb, 0x89, 0x59, 0x55, 0x28, 0x8b, 0x67, 0xa6, 0xdc, 0xae, 0x88, 0x88, 0x88,
    0x88, 0x88, 0x88, 0x88, 0x88, 0x88, 0x9e, 0xf9, 0xe6, 0xdb, 0x75, 0x54, 0xa9, 0xb6, 0xe2, 0xdb,
    0xae, 0xba, 0xd9, 0xef, 0x9e, 0x4d, 0xb6, 0xdb, 0x6d, 0xb6, 0xdb, 0x6d, 0xb6, 0xdb, 0x6d, 0xcc,
    0x6d, 0xb6, 0xdb, 0x6d, 0xb6, 0xec, 0xb6, 0xf9, 0xed, 0x88, 0x88, 0xba, 0xc6, 0xdb, 0x6d, 0xb6,
    0xec, 0x8b, 0xad, 0xb6, 0xd9, 0xb3, 0x67, 0xbe, 0xfb, 0xe6, 0xd3, 0xb2, 0x27, 0x8a, 0xb2, 0xca,
    0xaa, 0xb6, 0xd9, 0xef, 0xbe, 0xf9, 0xed, 0xb6, 0xda, 0x6d, 0xb6, 0xdb, 0x6d, 0xb6, 0xdb, 0x6d,
    0xb6, 0xdb, 0x6d, 0xb7, 0x31, 0xb6, 0xdb, 0x6d, 0xb6, 0xdb, 0x95, 0xf7, 0xdf, 0x7d, 0xf7, 0xdf,
    0x36, 0xc6, 0xdb, 0x6d, 0xb6, 0xdb, 0x6d, 0xb6, 0xea, 0x6d, 0xf7, 0xdf, 0x7c, 0xdb, 0xad, 0x9e,
    0xf9, 0xea, 0xaa, 0xaa, 0x2d, 0xb6, 0xd9, 0xe7, 0xb6, 0xc6, 0xdb, 0x6d, 0xb6, 0xdb, 0x6d, 0xb6,
    0xdb, 0x6d, 0xb6, 0xdb, 0x6d, 0xb7, 0x31, 0xb6, 0xdb, 0x6d, 0xbb, 0x22, 0x2a, 0xaa, 0xa2, 0xdb,
    0x6e, 0x88, 0x8b, 0xac, 0x6d, 0xb6, 0xdb, 0x6d, 0xb6, 0xdb, 0x6d, 0xbb, 0x2a, 0xeb, 0x6f, 0xbe,
    0xf9, 0xe2, 0x22, 0x22, 0x2e, 0xb1, 0xb6, 0xdb, 0x6d, 0xb6, 0xdb, 0x6d, 0xb6, 0xdb, 0x6d, 0xb6,
    0xdb, 0x6d, 0xb6, 0xdb, 0x98, 0xdb, 0x6d, 0xd9, 0x15, 0x55, 0x55, 0x55, 0x55, 0x52, 0x88, 0x88,
    0xb6, 0xe8, 0x6d, 0xb6, 0xdb, 0x6d, 0xb6, 0xdb, 0x6d, 0xb6, 0xdb, 0x6e, 0xcb, 0xa6, 0xdf, 0x3d,
    0xf7, 0xdf, 0x73, 0x6d, 0xb6, 0xdb, 0x6d, 0xb6, 0xdb, 0x6d, 0xb6, 0xdb, 0x6d, 0xb6, 0xdb, 0x6d,
    0xb6, 0xe6, 0x37, 0x64, 0xa2, 0xcb, 0x22, 0xaa, 0xaa, 0xaa, 0xaa, 0xa5, 0x11, 0x12, 0x6d, 0xb6,
    0xdb, 0x6d, 0xb6, 0xdb, 0x6d, 0xb6, 0xdb, 0x6d, 0xbb, 0x2e, 0x8a, 0x94, 0xdb, 0xef, 0x9e, 0xf9,
    0xed, 0xa6, 0xdb, 0x6d, 0xb6, 0xdb, 0x6d, 0xb6, 0xdb, 0x6d, 0xb6, 0xdb, 0x6d, 0xb6, 0xdb, 0x73,
    0x2a, 0xac, 0xaa, 0xaa, 0xb6, 0xe9, 0x59, 0x64, 0xa5, 0x28, 0x88, 0xba, 0xc6, 0xdb, 0x6d, 0xb6,
    0xdb, 0x6d, 0xb6, 0xdb, 0x6d, 0xb6, 0xdb, 0x72, 0xba, 0xaa, 0xaa, 0xaa, 0xaa, 0x51, 0x11, 0x11,
    0x17, 0x5d, 0x63, 0x6d, 0xb6, 0xdb, 0x6d, 0xb6, 0xdb, 0x6d, 0xb6, 0xdb, 0x6d, 0xb6, 0xe6, 0x58,
    0xdb, 0x72, 0xab, 0x2c, 0xaa, 0xab, 0x62, 0x22, 0xeb, 0x1b, 0x6d, 0xb6, 0xdb, 0x6d, 0xb6, 0xdb,
    0x6d, 0xb6, 0xdb, 0x6d, 0xb6, 0xec, 0x8a, 0xaa, 0xaa, 0xaa, 0xaa, 0x94, 0x44, 0x44, 0x4a, 0xe9,
    0xb6, 0x36, 0xdb, 0x6d, 0xb6, 0xdb, 0x6d, 0xb6, 0xdb, 0x6d, 0xb6, 0xdb, 0x98, 0xdb, 0x76, 0x45,
    0x36, 0xdb, 0x6d, 0xb6, 0xdb, 0x6d, 0xb6, 0xdb, 0x6d, 0xb6, 0xdb, 0x6d, 0xb6, 0xdb, 0x6d, 0xb6,
    0xdb, 0xa9, 0x55, 0x55, 0x55, 0x45, 0x96, 0x4a, 0xdb, 0xa2, 0x2a, 0xac, 0xb2, 0xa4, 0xdb, 0x6d,
    0xb6, 0xdb, 0x6d, 0xb6, 0xdb, 0x6d, 0xb6, 0xdc, 0xc6, 0xdb, 0x6d, 0xb6, 0xdb, 0x6d, 0xb6, 0xdb,
    0x6d, 0xb6, 0xdb, 0x6d, 0xb6, 0xdb, 0x6d, 0xb6, 0xdb, 0x6d, 0xb6, 0xdb, 0x6d, 0xd9, 0x55, 0x16,
    0xca, 0xcb, 0x2c, 0xb2, 0xc8, 0xb2, 0xcb, 0x2a, 0x2e, 0x86, 0xdb, 0x6d, 0xb6, 0xdb, 0x6d, 0xb6,
    0xdb, 0x6d, 0xb6, 0xe6, 0x36, 0xdb, 0x6d, 0xb6, 0xdb, 0x6d, 0xb6, 0xdb, 0x6d, 0xb6, 0xdb, 0x6d,
    0xb6, 0xdb, 0x6d, 0xb6, 0xdb, 0x6d, 0xb6, 0xdb, 0x6d, 0xb6, 0xdb, 0x6e, 0xcb, 0xaa, 0x4d, 0xb6,
    0xdb, 0x6d, 0xb6, 0xdb, 0x6d, 0xb6, 0xdb, 0x6d, 0xb6, 0xdb, 0x6e, 0x63, 0x6d, 0xb6, 0xdb, 0x6d,
    0xb6, 0xdb, 0x6d, 0xb6, 0xdb, 0x6d, 0xb6, 0xdb, 0x6d, 0xb6, 0xdb, 0x6d, 0xb6, 0xdb, 0x6d, 0xb6,
    0xdb, 0x6d, 0xb6, 0xdb, 0xb1, 0xb6, 0xdb, 0x6d, 0xb6, 0xdb, 0x6d, 0xb6, 0xdb, 0x6d, 0xb6, 0xdb,
    0x6d, 0xb9, 0x80
};

const HuffmanFrequency SPRITE_47_FREQS[] = {
    {0x0a, 51},
    {0x23, 61},
    {0x25, 117},
    {0x2a, 130},
    {0x2b, 149},
    {0x2d, 196},
    {0x2e, 123},
    {0x3a, 446},
    {0x3d, 388},
    {0x40, 193},
    {0xa0, 3197},
    {0xc2, 3197}
};
}

const HuffmanEncodedSprite SPRITE_47 = {
    SPRITE_47_BYTES,
    static_cast<int>(sizeof(SPRITE_47_BYTES) / sizeof(SPRITE_47_BYTES[0])),
    18963,
    8248,
    SPRITE_47_FREQS,
    static_cast<int>(sizeof(SPRITE_47_FREQS) / sizeof(SPRITE_47_FREQS[0]))
};

namespace
{
const unsigned char SPRITE_48_BYTES[] = {
    0xb6, 0x6d, 0xb6, 0xdb, 0x6d, 0xb6, 0xdb, 0x6d, 0xb6, 0xdb, 0x6d, 0xb6, 0xdb, 0x6d, 0xb6, 0xdb,
    0x6d, 0xb6, 0xdb, 0x6d, 0xb6, 0xdb, 0x6d, 0xb6, 0xdb, 0x6d, 0xd8, 0xdb, 0x6d, 0xb6, 0xdb, 0x6d,
    0xb6, 0xdb, 0x6d, 0xb6, 0xdb, 0x6d, 0xb7, 0x6c, 0xdb, 0x6d, 0xb6, 0xdb, 0x6d, 0xb6, 0xdb, 0x6d,
    0xb6, 0xdb, 0x6d, 0xb6, 0xdb, 0x6d, 0xb6, 0xdb, 0x6d, 0xb7, 0x65, 0xec, 0x6d, 0xb6, 0xdb, 0x6d,
    0xb6, 0xdb, 0xac, 0xd8, 0xdb, 0x6d, 0xb6, 0xdb, 0x6d, 0xb6, 0xdb, 0x6d, 0xb6, 0xdb, 0x6d, 0xdb,
    0x36, 0xdb, 0x6d, 0xb6, 0xdb, 0x6d, 0xb6, 0xdb, 0x6d, 0xb6, 0xdb, 0x6d, 0xb6, 0xdb, 0x6d, 0xb6,
    0xdb, 0x6d, 0xba, 0xde, 0xb1, 0x63, 0xb1, 0xb6, 0xdb, 0x6e, 0xcb, 0xd6, 0xf7, 0x89, 0xb1, 0xb6,
    0xdb, 0x6d, 0xb6, 0xdb, 0x6d, 0xb6, 0xdb, 0x6d, 0xb6, 0xed, 0x9b, 0x6d, 0xb6, 0xdb, 0x6d, 0xb6,
    0xdb, 0x6d, 0xb6, 0xdb, 0x6d, 0xb6, 0xdb, 0x6d, 0xb6, 0xdb, 0x6d, 0xb6, 0xe2, 0xb7, 0xbd, 0xef,
    0x59, 0x6d, 0xb6, 0xdd, 0x95, 0xbd, 0xef, 0x7b, 0xd6, 0xc6, 0xdb, 0x6d, 0xb6, 0xdb, 0x6d, 0xb6,
    0xdb, 0x6d, 0xb6, 0xdb, 0xb6, 0x6d, 0xb6, 0xdb, 0x6d, 0xb6, 0xdb, 0x6d, 0xb6, 0xdb, 0x6d, 0xb6,
    0xdb, 0x6d, 0xb6, 0xdb, 0x6d, 0xb6, 0xdb, 0x75, 0xad, 0xef, 0x7b, 0xd6, 0xc6, 0xdb, 0x6e, 0xc8,
    0xbd, 0xef, 0x7b, 0xd6, 0xed, 0xb6, 0xdb, 0x6d, 0xb6, 0xdb, 0x6d, 0xb6, 0xdb, 0x6d, 0xb7, 0x6c,
    0xdb, 0x6d, 0xb6, 0xdb, 0x6d, 0xb6, 0xdb, 0x6d, 0xb6, 0xdb, 0x6d, 0xb6, 0xdb, 0x6d, 0xb6, 0xdb,
    0x6e, 0xf3, 0x5b, 0xde, 0xf7, 0xbd, 0xe2, 0xc6, 0xdb, 0x76, 0x59, 0x64, 0x5e, 0xf7, 0xbd, 0x6a,
    0xdb, 0x6d, 0xb6, 0xdb, 0x6d, 0xb6, 0xdb, 0x6d, 0xb6, 0xdb, 0x6e, 0xd9, 0xb6, 0xdb, 0x6d, 0xb6,
    0xdb, 0x6d, 0xb6, 0xdb, 0x6d, 0xb6, 0xdb, 0x6d, 0xb6, 0xdb, 0x6d, 0xb7, 0x64, 0xde, 0xf7, 0xbd,
    0xef, 0x7b, 0xcd, 0x61, 0xb7, 0x5a, 0xde, 0xf7, 0xbd, 0xef, 0x7b, 0xc5, 0x8d, 0xb6, 0xdb, 0x6d,
    0xb6, 0xdb, 0x6d, 0xb6, 0xdb, 0x6d, 0xb6, 0xed, 0x9b, 0x6d, 0xb6, 0xdb, 0x6d, 0xb6, 0xdb, 0x6d,
    0xb6, 0xdb, 0x6d, 0xb6, 0xdb, 0x6d, 0xb6, 0xdb, 0x6e, 0xcb, 0xd6, 0xb7, 0xbd, 0xef, 0x7b, 0xde,
    0x1b, 0x77, 0x8b, 0xde, 0xf7, 0xbd, 0xef, 0x7b, 0xd6, 0xad, 0xb6, 0xdb, 0x6d, 0xb6, 0xdb, 0x6d,
    0xb6, 0xdb, 0x6d, 0xb7, 0x6c, 0xdb, 0x6d, 0xb6, 0xdb, 0x6d, 0xb6, 0xdb, 0x6d, 0xb6, 0xdb, 0x6d,
    0xb6, 0xdb, 0x6d, 0xb6, 0xdb, 0x6d, 0xba, 0xd6, 0xf7, 0xbd, 0xef, 0x7a, 0xdd, 0xbb, 0xc5, 0xef,
    0x7b, 0xde, 0xf7, 0xbd, 0xef, 0x37, 0x6d, 0xb6, 0xdb, 0x6d, 0xb6, 0xdb, 0x6d, 0xb6, 0xdb, 0x6d,
    0xdb, 0x36, 0xdb, 0x6d, 0xb6, 0xdb, 0x6d, 0xb6, 0xdb, 0x6d, 0xb6, 0xdb, 0x6d, 0xb6, 0xdb, 0x6d,
    0xb6, 0xec, 0x88, 0xad, 0xef, 0x7b, 0xde, 0xf7, 0xac, 0xc5, 0x6b, 0x7b, 0xde, 0xf7, 0xbd, 0xef,
    0x7a, 0xc5, 0x96, 0x36, 0xdb, 0x6d, 0xb6, 0xdb, 0x6d, 0xb6, 0xdb, 0x6d, 0xb6, 0xdd, 0xb3, 0x6d,
    0xb6, 0xdb, 0x6d, 0xb6, 0xdb, 0x6d, 0xb6, 0xdb, 0x6d, 0xb6, 0xdb, 0x6d, 0xb6, 0xdb, 0x71, 0x5a,
    0xd6, 0xb5, 0xad, 0x62, 0x66, 0xb5, 0xad, 0x6b, 0x5a, 0xde, 0xb5, 0xbd, 0x62, 0x62, 0x2e, 0xdb,
    0x6d, 0xb6, 0xdb, 0x6d, 0xb6, 0xdb, 0x6d, 0xb6, 0xdb, 0x6d, 0xdb, 0x36, 0xdb, 0x6d, 0xb6, 0xdb,
    0x6d, 0xb6, 0xdb, 0x6d, 0xb6, 0xdb, 0x6d, 0xb6, 0xdb, 0x6d, 0xb9, 0x8a, 0xd6, 0xb1, 0x11, 0x33,
    0x11, 0x5a, 0xd6, 0xb1, 0x11, 0x33, 0x33, 0x33, 0x15, 0x96, 0xdb, 0x6d, 0xb6, 0xdb, 0x6d, 0xb6,
    0xdb, 0x6d, 0xb6, 0xdb, 0x6d, 0xdb, 0x36, 0xdb, 0x6d, 0xb6, 0xdb, 0x6d, 0xb6, 0xdb, 0x6d, 0xb6,
    0xdb, 0x6d, 0xb6, 0xdb, 0x6d, 0xd9, 0x49, 0x88, 0x88, 0x99, 0x9a, 0x4c, 0x44, 0x44, 0xcc, 0xcc,
    0xcc, 0xcc, 0xcc, 0xcc, 0xde, 0xcb, 0xdd, 0xb6, 0xdb, 0x6d, 0xb6, 0xdb, 0x6d, 0xb6, 0xdb, 0x6d,
    0xb7, 0x6c, 0xdb, 0x6d, 0xb6, 0xdb, 0x6d, 0xb6, 0xdb, 0x6d, 0xb6, 0xdb, 0x6d, 0xb6, 0xdb, 0x6d,
    0xb6, 0xef, 0x49, 0x99, 0x99, 0x99, 0xa4, 0xcc, 0xcc, 0xcc, 0xcc, 0xcc, 0xcc, 0xcc, 0xcc, 0xcc,
    0xd6, 0x6c, 0x6d, 0xb6, 0xdb, 0x6d, 0xb6, 0xdb, 0x6d, 0xb6, 0xdb, 0x6d, 0xdb, 0x36, 0xdb, 0x6d,
    0xb6, 0xdb, 0x6d, 0xb6, 0xdb, 0x6d, 0xb6, 0xdb, 0x6d, 0xb6, 0xef, 0x16, 0x36, 0xdd, 0x95, 0xa4,
    0xcc, 0xcc, 0xd2, 0xd5, 0xaa, 0x4c, 0xcc, 0xcc, 0xd2, 0xd5, 0x26, 0x66, 0x66, 0x66, 0x6c, 0x6d,
    0xb6, 0xdb, 0x6d, 0xb6, 0xdb, 0x6d, 0xb6, 0xdb, 0x6d, 0xbb, 0x66, 0xdb, 0x6d, 0xb6, 0xdb, 0x6d,
    0xb6, 0xdb, 0x6d, 0xb6, 0xdb, 0x6d, 0xb6, 0xdd, 0x94, 0x99, 0xa5, 0x2d, 0x4d, 0xec, 0xbd, 0xef,
    0x7b, 0xcd, 0xe2, 0x93, 0x37, 0xbd, 0xef, 0x79, 0x99, 0x99, 0x99, 0x9b, 0xb6, 0xdb, 0x6d, 0xb6,
    0xdb, 0x6d, 0xb6, 0xdb, 0x6d, 0xb6, 0xdb, 0x76, 0xcd, 0xb6, 0xdb, 0x6d, 0xb6, 0xdb, 0x6d, 0xb6,
    0xdb, 0x6d, 0xb6, 0xdb, 0x6d, 0xb6, 0xef, 0x6a, 0x94, 0xa5, 0x29, 0x4a, 0x52, 0x91, 0x7b, 0xde,
    0xb5, 0xac, 0x52, 0xd5, 0x29, 0x33, 0x33, 0x33, 0x33, 0x63, 0x6d, 0xb6, 0xdb, 0x6d, 0xb6, 0xdb,
    0x6d, 0xb6, 0xdb, 0x6d, 0xb6, 0xed, 0x9b, 0x6d, 0xb6, 0xdb, 0x6d, 0xb6, 0xdb, 0x6d, 0xb6, 0xdb,
    0x6d, 0xb6, 0xdb, 0x6d, 0xb7, 0x7a, 0x52, 0x94, 0xb5, 0x7a, 0xd6, 0xf7, 0xbd, 0xef, 0x7b, 0xd6,
    0x2b, 0x5a, 0xcc, 0xcc, 0xcc, 0xde, 0xf6, 0x58, 0xdb, 0x6d, 0xb6, 0xdb, 0x6d, 0xb6, 0xdb, 0x6d,
    0xb6, 0xdb, 0x6d, 0xdb, 0x36, 0xdb, 0x6d, 0xb6, 0xdb, 0x6d, 0xb6, 0xdb, 0x6d, 0xb6, 0xdb, 0x6d,
    0xb6, 0xdb, 0x6d, 0xd9, 0x5b, 0x54, 0x89, 0x8a, 0xc5, 0x29, 0x33, 0x33, 0x5a, 0xd2, 0x93, 0x34,
    0xb5, 0x6f, 0xb5, 0x7b, 0xde, 0xf7, 0xbd, 0x62, 0xed, 0xb6, 0xdb, 0x6d, 0xb6, 0xdb, 0x6d, 0xb6,
    0xdb, 0x6d, 0xdb, 0x36, 0xdb, 0x6d, 0xb6, 0xdb, 0x6d, 0xb6, 0xdb, 0x6d, 0xb6, 0xdb, 0x75, 0xa4,
    0xd2, 0xd4, 0xd8, 0xdd, 0x94, 0xb5, 0x16, 0x59, 0x65, 0xef, 0x79, 0xa4, 0x44, 0x56, 0xdf, 0x6e,
    0xb7, 0x5b, 0xad, 0xd6, 0xfa, 0x5a, 0xb7, 0xdb, 0xa2, 0xb5, 0xad, 0x6b, 0x5a, 0xd6, 0x66, 0x6d,
    0x4c, 0xd2, 0x62, 0x6e, 0xdb, 0x6d, 0xb7, 0x7a, 0xc3, 0x6d, 0xdb, 0x37, 0x2d, 0xb6, 0xdb, 0x6d,
    0xb6, 0xdc, 0x45, 0xec, 0xb1, 0xb6, 0xdb, 0xb2, 0xcb, 0x26, 0xd5, 0xaa, 0x5a, 0xb5, 0x11, 0x48,
    0x89, 0xa5, 0xef, 0x7b, 0xde, 0x26, 0xb1, 0x6f, 0xb7, 0x5b, 0xad, 0xd6, 0xeb, 0x75, 0xba, 0xdf,
    0x4b, 0x56, 0xf9, 0x9a, 0x52, 0x22, 0x22, 0x22, 0x26, 0x94, 0x99, 0xa5, 0x26, 0x66, 0xd5, 0x29,
    0x65, 0x69, 0x49, 0x88, 0xad, 0x6b, 0x77, 0x6c, 0xec, 0xac, 0xd8, 0xdb, 0xb2, 0xc6, 0xdb, 0x6d,
    0xba, 0xd6, 0xcb, 0xd6, 0x96, 0xa6, 0x29, 0x11, 0x34, 0xa5, 0x26, 0x22, 0x6d, 0x4c, 0xcd, 0x2d,
    0x52, 0xd4, 0x5e, 0xb5, 0xad, 0x62, 0x93, 0x34, 0xa5, 0x29, 0x33, 0x33, 0x33, 0x33, 0x49, 0x88,
    0x88, 0x88, 0xa5, 0x29, 0x4a, 0x52, 0x93, 0x4a, 0x52, 0x96, 0xa6, 0x66, 0x66, 0x69, 0x17, 0x6e,
    0xd9, 0xde, 0x2f, 0x56, 0xef, 0x17, 0x6d, 0xd9, 0x5a, 0xc4, 0x44, 0xd2, 0x66, 0x94, 0x99, 0x99,
    0xa5, 0x22, 0x2b, 0x6a, 0x69, 0x4a, 0x52, 0x93, 0x33, 0x33, 0x6f, 0xad, 0x6b, 0x58, 0x88, 0x98,
    0x89, 0x99, 0x99, 0x99, 0x99, 0x99, 0x99, 0xa4, 0x44, 0x45, 0x29, 0x4a, 0x52, 0x94, 0xb5, 0x6a,
    0xd5, 0x29, 0x4a, 0x5a, 0xa5, 0x29, 0x49, 0x9b, 0x56, 0x37, 0x6c, 0xef, 0x5b, 0xde, 0x6b, 0x7b,
    0xd2, 0xc6, 0xdb, 0xbd, 0xe2, 0x29, 0x33, 0x33, 0x33, 0x33, 0x6a, 0x69, 0x34, 0xb5, 0x49, 0x99,
    0x8a, 0x52, 0x66, 0x69, 0x6a, 0x22, 0x22, 0x22, 0x26, 0x62, 0x22, 0x22, 0x26, 0x66, 0x66, 0x66,
    0x66, 0x69, 0x11, 0x4a, 0x52, 0x94, 0xa5, 0x29, 0x6a, 0x94, 0xa5, 0x29, 0x4b, 0x54, 0xa5, 0x29,
    0x4a, 0x56, 0x26, 0xcb, 0x6b, 0xd6, 0xf7, 0xbd, 0xef, 0x7a, 0xd2, 0xc6, 0xdd, 0x93, 0x5a, 0xd2,
    0x66, 0x66, 0x66, 0x66, 0x91, 0x36, 0xa6, 0x66, 0x96, 0xf9, 0xb5, 0x6a, 0xd4, 0xcd, 0x29, 0x34,
    0x88, 0x88, 0x88, 0x99, 0x88, 0x88, 0x88, 0x88, 0x99, 0x99, 0x99, 0x99, 0x99, 0xb5, 0x6f, 0xa5,
    0x2d, 0x52, 0xd5, 0x29, 0x4b, 0x7d, 0xaa, 0x52, 0x96, 0xad, 0x52, 0x94, 0xa5, 0xaa, 0xd9, 0x65,
    0x96, 0x59, 0x6d, 0x37, 0xbd, 0xef, 0x7b, 0xde, 0xf1, 0x4a, 0xd9, 0x78, 0xad, 0x6f, 0x4a, 0x4c,
    0xcc, 0xcc, 0xcd, 0x22, 0xb1, 0x4a, 0x52, 0x94, 0xb5, 0x4b, 0x54, 0x99, 0xb5, 0x11, 0x11, 0x11,
    0x11, 0x48, 0x88, 0x88, 0x88, 0x88, 0x89, 0x99, 0x99, 0x99, 0x9a, 0xd2, 0x6d, 0x36, 0xec, 0xa5,
    0xaa, 0x52, 0x94, 0xa5, 0x8d, 0xbb, 0x2c, 0x6d, 0xb6, 0xdb, 0x76, 0xd3, 0x7b, 0xde, 0xf7, 0xbd,
    0xef, 0x11, 0x11, 0x4b, 0x1b, 0x8a, 0xcc, 0xd6, 0x2b, 0x7b, 0x1c, 0xd2, 0x91, 0x6a, 0xd5, 0xab,
    0x7d, 0xab, 0x56, 0xad, 0x5a, 0xb5, 0x49, 0x9a, 0x52, 0x94, 0x88, 0x88, 0x88, 0xa5, 0xef, 0x79,
    0x88, 0x99, 0x99, 0x99, 0xa5, 0x6f, 0x7b, 0xd6, 0x6a, 0xdb, 0x6d, 0xb6, 0xdb, 0x6d, 0xb6, 0xdb,
    0x6d, 0xb6, 0xed, 0x9d, 0x95, 0xad, 0xef, 0x7a, 0xd6, 0x22, 0x22, 0x2e, 0xdb, 0x6d, 0xb6, 0xdb,
    0x6d, 0xb6, 0xdd, 0x91, 0x4b, 0x56, 0xad, 0x5a, 0xb5, 0x49, 0x99, 0x98, 0x88, 0x88, 0x88, 0x89,
    0xbd, 0xef, 0x79, 0x99, 0x99, 0x99, 0x99, 0x99, 0xbd, 0xef, 0x78, 0x6d, 0xb6, 0xdb, 0x6d, 0xb6,
    0xdb, 0x6d, 0xb6, 0xdb, 0x76, 0xcd, 0xb7, 0x17, 0xbd, 0x62, 0x22, 0x26, 0xed, 0xb6, 0xdb, 0x6d,
    0xb6, 0xdb, 0x6d, 0xb6, 0xdd, 0x91, 0x6a, 0xd5, 0xa9, 0x99, 0x99, 0x99, 0x88, 0x8b, 0x57, 0xbd,
    0xef, 0x7b, 0xde, 0xf5, 0x99, 0x99, 0x99, 0xa4, 0x5e, 0xf7, 0xbd, 0x65, 0xb6, 0xdb, 0x6d, 0xb6,
    0xdb, 0x6d, 0xb6, 0xdb, 0x6d, 0xdb, 0x36, 0xdd, 0x6b, 0x5b, 0xd6, 0x22, 0x22, 0x6c, 0x6d, 0xb6,
    0xdb, 0x6d, 0xb6, 0xef, 0x6a, 0x94, 0xb5, 0x6a, 0x6f, 0x63, 0xad, 0xbe, 0x93, 0x11, 0x36, 0xa9,
    0x33, 0x34, 0xad, 0xef, 0x7b, 0xde, 0xf5, 0xa4, 0xcc, 0xcc, 0xcc, 0xde, 0xf5, 0xac, 0x45, 0x22,
    0x25, 0xb6, 0xdb, 0x6d, 0xb6, 0xdb, 0x6d, 0xb6, 0xdb, 0xb6, 0x6d, 0xd9, 0x15, 0xac, 0x44, 0x44,
    0x44, 0x44, 0xb6, 0xdb, 0x6d, 0xb6, 0xdb, 0x6e, 0xf6, 0xad, 0x5a, 0xb5, 0x6a, 0x6f, 0x7b, 0xde,
    0xf7, 0xbd, 0xef, 0x7a, 0xda, 0xa5, 0x29, 0x5a, 0xd6, 0xf7, 0xbd, 0x29, 0x33, 0x33, 0x33, 0x34,
    0x88, 0x88, 0x8a, 0x44, 0x45, 0x61, 0xb6, 0xdb, 0x6d, 0xb6, 0xdb, 0x6d, 0xb6, 0xed, 0x9b, 0x77,
    0x88, 0x88, 0x99, 0x98, 0x89, 0xa5, 0x5b, 0x6d, 0xb6, 0xdb, 0x6d, 0xb6, 0xdd, 0x6d, 0x45, 0xef,
    0x7b, 0xde, 0xf7, 0xbd, 0xef, 0x7b, 0xde, 0xb3, 0x11, 0x11, 0x11, 0x11, 0x11, 0x6a, 0x96, 0xa6,
    0x69, 0x31, 0x5a, 0xd6, 0xb1, 0x35, 0xad, 0x6b, 0x58, 0x6d, 0xb6, 0xdb, 0x6d, 0xb6, 0xdb, 0x6d,
    0xdb, 0x36, 0xdd, 0x69, 0x13, 0x33, 0x34, 0xab, 0x6d, 0xb6, 0xdb, 0x6d, 0xb6, 0xdb, 0x6e, 0xc9,
    0xbd, 0xef, 0x7b, 0xde, 0xf7, 0xbd, 0xef, 0x7b, 0xde, 0xf5, 0x8a, 0x44, 0x44, 0x44, 0x56, 0xb5,
    0xad, 0x66, 0x94, 0xad, 0x6b, 0x5a, 0xd6, 0x2d, 0x56, 0xb5, 0xad, 0xef, 0x5b, 0x1b, 0x6d, 0xb6,
    0xdb, 0x6d, 0xb6, 0xdb, 0xb6, 0x6d, 0xb6, 0xec, 0xbd, 0xec, 0xb2, 0x93, 0x0d, 0xb6, 0xdb, 0x6d,
    0xb6, 0xdb, 0x6d, 0xd6, 0xf7, 0xbd, 0xef, 0x7b, 0xde, 0xf7, 0xbd, 0xef, 0x7a, 0xd6, 0x22, 0x26,
    0x22, 0x22, 0x22, 0xb5, 0xad, 0x6b, 0x5a, 0xd6, 0xb5, 0xad, 0x6b, 0x35, 0xad, 0x6b, 0x5a, 0xde,
    0xb6, 0x36, 0xdb, 0x6d, 0xb6, 0xdb, 0x6d, 0xb7, 0x6c, 0xdb, 0x6d, 0xb6, 0xdb, 0xb2, 0x66, 0x95,
    0x6d, 0xb6, 0xdb, 0x6d, 0xb6, 0xdb, 0x9a, 0xde, 0xf7, 0xbd, 0xef, 0x7b, 0xde, 0xf5, 0xad, 0x6b,
    0x58, 0x88, 0x98, 0x88, 0x88, 0x88, 0x8a, 0xd6, 0xb5, 0xad, 0x6b, 0x5a, 0xc4, 0xc4, 0x44, 0x56,
    0xb5, 0xac, 0x58, 0xdb, 0x6d, 0xb6, 0xdb, 0x6d, 0xb6, 0xdd, 0xb3, 0x6d, 0xb6, 0xdb, 0x6d, 0xd9,
    0x48, 0x89, 0xbb, 0x6d, 0xb6, 0xdb, 0x6d, 0xb7, 0x11, 0x15, 0xad, 0x6b, 0x5a, 0xd6, 0xb5, 0xad,
    0x6b, 0x5a, 0xc4, 0x44, 0xc5, 0x6b, 0x5a, 0xd6, 0xb5, 0xad, 0x6b, 0x5a, 0xd6, 0xb5, 0x9a, 0xc4,
    0x44, 0x44, 0x56, 0xb3, 0x63, 0x6d, 0xb6, 0xdb, 0x6d, 0xb6, 0xdb, 0x6e, 0xd9, 0xb6, 0xdb, 0x6d,
    0xb6, 0xdd, 0x93, 0x5a, 0xd6, 0x26, 0xf6, 0x36, 0xdb, 0x6d, 0xb7, 0x58, 0x88, 0x88, 0x8a, 0xd6,
    0xb5, 0xad, 0x6b, 0x5a, 0xc4, 0x44, 0x4d, 0x6b, 0x5a, 0xd6, 0xb5, 0xad, 0x6b, 0x5a, 0xd6, 0x26,
    0x22, 0x22, 0x22, 0x22, 0x22, 0xd5, 0x5b, 0x6d, 0xb6, 0xdb, 0x6d, 0xb6, 0xdb, 0x6e, 0xd9, 0xb6,
    0xdb, 0x6d, 0xb6, 0xdb, 0x71, 0x11, 0x5a, 0xd6, 0xb3, 0x15, 0xb1, 0xb6, 0xdb, 0x73, 0x11, 0x11,
    0x11, 0x11, 0x11, 0x11, 0x11, 0x11, 0x13, 0x11, 0x5a, 0xd6, 0xb5, 0xad, 0x6b, 0x11, 0x15, 0xac,
    0xcc, 0x44, 0x44, 0x4d, 0x2d, 0x5b, 0xed, 0xd6, 0xae, 0xdb, 0x6d, 0xb6, 0xdb, 0x6d, 0xb6, 0xdb,
    0xb6, 0x6d, 0xb6, 0xdb, 0x6d, 0xb6, 0xdb, 0xbc, 0xc4, 0x44, 0x44, 0x44, 0x44, 0xcc, 0xcc, 0xcc,
    0xdb, 0xe9, 0x11, 0x11, 0x11, 0x11, 0x11, 0x11, 0x14, 0x98, 0x99, 0x99, 0x99, 0x99, 0xa5, 0x8d,
    0xb6, 0xdb, 0x6e, 0xca, 0x5b, 0xad, 0xd6, 0xa9, 0x6f, 0xb7, 0x5b, 0xed, 0x58, 0xdb, 0x6d, 0xb6,
    0xdb, 0x6d, 0xb6, 0xdd, 0xb3, 0x6d, 0xb6, 0xdb, 0x6d, 0xb6, 0xdb, 0x77, 0x98, 0x88, 0x88, 0x88,
    0x88, 0x88, 0x89, 0xb7, 0xdb, 0xe9, 0x4b, 0x7d, 0xa9, 0x88, 0x88, 0x9a, 0x52, 0x22, 0x22, 0x22,
    0x22, 0x22, 0x26, 0xad, 0xb6, 0xdb, 0x6d, 0xde, 0x96, 0xad, 0xf6, 0xeb, 0x7d, 0xab, 0x7d, 0xba,
    0xdd, 0x6e, 0xb5, 0x2d, 0xb6, 0xdb, 0x6d, 0xb6, 0xdb, 0x6e, 0xd9, 0xb6, 0xdb, 0x6d, 0xb6, 0xdb,
    0x6d, 0xb6, 0xec, 0xa4, 0xc4, 0x44, 0x44, 0x44, 0x45, 0xab, 0x7d, 0x29, 0x6f, 0xb7, 0x5b, 0xad,
    0xd6, 0xfa, 0x44, 0x44, 0x44, 0x44, 0x44, 0x44, 0x44, 0x52, 0xed, 0xb6, 0xdb, 0x6d, 0xb8, 0xa5,
    0x29, 0x4a, 0x52, 0xd5, 0xaa, 0x52, 0x94, 0xa5, 0x2d, 0x45, 0x8d, 0xb6, 0xdb, 0x6d, 0xb6, 0xed,
    0x9b, 0x6d, 0xb6, 0xdb, 0x6d, 0xb6, 0xdb, 0x6d, 0xb7, 0x65, 0x66, 0x62, 0x22, 0x94, 0xb7, 0xda,
    0xb5, 0x6f, 0xb7, 0x5b, 0xad, 0xd6, 0xfb, 0x53, 0x11, 0x11, 0x11, 0x11, 0x11, 0x33, 0x0d, 0xb6,
    0xdb, 0x6d, 0xb6, 0xdc, 0x52, 0x94, 0xa5, 0x29, 0x4a, 0x52, 0x94, 0x99, 0x99, 0x99, 0x9a, 0x5d,
    0xb6, 0xdb, 0x6d, 0xbb, 0x66, 0xdb, 0x6d, 0xb6, 0xdb, 0x6d, 0xb6, 0xdb, 0x6d, 0xb6, 0xdb, 0xbd,
    0x26, 0x6d, 0x5a, 0xb7, 0xdb, 0xad, 0xd6, 0xeb, 0x7d, 0xaa, 0x5a, 0x88, 0x88, 0x99, 0x88, 0xbd,
    0x8d, 0xb6, 0xdb, 0x6d, 0xb6, 0xdb, 0x6d, 0xd6, 0xd5, 0x29, 0x4a, 0x52, 0x94, 0x99, 0x99, 0x99,
    0x99, 0x9a, 0x44, 0xcd, 0xdb, 0x6d, 0xb7, 0x6c, 0xdb, 0x6d, 0xb6, 0xdb, 0x6d, 0xb6, 0xdb, 0x6d,
    0xb6, 0xdd, 0x93, 0x11, 0x11, 0x11, 0x13, 0x33, 0x33, 0x34, 0xb1, 0xb6, 0xdb, 0x6d, 0xb6, 0xdb,
    0x6d, 0xb6, 0xdb, 0x6d, 0xb6, 0xdd, 0x97, 0xad, 0x29, 0x4a, 0x4c, 0xcc, 0xde, 0xf1, 0x49, 0x98,
    0x8a, 0xd6, 0x2e, 0xdb, 0x6e, 0xd9, 0xb6, 0xdb, 0x6d, 0xb6, 0xdb, 0x6d, 0xb6, 0xdb, 0x6d, 0xcc,
    0xc4, 0x44, 0x44, 0x4c, 0xcc, 0xcc, 0xcc, 0xda, 0x6d, 0xb6, 0xdb, 0x6d, 0xb6, 0xdb, 0x6d, 0xb6,
    0xdb, 0x6d, 0xb6, 0xdb, 0x6e, 0xca, 0xda, 0xa4, 0xcd, 0x2c, 0xb2, 0xcb, 0x22, 0x91, 0x59, 0xa4,
    0x59, 0x0d, 0xb7, 0x6c, 0xdb, 0x6d, 0xb6, 0xdb, 0x6d, 0xb6, 0xdb, 0x6d, 0xb7, 0x34, 0xbd, 0xe9,
    0x33, 0x33, 0x33, 0x33, 0x33, 0x33, 0x69, 0xb6, 0xdb, 0x6d, 0xb6, 0xdb, 0x6d, 0xb6, 0xdb, 0x6d,
    0xb6, 0xdb, 0x6d, 0xb6, 0xdb, 0x76, 0x44, 0xcd, 0x22, 0xc8, 0xb1, 0xb6, 0xdb, 0x6d, 0xbb, 0x66,
    0xdb, 0x6d, 0xb6, 0xdb, 0x6d, 0xb6, 0xdb, 0x6d, 0xd9, 0x16, 0x59, 0x78, 0xa4, 0xcc, 0xcc, 0xd2,
    0xb5, 0x9a, 0x52, 0xc6, 0xdb, 0x6d, 0xb6, 0xdb, 0x6d, 0xb6, 0xdb, 0x6d, 0xb6, 0xdb, 0x6d, 0xb6,
    0xdb, 0x6d, 0xb6, 0xdb, 0x6d, 0xb6, 0xdb, 0x6d, 0xb6, 0xed, 0x9b, 0x6d, 0xb6, 0xdb, 0x6d, 0xb6,
    0xdb, 0x6d, 0xb7, 0x16, 0x59, 0x59, 0xa5, 0x29, 0x34, 0xa5, 0xab, 0x2f, 0x5a, 0x5d, 0xb6, 0xdb,
    0x6d, 0xb6, 0xdb, 0x6d, 0xb6, 0xdb, 0x6d, 0xb6, 0xdb, 0x6d, 0xb6, 0xdb, 0x6d, 0xb6, 0xdb, 0x6d,
    0xb6, 0xdb, 0x6d, 0xb6, 0xed, 0x9b, 0x6d, 0xb6, 0xdb, 0x6d, 0xb6, 0xdb, 0x6d, 0xb7, 0x7b, 0x1b,
    0x6d, 0xb6, 0xdd, 0xe6, 0xf0, 0xdb, 0x6d, 0xb6, 0xdb, 0x6d, 0xb6, 0xdb, 0x6d, 0xb6, 0xdb, 0x6d,
    0xb6, 0xdb, 0x6d, 0xb6, 0xdb, 0x6d, 0xb6, 0xdb, 0x6d, 0xb6, 0xdb, 0x6d, 0xdb, 0x36, 0xdb, 0x6d,
    0xb6, 0xdb, 0x6d, 0xb6, 0xdb, 0x6d, 0xb6, 0xdb, 0x6d, 0xb6, 0xec, 0xb1, 0xb6, 0xdb, 0x6d, 0xb6,
    0xdb, 0x6d, 0xb6, 0xdb, 0x6d, 0xb6, 0xdb, 0x6d, 0xb6, 0xdb, 0x6d, 0xb6, 0xdb, 0x6d, 0xb6, 0xdb,
    0x6d, 0xb6, 0xdb, 0x76, 0xc0
};

const HuffmanFrequency SPRITE_48_FREQS[] = {
    {0x0a, 51},
    {0x23, 109},
    {0x25, 31},
    {0x2a, 287},
    {0x2b, 483},
    {0x2d, 305},
    {0x2e, 116},
    {0x3a, 338},
    {0x3d, 474},
    {0x40, 28},
    {0xa0, 2829},
    {0xc2, 2829}
};
}

const HuffmanEncodedSprite SPRITE_48 = {
    SPRITE_48_BYTES,
    static_cast<int>(sizeof(SPRITE_48_BYTES) / sizeof(SPRITE_48_BYTES[0])),
    19363,
    7880,
    SPRITE_48_FREQS,
    static_cast<int>(sizeof(SPRITE_48_FREQS) / sizeof(SPRITE_48_FREQS[0]))
};

namespace
{
const unsigned char SPRITE_49_BYTES[] = {
    0xb0, 0xdb, 0x6d, 0xb6, 0xdb, 0x6d, 0xb6, 0xdb, 0x6d, 0xb6, 0xdb, 0x6d, 0xb6, 0xdb, 0x6d, 0xb6,
    0xdb, 0x6d, 0xb6, 0xdc, 0x5b, 0x33, 0x0d, 0xb6, 0xdb, 0x6d, 0xb6, 0xdb, 0x6d, 0xb6, 0xdb, 0x6d,
    0xb6, 0xdb, 0x6d, 0xb6, 0xdb, 0x6d, 0xb6, 0xec, 0x36, 0xdb, 0x6d, 0xb6, 0xdb, 0x6d, 0xb6, 0xdb,
    0x6d, 0xb6, 0xdb, 0x6d, 0xb6, 0xdb, 0x6d, 0xb6, 0xdb, 0x6d, 0xc5, 0x26, 0x94, 0xbc, 0x36, 0xdb,
    0x6d, 0xb6, 0xdb, 0x6d, 0xb6, 0xdb, 0x6d, 0xb6, 0xdb, 0x6d, 0xb6, 0xdb, 0x6d, 0xb6, 0xdb, 0xb0,
    0xdb, 0x6d, 0xb6, 0xdb, 0x6d, 0xb6, 0xdb, 0x6d, 0xb6, 0xdb, 0x6d, 0xb6, 0xdb, 0x6d, 0xb6, 0xdb,
    0x6d, 0xb8, 0x9b, 0x69, 0x4a, 0x5d, 0xb6, 0xdb, 0x6d, 0xb6, 0xdb, 0x6d, 0xb6, 0xdb, 0x6d, 0xb6,
    0xdb, 0x6d, 0xb6, 0xdb, 0x6d, 0xb6, 0xdb, 0xb0, 0xdb, 0x6d, 0xb6, 0xdb, 0x6d, 0xb6, 0xdb, 0x6d,
    0xb6, 0xdb, 0x6d, 0xb6, 0xe9, 0x0d, 0xb6, 0xdb, 0x6d, 0xbb, 0x66, 0x94, 0xa5, 0x29, 0x78, 0x6d,
    0xb6, 0xdb, 0x6d, 0xb6, 0xdb, 0x6d, 0xb6, 0xdb, 0x6d, 0xb6, 0xdb, 0x6d, 0xb6, 0xdb, 0x6d, 0xb7,
    0x61, 0xb6, 0xdb, 0x6d, 0xb6, 0xdb, 0x6d, 0xb6, 0xdb, 0x6d, 0xb6, 0xdb, 0x6e, 0x26, 0xd9, 0x86,
    0xdb, 0x6d, 0xc5, 0xe9, 0x4a, 0x52, 0x94, 0xa5, 0xe1, 0xb6, 0xdb, 0x6d, 0xb6, 0xdb, 0x6d, 0xb6,
    0xdb, 0x6d, 0xb6, 0xdb, 0x6d, 0xb6, 0xdb, 0x6d, 0xb6, 0xdd, 0x86, 0xdb, 0x6d, 0xb6, 0xdb, 0x6d,
    0xb6, 0xdb, 0x6d, 0xb6, 0xdb, 0x6d, 0xb8, 0xbd, 0x29, 0x36, 0xb6, 0xdb, 0xb6, 0x69, 0x4a, 0x52,
    0x94, 0xa5, 0x2f, 0x0d, 0xb6, 0xdb, 0x6d, 0xb6, 0xdb, 0x6d, 0xb6, 0xdb, 0x6d, 0xb6, 0xdb, 0x6d,
    0xb6, 0xdb, 0x6d, 0xb6, 0xec, 0x36, 0xdb, 0x6d, 0xb6, 0xdb, 0x6d, 0xb6, 0xdb, 0x6d, 0xb6, 0xdb,
    0x6d, 0xc5, 0xe9, 0x4a, 0x5b, 0x30, 0xe2, 0xf6, 0xd2, 0x94, 0xa5, 0x29, 0x4a, 0x52, 0xf0, 0xdb,
    0x6d, 0xb6, 0xdb, 0x6d, 0xb6, 0xdb, 0x6d, 0xb6, 0xdb, 0x6d, 0xb6, 0xdb, 0x6d, 0xb6, 0xdb, 0x6e,
    0xc3, 0x6d, 0xb6, 0xdb, 0x6d, 0xb6, 0xdb, 0x6d, 0xb6, 0xdb, 0x6d, 0xb6, 0xdb, 0x9b, 0x69, 0x4a,
    0x5b, 0x7b, 0x66, 0xda, 0x52, 0x94, 0xa5, 0x29, 0x4a, 0x52, 0xf0, 0xdb, 0x6d, 0xb6, 0xdb, 0x6d,
    0xb6, 0xdb, 0x6d, 0xb6, 0xdb, 0x6d, 0xb6, 0xdb, 0x6d, 0xb6, 0xdb, 0x6e, 0xc3, 0x6d, 0xb6, 0xdb,
    0x6d, 0xb6, 0xdb, 0x6d, 0xb6, 0xdb, 0x6d, 0xb6, 0xdb, 0x8b, 0xd2, 0xda, 0x5b, 0x6d, 0xe6, 0x94,
    0xa5, 0x29, 0x4a, 0x52, 0x94, 0xa5, 0x61, 0xb6, 0xdb, 0x6d, 0xb6, 0xdb, 0x6d, 0xb6, 0xdb, 0x6d,
    0xb6, 0xdb, 0x6d, 0xb6, 0xdb, 0x6d, 0xb6, 0xdd, 0x86, 0xdb, 0x6d, 0xb6, 0xdb, 0x6d, 0xb6, 0xdb,
    0x6d, 0xb6, 0xdb, 0x6d, 0xb7, 0x17, 0xa5, 0x29, 0x4b, 0x6d, 0xb6, 0xda, 0x52, 0x94, 0xa5, 0x2d,
    0xb6, 0x94, 0xad, 0xb3, 0x33, 0x33, 0x6c, 0xde, 0x8d, 0xb6, 0xdb, 0x6d, 0xb6, 0xdb, 0x6d, 0xb6,
    0xdb, 0x6d, 0xb6, 0xdb, 0x6d, 0xb7, 0x61, 0xb6, 0xdb, 0x6d, 0xb6, 0xdb, 0x6d, 0xb6, 0xdb, 0x6d,
    0xb6, 0xdb, 0x6d, 0xc5, 0xb6, 0xd2, 0x94, 0xa5, 0x29, 0x4a, 0x52, 0x94, 0xa5, 0x29, 0x4a, 0x5b,
    0x6d, 0x29, 0x4a, 0x52, 0x96, 0xde, 0xd6, 0xdb, 0x6d, 0xb6, 0xdb, 0x6d, 0xb6, 0xdb, 0x6d, 0xb6,
    0xdb, 0x6d, 0xb6, 0xdb, 0x76, 0x1b, 0x6d, 0xb6, 0xdb, 0x6d, 0xb6, 0xdb, 0x6d, 0xb6, 0xdb, 0x6d,
    0xb7, 0x6c, 0xde, 0xf7, 0x9b, 0x69, 0x4a, 0x52, 0x94, 0xa5, 0x29, 0x4a, 0x52, 0x94, 0xa5, 0x29,
    0x4a, 0x5b, 0x6d, 0xe6, 0x1b, 0x6d, 0xb6, 0xdb, 0x6d, 0xb6, 0xdb, 0x6d, 0xb6, 0xdb, 0x6d, 0xb6,
    0xdb, 0x6d, 0xbb, 0x0d, 0xb6, 0xdb, 0x6d, 0xb6, 0xdb, 0x6d, 0xb6, 0xdb, 0x71, 0x14, 0xa5, 0xb6,
    0xcd, 0xe6, 0x66, 0x6f, 0x5b, 0xcc, 0xcd, 0xb4, 0xa5, 0x29, 0x4a, 0x5b, 0x6d, 0xb4, 0xb6, 0xdb,
    0x66, 0xf7, 0xa3, 0x6d, 0xb6, 0xdb, 0x6d, 0xb6, 0xdb, 0x6d, 0xb6, 0xdb, 0x6d, 0xb6, 0xdb, 0x6d,
    0xb6, 0xdd, 0x86, 0xdb, 0x6d, 0xb6, 0xdb, 0x6d, 0xb6, 0xdc, 0x5b, 0x6c, 0xcd, 0xe6, 0x66, 0x66,
    0x66, 0x66, 0x66, 0x66, 0xb3, 0x33, 0x7b, 0xde, 0xf3, 0x36, 0xdb, 0x6d, 0xb3, 0x33, 0x7b, 0xd2,
    0x1b, 0x6d, 0xb6, 0xdb, 0x6d, 0xb6, 0xdb, 0x6d, 0xb6, 0xdb, 0x6d, 0xb6, 0xdb, 0x6d, 0xb6, 0xdd,
    0x86, 0xdb, 0x6d, 0xb6, 0xdb, 0x6d, 0xc5, 0xb6, 0xde, 0xf3, 0x33, 0x33, 0x33, 0x33, 0x33, 0x33,
    0x33, 0x33, 0x37, 0xac, 0xcc, 0xcc, 0xcd, 0xef, 0x7b, 0xde, 0xf3, 0x79, 0xa3, 0x6d, 0xb6, 0xdb,
    0x6d, 0xb6, 0xdb, 0x6d, 0xb6, 0xdb, 0x6d, 0xb6, 0xdb, 0x6d, 0xb6, 0xdb, 0x6d, 0xd8, 0x6d, 0xb6,
    0xdb, 0x6d, 0xb7, 0x49, 0x9b, 0x69, 0x6c, 0xcc, 0xcc, 0xcc, 0xcc, 0xcc, 0xcc, 0xcc, 0xcc, 0xcc,
    0xcd, 0x9b, 0xde, 0x66, 0xf7, 0xbc, 0xcc, 0xcd, 0xeb, 0x30, 0xdb, 0x6d, 0xb6, 0xdb, 0x6d, 0xb6,
    0xdb, 0x6d, 0xb6, 0xdb, 0x6d, 0xb6, 0xdb, 0x6d, 0xb6, 0xdb, 0x6e, 0xc3, 0x6d, 0xb6, 0xdb, 0x6e,
    0xdb, 0xcd, 0xb4, 0xa5, 0xb6, 0xcc, 0xcc, 0xcc, 0xcc, 0xcc, 0xcc, 0xcc, 0xcc, 0xcc, 0xcc, 0xde,
    0xb7, 0xbd, 0xeb, 0x79, 0xb6, 0xdb, 0x6d, 0x99, 0x9b, 0xde, 0xd8, 0x6d, 0xb6, 0xdb, 0x6d, 0xb6,
    0xdb, 0x6d, 0xb6, 0xdb, 0x6d, 0xb6, 0xdb, 0x6d, 0xb6, 0xdb, 0x6e, 0xc3, 0x6d, 0xb6, 0xdb, 0x8b,
    0xde, 0x66, 0xdb, 0x66, 0x66, 0x66, 0xf3, 0x6d, 0x22, 0x22, 0x93, 0x79, 0x99, 0x99, 0x99, 0x99,
    0xb3, 0x33, 0x33, 0x7a, 0xcc, 0xcc, 0xdb, 0x6d, 0xb6, 0xcc, 0xde, 0xd8, 0x6d, 0xb6, 0xdb, 0x6d,
    0xb6, 0xdb, 0x6d, 0xb6, 0xdb, 0x6d, 0xb6, 0xdb, 0x6d, 0xb6, 0xdb, 0xb0, 0xdb, 0x6d, 0xb8, 0xa5,
    0xe6, 0x66, 0x66, 0x66, 0x66, 0x6f, 0x48, 0x88, 0x88, 0x88, 0x88, 0xbc, 0xcc, 0xcc, 0xcc, 0xcd,
    0x9b, 0xcc, 0xcc, 0xcd, 0x66, 0x66, 0x66, 0x66, 0x66, 0x66, 0xb6, 0xb6, 0xdb, 0x6d, 0xb6, 0xdb,
    0x6d, 0xb6, 0xdb, 0x6d, 0xb6, 0xdb, 0x6d, 0xb6, 0xdb, 0x6e, 0xc3, 0x6d, 0xb8, 0xb6, 0xda, 0xde,
    0x66, 0x66, 0x66, 0x66, 0x6f, 0x11, 0x11, 0x11, 0x48, 0x88, 0x88, 0xac, 0xcc, 0xcc, 0xcc, 0xde,
    0xb3, 0x33, 0x33, 0x59, 0x99, 0x99, 0x99, 0x99, 0x99, 0x9b, 0x33, 0x0d, 0xb6, 0xdb, 0x6d, 0xb6,
    0xdb, 0x6d, 0xb6, 0xdb, 0x6d, 0xb8, 0x88, 0x6d, 0xb6, 0xdd, 0x86, 0xdb, 0x73, 0x4a, 0x5b, 0x6c,
    0xde, 0xf3, 0x33, 0x33, 0x37, 0x88, 0x88, 0x88, 0x88, 0x88, 0x88, 0xbc, 0xcc, 0xcc, 0xcc, 0xcd,
    0x99, 0x99, 0x9a, 0xcc, 0xcc, 0xcc, 0xcc, 0xcc, 0xcc, 0xcd, 0x66, 0xf4, 0x6d, 0xb6, 0xdb, 0x6d,
    0xb6, 0xdb, 0x71, 0x4b, 0x6d, 0xb6, 0x66, 0x6f, 0x7b, 0xd6, 0xf4, 0x6d, 0xb7, 0x61, 0xb6, 0xdc,
    0x5b, 0x6d, 0x6f, 0x6d, 0xb7, 0xbc, 0xcc, 0xcc, 0xd6, 0x22, 0x22, 0x22, 0x22, 0x22, 0x22, 0xf3,
    0x33, 0x33, 0x33, 0x36, 0x6f, 0x7b, 0xd9, 0xbc, 0xcc, 0xcc, 0xcc, 0xcc, 0xcc, 0xcc, 0xde, 0xf3,
    0x79, 0x6d, 0xb6, 0xdb, 0x6d, 0xb8, 0xb6, 0x6f, 0x7b, 0xde, 0xf7, 0xbd, 0xe6, 0x6d, 0xbc, 0x43,
    0x6d, 0xb7, 0x61, 0xb6, 0xdb, 0x71, 0x35, 0xad, 0xb6, 0xd6, 0x66, 0x66, 0x66, 0xf6, 0xc4, 0x44,
    0x44, 0x44, 0x52, 0xf3, 0x33, 0x33, 0x7b, 0xde, 0xf5, 0xbd, 0xef, 0x7a, 0xde, 0xf7, 0xbd, 0xef,
    0x7b, 0xde, 0xf7, 0xbd, 0xef, 0x7b, 0xde, 0xcd, 0xad, 0xb6, 0xdb, 0x8a, 0x4d, 0xeb, 0x7a, 0xd6,
    0xf7, 0x9b, 0x6d, 0xb6, 0xda, 0x52, 0xd9, 0x6d, 0xb6, 0xdb, 0xb0, 0xdb, 0x6d, 0xb7, 0x16, 0x6c,
    0xcd, 0xb3, 0x79, 0x99, 0x99, 0x9b, 0xde, 0x66, 0xdb, 0x6d, 0xb6, 0x6f, 0x33, 0x37, 0xad, 0xe6,
    0xf7, 0xbd, 0xef, 0x33, 0x33, 0x33, 0x33, 0x33, 0x36, 0xcc, 0xcc, 0xd6, 0xb6, 0x6f, 0x5a, 0xd6,
    0xd6, 0xdc, 0x5b, 0x7a, 0xd6, 0xb5, 0xad, 0xe6, 0xdb, 0x6d, 0xa5, 0x29, 0x11, 0x11, 0x34, 0x6d,
    0xb6, 0xdb, 0xb0, 0xdb, 0x6d, 0xb6, 0xef, 0x5a, 0xdb, 0x6d, 0x66, 0x66, 0xf7, 0xbc, 0xcc, 0xcc,
    0xcc, 0xcc, 0xcc, 0xde, 0xf3, 0x37, 0xbd, 0x29, 0x11, 0x11, 0x11, 0x11, 0x11, 0x4a, 0x52, 0x94,
    0xa4, 0xde, 0xf3, 0x36, 0x6f, 0x5a, 0xde, 0xb1, 0x13, 0x5a, 0xd6, 0xb5, 0xbd, 0xb6, 0xdb, 0x4a,
    0x44, 0x44, 0x44, 0x44, 0x44, 0xb6, 0xdb, 0x6d, 0xbb, 0x0d, 0xb6, 0xdb, 0x71, 0x6d, 0x9b, 0x36,
    0xdb, 0x59, 0x9b, 0xcd, 0x29, 0x37, 0xbc, 0xcc, 0xcc, 0xcd, 0x6f, 0x33, 0x59, 0xa4, 0x45, 0x2d,
    0xb6, 0x94, 0xa5, 0x2d, 0xb6, 0x94, 0xa5, 0x29, 0x49, 0xbc, 0xcc, 0xde, 0xf6, 0x6b, 0x5a, 0xd6,
    0xb6, 0x6b, 0x5a, 0xd6, 0xb7, 0xb6, 0xda, 0x44, 0x44, 0x45, 0x29, 0x4b, 0x6d, 0xa5, 0x2d, 0xa4,
    0x36, 0xdb, 0x6d, 0xd8, 0x6d, 0xb6, 0xdc, 0x4d, 0x9a, 0xd6, 0xdb, 0x6c, 0xcc, 0xcc, 0xde, 0xf6,
    0xd2, 0xda, 0xcc, 0xcc, 0xd9, 0x9b, 0xd6, 0xf6, 0xdb, 0x6d, 0xb6, 0xd2, 0x22, 0x22, 0x22, 0x22,
    0x22, 0x29, 0x7b, 0xcc, 0xcd, 0xef, 0x7a, 0xd6, 0xb5, 0xad, 0x6b, 0x66, 0xb5, 0xac, 0xdb, 0x6d,
    0xb6, 0xdb, 0x6d, 0xb6, 0xdb, 0x6d, 0x29, 0x4a, 0x52, 0x96, 0xdd, 0xb6, 0xdb, 0x6d, 0xbb, 0x0d,
    0xb6, 0xdc, 0x5e, 0xf6, 0x6f, 0x36, 0xcd, 0x66, 0x66, 0x66, 0x6f, 0x7a, 0x5b, 0x59, 0x99, 0xbd,
    0xec, 0xde, 0x69, 0x11, 0x11, 0x11, 0x11, 0x11, 0x11, 0x11, 0x13, 0x79, 0x99, 0xbd, 0xef, 0x7b,
    0xd9, 0xbd, 0xef, 0x7a, 0xd6, 0xb5, 0xb3, 0x36, 0xd2, 0x22, 0x22, 0x22, 0x22, 0x22, 0x22, 0x22,
    0xdb, 0x5b, 0x6d, 0xb6, 0xdb, 0x76, 0x1b, 0x6d, 0xc4, 0xde, 0xb6, 0xdb, 0x6c, 0xd6, 0xf3, 0x33,
    0x33, 0x33, 0x7a, 0xdb, 0x37, 0x99, 0x99, 0xad, 0x6f, 0x6d, 0xb6, 0xdb, 0x6d, 0xb4, 0x88, 0x88,
    0x88, 0x8a, 0x56, 0x6f, 0x7b, 0xde, 0xf7, 0xbd, 0xeb, 0x66, 0xf7, 0xbd, 0xef, 0x5a, 0xde, 0x91,
    0x11, 0x11, 0x11, 0x11, 0x11, 0x11, 0x11, 0x49, 0xa3, 0x6d, 0xb6, 0xdb, 0x6d, 0xd8, 0x6d, 0xb6,
    0xeb, 0x7b, 0xcd, 0x6b, 0x5b, 0x35, 0xbd, 0xef, 0x7b, 0xde, 0xf7, 0xbd, 0xed, 0xac, 0xcc, 0xcc,
    0xcd, 0xef, 0x6d, 0x22, 0x22, 0x29, 0x48, 0x88, 0x8a, 0x59, 0xbd, 0xef, 0x7b, 0xde, 0xf7, 0xbd,
    0xec, 0xd6, 0xb7, 0xbd, 0xef, 0x7b, 0x34, 0x88, 0x88, 0x88, 0x88, 0x88, 0x88, 0x88, 0xa4, 0xd1,
    0xb6, 0xdb, 0x6d, 0xb6, 0xdb, 0xb0, 0xdb, 0x6e, 0x2c, 0xde, 0xd8, 0x8b, 0xd6, 0xb5, 0xad, 0x6f,
    0x7b, 0xde, 0xf7, 0xbd, 0x6d, 0xbd, 0x6f, 0x7b, 0xde, 0xf7, 0xbd, 0xeb, 0x79, 0xa4, 0x44, 0x44,
    0x44, 0x4d, 0x6f, 0x7b, 0xde, 0xf7, 0xbd, 0xeb, 0x5a, 0xde, 0xb7, 0xbd, 0xef, 0x5a, 0xc4, 0x44,
    0x44, 0x44, 0x44, 0x44, 0x44, 0x5b, 0x6b, 0x6d, 0xb6, 0xdb, 0x6d, 0xb6, 0xdd, 0x86, 0xdb, 0x71,
    0x66, 0xf2, 0xdb, 0xb6, 0xf5, 0xbd, 0x6b, 0x5b, 0xde, 0xf7, 0xbd, 0x6d, 0xb6, 0xcd, 0x6b, 0x5a,
    0xd6, 0xb5, 0xad, 0x6b, 0x66, 0xcd, 0x66, 0x91, 0x11, 0x17, 0xad, 0x6b, 0x5a, 0xd6, 0xf7, 0xbd,
    0x6c, 0xd6, 0xb5, 0xad, 0x6b, 0x5a, 0xdb, 0x48, 0x88, 0x88, 0x88, 0x88, 0x88, 0x8b, 0x68, 0xdb,
    0x6d, 0xb6, 0xdb, 0x6d, 0xb6, 0xec, 0x36, 0xdb, 0x8b, 0xde, 0xb0, 0xdb, 0x8b, 0x6f, 0x7b, 0xde,
    0xb5, 0xad, 0x6f, 0x66, 0xdb, 0x6b, 0x5a, 0xd6, 0xb5, 0xad, 0x6b, 0x5b, 0x35, 0xad, 0x6c, 0xd6,
    0xf3, 0x48, 0x9a, 0xd6, 0xb5, 0xad, 0x6b, 0x7a, 0xd9, 0xbd, 0x6b, 0x5b, 0x36, 0x6b, 0x7b, 0xc5,
    0xb6, 0xc4, 0x44, 0x44, 0x44, 0x44, 0x52, 0xd6, 0xdb, 0x6d, 0xb6, 0xdb, 0x6d, 0xb6, 0xec, 0x36,
    0xdb, 0x71, 0x5b, 0xde, 0x1b, 0x6d, 0xd2, 0x6b, 0x5a, 0xd6, 0xb5, 0xb3, 0x36, 0xd6, 0xf5, 0xad,
    0x6b, 0x5a, 0xd9, 0xad, 0x6b, 0x5a, 0xd6, 0xb5, 0xad, 0x6f, 0x36, 0x6b, 0x5a, 0xd6, 0xb5, 0xad,
    0x9b, 0xde, 0xb7, 0xb6, 0x95, 0xad, 0xef, 0x11, 0x6d, 0xb1, 0x11, 0x11, 0x11, 0x11, 0x6c, 0x43,
    0x6d, 0xb6, 0xdb, 0x6d, 0xb6, 0xdb, 0xb0, 0xdb, 0x6d, 0xba, 0x56, 0xf6, 0xc3, 0x6d, 0xb7, 0x14,
    0x9b, 0xd6, 0xf6, 0x66, 0xda, 0xd6, 0xb5, 0xad, 0x6c, 0xd9, 0xad, 0x6b, 0x5b, 0x36, 0x6b, 0x5a,
    0xd6, 0xb5, 0xad, 0x6b, 0x5a, 0xd6, 0xf5, 0xb3, 0x5b, 0xdb, 0x0d, 0xc5, 0xeb, 0x5a, 0xc4, 0x45,
    0x2d, 0x88, 0x88, 0x88, 0x88, 0x98, 0x86, 0xdb, 0x6d, 0xb6, 0xdb, 0x6d, 0xb7, 0x61, 0xb6, 0xdb,
    0x6e, 0xda, 0xde, 0x8d, 0xb6, 0xdb, 0x6d, 0xc5, 0x26, 0xf6, 0xd6, 0xf5, 0xb3, 0x66, 0xcd, 0x6b,
    0x5a, 0xd6, 0xb5, 0xad, 0x6b, 0x5a, 0xd6, 0xb5, 0xad, 0x6f, 0x79, 0x9a, 0x43, 0x6d, 0xb6, 0xe9,
    0x66, 0xb5, 0xb6, 0x22, 0x22, 0xdb, 0x62, 0x22, 0x22, 0x2f, 0x0d, 0xb6, 0xdb, 0x6d, 0xb6, 0xdb,
    0x6d, 0xd8, 0x6d, 0xb6, 0xdb, 0x74, 0xad, 0x68, 0xdb, 0x6d, 0xb6, 0xdb, 0x8b, 0xdb, 0x7b, 0x6b,
    0x5a, 0xd6, 0xb5, 0xad, 0x6b, 0x5a, 0xd6, 0xb5, 0xad, 0x9b, 0xdb, 0x48, 0x86, 0xdb, 0x6d, 0xb6,
    0xdb, 0x71, 0x35, 0xad, 0x9a, 0x44, 0x44, 0x52, 0xda, 0x44, 0x44, 0x56, 0x1b, 0x6d, 0xb6, 0xdb,
    0x6d, 0xb6, 0xdb, 0xb0, 0xdb, 0x6d, 0xb6, 0xdc, 0x56, 0xb4, 0x6d, 0xb6, 0xdb, 0x6e, 0x2f, 0x6d,
    0xef, 0x7b, 0xde, 0xf7, 0xad, 0x6b, 0x5a, 0xd6, 0xb5, 0xad, 0x6b, 0x5b, 0xd1, 0xb6, 0xdb, 0x6d,
    0xb6, 0xdb, 0x6e, 0x2b, 0x5a, 0xd6, 0x22, 0x22, 0x22, 0x96, 0xdb, 0x14, 0xbb, 0x6d, 0xb6, 0xdb,
    0x6d, 0xb6, 0xdb, 0x6e, 0xc3, 0x6d, 0xb6, 0xdb, 0x6e, 0x95, 0xad, 0x1b, 0x6d, 0xb6, 0xdb, 0xbc,
    0xdb, 0x59, 0x99, 0x99, 0x99, 0xbd, 0xef, 0x7b, 0xde, 0xf3, 0x33, 0x37, 0x98, 0x6d, 0xb6, 0xdb,
    0x6d, 0xb6, 0xdc, 0x56, 0xb5, 0xbc, 0x44, 0x44, 0x44, 0x52, 0xdb, 0xc3, 0x6d, 0xb6, 0xdb, 0x6d,
    0xb6, 0xdb, 0x6e, 0xc3, 0x6d, 0xb6, 0xdb, 0x6d, 0xd2, 0xb5, 0x86, 0xdb, 0x6d, 0xba, 0x5e, 0xf6,
    0xcd, 0xe6, 0x66, 0x66, 0x66, 0x66, 0x66, 0x66, 0x66, 0x6d, 0xb6, 0xd9, 0xb5, 0xb6, 0xdb, 0x6d,
    0xb6, 0xdb, 0x71, 0x5b, 0xd6, 0x62, 0x22, 0x22, 0x29, 0x6c, 0x36, 0xdb, 0x6d, 0xb6, 0xdb, 0x6d,
    0xb6, 0xdd, 0x86, 0xdb, 0x6d, 0xb6, 0xdb, 0x76, 0xde, 0xb0, 0xdb, 0x6d, 0xc5, 0xe6, 0xb3, 0x6d,
    0xe6, 0x66, 0x66, 0x66, 0x66, 0x66, 0xdb, 0x6d, 0xb6, 0xdb, 0x69, 0x4a, 0x5b, 0x30, 0xdb, 0x6d,
    0xb6, 0xdb, 0x6d, 0xc5, 0xef, 0x7b, 0xc4, 0x45, 0x2d, 0x86, 0xdb, 0x6d, 0xb6, 0xdb, 0x6d, 0xb6,
    0xdb, 0x6e, 0xc3, 0x6d, 0xb6, 0xdb, 0x6d, 0xb8, 0xac, 0xcb, 0x6d, 0xb7, 0x6c, 0xd2, 0x26, 0x6d,
    0xbc, 0xcd, 0xed, 0xb6, 0xf3, 0x6d, 0xb6, 0xdb, 0x6d, 0xb6, 0xd2, 0x94, 0xa5, 0x29, 0x6c, 0xd1,
    0xb6, 0xdb, 0x6d, 0xb6, 0xdb, 0x76, 0xde, 0xf5, 0xa4, 0xd1, 0xb6, 0xdb, 0x6d, 0xb6, 0xdb, 0x6d,
    0xb6, 0xdb, 0x6e, 0xc3, 0x6d, 0xb6, 0xdb, 0x6d, 0xb7, 0x4b, 0xde, 0x1b, 0x6d, 0xb6, 0xdc, 0x4c,
    0xdb, 0x7b, 0xd1, 0xb8, 0x99, 0xb6, 0xdb, 0x6d, 0x99, 0xb6, 0xd9, 0x99, 0xb6, 0xda, 0x5b, 0x6b,
    0x6d, 0xb6, 0xdb, 0x6d, 0xb6, 0xe9, 0x7b, 0xd6, 0x90, 0xdb, 0x6d, 0xb6, 0xdb, 0x6d, 0xb6, 0xdb,
    0x6d, 0xb7, 0x61, 0xb6, 0xdb, 0x6d, 0xb6, 0xdb, 0x8b, 0xcd, 0x21, 0xb6, 0xdb, 0x6d, 0xb9, 0x9b,
    0x6f, 0x0d, 0xb7, 0x4b, 0xcd, 0xb4, 0x96, 0xdb, 0x71, 0x4b, 0x6d, 0x99, 0x86, 0xdb, 0x6d, 0xb6,
    0xdb, 0x6d, 0xba, 0x5b, 0x46, 0xdb, 0x6d, 0xb6, 0xdb, 0x6d, 0xb6, 0xdb, 0x6d, 0xb7, 0x61, 0xb6,
    0xdb, 0x6d, 0xb6, 0xdb, 0x77, 0x9b, 0x61, 0xb6, 0xdb, 0x6d, 0xb7, 0x6c, 0xdb, 0x34, 0x6d, 0xb7,
    0x6c, 0xde, 0x1b, 0x6d, 0xb6, 0xdb, 0x6d, 0xb6, 0xdb, 0x6d, 0xb6, 0xdb, 0x6d, 0xb6, 0xdb, 0x6d,
    0xb6, 0xdb, 0x6d, 0xb6, 0xdb, 0x6d, 0xb6, 0xec, 0x36, 0xdb, 0x6d, 0xb6, 0xdb, 0x71, 0x7b, 0xc3,
    0x6d, 0xb6, 0xdb, 0x6d, 0xba, 0x4d, 0xb6, 0xcd, 0x1b, 0x6d, 0xc3, 0x6d, 0xb6, 0xdb, 0x6d, 0xb6,
    0xdb, 0x6d, 0xb6, 0xdb, 0x6d, 0xb6, 0xdb, 0x6d, 0xb6, 0xdb, 0x6d, 0xb6, 0xdb, 0x6d, 0xb6, 0xdb,
    0xb0, 0xdb, 0x6d, 0xb6, 0xdb, 0x6e, 0x26, 0x68, 0xdb, 0x6d, 0xb6, 0xdb, 0x6d, 0xb7, 0x6c, 0xdb,
    0x6c, 0xdb, 0x0d, 0xb6, 0xdb, 0x6d, 0xb6, 0xdb, 0x6d, 0xb6, 0xdb, 0x6d, 0xb6, 0xdb, 0x6d, 0xb6,
    0xdb, 0x6d, 0xb6, 0xdb, 0x6d, 0xb6, 0xdb, 0x6d, 0xb7, 0x61, 0xb6, 0xdb, 0x6d, 0xb6, 0xdd, 0xb6,
    0xc3, 0x6d, 0xb6, 0xdb, 0x6d, 0xb6, 0xdb, 0x6e, 0x96, 0xdb, 0x6c, 0xdb, 0x46, 0xdb, 0x6d, 0xb6,
    0xdb, 0x6d, 0xb6, 0xdb, 0x6d, 0xb6, 0xdb, 0x6d, 0xb6, 0xdb, 0x6d, 0xb6, 0xdb, 0x6d, 0xb6, 0xdb,
    0x6d, 0xb6, 0xec, 0x36, 0xdb, 0x6d, 0xb6, 0xdb, 0x6d, 0xb6, 0xdb, 0x6d, 0xb6, 0xdb, 0x6d, 0xb6,
    0xdb, 0xa5, 0xb3, 0x34, 0xb6, 0xdb, 0x69, 0x0d, 0xb6, 0xdb, 0x6d, 0xb6, 0xdb, 0x6d, 0xb6, 0xdb,
    0x6d, 0xb6, 0xdb, 0x6d, 0xb6, 0xdb, 0x6d, 0xb6, 0xdb, 0x6d, 0xb6, 0xec, 0x36, 0xdb, 0x6d, 0xb6,
    0xdb, 0x6d, 0xb6, 0xdb, 0x6d, 0xb6, 0xdb, 0x6d, 0xb6, 0xdb, 0x6d, 0xc5, 0x29, 0x4a, 0x5b, 0x79,
    0xa3, 0x6d, 0xb6, 0xdb, 0x6d, 0xb6, 0xdb, 0x6d, 0xb6, 0xdb, 0x6d, 0xb6, 0xdb, 0x6d, 0xb6, 0xdb,
    0x6d, 0xb6, 0xdb, 0x6e, 0xc0
};

const HuffmanFrequency SPRITE_49_FREQS[] = {
    {0x0a, 51},
    {0x23, 57},
    {0x2a, 315},
    {0x2b, 372},
    {0x2d, 261},
    {0x2e, 395},
    {0x3a, 280},
    {0x3d, 540},
    {0xa0, 2780},
    {0xc2, 2780}
};
}

const HuffmanEncodedSprite SPRITE_49 = {
    SPRITE_49_BYTES,
    static_cast<int>(sizeof(SPRITE_49_BYTES) / sizeof(SPRITE_49_BYTES[0])),
    19237,
    7831,
    SPRITE_49_FREQS,
    static_cast<int>(sizeof(SPRITE_49_FREQS) / sizeof(SPRITE_49_FREQS[0]))
};

namespace
{
const unsigned char SPRITE_50_BYTES[] = {
    0xb3, 0x6d, 0xb6, 0xdb, 0x6d, 0xb6, 0xdb, 0x6d, 0xb6, 0xdb, 0x6d, 0xb6, 0xdb, 0x6d, 0xb6, 0xdb,
    0x6d, 0xb9, 0x98, 0x36, 0xdb, 0x6d, 0xb6, 0xdb, 0x6d, 0xb6, 0xdb, 0x6d, 0xb6, 0xdb, 0x6d, 0xb6,
    0xdb, 0x6d, 0xb6, 0xdb, 0x6d, 0xb6, 0xdb, 0xb3, 0x6d, 0xb6, 0xdb, 0x6d, 0xb6, 0xdb, 0x6d, 0xb6,
    0xdb, 0x6d, 0xb6, 0xdb, 0x6d, 0xb6, 0xdb, 0x6d, 0xdb, 0x18, 0xc1, 0xb6, 0xdb, 0x6d, 0xb6, 0xdb,
    0x6d, 0xb6, 0xdb, 0x6d, 0xb6, 0xdb, 0x6d, 0xb6, 0xdb, 0x6d, 0xb6, 0xdb, 0x6d, 0xb6, 0xdd, 0x9b,
    0x6d, 0xb6, 0xdb, 0x6d, 0xb6, 0xdb, 0x6d, 0xb6, 0xdb, 0x6d, 0xb6, 0xdb, 0x6d, 0xb6, 0xdb, 0x70,
    0x8c, 0x63, 0x06, 0xdb, 0x6d, 0xb6, 0xdb, 0x6d, 0xb6, 0xdb, 0x6d, 0xb6, 0xdb, 0x6d, 0xb6, 0xdb,
    0x6d, 0xb6, 0xdb, 0x6d, 0xb6, 0xdb, 0x76, 0x6d, 0xb6, 0xdb, 0x6d, 0xb6, 0xdb, 0x6d, 0xb6, 0xdb,
    0x6d, 0xb6, 0xdb, 0x6d, 0xb6, 0xdb, 0x6e, 0x16, 0xc6, 0x31, 0x70, 0xb6, 0x0d, 0xb6, 0xdb, 0x6d,
    0xb6, 0xdb, 0x6d, 0xb6, 0xdb, 0x6d, 0xb6, 0xdb, 0x6d, 0xb6, 0xdb, 0x6d, 0xb6, 0xdb, 0x6d, 0xd9,
    0xb6, 0xdb, 0x6d, 0xb6, 0xdb, 0x6d, 0xb6, 0xdb, 0x6d, 0xc2, 0x0d, 0xb6, 0xdb, 0x6d, 0xb6, 0xdb,
    0x84, 0x63, 0x36, 0xdb, 0x18, 0xc1, 0xb6, 0xdb, 0x6d, 0xb6, 0xdb, 0x6d, 0xb6, 0xdb, 0x6d, 0xb6,
    0xdb, 0x6d, 0xb6, 0xdb, 0x6d, 0xb6, 0xdb, 0x6d, 0xbb, 0x36, 0xdb, 0x6d, 0xb6, 0xdb, 0x6d, 0xb6,
    0xdb, 0x6d, 0xbb, 0x6a, 0x0d, 0xb6, 0xdb, 0x6e, 0x11, 0x8c, 0x21, 0x31, 0x8c, 0xc6, 0x33, 0x06,
    0xdb, 0x6d, 0xb6, 0xdb, 0x6d, 0xb6, 0xdb, 0x6d, 0xb6, 0xdb, 0x6d, 0xb6, 0xdb, 0x6d, 0xb6, 0xdb,
    0x6d, 0xb6, 0xdd, 0x9b, 0x6d, 0xb6, 0xdb, 0x6d, 0xb6, 0xdb, 0x6d, 0xb6, 0xe3, 0x51, 0x6d, 0xb6,
    0xdb, 0x6d, 0xc6, 0x31, 0x98, 0xc6, 0x31, 0x8c, 0xda, 0xdb, 0x6d, 0xb6, 0xdb, 0x6d, 0xb6, 0xdb,
    0x6d, 0xb6, 0xdb, 0x6d, 0xb6, 0xdb, 0x6d, 0xb6, 0xdb, 0x6d, 0xb6, 0xdb, 0x76, 0x6d, 0xb6, 0xdb,
    0x6d, 0xb6, 0xdb, 0x6d, 0xb6, 0xdc, 0x6a, 0xf6, 0xb6, 0xdb, 0x6d, 0xb6, 0xdc, 0xc6, 0x31, 0x8c,
    0x63, 0x19, 0x83, 0x6d, 0xb6, 0xdb, 0x6d, 0xb6, 0xdb, 0x6d, 0xb6, 0xdb, 0x6d, 0xb6, 0xdb, 0x6d,
    0xb6, 0xdb, 0x6d, 0xb6, 0xdb, 0x6d, 0xd9, 0xb6, 0xdb, 0x6d, 0xb6, 0xdb, 0x6d, 0xb6, 0xdb, 0xb6,
    0xaf, 0x2d, 0xb6, 0xdb, 0x6d, 0xb7, 0x0a, 0x8c, 0x66, 0xaf, 0x55, 0x55, 0x56, 0xc1, 0xb6, 0xdb,
    0x6d, 0xb6, 0xe1, 0x06, 0xdb, 0x6d, 0xb6, 0xdb, 0x6d, 0xb6, 0xdb, 0x6d, 0xb6, 0xdb, 0x6d, 0xb6,
    0xdd, 0x9b, 0x6d, 0xb6, 0xdb, 0x84, 0x6a, 0x0d, 0xb6, 0xdb, 0x85, 0xef, 0x78, 0x38, 0x36, 0xdb,
    0x6d, 0xc2, 0x63, 0x33, 0x7a, 0xaa, 0xaa, 0xaa, 0xaa, 0xa8, 0xb6, 0xe1, 0x06, 0xdb, 0x84, 0x63,
    0x4d, 0xb6, 0xdb, 0x6d, 0xb6, 0xdb, 0x6d, 0xb6, 0xdb, 0x6d, 0xb6, 0xdb, 0x6d, 0xbb, 0x36, 0xdb,
    0x6d, 0xb6, 0xe1, 0x53, 0x6c, 0x1b, 0x70, 0xb6, 0xaa, 0xf5, 0x33, 0x33, 0x33, 0x35, 0x53, 0x35,
    0x33, 0x55, 0x55, 0x55, 0x55, 0x55, 0x55, 0x55, 0x51, 0xb6, 0x6d, 0x6e, 0xd8, 0xc6, 0x36, 0xc1,
    0xb6, 0xdb, 0x6d, 0xb6, 0xdb, 0x6d, 0xb6, 0xdb, 0x6d, 0xb6, 0xdb, 0x6d, 0xb7, 0x66, 0xdb, 0x6d,
    0xb6, 0xdb, 0x85, 0x4c, 0xc2, 0x16, 0xdb, 0x35, 0x7b, 0x15, 0x55, 0x55, 0x57, 0xbd, 0xea, 0x6a,
    0xf6, 0x2a, 0xaa, 0xaa, 0xaa, 0xaa, 0xaa, 0xaa, 0xaa, 0xaa, 0xaf, 0x1b, 0x63, 0x18, 0xc5, 0xb6,
    0xdb, 0x6d, 0xb6, 0xdb, 0x6d, 0xb6, 0xdb, 0x6d, 0xb6, 0xdb, 0x6d, 0xb6, 0xdb, 0xb3, 0x6d, 0xb6,
    0xdb, 0x71, 0xb5, 0xdb, 0x55, 0x7a, 0x8d, 0x55, 0xef, 0x7a, 0xaa, 0xb1, 0x53, 0x33, 0x7b, 0xd5,
    0xec, 0x58, 0xb1, 0x62, 0xc5, 0xea, 0xaa, 0xaa, 0xaa, 0xaa, 0xaa, 0xaa, 0xaa, 0xa3, 0x18, 0xc1,
    0xb6, 0xdb, 0x6d, 0xb6, 0xdb, 0x6d, 0xb6, 0xdb, 0x6d, 0xb6, 0xdb, 0x6d, 0xb6, 0xdb, 0x76, 0x6d,
    0xb6, 0xdb, 0x6e, 0x13, 0x30, 0xb6, 0x6a, 0xf7, 0xab, 0xde, 0xf5, 0x33, 0x35, 0x7b, 0xde, 0xaa,
    0xaa, 0xa6, 0x31, 0x99, 0xbd, 0x55, 0x55, 0x55, 0xea, 0xaa, 0xaa, 0xaa, 0xa3, 0x18, 0xc6, 0x31,
    0xb5, 0xb6, 0xdb, 0x6d, 0xb6, 0xdb, 0x6d, 0xb6, 0xdb, 0x6d, 0xb6, 0xdb, 0x6d, 0xb6, 0xdd, 0x9b,
    0x6d, 0xb6, 0xdb, 0x84, 0xcd, 0xe6, 0x35, 0x33, 0x7b, 0xd5, 0x55, 0x5e, 0xc5, 0x55, 0x55, 0x55,
    0xef, 0x7b, 0xd8, 0xbd, 0xef, 0x55, 0x55, 0x55, 0x55, 0x57, 0xbd, 0xea, 0xaa, 0xa3, 0x18, 0xc6,
    0x33, 0x06, 0xdb, 0x6d, 0xb6, 0xdb, 0x6d, 0xb6, 0xdb, 0x6d, 0xb6, 0xdb, 0x6d, 0xb6, 0xdb, 0x76,
    0x6d, 0xb6, 0xdb, 0x6d, 0xc6, 0xaa, 0xf6, 0x23, 0x57, 0xbd, 0xef, 0x7a, 0x8c, 0xde, 0xaa, 0xaa,
    0xaa, 0x63, 0x18, 0xcd, 0xef, 0x62, 0xa6, 0x63, 0x7a, 0xbd, 0xef, 0x55, 0x55, 0x55, 0x78, 0xcc,
    0x1b, 0x6d, 0xb6, 0xdb, 0x6d, 0xb6, 0xdb, 0x6d, 0xb7, 0x6c, 0x1b, 0x6d, 0xb6, 0xdb, 0x6d, 0xb6,
    0xec, 0xdb, 0x6d, 0xb6, 0xe1, 0x19, 0x9a, 0x9a, 0xaa, 0x9b, 0xd8, 0xbd, 0x89, 0xb6, 0xf5, 0x55,
    0x55, 0x55, 0x62, 0xc5, 0x8b, 0x15, 0x53, 0x31, 0xb6, 0xda, 0xaa, 0xbd, 0x4d, 0x5e, 0xaa, 0xaf,
    0x50, 0x6d, 0xb6, 0xdb, 0x6d, 0xb6, 0xdb, 0x6d, 0xb6, 0xdc, 0x63, 0x50, 0x6d, 0xb6, 0xdb, 0x6d,
    0xb6, 0xdb, 0xb3, 0x6d, 0xb6, 0xdb, 0x85, 0x4d, 0x46, 0xaf, 0x55, 0x55, 0x57, 0xaa, 0xaa, 0xaa,
    0xaa, 0xab, 0x16, 0x2f, 0x55, 0x18, 0xc6, 0xd8, 0x42, 0x16, 0xd5, 0xea, 0x66, 0x66, 0x6f, 0x57,
    0x98, 0xcc, 0x1b, 0x6d, 0xb6, 0xdb, 0x6d, 0xb8, 0x41, 0xb6, 0xed, 0x8c, 0x6a, 0x0d, 0xb6, 0xdb,
    0x6d, 0xb6, 0xdb, 0x6e, 0xcd, 0xb6, 0xdb, 0x6d, 0xb7, 0x0a, 0xbc, 0xc6, 0xdb, 0x6d, 0x8c, 0xde,
    0xaa, 0xaa, 0xaa, 0xaa, 0xc5, 0xec, 0x46, 0x31, 0x8c, 0x21, 0x08, 0x42, 0x11, 0x99, 0x99, 0x99,
    0xab, 0x17, 0x98, 0xc6, 0xad, 0x6d, 0xb6, 0xdb, 0x6d, 0xb7, 0x6c, 0x6d, 0x6e, 0x13, 0x18, 0xc6,
    0x63, 0x18, 0xb6, 0xdb, 0x6d, 0xb6, 0xdb, 0x6e, 0xcd, 0xb6, 0xdb, 0x6d, 0xb6, 0xe3, 0x56, 0x2c,
    0xac, 0xac, 0xac, 0x55, 0x94, 0xd5, 0x55, 0x55, 0x55, 0x4c, 0xc6, 0x66, 0x31, 0x8c, 0x63, 0x18,
    0xc6, 0x35, 0x7a, 0xaa, 0x99, 0xaa, 0xaa, 0xaa, 0x8b, 0x6d, 0xb6, 0xdb, 0x6d, 0xbb, 0x63, 0x17,
    0x6c, 0x63, 0x18, 0xc6, 0x35, 0x06, 0xdb, 0x6d, 0xb6, 0xdb, 0x6d, 0xbb, 0x36, 0xdb, 0x6d, 0xb6,
    0xdc, 0x2a, 0x6a, 0xca, 0xca, 0xca, 0xca, 0xca, 0xca, 0xc5, 0x55, 0x5e, 0xaa, 0xaf, 0x7b, 0xcc,
    0x63, 0x18, 0xc6, 0x31, 0x9a, 0x99, 0x99, 0x99, 0x99, 0x8c, 0xde, 0xaa, 0xaa, 0x30, 0x6d, 0xb6,
    0xdb, 0x6d, 0xc2, 0xa3, 0x53, 0x33, 0x33, 0x33, 0x18, 0x36, 0xdb, 0x6d, 0xb6, 0xdb, 0x6d, 0xbb,
    0x36, 0xdb, 0x6d, 0xb6, 0xdb, 0x84, 0xcc, 0x2f, 0x65, 0x65, 0x65, 0x62, 0xf5, 0x7a, 0xaa, 0xbd,
    0x8b, 0x17, 0x83, 0x84, 0xc6, 0x31, 0x8c, 0x66, 0x66, 0x66, 0x66, 0x66, 0x66, 0x6a, 0xaa, 0xaf,
    0x06, 0xdb, 0x6d, 0xb6, 0xdb, 0x84, 0x66, 0x66, 0x6a, 0x66, 0x66, 0x11, 0x83, 0x6d, 0xb6, 0xdb,
    0x6d, 0xb6, 0xdd, 0x9b, 0x6d, 0xb6, 0xdb, 0x6d, 0xc2, 0x6a, 0x15, 0x65, 0x62, 0xaa, 0xaa, 0x6f,
    0x7a, 0xb2, 0xab, 0x63, 0x53, 0x07, 0x0b, 0x63, 0x18, 0xc6, 0x6a, 0xa6, 0x66, 0x66, 0x66, 0xf7,
    0xbd, 0x46, 0x31, 0x6d, 0xb6, 0xdb, 0x6d, 0xbb, 0x63, 0x33, 0x33, 0x33, 0x33, 0x33, 0x18, 0x36,
    0xdb, 0x6d, 0xb6, 0xdb, 0x6d, 0xd9, 0xb6, 0xdb, 0x6d, 0xb6, 0xdb, 0x85, 0x4d, 0x5e, 0x66, 0x66,
    0xaa, 0xaf, 0x62, 0x60, 0xdb, 0x8c, 0xc1, 0xb8, 0x46, 0x11, 0xb6, 0x31, 0x99, 0x99, 0x99, 0x9a,
    0xaa, 0xa8, 0xd4, 0x5b, 0x6d, 0xb6, 0xdb, 0xb6, 0x6f, 0x57, 0xb1, 0x62, 0xf7, 0xaa, 0xa8, 0xc1,
    0xb6, 0xdb, 0x6d, 0xb6, 0xdb, 0x6d, 0xbb, 0x36, 0xdb, 0x6d, 0xb6, 0xdb, 0x6e, 0x17, 0xbc, 0x63,
    0x18, 0xc6, 0x35, 0x35, 0x2d, 0xb6, 0xdd, 0xb1, 0x6d, 0xbb, 0x63, 0x6d, 0xb6, 0xcc, 0xcc, 0xcc,
    0xc6, 0x6a, 0xaa, 0xf5, 0x16, 0xdb, 0x70, 0xb6, 0x66, 0x66, 0x6f, 0x62, 0xf7, 0xbd, 0xef, 0x7b,
    0xcc, 0x1b, 0x6d, 0xb6, 0xdb, 0x6d, 0xb6, 0xdb, 0x76, 0x6d, 0xb6, 0xdb, 0x6d, 0xb6, 0xdd, 0xb7,
    0xab, 0x63, 0x18, 0xc6, 0x66, 0xac, 0x41, 0xb6, 0xdb, 0xb6, 0xa0, 0xdb, 0xb6, 0xdb, 0x6d, 0x8c,
    0xcc, 0xcc, 0xcc, 0x66, 0xaa, 0xaa, 0xad, 0x6d, 0xbb, 0x66, 0x63, 0x35, 0x7b, 0xde, 0xf7, 0xb1,
    0x7b, 0xde, 0xf7, 0xbd, 0x41, 0xb6, 0xdb, 0x6d, 0xb6, 0xdb, 0x6d, 0xbb, 0x36, 0xdb, 0x6d, 0xb6,
    0xdb, 0x71, 0xab, 0x2a, 0x8c, 0x63, 0x19, 0x8d, 0x4c, 0x1b, 0x6d, 0xb7, 0x6d, 0x41, 0xb7, 0x6d,
    0xb6, 0xdb, 0x19, 0x99, 0x99, 0x99, 0xaa, 0xaa, 0xa8, 0xb6, 0xe1, 0x33, 0x33, 0x57, 0xbd, 0xef,
    0x7b, 0xde, 0xf7, 0xa9, 0xab, 0xde, 0xf5, 0x6b, 0x6d, 0xb6, 0xdb, 0x6d, 0xb6, 0xdb, 0xb3, 0x6d,
    0xb6, 0xdb, 0x6d, 0xb8, 0x5b, 0x37, 0xb1, 0x65, 0x79, 0xb2, 0x99, 0x83, 0x6d, 0xb6, 0xdb, 0xb6,
    0xa0, 0xdc, 0x2d, 0x98, 0xdb, 0x19, 0x99, 0x99, 0x99, 0xaa, 0xab, 0xcb, 0x6e, 0x13, 0x55, 0x57,
    0xbd, 0xef, 0x79, 0xaa, 0xaa, 0xbd, 0x8b, 0xde, 0xf7, 0xb1, 0x7b, 0xcc, 0x1c, 0x21, 0x33, 0x30,
    0x6d, 0xb6, 0xdb, 0xb3, 0x6d, 0xb6, 0xdb, 0x6d, 0xb7, 0x08, 0x5b, 0x1a, 0x9b, 0x6d, 0x8d, 0xad,
    0xb6, 0xdb, 0x6d, 0xdb, 0x16, 0xdc, 0x6d, 0xb6, 0xd8, 0xd5, 0xef, 0x55, 0x7b, 0xd8, 0xbd, 0xe6,
    0x32, 0xdd, 0xb5, 0x31, 0x9a, 0xab, 0xde, 0x66, 0x6f, 0x7b, 0xde, 0xf6, 0x2c, 0x5e, 0xf6, 0x55,
    0x57, 0xbd, 0xb1, 0x99, 0x98, 0x41, 0xb6, 0xdb, 0x6d, 0xd9, 0xb6, 0xdb, 0x6d, 0xb6, 0xdb, 0x6d,
    0xc2, 0xf6, 0xc2, 0x10, 0x6d, 0xb6, 0xdb, 0x6d, 0xd5, 0xad, 0xdb, 0x1b, 0x6d, 0xb6, 0x33, 0x33,
    0x33, 0x33, 0x37, 0xaa, 0xa8, 0xc2, 0x66, 0x33, 0x57, 0xbd, 0xef, 0x7b, 0xcd, 0x5e, 0xf5, 0x37,
    0xaa, 0xbd, 0xec, 0x5e, 0xf7, 0xbd, 0x4d, 0x4c, 0x6d, 0x83, 0x6d, 0xb6, 0xdb, 0xb3, 0x6d, 0xb6,
    0xdb, 0x6d, 0xc2, 0xa0, 0xdc, 0x2f, 0x06, 0xdb, 0x6d, 0xb6, 0xdb, 0x76, 0xc6, 0x0e, 0x11, 0xb6,
    0xdb, 0x63, 0x33, 0x33, 0x33, 0x33, 0x37, 0xaa, 0xab, 0x6a, 0x66, 0xaf, 0x7b, 0xde, 0xf7, 0xbd,
    0xef, 0x7b, 0xcc, 0xd5, 0xb1, 0x9a, 0xaa, 0xbd, 0xef, 0x62, 0xa6, 0x6a, 0x60, 0xdb, 0x6d, 0xb6,
    0xdd, 0x9b, 0x6d, 0xb6, 0xdb, 0x6e, 0xda, 0x83, 0xb6, 0xa0, 0xdb, 0x6d, 0xb6, 0xdb, 0x6d, 0xd4,
    0x5b, 0x84, 0x6d, 0xb6, 0xd9, 0x99, 0x99, 0x99, 0x99, 0xaa, 0xaa, 0xaa, 0xab, 0xd8, 0xbd, 0xef,
    0x79, 0x9a, 0xbd, 0x5e, 0xc4, 0xcc, 0x60, 0xdc, 0x23, 0x35, 0x57, 0xbd, 0xef, 0x33, 0x30, 0x6d,
    0xb6, 0xdb, 0x6d, 0xd9, 0xb6, 0xdb, 0x6d, 0xb6, 0xdc, 0x2d, 0x8d, 0xb0, 0x6d, 0xb6, 0xdb, 0x6d,
    0xb6, 0xe1, 0x30, 0x70, 0x8c, 0xc6, 0xdb, 0x63, 0x33, 0x33, 0x33, 0x35, 0x7a, 0xbd, 0x8a, 0xab,
    0xde, 0xf7, 0xbd, 0x4c, 0xcd, 0xea, 0xf5, 0x53, 0x6b, 0x6d, 0xbb, 0x66, 0x33, 0x56, 0x2c, 0x4b,
    0x6d, 0xb6, 0xdb, 0x6d, 0xb6, 0xec, 0xdb, 0x6d, 0xb6, 0xdb, 0x6d, 0xb6, 0xdb, 0x6d, 0xb6, 0xdb,
    0x6d, 0xb7, 0x09, 0xb5, 0xc2, 0xa3, 0x6c, 0xc6, 0x66, 0x66, 0x66, 0x6a, 0xf7, 0xbc, 0xd5, 0xef,
    0x7b, 0xde, 0xf7, 0xbd, 0xea, 0xc5, 0xef, 0x33, 0x6b, 0x6d, 0xb6, 0xdc, 0xcd, 0x55, 0x8b, 0xd8,
    0x83, 0x6d, 0xb6, 0xdb, 0x6d, 0xb7, 0x66, 0xdb, 0x6d, 0xb6, 0xdb, 0x6d, 0xb6, 0xdb, 0x6d, 0xb6,
    0xdb, 0x6d, 0xb7, 0x0a, 0xaa, 0x9b, 0x6d, 0xb6, 0xd9, 0x99, 0xaa, 0xa9, 0xaa, 0xaa, 0x8d, 0x5e,
    0xf7, 0xa9, 0xbd, 0xef, 0x7b, 0xde, 0xa6, 0x65, 0xb6, 0xdb, 0x6e, 0x16, 0xc6, 0x33, 0x7b, 0xd8,
    0x83, 0x6d, 0xb6, 0xdb, 0x6d, 0xb7, 0x66, 0xdb, 0x6d, 0xb6, 0xdb, 0x6d, 0xb6, 0xdb, 0x6d, 0xb6,
    0xdb, 0x6d, 0xb6, 0xdb, 0xb6, 0xdb, 0x61, 0x6c, 0x66, 0x66, 0x66, 0x66, 0x6a, 0xaa, 0xaa, 0xf5,
    0x33, 0x57, 0xbd, 0xef, 0x7b, 0xcd, 0x5a, 0xdb, 0x6d, 0xb6, 0xe1, 0x18, 0xc6, 0x6a, 0xf2, 0xdb,
    0x6d, 0xb6, 0xdb, 0x6d, 0xbb, 0x36, 0xdb, 0x6d, 0xb6, 0xdb, 0x6d, 0xb6, 0xdb, 0x6d, 0xb6, 0xdb,
    0x6d, 0xb6, 0xdc, 0x23, 0x6d, 0xb6, 0xcc, 0xcc, 0xcc, 0xcc, 0xcd, 0x55, 0x55, 0x5e, 0xa6, 0xaf,
    0x7b, 0xde, 0xf7, 0x99, 0xb5, 0xb6, 0xdb, 0x6d, 0xb7, 0x0a, 0xaa, 0xb1, 0x62, 0x5b, 0x6d, 0xb6,
    0xdb, 0x6d, 0xb7, 0x66, 0xdb, 0x6d, 0xb6, 0xdb, 0x6d, 0xb6, 0xdb, 0x6d, 0xb6, 0xdb, 0x6d, 0xb6,
    0xdb, 0x76, 0xc6, 0xd8, 0xcc, 0xcc, 0xcc, 0xcc, 0xcc, 0xde, 0xaa, 0xf6, 0x2f, 0x7a, 0xbd, 0xe6,
    0x6a, 0xa0, 0xdb, 0x6d, 0xb6, 0xdb, 0x6e, 0x63, 0x19, 0xab, 0xda, 0xdb, 0x6d, 0xb6, 0xdb, 0x6d,
    0xbb, 0x36, 0xdb, 0x6d, 0xb6, 0xdb, 0x6d, 0xb6, 0xdb, 0x6d, 0xb6, 0xdb, 0x6d, 0xb6, 0xdb, 0x71,
    0x98, 0xc6, 0x66, 0x66, 0x66, 0x66, 0x6f, 0x56, 0x2f, 0x7b, 0xde, 0xa6, 0x66, 0xad, 0x6d, 0xb6,
    0xdb, 0x6d, 0xb6, 0xed, 0xab, 0xcd, 0x58, 0x98, 0x36, 0xdb, 0x6d, 0xb6, 0xdb, 0x6e, 0xcd, 0xb6,
    0xdb, 0x6d, 0xb6, 0xdb, 0x6d, 0xb6, 0xdb, 0x6d, 0xb6, 0xdb, 0x6d, 0xb6, 0xdb, 0x84, 0x66, 0x66,
    0x66, 0x66, 0x66, 0xaf, 0x62, 0xc5, 0x4c, 0xcc, 0xcc, 0xcc, 0x1b, 0x6d, 0xb6, 0xdb, 0x6e, 0x13,
    0x57, 0xbd, 0x55, 0xef, 0x2d, 0xb6, 0xdb, 0x6d, 0xb6, 0xdb, 0x76, 0x6d, 0xb6, 0xdb, 0x6d, 0xb6,
    0xdb, 0x6d, 0xb6, 0xdb, 0x6d, 0xb6, 0xdb, 0x6d, 0xb6, 0xdb, 0x6e, 0x13, 0x53, 0x33, 0x56, 0x2a,
    0xa6, 0x66, 0x66, 0x6a, 0x60, 0xdb, 0x6d, 0xb6, 0xdb, 0x76, 0xd5, 0xea, 0x6a, 0xaa, 0xac, 0x5e,
    0x60, 0xdb, 0x6d, 0xb6, 0xdb, 0x6d, 0xbb, 0x36, 0xdb, 0x6d, 0xb6, 0xdb, 0x6d, 0xb6, 0xdb, 0x6d,
    0xb6, 0xdb, 0x6d, 0xb6, 0xdb, 0x6d, 0xb6, 0xdb, 0x70, 0x85, 0xb6, 0xc6, 0x31, 0x8d, 0xb6, 0xc2,
    0x0d, 0xb6, 0xdb, 0x6d, 0xb6, 0xed, 0xaa, 0x99, 0x99, 0xaa, 0xab, 0xd5, 0xe5, 0xb6, 0xdb, 0x6d,
    0xb6, 0xdb, 0x6e, 0xcd, 0xb6, 0xdb, 0x6d, 0xb6, 0xdb, 0x6d, 0xb6, 0xdb, 0x6d, 0xb6, 0xdb, 0x6d,
    0xb6, 0xdb, 0x6d, 0xb6, 0xdb, 0x6d, 0xb6, 0xdb, 0x6d, 0xb6, 0xdb, 0x6d, 0xb6, 0xe1, 0x55, 0x33,
    0x33, 0x37, 0xaa, 0xbc, 0xd5, 0xe5, 0xb6, 0xdb, 0x6d, 0xb6, 0xdb, 0x6e, 0xcd, 0xb6, 0xdb, 0x6d,
    0xb6, 0xdb, 0x6d, 0xb6, 0xdb, 0x6d, 0xb6, 0xdb, 0x6d, 0xb6, 0xdb, 0x6d, 0xb6, 0xdb, 0x6d, 0xb6,
    0xdb, 0x6d, 0xb6, 0xdb, 0x6d, 0xb8, 0x55, 0xe3, 0x18, 0xc6, 0x33, 0x53, 0x55, 0x33, 0x57, 0xb5,
    0xb6, 0xdb, 0x6d, 0xb6, 0xdb, 0x6e, 0xcd, 0xb6, 0xdb, 0x6d, 0xb6, 0xdb, 0x6d, 0xb6, 0xdb, 0x6d,
    0xb6, 0xdb, 0x6d, 0xb6, 0xdb, 0x6d, 0xb6, 0xdb, 0x6d, 0xb6, 0xdb, 0x6d, 0xb6, 0xdb, 0x6d, 0xc2,
    0xa6, 0xa6, 0x31, 0x98, 0xd4, 0xde, 0xa6, 0x66, 0xaf, 0x06, 0xdb, 0x6d, 0xb6, 0xdb, 0x6d, 0xbb,
    0x36, 0xdb, 0x6d, 0xb6, 0xdb, 0x6d, 0xb6, 0xdb, 0x6d, 0xb6, 0xdb, 0x6d, 0xb6, 0xdb, 0x6d, 0xb6,
    0xdb, 0x6d, 0xb6, 0xdb, 0x6d, 0xb6, 0xdb, 0x6d, 0xb7, 0x6d, 0xae, 0x11, 0x84, 0x26, 0xf5, 0x53,
    0x33, 0x33, 0x54, 0xdb, 0x6d, 0xb6, 0xdb, 0x6d, 0xb6, 0xec, 0xdb, 0x6d, 0xb6, 0xdb, 0x6d, 0xb6,
    0xdb, 0x6d, 0xb6, 0xdb, 0x6d, 0xb6, 0xdb, 0x6d, 0xb6, 0xdb, 0x6d, 0xb6, 0xdb, 0x6d, 0xb6, 0xdb,
    0x6d, 0xb6, 0xdb, 0x6d, 0xb7, 0x09, 0xa8, 0x38, 0x46, 0x31, 0x9a, 0x83, 0x6d, 0xb6, 0xdb, 0x6d,
    0xb6, 0xdb, 0xb3, 0x6d, 0xb6, 0xdb, 0x6d, 0xb6, 0xdb, 0x6d, 0xb6, 0xdb, 0x6d, 0xb6, 0xdb, 0x6d,
    0xb6, 0xdb, 0x6d, 0xb6, 0xdb, 0x6d, 0xb6, 0xdb, 0x6d, 0xb6, 0xdb, 0x6d, 0xb6, 0xdb, 0x6d, 0xbb,
    0x66, 0x63, 0x33, 0x06, 0xdb, 0x6d, 0xb6, 0xdb, 0x6d, 0xb7, 0x66, 0xdb, 0x6d, 0xb6, 0xdb, 0x6d,
    0xb6, 0xdb, 0x6d, 0xb6, 0xdb, 0x6d, 0xb6, 0xdb, 0x6d, 0xb6, 0xdb, 0x6d, 0xb6, 0xdb, 0x6d, 0xb6,
    0xdb, 0x6d, 0xb6, 0xdb, 0x6d, 0xb6, 0xdb, 0x6d, 0xc6, 0x37, 0xb5, 0xb6, 0xdb, 0x6d, 0xb6, 0xdb,
    0x6d, 0xbb, 0x36, 0xdb, 0x6d, 0xb6, 0xdb, 0x6d, 0xb6, 0xdb, 0x6d, 0xb6, 0xdb, 0x6d, 0xb6, 0xdb,
    0x6d, 0xb6, 0xdb, 0x6d, 0xb6, 0xdb, 0x6d, 0xb6, 0xdb, 0x6d, 0xb6, 0xdb, 0x6d, 0xb6, 0xdb, 0x6d,
    0xc2, 0x60, 0xdb, 0x6d, 0xb6, 0xdb, 0x6d, 0xb6, 0xdd, 0x98
};

const HuffmanFrequency SPRITE_50_FREQS[] = {
    {0x0a, 51},
    {0x23, 62},
    {0x25, 19},
    {0x2a, 291},
    {0x2b, 479},
    {0x2d, 252},
    {0x2e, 169},
    {0x3a, 135},
    {0x3d, 450},
    {0xa0, 3143},
    {0xc2, 3143}
};
}

const HuffmanEncodedSprite SPRITE_50 = {
    SPRITE_50_BYTES,
    static_cast<int>(sizeof(SPRITE_50_BYTES) / sizeof(SPRITE_50_BYTES[0])),
    18509,
    8194,
    SPRITE_50_FREQS,
    static_cast<int>(sizeof(SPRITE_50_FREQS) / sizeof(SPRITE_50_FREQS[0]))
};

namespace
{
const unsigned char SPRITE_51_BYTES[] = {
    0xb1, 0x6d, 0xb6, 0xdb, 0x6d, 0xb6, 0xdb, 0x6d, 0xb6, 0xdb, 0x6d, 0xb6, 0xdb, 0x6d, 0xb6, 0xdb,
    0x6d, 0xda, 0x6d, 0xb6, 0xdb, 0x6d, 0xb6, 0xdb, 0x6d, 0xb6, 0xdb, 0x6d, 0xb6, 0xdb, 0x6d, 0xb6,
    0xdb, 0x6d, 0xb6, 0xdb, 0x6d, 0xb6, 0xdb, 0xb1, 0x6d, 0xb6, 0xdb, 0x6d, 0xb6, 0xdb, 0x6d, 0xb6,
    0xdb, 0x6d, 0xb6, 0xdb, 0x6d, 0xb6, 0xed, 0x4b, 0xcb, 0xde, 0xf6, 0xea, 0xd3, 0x6d, 0xb6, 0xdb,
    0x6d, 0xb6, 0xdb, 0x6d, 0xb6, 0xdb, 0x6d, 0xb6, 0xdb, 0x6d, 0xb6, 0xdb, 0x6d, 0xb6, 0xdb, 0x6d,
    0xd8, 0xb6, 0xdb, 0x6d, 0xb6, 0xdb, 0x6d, 0xb6, 0xdb, 0x6d, 0xb6, 0xdb, 0x6d, 0xb6, 0xdb, 0xb3,
    0x79, 0x25, 0xef, 0x7b, 0xde, 0xf6, 0x5b, 0x76, 0xa4, 0x92, 0xf2, 0xad, 0x36, 0xdb, 0x6d, 0xb6,
    0xdb, 0x6d, 0xb6, 0xdb, 0x6d, 0xb6, 0xdb, 0x6d, 0xb6, 0xdb, 0x6e, 0xc5, 0xb6, 0xdb, 0x6d, 0xb6,
    0xdb, 0x6d, 0xb6, 0xdb, 0x6d, 0xb6, 0xdb, 0x6d, 0xbb, 0x56, 0x9d, 0xe4, 0xbd, 0xef, 0x7b, 0x76,
    0xed, 0xdb, 0xb7, 0x6a, 0xd4, 0xaa, 0xaa, 0x92, 0x49, 0x7b, 0x4d, 0xb6, 0xdb, 0x6d, 0xb6, 0xdb,
    0x6d, 0xb6, 0xdb, 0x6d, 0xb6, 0xdb, 0x6d, 0xb6, 0xec, 0x5b, 0x6d, 0xb6, 0xdb, 0x6d, 0xb6, 0xdb,
    0x6d, 0xb6, 0xdb, 0x6d, 0xb6, 0xed, 0x5b, 0xa9, 0x7b, 0xde, 0xdc, 0x95, 0x55, 0x52, 0x4b, 0xca,
    0x92, 0x49, 0x24, 0x92, 0xed, 0xb6, 0xdb, 0x6d, 0xb6, 0xdb, 0x6d, 0xb6, 0xdb, 0x6d, 0xb6, 0xdb,
    0x6d, 0xb6, 0xec, 0x5b, 0x6d, 0xb6, 0xdb, 0x6d, 0xb6, 0xdb, 0x6d, 0xb6, 0xdb, 0x6d, 0xb6, 0xdd,
    0x5e, 0x49, 0x6e, 0xf2, 0x49, 0x24, 0x92, 0xdc, 0x92, 0x5b, 0xbc, 0xb7, 0x6e, 0x4b, 0xde, 0xed,
    0xb6, 0xdb, 0x6d, 0xb6, 0xdb, 0x6d, 0xb6, 0xdb, 0x6d, 0xb6, 0xdb, 0x6d, 0xb7, 0x62, 0xdb, 0x6d,
    0xb6, 0xdb, 0x6d, 0xb6, 0xdb, 0x6d, 0xb6, 0xdb, 0x6d, 0xb6, 0xed, 0x5e, 0x49, 0x24, 0x92, 0x49,
    0x24, 0xbc, 0x97, 0xbd, 0xef, 0x7b, 0xdb, 0xbd, 0xef, 0x7b, 0x6d, 0xb6, 0xdb, 0x6d, 0xb6, 0xdb,
    0x6d, 0xb6, 0xdb, 0x6d, 0xb6, 0xdb, 0x6d, 0xb7, 0x62, 0xdb, 0x6d, 0xb6, 0xdb, 0x6d, 0xb6, 0xdb,
    0x6d, 0xb6, 0xdb, 0x6d, 0xb7, 0x6a, 0xf7, 0x92, 0x49, 0x24, 0x92, 0x49, 0x24, 0x97, 0xb7, 0x7b,
    0xde, 0xf7, 0xbd, 0xef, 0x1b, 0x6d, 0xb6, 0xdb, 0x6d, 0xb6, 0xdb, 0x6d, 0xb6, 0xdb, 0x6d, 0xb6,
    0xdb, 0x6d, 0xd8, 0xb6, 0xdb, 0x6d, 0xb6, 0xdb, 0x6d, 0xb6, 0xdb, 0x6d, 0xb6, 0xdb, 0x6e, 0xa5,
    0x49, 0x24, 0x92, 0xf7, 0x92, 0x49, 0x24, 0x92, 0xf6, 0xef, 0x7b, 0xde, 0xf7, 0xb4, 0xdb, 0x6d,
    0xb6, 0xdb, 0x6d, 0xb6, 0xdb, 0x6d, 0xb6, 0xdb, 0x6d, 0xb6, 0xdb, 0x6d, 0xd8, 0xb6, 0xdb, 0x6d,
    0xb6, 0xdb, 0x6d, 0xb6, 0xdb, 0x6d, 0xb6, 0xdb, 0x76, 0x6a, 0x49, 0x24, 0x92, 0xf5, 0x7b, 0x76,
    0x0b, 0x05, 0xab, 0x0d, 0xef, 0x7b, 0xde, 0xf7, 0xbd, 0xee, 0xdb, 0x6d, 0xb6, 0xdb, 0x6d, 0xb6,
    0xdb, 0x6d, 0xb6, 0xdb, 0x6d, 0xb6, 0xdb, 0x6d, 0xb6, 0xdd, 0x8b, 0x6d, 0xb6, 0xdb, 0x6d, 0xb6,
    0xdb, 0x6d, 0xb6, 0xdb, 0x6d, 0xbb, 0x57, 0x92, 0x49, 0x24, 0x97, 0xab, 0x36, 0xad, 0xdb, 0xb0,
    0xdb, 0xbd, 0xef, 0x7b, 0xde, 0xf7, 0xbd, 0xdb, 0x6d, 0xb6, 0xdb, 0x6d, 0xb6, 0xdb, 0x6d, 0xb6,
    0xdb, 0x6d, 0xb6, 0xdb, 0x6d, 0xb6, 0xdb, 0xb1, 0x6d, 0xb6, 0xdb, 0x6d, 0xb6, 0xdb, 0x6d, 0xb6,
    0xdb, 0x6d, 0xb7, 0x52, 0x49, 0x24, 0x92, 0x49, 0x24, 0x97, 0xbd, 0xed, 0xca, 0xbd, 0xed, 0xdb,
    0xbd, 0x36, 0xdb, 0x6d, 0xb6, 0xdb, 0x6d, 0xb6, 0xdb, 0x6d, 0xb6, 0xdb, 0x6d, 0xb6, 0xdb, 0x6d,
    0xb7, 0x62, 0xdb, 0x6d, 0xb6, 0xdb, 0x6d, 0xb6, 0xdb, 0x6d, 0xb6, 0xdb, 0x6e, 0xd5, 0xb9, 0x24,
    0x92, 0xf7, 0xbc, 0x97, 0xbd, 0xbb, 0x77, 0x95, 0x55, 0x57, 0xbd, 0xbb, 0x77, 0x6d, 0xb6, 0xdb,
    0x6d, 0xb6, 0xdb, 0x6d, 0xb6, 0xdb, 0x6d, 0xb6, 0xdb, 0x6d, 0xb6, 0xdb, 0x6d, 0xd8, 0xb6, 0xdb,
    0x6d, 0xb6, 0xdb, 0x6d, 0xb6, 0xdb, 0x6d, 0xb6, 0xdb, 0x6d, 0xda, 0xb5, 0x52, 0xaa, 0xaa, 0xaa,
    0xaa, 0xaa, 0xaa, 0xaa, 0x5e, 0xf7, 0xbd, 0xed, 0x36, 0xdb, 0x6d, 0xb6, 0xdb, 0x6d, 0xb6, 0xdb,
    0x6d, 0xb6, 0xdb, 0x6d, 0xb6, 0xdb, 0x6d, 0xb6, 0xec, 0x5b, 0x6d, 0xb6, 0xdb, 0x6d, 0xb6, 0xdb,
    0x6d, 0xb6, 0xdb, 0x6d, 0xb6, 0xdb, 0x6d, 0xbb, 0x56, 0xad, 0x54, 0x97, 0xb7, 0x6e, 0xf7, 0xbd,
    0xef, 0x6e, 0xf6, 0xec, 0xb6, 0xdb, 0x6d, 0xb6, 0xdb, 0x6d, 0xb6, 0xdb, 0x6d, 0xb6, 0xdb, 0x6d,
    0xb6, 0xdb, 0x6d, 0xb6, 0xdd, 0x8b, 0x6d, 0xb6, 0xdb, 0x6d, 0xb6, 0xdb, 0x6d, 0xb6, 0xdb, 0x6d,
    0xb6, 0xdb, 0x6d, 0xb6, 0xdb, 0x6e, 0xcd, 0x5e, 0xf7, 0xbd, 0xef, 0x7b, 0xde, 0x9b, 0x6d, 0xb6,
    0xdb, 0x6d, 0xb6, 0xdb, 0x6d, 0xb6, 0xdb, 0x6d, 0xb6, 0xdb, 0x6d, 0xb6, 0xdb, 0x6d, 0xd8, 0xb6,
    0xdb, 0x6d, 0xb6, 0xdb, 0x6d, 0xb6, 0xdb, 0x6d, 0xb6, 0xdb, 0x6d, 0xb6, 0xdb, 0x6d, 0xb7, 0x6a,
    0xf5, 0x7b, 0xde, 0xf7, 0xbd, 0xef, 0x6e, 0xd3, 0x6d, 0xb6, 0xdb, 0x6d, 0xb6, 0xdb, 0x6d, 0xb6,
    0xdb, 0x6d, 0xb6, 0xdb, 0x6d, 0xb6, 0xdb, 0x6d, 0xbb, 0x16, 0xdb, 0x6d, 0xb6, 0xdb, 0x6d, 0xb6,
    0xdb, 0x6d, 0xb6, 0xdb, 0x6d, 0xb6, 0xdb, 0x6d, 0xb6, 0xea, 0xcc, 0xbd, 0xef, 0x7b, 0xde, 0xf6,
    0xec, 0xb6, 0xdb, 0x6d, 0xb6, 0xdb, 0x6d, 0xb6, 0xdb, 0x6d, 0xb6, 0xdb, 0x6d, 0xb6, 0xdb, 0x6d,
    0xb6, 0xdb, 0x76, 0x2d, 0xb6, 0xdb, 0x6d, 0xb6, 0xdb, 0x6d, 0xb6, 0xdb, 0x6d, 0xb6, 0xdb, 0x6d,
    0xb6, 0xdb, 0x6e, 0x59, 0xb5, 0x2f, 0x7b, 0xde, 0xf7, 0xbc, 0x6d, 0xb6, 0xdb, 0x6d, 0xb6, 0xdb,
    0x6d, 0xb6, 0xdb, 0x6d, 0xb6, 0xdb, 0x6d, 0xb6, 0xdb, 0x6d, 0xb6, 0xdd, 0x8b, 0x6d, 0xb6, 0xdb,
    0x6d, 0xb6, 0xdb, 0x6d, 0xb6, 0xdb, 0x6d, 0xb6, 0xdb, 0x6d, 0xb6, 0xdd, 0x9b, 0x36, 0xac, 0xc9,
    0x24, 0x92, 0x59, 0x6d, 0xb6, 0xdb, 0x6d, 0xb6, 0xdb, 0x6d, 0xb6, 0xdb, 0x6d, 0xb6, 0xdb, 0x6d,
    0xb6, 0xdb, 0x6d, 0xb6, 0xdd, 0x8b, 0x6d, 0xb6, 0xdb, 0x6d, 0xb6, 0xdb, 0x6d, 0xb6, 0xdb, 0x6d,
    0xb6, 0xdb, 0x6d, 0xb6, 0xec, 0xd5, 0xab, 0x32, 0x49, 0x24, 0x96, 0xdb, 0x6d, 0xb6, 0xdb, 0x6d,
    0xb6, 0xdb, 0x6d, 0xb6, 0xdb, 0x6d, 0xb6, 0xdb, 0x6d, 0xb6, 0xdb, 0x6d, 0xb6, 0xec, 0x5b, 0x6d,
    0xb6, 0xdb, 0x6d, 0xb6, 0xdb, 0x6d, 0xb6, 0xdb, 0x6d, 0xb6, 0xdb, 0x6d, 0xbb, 0x55, 0x6a, 0xd4,
    0x92, 0x49, 0x24, 0x8d, 0xb6, 0xec, 0xd9, 0xb3, 0x66, 0xd3, 0x6d, 0xb6, 0xdb, 0x6d, 0xb6, 0xdb,
    0x6d, 0xb6, 0xdb, 0x6d, 0xb6, 0xdb, 0x6d, 0xb7, 0x62, 0xdb, 0x6d, 0xb6, 0xdb, 0x6d, 0xb6, 0xdb,
    0x6d, 0xb6, 0xdb, 0x6d, 0xb6, 0xdb, 0x6e, 0xcd, 0x9b, 0x36, 0x64, 0x92, 0x4b, 0xdb, 0xb7, 0x79,
    0x55, 0x6a, 0xd5, 0xea, 0xac, 0xd9, 0xbd, 0xa6, 0xdb, 0x6d, 0xb6, 0xdb, 0x6d, 0xb6, 0xdb, 0x6d,
    0xb6, 0xdb, 0x6d, 0xb6, 0xdb, 0x76, 0x2d, 0xb6, 0xdb, 0x6d, 0xb6, 0xdb, 0x6d, 0xb6, 0xdb, 0x6d,
    0xb6, 0xdb, 0x6d, 0xb7, 0x56, 0x6c, 0xd4, 0x92, 0x4b, 0xd9, 0xb3, 0x66, 0xcd, 0x9a, 0xaa, 0xab,
    0xd5, 0x55, 0x55, 0xbb, 0x4d, 0xb6, 0xdb, 0x6d, 0xb6, 0xdb, 0x6d, 0xb6, 0xdb, 0x6d, 0xb6, 0xdb,
    0x6d, 0xb6, 0xec, 0x5b, 0x6d, 0xb6, 0xdb, 0x6d, 0xb6, 0xdb, 0x6d, 0xb6, 0xdb, 0x6d, 0xb6, 0xdb,
    0x75, 0x6a, 0xcc, 0x92, 0x4b, 0x0d, 0x9b, 0x56, 0x6c, 0xd5, 0xbb, 0xc9, 0x52, 0x55, 0x54, 0x96,
    0xdb, 0x6d, 0xb6, 0xdb, 0x6d, 0xb6, 0xdb, 0x6d, 0xb6, 0xdb, 0x6d, 0xb6, 0xdb, 0x6d, 0xbb, 0x16,
    0xdb, 0x6d, 0xb6, 0xdb, 0x6d, 0xb6, 0xdb, 0x6d, 0xb6, 0xdb, 0x6d, 0xb7, 0x6a, 0xad, 0x54, 0x92,
    0x58, 0x6a, 0xad, 0xd8, 0x6c, 0x37, 0x95, 0x55, 0x55, 0x55, 0x55, 0x24, 0xb7, 0x6e, 0xad, 0x37,
    0x66, 0xc3, 0x6e, 0xd3, 0x6d, 0xb6, 0xdb, 0x6d, 0xb6, 0xdb, 0x6d, 0xb6, 0xdb, 0x6d, 0xbb, 0x16,
    0xdb, 0x6d, 0xb6, 0xdb, 0x6d, 0xb6, 0xdb, 0x6d, 0xb6, 0xdb, 0x6d, 0xbb, 0x35, 0x66, 0xa4, 0xbd,
    0xea, 0xaa, 0xcd, 0x9b, 0x35, 0x7b, 0xc9, 0x55, 0x55, 0x2a, 0xaa, 0x49, 0x2a, 0x4b, 0x76, 0xe4,
    0xbd, 0x96, 0xdb, 0x6d, 0xb6, 0xdb, 0x6d, 0xb6, 0xdb, 0x6d, 0xb6, 0xdb, 0xb1, 0x6d, 0xb6, 0xdb,
    0x6d, 0xb6, 0xdb, 0x6d, 0xb6, 0xdb, 0x6d, 0xb6, 0xdd, 0x55, 0x54, 0xb7, 0x25, 0xef, 0x2f, 0x24,
    0x92, 0x4a, 0xaa, 0xaa, 0xaa, 0xaa, 0x92, 0x55, 0x55, 0x54, 0xa9, 0x7b, 0x4d, 0xb6, 0xdb, 0x6d,
    0xb6, 0xdb, 0x6d, 0xb6, 0xdb, 0x6d, 0xb7, 0x62, 0xdb, 0x6d, 0xb6, 0xdb, 0x6d, 0xb6, 0xdb, 0x6d,
    0xb6, 0xdb, 0x6d, 0xcb, 0x35, 0x52, 0xaf, 0x7a, 0xaa, 0xaa, 0xb7, 0x24, 0x92, 0xaa, 0xaa, 0xaa,
    0xaa, 0xaa, 0xaa, 0x55, 0x54, 0xbd, 0xbb, 0xcb, 0xca, 0x6d, 0xb6, 0xdb, 0x6d, 0xb6, 0xdb, 0x6d,
    0xb6, 0xdb, 0x6d, 0xd8, 0xb6, 0xdb, 0x6d, 0xb6, 0xdb, 0x6d, 0xb6, 0xdb, 0x6d, 0xb6, 0xdd, 0xaa,
    0xaa, 0xab, 0x76, 0x6f, 0x55, 0x55, 0x55, 0x55, 0x55, 0x55, 0x55, 0x55, 0x55, 0x55, 0x55, 0x55,
    0x52, 0x4a, 0xaa, 0xaa, 0xb3, 0x56, 0xe4, 0xb2, 0xdb, 0x6d, 0xb6, 0xdb, 0x6d, 0xb6, 0xdb, 0x6d,
    0xb6, 0xec, 0x5b, 0x6d, 0xb6, 0xdb, 0x6d, 0xb6, 0xdb, 0x6d, 0xb6, 0xdb, 0x76, 0xa5, 0x55, 0x5e,
    0xd5, 0xba, 0xbd, 0xbb, 0xca, 0xaa, 0xaa, 0xaa, 0xaa, 0xaa, 0xaa, 0xaa, 0xaa, 0xaa, 0xaa, 0xa9,
    0x25, 0x55, 0x49, 0x79, 0x25, 0xea, 0xd5, 0xab, 0x4d, 0xb6, 0xdb, 0x6d, 0xb6, 0xdb, 0x6d, 0xb6,
    0xec, 0x5b, 0x6d, 0xb6, 0xdb, 0x6d, 0xb6, 0xdb, 0x6d, 0xb6, 0xdb, 0x75, 0x55, 0x56, 0xec, 0xde,
    0x4b, 0x36, 0x64, 0x95, 0x55, 0x55, 0x55, 0x55, 0x55, 0x55, 0x55, 0x55, 0x55, 0x24, 0x92, 0xa5,
    0x54, 0xaa, 0xa9, 0x2f, 0x6e, 0x4b, 0x76, 0x9b, 0x6d, 0xb6, 0xdb, 0x6d, 0xb6, 0xdb, 0x76, 0x2d,
    0xb6, 0xdb, 0x6d, 0xb6, 0xdb, 0x6d, 0xb6, 0xdb, 0x6d, 0xd4, 0xb7, 0x7b, 0xca, 0xbd, 0x4b, 0xc9,
    0x24, 0xaa, 0xaa, 0xaa, 0xaa, 0xa9, 0x7b, 0xde, 0xf5, 0x55, 0x55, 0x25, 0x49, 0x55, 0x55, 0x24,
    0x92, 0x4b, 0xcb, 0xd9, 0x6d, 0xb6, 0xdb, 0x6d, 0xb6, 0xdb, 0x6d, 0xd8, 0xb6, 0xdb, 0x6d, 0xb6,
    0xdb, 0x6d, 0xb6, 0xdb, 0x6d, 0xbb, 0x52, 0xf7, 0x96, 0xea, 0xf5, 0x55, 0x55, 0x2a, 0x55, 0x55,
    0x55, 0x55, 0x54, 0xab, 0x36, 0x6c, 0xd4, 0xbd, 0x55, 0x54, 0x92, 0x54, 0x92, 0x49, 0x24, 0x97,
    0xb7, 0x69, 0xb6, 0xdb, 0x6d, 0xb6, 0xdb, 0x6d, 0xb6, 0xec, 0x5b, 0x6d, 0xb6, 0xdb, 0x6d, 0xb6,
    0xdb, 0x6d, 0xb6, 0xdd, 0x99, 0x24, 0xb7, 0x52, 0x55, 0x55, 0x55, 0x55, 0x55, 0x55, 0x55, 0x55,
    0x49, 0x66, 0xaa, 0x49, 0x24, 0x92, 0x49, 0x24, 0x92, 0x49, 0x2f, 0x79, 0x76, 0xdb, 0x6d, 0xb6,
    0xdb, 0x6d, 0xb6, 0xdb, 0x76, 0x2d, 0xb6, 0xdb, 0x6d, 0xb6, 0xdb, 0x6d, 0xb6, 0xdb, 0x6e, 0xaf,
    0x79, 0x79, 0x55, 0x55, 0x55, 0x2d, 0xdb, 0x95, 0x55, 0x55, 0x55, 0x55, 0x55, 0x79, 0x24, 0x92,
    0x49, 0x24, 0x92, 0x49, 0x24, 0x92, 0x5b, 0x97, 0xb2, 0xdb, 0x6d, 0xb6, 0xdb, 0x6d, 0xb6, 0xdb,
    0x76, 0x2d, 0xb6, 0xdb, 0x6d, 0xb6, 0xdb, 0x6d, 0xb6, 0xdb, 0x6e, 0xcc, 0x92, 0x5e, 0x54, 0x92,
    0x49, 0x24, 0xbd, 0xe4, 0x92, 0x4a, 0xa9, 0x24, 0x92, 0x49, 0x2a, 0xaa, 0xa4, 0x92, 0x49, 0x2f,
    0x6e, 0xf2, 0x5b, 0xb5, 0x6a, 0xd3, 0x6d, 0xb6, 0xdb, 0x6d, 0xb6, 0xdb, 0xb1, 0x6d, 0xb6, 0xdb,
    0x6d, 0xb6, 0xed, 0x54, 0x97, 0xbd, 0xe4, 0x92, 0x5e, 0xf7, 0xbc, 0x92, 0x49, 0x25, 0xef, 0x79,
    0x25, 0xef, 0x24, 0x95, 0x52, 0x49, 0x55, 0x55, 0x52, 0x4a, 0xa9, 0x24, 0x92, 0x49, 0x24, 0xbd,
    0xec, 0x32, 0x49, 0x7b, 0xcb, 0x4d, 0xb6, 0xdb, 0x6d, 0xbb, 0x16, 0xdb, 0x6d, 0xb6, 0xec, 0xde,
    0xf2, 0x49, 0x24, 0x92, 0x49, 0x24, 0x92, 0x49, 0x24, 0x92, 0x49, 0x7b, 0x72, 0x4b, 0x72, 0x49,
    0x24, 0x92, 0x49, 0x24, 0x92, 0x49, 0x24, 0x92, 0x49, 0x24, 0xb0, 0xcb, 0x0d, 0xef, 0x24, 0x92,
    0x5e, 0xf6, 0x5b, 0x6d, 0xb6, 0xec, 0x5b, 0x6d, 0xb7, 0x6a, 0xc3, 0x2a, 0xaa, 0xaa, 0xaa, 0xaa,
    0xaa, 0xa4, 0x92, 0x49, 0x24, 0x92, 0x49, 0x25, 0xbb, 0x77, 0xbd, 0xef, 0x25, 0xed, 0xc9, 0x24,
    0x92, 0x49, 0x24, 0x92, 0x49, 0x24, 0x92, 0x49, 0x25, 0xb9, 0x6e, 0xf7, 0xbd, 0xef, 0x7b, 0xc9,
    0x24, 0x97, 0xb2, 0xdb, 0x6e, 0xc5, 0xb6, 0xdd, 0xab, 0xd5, 0x55, 0x55, 0x55, 0x55, 0x55, 0x54,
    0x92, 0x49, 0x24, 0x92, 0x4b, 0x77, 0xbd, 0xef, 0x7b, 0x76, 0xed, 0xde, 0xf7, 0xb7, 0x24, 0xbd,
    0xb9, 0x24, 0x92, 0x49, 0x24, 0x92, 0x49, 0x24, 0x92, 0xf2, 0x58, 0x65, 0xed, 0xde, 0xf7, 0xbd,
    0xef, 0x7b, 0xde, 0xf7, 0xbc, 0x92, 0x5b, 0xab, 0x4e, 0xc5, 0xb7, 0x6a, 0x55, 0x55, 0x55, 0x55,
    0x55, 0x55, 0x55, 0x55, 0x49, 0x24, 0x92, 0x49, 0x2d, 0xcb, 0xde, 0xf7, 0xbd, 0xef, 0x7b, 0xdb,
    0xbd, 0xef, 0x6e, 0xf2, 0x49, 0x25, 0xe4, 0x92, 0x55, 0x54, 0xbd, 0xbb, 0x77, 0xbc, 0x92, 0xf6,
    0xe4, 0xbd, 0xbb, 0x0d, 0x86, 0xc3, 0x61, 0xb0, 0xdb, 0xb7, 0x7b, 0xde, 0xf7, 0xbd, 0xef, 0x7b,
    0xde, 0xf7, 0xb7, 0x62, 0xdd, 0x99, 0x55, 0x55, 0x55, 0x55, 0x55, 0x55, 0x55, 0x55, 0x24, 0x92,
    0x49, 0x24, 0xbd, 0xea, 0xaa, 0xa5, 0xef, 0x7b, 0xdb, 0xb7, 0x7b, 0xde, 0xf7, 0xbd, 0xed, 0xdb,
    0xb7, 0x6e, 0xf6, 0xed, 0xdb, 0xb7, 0x6e, 0xdd, 0xef, 0x24, 0x92, 0x49, 0x24, 0x96, 0xef, 0x6e,
    0xf7, 0xbd, 0xef, 0x7b, 0xde, 0xf6, 0xec, 0x32, 0xaa, 0xaa, 0xcd, 0xa6, 0xdd, 0x8b, 0xa9, 0x55,
    0x55, 0x55, 0x55, 0x55, 0x55, 0x55, 0x55, 0x24, 0x92, 0x55, 0x55, 0xe5, 0xa6, 0xdd, 0x99, 0x2a,
    0xdd, 0xe4, 0x92, 0x49, 0x24, 0x92, 0xf7, 0xbd, 0xef, 0x7b, 0xde, 0xf7, 0xbd, 0xef, 0x7b, 0x76,
    0xed, 0xc9, 0x24, 0xb7, 0x7b, 0xde, 0xf7, 0xbd, 0xef, 0x7b, 0xde, 0xf7, 0xbd, 0xef, 0x7a, 0x6d,
    0xb6, 0xdd, 0x8d, 0x99, 0x55, 0x55, 0x24, 0xaa, 0xaa, 0xaa, 0xaa, 0xaa, 0xaa, 0xaa, 0x96, 0xe5,
    0xab, 0x4d, 0xb6, 0xdb, 0xb5, 0x79, 0x52, 0x55, 0x54, 0x92, 0x49, 0x24, 0x97, 0xbd, 0xef, 0x7b,
    0xde, 0xf7, 0xbd, 0xef, 0x7b, 0xde, 0xf7, 0xbd, 0xef, 0x7b, 0x76, 0xe5, 0xef, 0x7b, 0xde, 0xf7,
    0xbd, 0xef, 0x7b, 0xde, 0xf7, 0xbc, 0x6d, 0xb7, 0x63, 0x7a, 0xa9, 0x52, 0xdd, 0xe4, 0xaa, 0xb3,
    0x66, 0xcd, 0xab, 0x4d, 0xb6, 0xdb, 0x6d, 0xb6, 0xdb, 0x6e, 0xf2, 0xaa, 0xaa, 0xaa, 0xaa, 0xaa,
    0xa4, 0x92, 0x49, 0x2f, 0x7b, 0xc9, 0x2f, 0x7b, 0xde, 0xf7, 0xbd, 0xef, 0x7b, 0xde, 0xf7, 0xbd,
    0xbb, 0x56, 0xa4, 0xaa, 0x97, 0xbd, 0xef, 0x7b, 0xde, 0xf7, 0xbc, 0xbd, 0xa6, 0xdd, 0x8d, 0xed,
    0xd3, 0x6d, 0xb6, 0xdb, 0x6d, 0xb6, 0xdb, 0x6d, 0xb6, 0xdb, 0x6d, 0xb7, 0x79, 0x55, 0x55, 0x55,
    0x55, 0x52, 0x49, 0x25, 0xef, 0x7b, 0xde, 0x46, 0xdd, 0xaa, 0x92, 0xaa, 0x5e, 0xf7, 0xbd, 0xef,
    0x7b, 0xc9, 0x1b, 0x6d, 0xbb, 0x56, 0x6c, 0xda, 0x6d, 0xb6, 0xdb, 0x6d, 0xbb, 0x16, 0xdb, 0x6d,
    0xb6, 0xdb, 0x6d, 0xb6, 0xdb, 0x6d, 0xb6, 0xdb, 0x6d, 0xbb, 0x32, 0xaa, 0xa4, 0x95, 0x24, 0x92,
    0x49, 0x24, 0xaa, 0xb4, 0xdb, 0x6d, 0xb6, 0xdd, 0xaa, 0x92, 0x49, 0x2f, 0x7b, 0xcb, 0xdd, 0xb6,
    0xdb, 0x6d, 0xb6, 0xdb, 0x6d, 0xb6, 0xdd, 0x8b, 0x6d, 0xb6, 0xdb, 0x6d, 0xb6, 0xdb, 0x6d, 0xb6,
    0xdb, 0x6d, 0xb6, 0xdd, 0x99, 0x6e, 0xf5, 0x66, 0xd3, 0x6d, 0xb6, 0xdb, 0x6d, 0xb6, 0xdb, 0x6d,
    0xb6, 0xdb, 0x6d, 0xb6, 0xdb, 0x76, 0xad, 0x59, 0xb3, 0x66, 0xd3, 0x6d, 0xb6, 0xdb, 0x6d, 0xb6,
    0xdb, 0x6d, 0xb6, 0xdb, 0x6d, 0xb6, 0xdb, 0x6d, 0xb6, 0xdb, 0x6d, 0xd8, 0x80
};

const HuffmanFrequency SPRITE_51_FREQS[] = {
    {0x0a, 50},
    {0x23, 18},
    {0x25, 2},
    {0x2a, 118},
    {0x2b, 444},
    {0x2d, 484},
    {0x2e, 81},
    {0x3a, 76},
    {0x3d, 800},
    {0xa0, 2900},
    {0xc2, 2900}
};
}

const HuffmanEncodedSprite SPRITE_51 = {
    SPRITE_51_BYTES,
    static_cast<int>(sizeof(SPRITE_51_BYTES) / sizeof(SPRITE_51_BYTES[0])),
    17761,
    7873,
    SPRITE_51_FREQS,
    static_cast<int>(sizeof(SPRITE_51_FREQS) / sizeof(SPRITE_51_FREQS[0]))
};

namespace
{
const unsigned char SPRITE_52_BYTES[] = {
    0xa2, 0xdb, 0x6d, 0xb6, 0xdb, 0x6d, 0xb6, 0xdb, 0x6d, 0xb6, 0xdb, 0x6d, 0xb6, 0xdb, 0x6d, 0xb8,
    0xdb, 0x6d, 0xb6, 0xdb, 0x6d, 0xb6, 0xdb, 0x6d, 0xb6, 0xdb, 0x6d, 0xb6, 0xdb, 0x6d, 0xb6, 0xdb,
    0x6d, 0xb6, 0xdb, 0x6d, 0xb6, 0xdb, 0x6e, 0x8b, 0x6d, 0xb6, 0xdb, 0x6d, 0xb6, 0xdb, 0x6d, 0xb6,
    0xdb, 0x6d, 0xb6, 0xdb, 0x6d, 0xb6, 0xeb, 0x18, 0x36, 0xdb, 0x6d, 0xb6, 0xdb, 0x6d, 0xb6, 0xdb,
    0x6d, 0xb6, 0xdb, 0x6d, 0xb6, 0xdb, 0x6d, 0xb6, 0xdb, 0x6d, 0xb6, 0xdb, 0x6d, 0xb7, 0x45, 0xb6,
    0xdb, 0x6d, 0xb6, 0xdb, 0x6d, 0xb6, 0xdb, 0x6d, 0xb6, 0xdb, 0x6d, 0xb6, 0xdb, 0x72, 0xa6, 0x99,
    0x36, 0xdb, 0x6d, 0xb6, 0xdb, 0x6d, 0xb6, 0xdb, 0x6d, 0xb6, 0xdb, 0x6d, 0xb6, 0xdb, 0x72, 0xb9,
    0x36, 0xdb, 0x6d, 0xb6, 0xdb, 0x6d, 0xd1, 0x6d, 0xb6, 0xdb, 0x6d, 0xb6, 0xdb, 0x6d, 0xb6, 0xdb,
    0x6d, 0xb6, 0xdb, 0x6d, 0xb6, 0xdb, 0x9c, 0x66, 0xdb, 0x6d, 0xb6, 0xdb, 0x6d, 0xb6, 0xdb, 0x6d,
    0xb6, 0xdb, 0x6d, 0xb6, 0xdc, 0x27, 0x4c, 0x6b, 0x56, 0xdb, 0x6d, 0xb6, 0xdb, 0x6d, 0xb7, 0x45,
    0xb6, 0xdb, 0x6d, 0xb6, 0xdb, 0x6d, 0xb6, 0xdb, 0x6d, 0xb6, 0xdb, 0x6d, 0xb6, 0xdb, 0x6e, 0x11,
    0xa6, 0xad, 0xb6, 0xdb, 0x6d, 0xb6, 0xdb, 0x6d, 0xb6, 0xdb, 0x6d, 0xb6, 0xe5, 0x38, 0xd3, 0x5b,
    0xbb, 0x9c, 0x9b, 0x6d, 0xb6, 0xdb, 0x6d, 0xb6, 0xdd, 0x16, 0xdb, 0x6d, 0xb6, 0xdb, 0x6d, 0xb6,
    0xdb, 0x6d, 0xb6, 0xdb, 0x6d, 0xb6, 0xdb, 0x6d, 0xb9, 0x53, 0x1a, 0x60, 0xdb, 0x6d, 0xb6, 0xdb,
    0x6d, 0xb6, 0xdb, 0x6d, 0xb6, 0xe5, 0x58, 0xc6, 0x37, 0x77, 0x09, 0x4a, 0x6d, 0xb6, 0xdb, 0x6d,
    0xb6, 0xdb, 0x6d, 0xd1, 0x6d, 0xb6, 0xdb, 0x6d, 0xb6, 0xdb, 0x6d, 0xb6, 0xdb, 0x6d, 0xb6, 0xdb,
    0x6d, 0xb6, 0xdb, 0x77, 0x1a, 0x62, 0xdb, 0x6d, 0xb6, 0xdb, 0x6d, 0xb6, 0xdb, 0x6d, 0xca, 0x14,
    0xc6, 0x9a, 0xdd, 0xc2, 0x52, 0x94, 0xa1, 0x36, 0xdb, 0x6d, 0xb6, 0xdb, 0x6d, 0xb6, 0xe8, 0xb6,
    0xdb, 0x6d, 0xb6, 0xdb, 0x6d, 0xb6, 0xdb, 0x6d, 0xb6, 0xdb, 0x6d, 0xb6, 0xdb, 0x6d, 0xb7, 0x18,
    0xd3, 0x57, 0x26, 0xdb, 0x6d, 0xb6, 0xdb, 0x6d, 0xb7, 0x29, 0xc6, 0x31, 0xad, 0xdc, 0x21, 0x08,
    0x4a, 0x13, 0xb9, 0x36, 0xdb, 0x6d, 0xb6, 0xdb, 0x6d, 0xb7, 0x45, 0xb6, 0xdb, 0x6d, 0xb6, 0xdb,
    0x6d, 0xb6, 0xdb, 0x6d, 0xb6, 0xdb, 0x6d, 0xb6, 0xdb, 0x95, 0x6b, 0x71, 0x8d, 0x34, 0xdc, 0x2e,
    0xee, 0xe1, 0x09, 0xdc, 0x9b, 0x6d, 0xb9, 0x46, 0x31, 0x8d, 0xdd, 0xc2, 0x52, 0x94, 0x2b, 0x5a,
    0xc9, 0xb6, 0xdb, 0x6d, 0xb6, 0xdb, 0x6d, 0xb6, 0xe8, 0xb6, 0xdb, 0x6d, 0xb6, 0xdb, 0x6d, 0xb6,
    0xdb, 0x6d, 0xb6, 0xdb, 0x6d, 0xb6, 0xdb, 0xbb, 0x84, 0xa5, 0x0a, 0x63, 0x43, 0x43, 0x19, 0xce,
    0xe1, 0x28, 0x5d, 0xc2, 0x50, 0x9b, 0xba, 0x63, 0x1a, 0x6b, 0x77, 0x08, 0x4a, 0x13, 0xbb, 0xb8,
    0x36, 0xdb, 0x6d, 0xb6, 0xdb, 0x6d, 0xb6, 0xdb, 0x74, 0x5b, 0x6d, 0xb6, 0xdb, 0x6d, 0xb6, 0xdb,
    0x6d, 0xb6, 0xdb, 0x6d, 0xb6, 0xdc, 0xa7, 0x09, 0x4a, 0x52, 0x85, 0xd3, 0x18, 0xd3, 0x4d, 0x31,
    0x8c, 0x63, 0x18, 0xd3, 0x4d, 0xc2, 0x17, 0x4c, 0x63, 0x4d, 0x6e, 0xee, 0x10, 0x9d, 0xdd, 0xc2,
    0x10, 0x6d, 0xb6, 0xdb, 0x6d, 0xb6, 0xdb, 0x6d, 0xb6, 0xdd, 0x16, 0xdb, 0x6d, 0xb6, 0xdb, 0x6d,
    0xb6, 0xdb, 0x6d, 0xb6, 0xdb, 0x6d, 0xb9, 0x56, 0x12, 0x94, 0x2e, 0x33, 0x9c, 0xe7, 0x18, 0xd3,
    0x18, 0xc6, 0x9a, 0xdd, 0x69, 0x8c, 0x63, 0x43, 0x18, 0xc6, 0x37, 0x77, 0x75, 0x9d, 0xdd, 0xc2,
    0x52, 0xab, 0x6d, 0xb6, 0xdb, 0x6d, 0xb6, 0xdb, 0x6d, 0xb6, 0xdd, 0x16, 0xdb, 0x6d, 0xc2, 0x71,
    0x8c, 0x67, 0x5a, 0xd6, 0xee, 0x12, 0x93, 0x6d, 0xb6, 0xdb, 0x95, 0x6e, 0x52, 0x94, 0xa7, 0x39,
    0xce, 0xb5, 0x9c, 0x63, 0x4c, 0x69, 0xad, 0xdd, 0xdd, 0xdd, 0x69, 0x8c, 0x69, 0x9d, 0xdd, 0xce,
    0xee, 0xee, 0x12, 0x94, 0x27, 0x26, 0xdb, 0x6d, 0xb6, 0xdb, 0x6d, 0xb6, 0xdb, 0x6d, 0xba, 0x2d,
    0xb6, 0xdb, 0x72, 0x9c, 0x21, 0x08, 0x42, 0x10, 0xba, 0xce, 0x34, 0xd3, 0x1a, 0x63, 0x18, 0xce,
    0x10, 0x84, 0xa5, 0x28, 0x46, 0x71, 0xb8, 0x42, 0x17, 0x77, 0x5a, 0xdd, 0xdd, 0xdd, 0xdd, 0xdd,
    0xd6, 0x9a, 0x6e, 0xe3, 0x77, 0x77, 0x08, 0x42, 0x10, 0x85, 0x5b, 0x6d, 0xb6, 0xdb, 0x6d, 0xb6,
    0xdb, 0x6d, 0xb6, 0xdd, 0x16, 0xdb, 0x6d, 0xb6, 0xee, 0xe5, 0x28, 0x42, 0x10, 0x84, 0x25, 0x08,
    0x42, 0xeb, 0x3a, 0x69, 0x8c, 0x63, 0x18, 0xd3, 0x4c, 0x67, 0x08, 0x42, 0x17, 0x77, 0x77, 0x77,
    0x77, 0x77, 0x71, 0xa1, 0xa0, 0xa0, 0x9d, 0xc6, 0x37, 0x77, 0x77, 0x0b, 0x9c, 0xeb, 0x77, 0x6d,
    0xb6, 0xdb, 0x6d, 0xb6, 0xdb, 0x6d, 0xb6, 0xdb, 0x6e, 0x8b, 0x6d, 0xb6, 0xdb, 0x6e, 0x53, 0x94,
    0xa5, 0x29, 0x4a, 0x52, 0x94, 0xa5, 0x29, 0x42, 0xee, 0xee, 0xb4, 0xc6, 0x31, 0xa6, 0xee, 0xee,
    0xee, 0xee, 0xee, 0xee, 0xee, 0xee, 0x34, 0x12, 0xad, 0x05, 0x05, 0x6b, 0x58, 0xc6, 0xee, 0x12,
    0x94, 0xa5, 0x29, 0x42, 0xdb, 0x6d, 0xb6, 0xdb, 0x6d, 0xb6, 0xdb, 0x6d, 0xb6, 0xdd, 0x16, 0xdb,
    0x6d, 0xb6, 0xdb, 0x95, 0x67, 0x5b, 0xbb, 0xbb, 0xbb, 0xba, 0xd6, 0x73, 0xac, 0xe7, 0x5a, 0xdd,
    0xd6, 0xb5, 0xa0, 0xa0, 0xa1, 0x85, 0x34, 0xdd, 0xdd, 0xdd, 0xdd, 0xdd, 0x34, 0x14, 0x34, 0xd3,
    0x1b, 0xad, 0x6e, 0xee, 0x12, 0x94, 0xa5, 0x29, 0x4a, 0x55, 0x93, 0x6d, 0xb6, 0xdb, 0x6d, 0xb6,
    0xdb, 0x6d, 0xb6, 0xdd, 0x16, 0xdb, 0x6d, 0xb6, 0xdb, 0x6d, 0xb9, 0x56, 0xb0, 0x84, 0x21, 0x77,
    0x77, 0x77, 0x77, 0x77, 0x77, 0x38, 0xdd, 0x0d, 0x05, 0x0c, 0x68, 0x68, 0x23, 0x77, 0x77, 0x5b,
    0xbb, 0xbb, 0xbb, 0xbb, 0xad, 0x63, 0x70, 0x84, 0x21, 0x75, 0x9d, 0xdd, 0xd6, 0xea, 0xdb, 0x6d,
    0xb6, 0xdb, 0x6d, 0xb6, 0xdb, 0x6d, 0xb7, 0x45, 0xb6, 0xdb, 0x6d, 0xb6, 0xdb, 0x6d, 0xb7, 0x75,
    0x94, 0xa5, 0x28, 0x42, 0x17, 0x77, 0x73, 0x9c, 0xeb, 0x3a, 0xdd, 0x63, 0x3a, 0xdd, 0xdd, 0xdd,
    0xc6, 0x77, 0x77, 0x77, 0x5a, 0xd6, 0xb5, 0xa6, 0xee, 0xe1, 0x0b, 0xbb, 0x9b, 0x6d, 0xc9, 0xb6,
    0xdb, 0x6d, 0xb6, 0xdb, 0x6d, 0xb6, 0xdb, 0x6e, 0x8b, 0x6d, 0xb6, 0xdb, 0x6d, 0xb6, 0xdb, 0x6d,
    0xca, 0xee, 0x52, 0x84, 0xeb, 0x08, 0x5d, 0xdd, 0xdd, 0xdc, 0xeb, 0x77, 0x77, 0x77, 0x77, 0x18,
    0xce, 0x73, 0xa6, 0x75, 0xad, 0x6b, 0x5a, 0xd6, 0x30, 0x84, 0x21, 0x08, 0x42, 0x72, 0x6d, 0xb6,
    0xdb, 0x6d, 0xb6, 0xdb, 0x6d, 0xb6, 0xdb, 0x6d, 0xb7, 0x45, 0xb6, 0xdb, 0x6d, 0xb6, 0xdb, 0x6d,
    0xb6, 0xdb, 0x95, 0x30, 0x84, 0x21, 0x08, 0x4a, 0x17, 0x71, 0x84, 0xae, 0x75, 0xad, 0x6b, 0x5a,
    0xd6, 0xb1, 0x9c, 0xe3, 0x18, 0xd6, 0xb5, 0xad, 0x6b, 0x38, 0xc2, 0x10, 0x84, 0x21, 0x0b, 0xb6,
    0xdb, 0x6d, 0xb6, 0xdb, 0x6d, 0xb6, 0xdb, 0x6d, 0xb6, 0xdb, 0x6e, 0x8b, 0x6d, 0xb6, 0xdb, 0x6d,
    0xb6, 0xdb, 0x6d, 0xb6, 0xe5, 0x39, 0x4a, 0x52, 0x94, 0x27, 0x72, 0x94, 0xa1, 0x58, 0x4e, 0xb5,
    0xad, 0x6b, 0x5a, 0xd6, 0x99, 0xd6, 0xb1, 0xad, 0x6b, 0x59, 0xc6, 0xb7, 0x77, 0x77, 0x77, 0x0b,
    0xab, 0x6d, 0xb6, 0xdb, 0x6d, 0xb6, 0xdb, 0x6d, 0xb6, 0xdb, 0x6d, 0xb7, 0x45, 0xb6, 0xdb, 0x6d,
    0xb6, 0xdb, 0x6d, 0xb6, 0xdb, 0x6d, 0xd6, 0x52, 0xb9, 0xc2, 0x52, 0x94, 0xa5, 0x29, 0x4a, 0x15,
    0x8c, 0xeb, 0x5a, 0xd6, 0xb5, 0xac, 0xeb, 0x5a, 0xce, 0x33, 0xbb, 0x9c, 0x21, 0x08, 0x5d, 0xdd,
    0x6b, 0x06, 0xdb, 0x6d, 0xb6, 0xdb, 0x6d, 0xb6, 0xdb, 0x6d, 0xb6, 0xdb, 0x6e, 0x8b, 0x6d, 0xb6,
    0xdb, 0x6d, 0xb6, 0xdb, 0x6d, 0xb6, 0xdb, 0x85, 0x6e, 0x53, 0x94, 0xa5, 0x29, 0x4a, 0x52, 0x94,
    0xa7, 0x08, 0x42, 0xeb, 0x58, 0xd3, 0x18, 0xc6, 0x73, 0xbb, 0x84, 0x21, 0x0b, 0xb8, 0x42, 0x17,
    0x19, 0x36, 0xdb, 0x6d, 0xb6, 0xdb, 0x6d, 0xb6, 0xdb, 0x6d, 0xb6, 0xdb, 0x6d, 0xd1, 0x6d, 0xb6,
    0xdb, 0x6d, 0xb6, 0xdb, 0x6d, 0xb6, 0xdb, 0x6d, 0xb7, 0x29, 0x42, 0xb2, 0x94, 0xa5, 0x28, 0x42,
    0x52, 0x94, 0xa1, 0x08, 0x4e, 0xee, 0xee, 0xee, 0xb7, 0x08, 0x5d, 0xdd, 0xc2, 0x10, 0xac, 0x9b,
    0x6d, 0xb6, 0xdb, 0x6d, 0xb6, 0xdb, 0x6d, 0xb6, 0xdb, 0x6d, 0xb6, 0xdd, 0x16, 0xdb, 0x6d, 0xb6,
    0xdb, 0x6d, 0xb6, 0xdb, 0x6d, 0xb6, 0xdb, 0x6d, 0xb7, 0x2a, 0xca, 0x52, 0x94, 0xa5, 0x29, 0x4a,
    0x52, 0x85, 0x6e, 0x10, 0x84, 0x21, 0x0b, 0xbb, 0xbb, 0xb8, 0x42, 0x17, 0x59, 0x36, 0xdb, 0x6d,
    0xb6, 0xdb, 0x6d, 0xb6, 0xdb, 0x6d, 0xb6, 0xdb, 0x6d, 0xba, 0x2d, 0xb6, 0xdb, 0x6d, 0xb6, 0xdb,
    0x6d, 0xb6, 0xdb, 0x6d, 0xb6, 0xdb, 0x73, 0xa6, 0x34, 0xc2, 0x12, 0x94, 0xa5, 0x29, 0x4a, 0x53,
    0x84, 0x21, 0x08, 0x42, 0x17, 0x73, 0xbb, 0xb9, 0xd6, 0x4d, 0xb6, 0xdb, 0x6d, 0xb6, 0xdb, 0x6d,
    0xb6, 0xdb, 0x6d, 0xb6, 0xdb, 0x6d, 0xb6, 0xe8, 0xb6, 0xdb, 0x6d, 0xb6, 0xdb, 0x6d, 0xb6, 0xdb,
    0x6d, 0xb6, 0xdb, 0x6e, 0x11, 0x8c, 0x69, 0x8c, 0xeb, 0x5a, 0xdc, 0x25, 0x29, 0x56, 0x10, 0x84,
    0x21, 0x5a, 0xd6, 0xee, 0xe9, 0x83, 0x6d, 0xb6, 0xdb, 0x6d, 0xb6, 0xdb, 0x6d, 0xb6, 0xdb, 0x6d,
    0xb6, 0xdb, 0x6d, 0xb6, 0xdd, 0x16, 0xdb, 0x6d, 0xb6, 0xdb, 0x6d, 0xb6, 0xdb, 0x6d, 0xb6, 0xdb,
    0x75, 0x8c, 0x69, 0xa6, 0x37, 0x77, 0x77, 0x77, 0x77, 0x5a, 0xc2, 0xb1, 0xad, 0x6b, 0x39, 0xce,
    0x73, 0x9c, 0xed, 0xb6, 0xdb, 0x6d, 0xb6, 0xdb, 0x6d, 0xb6, 0xdb, 0x6d, 0xb6, 0xdb, 0x6d, 0xb6,
    0xdb, 0x6e, 0x8b, 0x6d, 0xb6, 0xdb, 0x6d, 0xb6, 0xdb, 0x6d, 0xb6, 0xdb, 0x6d, 0xca, 0x74, 0xc6,
    0x99, 0xdd, 0xdd, 0xdd, 0xdd, 0xdd, 0xdd, 0xdd, 0xdd, 0xdd, 0xd6, 0x73, 0x9c, 0xe7, 0x39, 0xb6,
    0xdb, 0x6d, 0xb6, 0xdb, 0x6d, 0xb6, 0xdb, 0x6d, 0xb6, 0xdb, 0x6d, 0xb6, 0xdb, 0x6d, 0xd1, 0x6d,
    0xb6, 0xdb, 0x6d, 0xb6, 0xdb, 0x6d, 0xca, 0x52, 0x94, 0xa3, 0x18, 0xc6, 0x34, 0xd3, 0x43, 0x5b,
    0xbb, 0xbb, 0xbb, 0xbb, 0xbb, 0xbb, 0xbb, 0xbb, 0xbb, 0xac, 0xe7, 0x39, 0xce, 0x71, 0x6d, 0xb6,
    0xdb, 0x6d, 0xb6, 0xdb, 0x6d, 0xb6, 0xdb, 0x6d, 0xb6, 0xdb, 0x6d, 0xb6, 0xdb, 0xa2, 0xdb, 0x6d,
    0xb6, 0xdb, 0x6d, 0xca, 0x4e, 0x57, 0x18, 0xd3, 0x4c, 0x63, 0x4d, 0x34, 0xd3, 0x3b, 0xbb, 0xbb,
    0xbb, 0xbb, 0xbb, 0xbb, 0xbb, 0xbb, 0xbb, 0xbb, 0xba, 0xce, 0x33, 0x9c, 0xe7, 0x3a, 0xb6, 0xdb,
    0x6d, 0xb6, 0xdb, 0x6d, 0xb6, 0xdb, 0x6d, 0xb6, 0xdb, 0x6d, 0xb6, 0xdb, 0x6e, 0x8b, 0x6d, 0xb6,
    0xdb, 0x6d, 0xba, 0xc6, 0x9a, 0x69, 0x8d, 0x34, 0xd3, 0x19, 0xd6, 0xee, 0xee, 0xee, 0xee, 0xee,
    0xee, 0xee, 0xee, 0xee, 0xee, 0xee, 0xee, 0xeb, 0x3a, 0xce, 0x33, 0x9c, 0xe7, 0x39, 0xc9, 0xb6,
    0xdb, 0x6d, 0xb6, 0xdb, 0x6d, 0xb6, 0xdb, 0x6d, 0xb6, 0xdb, 0x6d, 0xb6, 0xdb, 0xa2, 0xdb, 0x6d,
    0xb6, 0xe5, 0x0a, 0xd3, 0x4c, 0x69, 0x9d, 0x6e, 0xee, 0xee, 0xee, 0xee, 0xee, 0xee, 0xee, 0xee,
    0xee, 0xee, 0xeb, 0x77, 0x77, 0x77, 0x77, 0x75, 0x9c, 0xe7, 0x39, 0xce, 0x73, 0x9c, 0xe4, 0xdb,
    0x6d, 0xb6, 0xdb, 0x6d, 0xb8, 0x56, 0xb5, 0xad, 0xdd, 0xd6, 0xb5, 0x9c, 0x1b, 0x6d, 0xb6, 0xdb,
    0xa2, 0xdb, 0x6d, 0xb7, 0x29, 0xd3, 0x4d, 0x34, 0x35, 0xbb, 0xbb, 0x85, 0xdd, 0xdd, 0xdd, 0xdd,
    0xdd, 0xdd, 0xdd, 0xdd, 0xdd, 0xdd, 0x6e, 0xe1, 0x77, 0x77, 0x77, 0x59, 0xce, 0x73, 0x9c, 0xe7,
    0x39, 0xc6, 0x4d, 0xb6, 0xdb, 0x6d, 0xb7, 0x5a, 0xdd, 0xdd, 0xdd, 0xdd, 0xdd, 0xdd, 0xdd, 0xdd,
    0xce, 0x72, 0x6d, 0xb7, 0x45, 0xb6, 0xdb, 0x72, 0xba, 0x69, 0xa6, 0x37, 0x77, 0x77, 0x77, 0x77,
    0x77, 0x77, 0x77, 0x77, 0x75, 0x9d, 0xdd, 0xdd, 0xdd, 0xd6, 0xee, 0x17, 0x77, 0x77, 0x75, 0x9c,
    0x67, 0x39, 0xd6, 0xb5, 0x8c, 0xa5, 0x29, 0x4a, 0x12, 0x94, 0xa5, 0x29, 0x56, 0xee, 0xee, 0xee,
    0xee, 0xee, 0xee, 0xee, 0xee, 0xee, 0xee, 0xe6, 0xdb, 0x6e, 0x8b, 0x6d, 0xb8, 0x53, 0x4c, 0x63,
    0x4c, 0xee, 0xee, 0xee, 0xee, 0xee, 0xee, 0xee, 0xee, 0xee, 0xee, 0xee, 0xee, 0xee, 0xee, 0xeb,
    0x5b, 0x85, 0xdd, 0xdd, 0xdc, 0x69, 0x8d, 0x31, 0xa6, 0x86, 0x86, 0x98, 0xd3, 0x4d, 0x0d, 0x0d,
    0x34, 0xd3, 0x4d, 0x31, 0xa6, 0x77, 0x77, 0x77, 0x77, 0x77, 0x77, 0x77, 0x77, 0x77, 0x77, 0x59,
    0xc9, 0xb6, 0xdb, 0xa2, 0xdb, 0x6e, 0x51, 0x8c, 0x69, 0x9d, 0xdd, 0xdd, 0xdd, 0xdd, 0xdd, 0xdd,
    0xdd, 0xdd, 0xdd, 0xdd, 0xdd, 0xdd, 0x6e, 0xee, 0xb3, 0x9d, 0xdd, 0xd6, 0x74, 0xc6, 0x9a, 0x69,
    0xa6, 0x9a, 0x69, 0xa6, 0x31, 0x9c, 0xeb, 0x5a, 0xd6, 0xb5, 0xad, 0x6b, 0x59, 0xce, 0xb5, 0xad,
    0xdd, 0xdd, 0xdd, 0xdd, 0xdd, 0xdd, 0xd6, 0x30, 0x6d, 0xb6, 0xdb, 0xa2, 0xdb, 0x6e, 0x54, 0x34,
    0xd3, 0x3b, 0xbb, 0xbb, 0xbb, 0xbb, 0xbb, 0xbb, 0xbb, 0xbb, 0xbb, 0xbb, 0xbb, 0xbb, 0xb8, 0xd6,
    0xb5, 0xad, 0x34, 0xd0, 0xd3, 0x4d, 0x34, 0xd3, 0x43, 0x4c, 0x67, 0x5a, 0xd6, 0xb5, 0xad, 0x6b,
    0x5a, 0xd6, 0xb3, 0x8c, 0xe7, 0x3b, 0xbb, 0xbb, 0xbb, 0xac, 0xeb, 0x5b, 0xba, 0xd6, 0xb3, 0x8d,
    0xc9, 0xb6, 0xdb, 0x6d, 0xba, 0x2d, 0xb7, 0x38, 0xd3, 0x4d, 0x0d, 0xdd, 0xdd, 0xdd, 0xd6, 0xb5,
    0xbb, 0xbb, 0xbb, 0xbb, 0xbb, 0xbb, 0xbb, 0xbb, 0xba, 0xce, 0x31, 0xa6, 0x34, 0xd3, 0x4d, 0x0c,
    0x67, 0x5a, 0xd6, 0xb5, 0xad, 0x6b, 0x5a, 0xd6, 0xb1, 0x8c, 0x24, 0xdb, 0x72, 0xad, 0xdd, 0xdd,
    0xdd, 0xdd, 0xdc, 0xe1, 0x09, 0x4a, 0x4d, 0xb6, 0xdb, 0x6d, 0xb6, 0xdd, 0x16, 0xdb, 0x73, 0x8c,
    0x68, 0x6e, 0xee, 0xee, 0xee, 0xee, 0xe3, 0x4c, 0x6b, 0x5b, 0xbb, 0xbb, 0xbb, 0xac, 0xe9, 0xa6,
    0x31, 0x8c, 0x63, 0x4d, 0x34, 0xd6, 0xb5, 0xad, 0x6b, 0x5a, 0xd6, 0xb5, 0xac, 0xe3, 0x4c, 0x9b,
    0x6d, 0xb6, 0xdc, 0xa7, 0x77, 0x77, 0x77, 0x77, 0x77, 0x77, 0x56, 0xdb, 0x6d, 0xb6, 0xdb, 0x6d,
    0xb7, 0x45, 0xb6, 0xdd, 0xc6, 0x34, 0xd6, 0xee, 0xee, 0xee, 0xee, 0xee, 0xee, 0xee, 0xee, 0xee,
    0xb3, 0xad, 0x67, 0x43, 0x4c, 0x63, 0x4d, 0x31, 0xad, 0x6b, 0x5a, 0xd6, 0xb5, 0xad, 0x6b, 0x59,
    0xc6, 0x33, 0x8c, 0x1b, 0x6d, 0xb6, 0xdb, 0x73, 0xbb, 0xbb, 0xbb, 0xbb, 0xbb, 0xbb, 0xb8, 0xc9,
    0xb6, 0xdb, 0x6d, 0xb6, 0xdb, 0x74, 0x5b, 0x6d, 0xdc, 0xe9, 0xa6, 0x9a, 0xc6, 0xee, 0xee, 0xb7,
    0x77, 0x77, 0x18, 0xce, 0x71, 0x8c, 0x69, 0xa6, 0x9a, 0x69, 0xa6, 0x33, 0xbb, 0xad, 0x6b, 0x5a,
    0xd6, 0xb5, 0xad, 0x6b, 0x1a, 0x67, 0x39, 0xce, 0x6d, 0xb6, 0xdb, 0x6d, 0xb7, 0x28, 0xdd, 0xdd,
    0xdd, 0xdd, 0xdd, 0xdd, 0xdc, 0x64, 0xdb, 0x6d, 0xb6, 0xdb, 0x6d, 0xd1, 0x6d, 0xb7, 0x77, 0x75,
    0x8d, 0x31, 0xa6, 0x9a, 0x63, 0x1a, 0x69, 0x8c, 0x63, 0x18, 0xd3, 0x4d, 0x34, 0xd3, 0x4d, 0x31,
    0xad, 0xdd, 0xdd, 0xd6, 0xb5, 0xad, 0x6b, 0x5a, 0xd6, 0x31, 0x9c, 0x67, 0x39, 0xce, 0x32, 0x6d,
    0xb6, 0xdb, 0x6d, 0xb7, 0x09, 0xd6, 0xb5, 0xad, 0x6b, 0x5a, 0xd6, 0xb5, 0xad, 0x63, 0x26, 0xdb,
    0x6d, 0xb6, 0xdb, 0x74, 0x5b, 0x6d, 0xdd, 0xdd, 0xdd, 0xdd, 0x67, 0x43, 0x43, 0x4d, 0x34, 0xd3,
    0x4d, 0x0d, 0x0d, 0x0c, 0x6b, 0x5b, 0xbb, 0xbb, 0xbb, 0xbb, 0xad, 0x6b, 0x5a, 0xd6, 0xb5, 0xac,
    0x63, 0x39, 0xce, 0x33, 0x9c, 0xe7, 0x19, 0x36, 0xdb, 0x6d, 0xb6, 0xdb, 0x72, 0x9d, 0x6b, 0x5a,
    0xd6, 0xb5, 0xad, 0x6b, 0x5a, 0xce, 0x0d, 0xb6, 0xdb, 0x6d, 0xb6, 0xe8, 0xb6, 0xdb, 0x85, 0x6e,
    0xee, 0xee, 0xee, 0xee, 0xee, 0xee, 0xee, 0xee, 0xee, 0xee, 0xee, 0xee, 0xeb, 0x5a, 0xd6, 0xb5,
    0xad, 0x6b, 0x58, 0xc6, 0x73, 0x9c, 0xe7, 0x19, 0xce, 0x73, 0x9b, 0x6d, 0xb6, 0xdb, 0x6d, 0xb6,
    0xdb, 0x94, 0x67, 0x5a, 0xd6, 0xb5, 0xad, 0x6b, 0x5a, 0xc5, 0xb6, 0xdb, 0x6d, 0xb6, 0xdd, 0x16,
    0xdb, 0x6e, 0x53, 0xbb, 0xbb, 0xbb, 0xbb, 0xbb, 0xbb, 0xbb, 0xbb, 0xbb, 0xbb, 0xbb, 0xad, 0x6b,
    0x5a, 0xd6, 0xb5, 0xad, 0x67, 0x39, 0x4a, 0x33, 0x9c, 0xe7, 0x38, 0xce, 0x73, 0x9c, 0xdb, 0x6d,
    0xb6, 0xdb, 0x6d, 0xb6, 0xdb, 0x6e, 0x53, 0x9d, 0x6b, 0x5a, 0xd6, 0xb5, 0xa6, 0x4d, 0xb6, 0xdb,
    0x6d, 0xb7, 0x45, 0xb6, 0xdb, 0x6e, 0x13, 0xad, 0xdd, 0xdd, 0xdd, 0xdd, 0xdd, 0xdd, 0xdd, 0xd6,
    0xb5, 0xad, 0x6b, 0x5a, 0xd6, 0xb5, 0x9c, 0xe0, 0xdb, 0x77, 0x19, 0xce, 0x73, 0x9c, 0xeb, 0x59,
    0xd6, 0x4d, 0xb6, 0xdb, 0x6d, 0xb6, 0xdb, 0x6d, 0xb6, 0xdc, 0xab, 0x1a, 0xd6, 0xb5, 0x8c, 0x9b,
    0x6d, 0xb6, 0xdb, 0x6e, 0x8b, 0x6d, 0xb6, 0xdb, 0x72, 0xb9, 0xd6, 0xb5, 0xad, 0x6b, 0x5a, 0xd6,
    0xb5, 0xad, 0x6b, 0x5a, 0xd6, 0xb5, 0xad, 0x63, 0x59, 0x36, 0xdb, 0x6d, 0xdc, 0xeb, 0x5a, 0xd6,
    0x33, 0xa6, 0x74, 0xc9, 0xb6, 0xdb, 0x6d, 0xb6, 0xdb, 0x6d, 0xb6, 0xdb, 0x6d, 0xca, 0xe3, 0x58,
    0xc9, 0xb6, 0xdb, 0x6d, 0xb6, 0xe8, 0xb6, 0xdb, 0x6d, 0xb6, 0xdb, 0x72, 0x84, 0xe9, 0x8c, 0xeb,
    0x5a, 0xd6, 0xb3, 0x8d, 0x34, 0xc6, 0xe5, 0x26, 0xdb, 0x6d, 0xb6, 0xdb, 0x72, 0x8c, 0x63, 0x18,
    0x4a, 0x4d, 0xb6, 0xdb, 0x6d, 0xb6, 0xdb, 0x6d, 0xb6, 0xdb, 0x6d, 0xb6, 0xdb, 0x84, 0x5b, 0x6d,
    0xb6, 0xdb, 0x6d, 0xd1
};

const HuffmanFrequency SPRITE_52_FREQS[] = {
    {0x0a, 51},
    {0x23, 169},
    {0x25, 27},
    {0x2a, 233},
    {0x2b, 255},
    {0x2d, 865},
    {0x2e, 235},
    {0x3a, 204},
    {0x3d, 424},
    {0x40, 10},
    {0xa0, 2578},
    {0xc2, 2578}
};
}

const HuffmanEncodedSprite SPRITE_52 = {
    SPRITE_52_BYTES,
    static_cast<int>(sizeof(SPRITE_52_BYTES) / sizeof(SPRITE_52_BYTES[0])),
    19616,
    7629,
    SPRITE_52_FREQS,
    static_cast<int>(sizeof(SPRITE_52_FREQS) / sizeof(SPRITE_52_FREQS[0]))
};

namespace
{
const unsigned char SPRITE_53_BYTES[] = {
    0xbc, 0x6d, 0xb6, 0xdb, 0x6d, 0xb6, 0xdb, 0x6d, 0xb6, 0xdb, 0x6d, 0xb6, 0xdb, 0x6d, 0xb6, 0xdb,
    0x6d, 0xb6, 0xdd, 0xb7, 0x5f, 0xab, 0xed, 0xb6, 0xdb, 0x6d, 0xb6, 0xdb, 0x6d, 0xb6, 0xdb, 0x6d,
    0xb6, 0xdb, 0x6d, 0xb6, 0xdb, 0x6d, 0xb6, 0xdb, 0x77, 0x8d, 0xb6, 0xdb, 0x6d, 0xb6, 0xdb, 0x6d,
    0xb6, 0xdb, 0x6d, 0xb6, 0xdb, 0x6d, 0xb6, 0xdb, 0x6d, 0xdb, 0x7e, 0xfd, 0x49, 0x25, 0x9b, 0x5b,
    0x6d, 0xb6, 0xdb, 0x6d, 0xb6, 0xdb, 0x6d, 0xb6, 0xdb, 0x6d, 0xb6, 0xdb, 0x6d, 0xb6, 0xdb, 0x6d,
    0xb6, 0xef, 0x1b, 0x6d, 0xb6, 0xdb, 0x6d, 0xb6, 0xdb, 0x6d, 0xb6, 0xdb, 0x6d, 0xb6, 0xdb, 0x6d,
    0xbb, 0x6c, 0xdd, 0x24, 0x92, 0x55, 0xd7, 0x36, 0xdb, 0x6d, 0xb6, 0xdb, 0x6d, 0xb6, 0xdb, 0x6d,
    0xb6, 0xdb, 0x6d, 0xb6, 0xdb, 0x6d, 0xb6, 0xdb, 0x6d, 0xb7, 0x78, 0xdb, 0x6d, 0xb6, 0xdb, 0x6d,
    0xb6, 0xdb, 0x6d, 0xb6, 0xdb, 0x6d, 0xb6, 0xdd, 0xb7, 0x59, 0xaa, 0xaa, 0xaa, 0xaa, 0xaa, 0xbf,
    0x6b, 0x6d, 0xb6, 0xdb, 0x6d, 0xb6, 0xdb, 0x6d, 0xb6, 0xdb, 0x6d, 0xb6, 0xdb, 0x6d, 0xb6, 0xdb,
    0x6d, 0xb6, 0xdb, 0x6e, 0xf1, 0xb6, 0xdb, 0x6d, 0xb6, 0xdb, 0x6d, 0xb6, 0xdb, 0x6d, 0xb6, 0xdb,
    0x72, 0xcd, 0xd5, 0x55, 0x55, 0x55, 0x55, 0x55, 0x57, 0xed, 0x6d, 0xb6, 0xdb, 0x6d, 0xb6, 0xdb,
    0x6d, 0xb6, 0xdb, 0x6d, 0xb6, 0xdb, 0x6d, 0xb6, 0xdb, 0x6d, 0xb6, 0xdb, 0x6d, 0xbb, 0xc6, 0xdb,
    0x6d, 0xb6, 0xdb, 0x6d, 0xb6, 0xdb, 0x6d, 0xb6, 0xdb, 0x96, 0x6e, 0xaa, 0xaa, 0xaa, 0xaa, 0xaa,
    0xaa, 0xab, 0xf6, 0x6e, 0x8d, 0xb6, 0xdb, 0x6d, 0xb6, 0xed, 0x95, 0x7e, 0xcd, 0x9b, 0x0b, 0x5b,
    0x6d, 0xb6, 0xdb, 0x6d, 0xb6, 0xdb, 0x6d, 0xb6, 0xdb, 0x6d, 0xb7, 0x78, 0xdb, 0x6d, 0xb6, 0xdb,
    0x6d, 0xb6, 0xdb, 0x6d, 0xb6, 0xdc, 0xba, 0xaa, 0xaa, 0xaa, 0xaa, 0xaa, 0xaa, 0xaa, 0xaa, 0xeb,
    0xed, 0xb7, 0x6d, 0xd6, 0x6c, 0xd4, 0x92, 0x49, 0x57, 0x49, 0x66, 0xd6, 0xdb, 0x6d, 0xb6, 0xdb,
    0x6d, 0xb6, 0xdb, 0x6d, 0xb6, 0xdb, 0x6d, 0xb7, 0x78, 0xdb, 0x6d, 0xb6, 0xdb, 0x6d, 0xb6, 0xdb,
    0x6d, 0xb7, 0x6d, 0xfa, 0xaa, 0xaa, 0xaa, 0xaa, 0xaa, 0xaa, 0xaa, 0xab, 0xac, 0x6c, 0x2c, 0xd4,
    0x92, 0x5d, 0x61, 0x7b, 0x7b, 0x7b, 0x7b, 0x7b, 0x7b, 0x7b, 0x52, 0x5f, 0x8d, 0xb6, 0xdb, 0x6d,
    0xb6, 0xdb, 0x6d, 0xb6, 0xdb, 0x6d, 0xb6, 0xdb, 0x6d, 0xbb, 0xc6, 0xdb, 0x6d, 0xb6, 0xdb, 0x6d,
    0xb6, 0xdb, 0x6d, 0xcb, 0x35, 0x55, 0x7e, 0xeb, 0x0a, 0xaa, 0xaa, 0xab, 0xac, 0xd4, 0x92, 0x5d,
    0x61, 0x7b, 0x7b, 0x7b, 0x7b, 0x7b, 0x7b, 0x7b, 0x7b, 0x7b, 0x7b, 0x7b, 0x7b, 0x52, 0x5f, 0xb5,
    0xb6, 0xdb, 0x6d, 0xb6, 0xdb, 0x6d, 0xb6, 0xdb, 0x6d, 0xb6, 0xdb, 0x6d, 0xb6, 0xdd, 0xe3, 0x6d,
    0xb6, 0xdb, 0x6d, 0xb6, 0xdb, 0x6d, 0xb7, 0x57, 0x55, 0xfb, 0xf2, 0xae, 0xaa, 0xaa, 0xba, 0xcc,
    0x92, 0xfd, 0xed, 0xed, 0xed, 0xed, 0xed, 0xed, 0xed, 0xed, 0xed, 0x8d, 0x8d, 0x8d, 0xed, 0xed,
    0xed, 0x8d, 0x49, 0x7e, 0xd6, 0xdb, 0x6d, 0xb6, 0xdb, 0x6d, 0xb6, 0xdb, 0x6d, 0xb6, 0xdb, 0x6d,
    0xb6, 0xdb, 0x6d, 0xde, 0x36, 0xdb, 0x6d, 0xb6, 0xdb, 0x6d, 0xb6, 0xdd, 0xb6, 0x6e, 0xb3, 0x24,
    0xbf, 0x75, 0xfb, 0xf5, 0x7e, 0xe9, 0x2c, 0xde, 0xde, 0xde, 0xde, 0xde, 0xd8, 0xd8, 0xd8, 0xd8,
    0xd8, 0xd8, 0xd8, 0xde, 0xde, 0xde, 0xde, 0xd8, 0x49, 0x2f, 0xda, 0xdb, 0x6d, 0xb6, 0xdb, 0x6d,
    0xb6, 0xdb, 0x6d, 0xb6, 0xdb, 0x6d, 0xb6, 0xdb, 0x6d, 0xb6, 0xef, 0x1b, 0x6d, 0xb6, 0xdb, 0x6d,
    0xb6, 0xdb, 0x95, 0x66, 0xa4, 0x92, 0x4a, 0xab, 0x37, 0x4b, 0xf7, 0xb7, 0xb7, 0xb7, 0xb6, 0x36,
    0x36, 0x36, 0x36, 0x36, 0x36, 0x36, 0x36, 0x36, 0x36, 0x37, 0xb7, 0xb7, 0xe4, 0x96, 0x6c, 0xd5,
    0xb6, 0xb6, 0xdb, 0x6d, 0xb6, 0xdb, 0x6d, 0xb6, 0xdb, 0x6d, 0xb6, 0xdb, 0x6d, 0xb6, 0xdb, 0x6d,
    0xde, 0x36, 0xdb, 0x6d, 0xb6, 0xdb, 0xb6, 0xfc, 0xb6, 0xdb, 0x64, 0x92, 0x49, 0x25, 0xd5, 0x2e,
    0xbd, 0xbd, 0xb1, 0xb1, 0xb1, 0xb1, 0xb1, 0xb1, 0xb1, 0xb1, 0xb1, 0xb1, 0xb1, 0xbd, 0xbd, 0xbd,
    0xbf, 0x24, 0x92, 0x55, 0x9b, 0xf6, 0xb6, 0xdb, 0x6d, 0xb6, 0xdb, 0x6d, 0xb6, 0xdb, 0x6d, 0xb6,
    0xdb, 0x6d, 0xb6, 0xdb, 0x6d, 0xbb, 0xc6, 0xdb, 0x6d, 0xb6, 0xdb, 0xba, 0x4b, 0x6d, 0x92, 0x49,
    0x24, 0x92, 0x4b, 0xae, 0x95, 0x61, 0x7b, 0x63, 0x63, 0x7b, 0x7b, 0x61, 0x66, 0xa4, 0x92, 0x4a,
    0xbf, 0x66, 0xeb, 0x5b, 0x6d, 0xb6, 0xdb, 0x6d, 0xb6, 0xdb, 0x6d, 0xb6, 0xdb, 0x6d, 0xb6, 0xdb,
    0x6d, 0xb6, 0xdb, 0x6d, 0xb7, 0x78, 0xdb, 0x6d, 0xb6, 0xdd, 0xb7, 0x49, 0x24, 0x92, 0x49, 0x24,
    0x92, 0x4a, 0xa9, 0x24, 0x92, 0x4b, 0xaf, 0xd9, 0xbf, 0x75, 0xad, 0xb6, 0xdb, 0x6d, 0xb6, 0xdb,
    0x6d, 0xb6, 0xdb, 0x6d, 0xb6, 0xdb, 0x6d, 0xb6, 0xdb, 0x6d, 0xb6, 0xdb, 0x6d, 0xb6, 0xdb, 0xbc,
    0x6d, 0xb6, 0xdb, 0xab, 0xf5, 0x24, 0x92, 0x55, 0x9b, 0xf7, 0xb7, 0xb7, 0xb7, 0xb6, 0x64, 0x92,
    0x55, 0x55, 0xd7, 0x5f, 0xb1, 0xbf, 0x7e, 0xfd, 0xd6, 0xb6, 0xdb, 0x6d, 0xb6, 0xdb, 0x6d, 0xb6,
    0xdb, 0x6d, 0xb6, 0xdb, 0x6d, 0xb6, 0xdb, 0x6d, 0xb6, 0xdb, 0x6d, 0xb6, 0xdb, 0x6d, 0xb7, 0x78,
    0xdb, 0x6d, 0xdf, 0x92, 0x49, 0x24, 0xba, 0xf6, 0xf6, 0xc6, 0xf6, 0xf6, 0xf6, 0xf6, 0xc2, 0x49,
    0x25, 0x55, 0x55, 0x55, 0x55, 0x5d, 0x4d, 0xb7, 0x6b, 0x6d, 0xb6, 0xdd, 0xb7, 0x5f, 0xbf, 0x74,
    0x97, 0x46, 0xdb, 0x6d, 0xbb, 0x6d, 0x6d, 0xb6, 0xdb, 0x6d, 0xb6, 0xdb, 0x6d, 0xb6, 0xdb, 0x6d,
    0xbb, 0xc6, 0xdb, 0x76, 0xdf, 0x92, 0x49, 0x24, 0x92, 0xfd, 0x8d, 0x8d, 0x85, 0x8d, 0xf9, 0x24,
    0xaa, 0xaa, 0xaa, 0xaa, 0xaa, 0xab, 0xf2, 0xac, 0xcb, 0xaa, 0xfd, 0x9b, 0xa5, 0xb6, 0xdb, 0x24,
    0x92, 0xcd, 0x36, 0xdb, 0x6d, 0xba, 0xba, 0xfb, 0x6d, 0xb6, 0xdb, 0x6d, 0xba, 0x8d, 0xb6, 0xdb,
    0x6d, 0xb6, 0xdd, 0xe3, 0x6d, 0xb7, 0x2a, 0x49, 0x24, 0x92, 0x49, 0x24, 0x92, 0xaa, 0xaa, 0xaa,
    0xaa, 0xaa, 0xae, 0xaa, 0xaa, 0xba, 0xcc, 0x96, 0xdb, 0x6d, 0xb6, 0xdb, 0x6d, 0xb6, 0xcb, 0x31,
    0xb6, 0xdb, 0xb6, 0xfb, 0xb6, 0xfd, 0x55, 0xcd, 0xb6, 0xdb, 0x6e, 0xdb, 0xf7, 0x4b, 0x37, 0x59,
    0xbf, 0x4d, 0xb6, 0xdb, 0x6d, 0xb7, 0x78, 0xdb, 0x6d, 0xb7, 0x57, 0x5f, 0xba, 0xa4, 0x92, 0x49,
    0x55, 0x55, 0x55, 0x55, 0x55, 0x55, 0x55, 0x55, 0x56, 0x6a, 0xaa, 0xaa, 0xa5, 0xb6, 0xdb, 0x6c,
    0x96, 0x6e, 0xba, 0xfd, 0x85, 0x36, 0xed, 0xba, 0xeb, 0xaf, 0xd5, 0x55, 0xfb, 0x5b, 0x6d, 0xbb,
    0xae, 0x92, 0x49, 0x2a, 0x9b, 0x6d, 0xb6, 0xdb, 0x6d, 0xbb, 0xc6, 0xdb, 0x6d, 0xb7, 0x57, 0xea,
    0xaa, 0xaa, 0xaa, 0xaa, 0xaa, 0xaa, 0xaa, 0xaa, 0xaa, 0xaa, 0xaa, 0xaa, 0xac, 0xd8, 0xd5, 0x55,
    0x55, 0x54, 0x92, 0x4a, 0xbf, 0x4d, 0xb7, 0x6d, 0xfb, 0xaa, 0xaa, 0xaa, 0xaf, 0xc6, 0xdc, 0xbf,
    0x24, 0x92, 0x49, 0x74, 0x6d, 0xb6, 0xdb, 0x6d, 0xb6, 0xdb, 0xbc, 0x6d, 0xb6, 0xdb, 0x6d, 0xcb,
    0x35, 0x55, 0x55, 0x55, 0x55, 0x55, 0x55, 0x55, 0x55, 0x61, 0x7e, 0xcd, 0x55, 0x55, 0x55, 0x55,
    0x49, 0x24, 0x92, 0x49, 0x24, 0x92, 0x5d, 0x66, 0xcd, 0xd5, 0x55, 0x57, 0x49, 0x66, 0xa4, 0x92,
    0x49, 0x25, 0xd1, 0xb6, 0xdb, 0x6d, 0xb6, 0xdb, 0x6d, 0xbb, 0xc6, 0xdb, 0x6d, 0xb6, 0xdb, 0x6e,
    0xdb, 0xac, 0x2e, 0xaa, 0xaa, 0xaa, 0xaa, 0xaa, 0xaa, 0xba, 0xea, 0xaa, 0xaa, 0xaa, 0xaa, 0x92,
    0xdb, 0x6d, 0xb6, 0xdb, 0x6d, 0x92, 0xdb, 0x65, 0xb2, 0xdb, 0x65, 0xd7, 0xef, 0xdf, 0xbf, 0x55,
    0x24, 0x92, 0x49, 0x24, 0xa8, 0xdb, 0x6d, 0xb6, 0xdb, 0x6d, 0xb6, 0xdb, 0x77, 0x8d, 0xb6, 0xdb,
    0x6d, 0xb6, 0xdd, 0x54, 0x92, 0xfd, 0x5f, 0xaa, 0xba, 0xeb, 0x0b, 0x35, 0x75, 0x9b, 0x1a, 0xaa,
    0xaa, 0xaa, 0xaa, 0x92, 0xdb, 0x6d, 0xb6, 0xac, 0xd4, 0x92, 0x49, 0x24, 0x92, 0x49, 0x24, 0x92,
    0x49, 0x24, 0x97, 0x5c, 0xdd, 0xb2, 0xae, 0xbf, 0x66, 0xcd, 0xfb, 0xaa, 0x4b, 0xf1, 0xb6, 0xdb,
    0xbc, 0x6d, 0xb6, 0xdb, 0x6d, 0xdd, 0x7e, 0xaf, 0xd9, 0xb3, 0x61, 0x7e, 0xeb, 0xf5, 0x56, 0x6e,
    0xba, 0xaa, 0xaa, 0xaa, 0xaa, 0xaa, 0xaa, 0xa4, 0x92, 0x49, 0x2e, 0x92, 0x49, 0x24, 0x92, 0x49,
    0x24, 0x92, 0x49, 0x24, 0x92, 0x49, 0x24, 0x92, 0x49, 0x24, 0xab, 0xf6, 0xb6, 0xdb, 0x6d, 0xbb,
    0xc6, 0xdb, 0x6d, 0xb6, 0xdb, 0x6d, 0xdb, 0x66, 0xc2, 0xad, 0xb6, 0x55, 0x55, 0xd5, 0x55, 0x55,
    0x55, 0x55, 0x55, 0x55, 0x24, 0x92, 0x49, 0x2a, 0xa4, 0x92, 0x49, 0x24, 0x92, 0x49, 0x24, 0x92,
    0x49, 0x24, 0x92, 0x49, 0x24, 0xab, 0xf1, 0xb6, 0xdb, 0x6d, 0xb6, 0xdd, 0xe3, 0x6d, 0xb6, 0xdb,
    0x6d, 0xb6, 0xed, 0xbf, 0x2a, 0x49, 0x55, 0x52, 0x54, 0x95, 0x55, 0x2a, 0xaa, 0x49, 0x2d, 0xb6,
    0x49, 0x66, 0xcd, 0x9b, 0xaf, 0xc9, 0x24, 0x92, 0x49, 0x24, 0x92, 0x49, 0x24, 0x92, 0x49, 0x24,
    0xab, 0xad, 0x6d, 0xb6, 0xdb, 0x6d, 0xb6, 0xdb, 0x77, 0x8d, 0xb6, 0xdb, 0x6d, 0xb6, 0xdd, 0xfb,
    0xf5, 0x75, 0xb2, 0x49, 0x24, 0x92, 0x5b, 0x2a, 0xaa, 0x49, 0x6d, 0xd7, 0xed, 0xb6, 0xdb, 0x6d,
    0xb6, 0xdb, 0xa4, 0x92, 0x49, 0x24, 0x92, 0x49, 0x24, 0x92, 0x49, 0x24, 0x92, 0x5d, 0x7e, 0x36,
    0xdb, 0x6d, 0xb6, 0xdb, 0x6d, 0xb6, 0xdd, 0xe3, 0x6d, 0xb6, 0xdb, 0x6d, 0xb6, 0xdd, 0x4b, 0x64,
    0xaa, 0x92, 0xdb, 0x6d, 0xb6, 0xd9, 0x24, 0x92, 0xdb, 0x6d, 0xba, 0x55, 0xfb, 0x6d, 0x76, 0xdb,
    0x2e, 0x92, 0x49, 0x24, 0x92, 0x49, 0x24, 0x92, 0x49, 0x24, 0x92, 0x49, 0x24, 0xab, 0xf1, 0xb6,
    0xdb, 0x6d, 0xb6, 0xdb, 0x77, 0x8d, 0xb6, 0xdb, 0x6d, 0xb6, 0xdb, 0xba, 0xdb, 0x64, 0xab, 0xae,
    0xb6, 0xdb, 0x6d, 0xb6, 0x4b, 0x6d, 0xb6, 0xdb, 0x6d, 0xb6, 0xdb, 0x6d, 0xba, 0x49, 0x56, 0x65,
    0xae, 0xdb, 0xf2, 0x49, 0x24, 0x92, 0x49, 0x24, 0x92, 0x49, 0x24, 0x92, 0x49, 0x25, 0x5d, 0x7e,
    0xfd, 0xfb, 0xf1, 0xb6, 0xdb, 0x6d, 0xb6, 0xef, 0x1b, 0x6d, 0xb6, 0xdb, 0x6d, 0xb9, 0x2d, 0xb6,
    0xda, 0xbf, 0x57, 0xe5, 0xb6, 0xdb, 0x6d, 0x59, 0x96, 0xdf, 0xab, 0x6d, 0xb6, 0xdb, 0x6f, 0xdf,
    0xa9, 0x24, 0x92, 0xeb, 0xad, 0xba, 0xa5, 0x5f, 0x92, 0x49, 0x24, 0x92, 0x49, 0x24, 0x92, 0x49,
    0x2e, 0xb5, 0xb6, 0xdb, 0x6d, 0xb6, 0xdb, 0x6d, 0xb6, 0xef, 0x1b, 0x6d, 0xb6, 0xdb, 0x6d, 0xdb,
    0x73, 0xb6, 0xfd, 0xae, 0xae, 0xba, 0x5b, 0x6d, 0xb6, 0xdd, 0x55, 0x55, 0x57, 0x55, 0xb6, 0xdb,
    0x6d, 0xf9, 0x24, 0x92, 0x49, 0x25, 0x9b, 0xf2, 0x4a, 0xbf, 0x75, 0x85, 0x58, 0x59, 0xa9, 0x24,
    0x92, 0x49, 0x24, 0x92, 0x5d, 0x1b, 0x6d, 0xb6, 0xdb, 0x6d, 0xb6, 0xdb, 0xbc, 0x6d, 0xb6, 0xdb,
    0x6d, 0xbb, 0x6a, 0xdb, 0xad, 0x6d, 0xcb, 0xae, 0xba, 0xd6, 0xed, 0xbf, 0x24, 0xb3, 0x52, 0x55,
    0xd6, 0xb9, 0x52, 0x49, 0x24, 0x92, 0x49, 0x24, 0x92, 0x4a, 0xaa, 0xaa, 0xab, 0xac, 0xd9, 0xa9,
    0x24, 0x92, 0x4a, 0xb1, 0xbf, 0x74, 0x6d, 0xb6, 0xdb, 0x6d, 0xb6, 0xdb, 0xbc, 0x6d, 0xb6, 0xdb,
    0x6d, 0xba, 0xba, 0x36, 0xdb, 0x97, 0x55, 0xfb, 0x5b, 0xaa, 0x92, 0x49, 0x24, 0x95, 0x7e, 0xdb,
    0xaa, 0x49, 0x24, 0xaa, 0xaa, 0xaa, 0xba, 0xe9, 0x24, 0x92, 0x55, 0x55, 0x55, 0x49, 0x2e, 0xb0,
    0xba, 0x49, 0x2e, 0xab, 0x9b, 0x6d, 0xb6, 0xdb, 0x6d, 0xb6, 0xdd, 0xe3, 0x6d, 0xb6, 0xdb, 0x6d,
    0xda, 0xdb, 0x6d, 0xb7, 0x66, 0xaa, 0xfd, 0xb6, 0xd9, 0x92, 0x49, 0x24, 0x92, 0x4a, 0xb3, 0x7e,
    0xaa, 0xaa, 0xeb, 0xf7, 0xe3, 0x6e, 0xaf, 0xdd, 0x75, 0x99, 0x24, 0x92, 0x49, 0x2a, 0x49, 0x25,
    0xcd, 0xcb, 0x35, 0x2f, 0xda, 0xdb, 0x6d, 0xb6, 0xdb, 0x6d, 0xb7, 0x78, 0xdb, 0x6d, 0xb6, 0xdb,
    0x6d, 0xb6, 0xdb, 0x6e, 0x5f, 0xab, 0xa5, 0xb7, 0xef, 0xc9, 0x24, 0x92, 0x4b, 0xaf, 0xdf, 0xbf,
    0x66, 0xfc, 0xb5, 0xb6, 0xdb, 0x6d, 0xdf, 0xba, 0xeb, 0xac, 0xd4, 0x92, 0x49, 0x24, 0x92, 0x49,
    0x73, 0x6d, 0xb6, 0xdb, 0x6d, 0xb6, 0xdb, 0x6d, 0xb6, 0xdd, 0xe3, 0x6d, 0xb6, 0xdb, 0x6d, 0xb6,
    0xdb, 0x6d, 0xb7, 0x7e, 0xaa, 0xfd, 0x5d, 0x7e, 0x49, 0x24, 0x92, 0xae, 0x6d, 0xb6, 0xdb, 0x6d,
    0xb6, 0xdb, 0x76, 0x6e, 0xba, 0xeb, 0xf7, 0x49, 0x24, 0x92, 0x49, 0x24, 0xbf, 0x6b, 0x6d, 0xb6,
    0xdb, 0x6d, 0xb6, 0xdb, 0x6d, 0xb6, 0xef, 0x1b, 0x6d, 0xb6, 0xdb, 0x6d, 0xb6, 0xdb, 0x6d, 0xb9,
    0x75, 0x55, 0xd7, 0x5f, 0x92, 0x49, 0x25, 0x5c, 0xdb, 0x6d, 0xb6, 0xdb, 0x6d, 0xb6, 0xdd, 0xb7,
    0x5d, 0x75, 0xd7, 0xec, 0xc9, 0x24, 0x92, 0x49, 0x25, 0x5c, 0xdb, 0x6d, 0xb6, 0xdb, 0x6d, 0xb6,
    0xdb, 0x6d, 0xbb, 0xc6, 0xdb, 0x6d, 0xb6, 0xdb, 0x6d, 0xb6, 0xdb, 0x6e, 0xdb, 0xf5, 0x55, 0x57,
    0xea, 0x49, 0x24, 0xba, 0xd6, 0xdb, 0x6d, 0xb6, 0xdb, 0x6d, 0xb6, 0xdd, 0xd7, 0x5d, 0x75, 0xd7,
    0xec, 0xc9, 0x24, 0x92, 0x49, 0x2a, 0xeb, 0x5b, 0x6d, 0xb6, 0xdb, 0x6d, 0xb6, 0xdb, 0x6d, 0xbb,
    0xc6, 0xdb, 0x6d, 0xb6, 0xdb, 0x6d, 0xb6, 0xdb, 0x6d, 0xdd, 0x55, 0x55, 0x75, 0x49, 0x24, 0xab,
    0x9b, 0x6d, 0xb6, 0xdb, 0x6d, 0xb6, 0xdb, 0x76, 0xdf, 0xba, 0xeb, 0xae, 0xba, 0xeb, 0xf6, 0x17,
    0xe4, 0x95, 0x55, 0x55, 0x55, 0x65, 0xb6, 0xdb, 0x6d, 0xb6, 0xdb, 0x6d, 0xb6, 0xdb, 0xbc, 0x6d,
    0xb6, 0xdb, 0x6d, 0xb6, 0xdb, 0x6d, 0xb6, 0xdc, 0xba, 0xaa, 0xae, 0xa9, 0x24, 0x97, 0xdb, 0x6d,
    0xb6, 0xdb, 0x6d, 0xb6, 0xdb, 0x6e, 0xc2, 0xeb, 0xae, 0xba, 0xeb, 0xaf, 0xdf, 0xb5, 0xb9, 0x66,
    0xaa, 0xaa, 0xaa, 0xaa, 0xea, 0x6d, 0xb6, 0xdb, 0x6d, 0xb6, 0xdb, 0x6d, 0xbb, 0xc6, 0xdb, 0x6d,
    0xb6, 0xdb, 0x6d, 0xb6, 0xdb, 0x6d, 0xcb, 0xa4, 0x97, 0xea, 0x49, 0x2a, 0x9b, 0x6d, 0xb6, 0xdb,
    0x6d, 0xb6, 0xdb, 0x96, 0x6e, 0xba, 0xeb, 0xae, 0xba, 0xcd, 0xad, 0xb6, 0xdb, 0x96, 0x6a, 0xaa,
    0xaa, 0xaa, 0xfd, 0xad, 0xb6, 0xdb, 0x6d, 0xb6, 0xdb, 0x6d, 0xde, 0x36, 0xdb, 0x6d, 0xb6, 0xdb,
    0x6d, 0xb6, 0xdb, 0x6e, 0xaa, 0x49, 0x7e, 0x49, 0x25, 0x46, 0xdb, 0x6d, 0xb6, 0xdb, 0x6d, 0xbb,
    0x6c, 0x2e, 0xba, 0xeb, 0xae, 0xba, 0xfc, 0x6d, 0xb6, 0xdb, 0x6d, 0xd9, 0xaa, 0xaa, 0xaa, 0xba,
    0xd6, 0xdb, 0x6d, 0xb6, 0xdb, 0x6d, 0xb6, 0xef, 0x1b, 0x6d, 0xb6, 0xdb, 0x6d, 0xb6, 0xdb, 0x6d,
    0xb7, 0x74, 0x92, 0xfd, 0x49, 0x24, 0xbf, 0x6b, 0x6d, 0xb6, 0xdb, 0x6d, 0xcb, 0x0b, 0xae, 0xba,
    0xeb, 0xae, 0xba, 0xeb, 0xf1, 0xb6, 0xdb, 0x6d, 0xb6, 0xea, 0xea, 0xaa, 0xaa, 0xbf, 0x1b, 0x6d,
    0xb6, 0xdb, 0x6d, 0xb6, 0xdb, 0x77, 0x8d, 0xb6, 0xdb, 0x6d, 0xb6, 0xdb, 0x6d, 0xb6, 0xdd, 0xb5,
    0x24, 0xbf, 0x24, 0x92, 0x5c, 0xdb, 0x6d, 0xb6, 0xdb, 0x6e, 0xc2, 0xeb, 0xf7, 0xee, 0xba, 0xeb,
    0xaf, 0xd3, 0x6d, 0xb6, 0xdb, 0x6d, 0xba, 0xba, 0xaa, 0xaa, 0xae, 0x8d, 0xb6, 0xdb, 0x6d, 0xb6,
    0xdb, 0x6d, 0xb7, 0x78, 0xdb, 0x6d, 0xb6, 0xdb, 0x6d, 0xb6, 0xdb, 0x6d, 0xca, 0x92, 0xaa, 0x49,
    0x25, 0xfb, 0x5b, 0x6d, 0xb6, 0xdb, 0x6d, 0xdb, 0x56, 0x6c, 0xd9, 0xba, 0x36, 0xdb, 0x6d, 0xb6,
    0xdb, 0x6e, 0x5d, 0x55, 0x55, 0x57, 0xed, 0x6d, 0xb6, 0xdb, 0x6d, 0xb6, 0xdb, 0x6d, 0xb7, 0x78,
    0xdb, 0x6d, 0xb6, 0xdb, 0x6d, 0xb6, 0xdb, 0x6e, 0xe9, 0x24, 0xbf, 0x24, 0x92, 0xae, 0x6d, 0xb6,
    0xdb, 0x6d, 0xb6, 0xdb, 0x6d, 0xb6, 0xdb, 0x6d, 0xb6, 0xdb, 0xb6, 0xaf, 0xdf, 0xaa, 0xaa, 0xaa,
    0xbf, 0x6b, 0x6d, 0xb6, 0xdb, 0x6d, 0xb6, 0xdb, 0x6d, 0xb7, 0x78, 0xdb, 0x6d, 0xb6, 0xdb, 0x6d,
    0xb6, 0xdb, 0x76, 0x6a, 0xa5, 0x5d, 0x24, 0x92, 0x54, 0x6d, 0xb6, 0xdb, 0x6d, 0xb6, 0xdb, 0x6d,
    0xb6, 0xdb, 0x6d, 0xb6, 0xdd, 0x5d, 0x55, 0x55, 0x55, 0x57, 0x46, 0xdb, 0x6d, 0xb6, 0xdb, 0x6d,
    0xb6, 0xdb, 0x6d, 0xbb, 0xc6, 0xdb, 0x6d, 0xb6, 0xdb, 0x6d, 0xb6, 0xdb, 0xb6, 0xcd, 0x85, 0xfb,
    0xf5, 0x2a, 0x49, 0x74, 0x6d, 0xb6, 0xdb, 0x6d, 0xb6, 0xdb, 0x6d, 0xb6, 0xdb, 0x6d, 0xb6, 0xdb,
    0xb6, 0xcd, 0xd7, 0x5d, 0x55, 0x74, 0x6d, 0xb6, 0xdb, 0x6d, 0xb6, 0xdb, 0x6d, 0xb6, 0xdb, 0x6e,
    0xf1, 0xb6, 0xdb, 0x6d, 0xb6, 0xdb, 0x6d, 0xb6, 0xdb, 0x6e, 0x59, 0xab, 0xf5, 0x7e, 0x36, 0xdb,
    0x6d, 0xb6, 0xdb, 0x6d, 0xb6, 0xdb, 0x6d, 0xb6, 0xdb, 0x6d, 0xb6, 0xdb, 0x6d, 0xb6, 0xdb, 0x6d,
    0xb6, 0xdb, 0x6d, 0xb6, 0xdb, 0x6d, 0xb6, 0xdb, 0xbc
};

const HuffmanFrequency SPRITE_53_FREQS[] = {
    {0x0a, 51},
    {0x23, 25},
    {0x25, 44},
    {0x2a, 85},
    {0x2b, 153},
    {0x2d, 535},
    {0x2e, 184},
    {0x3a, 915},
    {0x3d, 216},
    {0x40, 64},
    {0xa0, 2779},
    {0xc2, 2779}
};
}

const HuffmanEncodedSprite SPRITE_53 = {
    SPRITE_53_BYTES,
    static_cast<int>(sizeof(SPRITE_53_BYTES) / sizeof(SPRITE_53_BYTES[0])),
    18760,
    7830,
    SPRITE_53_FREQS,
    static_cast<int>(sizeof(SPRITE_53_FREQS) / sizeof(SPRITE_53_FREQS[0]))
};

namespace
{
const unsigned char SPRITE_54_BYTES[] = {
    0xee, 0xee, 0xee, 0xee, 0xee, 0xee, 0xee, 0xee, 0xee, 0xee, 0xee, 0xee, 0xee, 0xee, 0xee, 0xee,
    0xee, 0xee, 0xee, 0xee, 0xee, 0xee, 0xee, 0xee, 0xee, 0xee, 0xee, 0xee, 0xee, 0xee, 0xee, 0xee,
    0xee, 0xee, 0xee, 0xee, 0xee, 0xee, 0xee, 0xee, 0xee, 0xee, 0xee, 0xee, 0xee, 0xee, 0xee, 0xee,
    0xee, 0xee, 0x43, 0xbb, 0xbb, 0xbb, 0xbb, 0xbb, 0xbb, 0xbb, 0xbb, 0xbb, 0xbb, 0xbb, 0xbb, 0xbb,
    0xbb, 0xbb, 0xbb, 0xbb, 0xbb, 0xbb, 0xbb, 0xbb, 0xbb, 0xbb, 0xbb, 0xbb, 0xbb, 0xbb, 0xbb, 0xbb,
    0xbb, 0xbb, 0xbb, 0xbb, 0xbb, 0xbb, 0xbb, 0xbb, 0xbb, 0xbb, 0xbb, 0xbb, 0xbb, 0xbb, 0xbb, 0x94,
    0xc1, 0x4a, 0xee, 0xee, 0xee, 0x43, 0xbb, 0xbb, 0xbb, 0xbb, 0xbb, 0xbb, 0xbb, 0xbb, 0xbb, 0xbb,
    0xbb, 0xbb, 0xbb, 0xb8, 0x24, 0x93, 0xf7, 0x77, 0x77, 0x77, 0x77, 0x77, 0x77, 0x77, 0x77, 0x77,
    0x77, 0x77, 0x77, 0x77, 0x77, 0x77, 0x77, 0x77, 0x77, 0x77, 0x77, 0x77, 0x77, 0x77, 0x77, 0x77,
    0x77, 0x77, 0x77, 0x28, 0x00, 0x7b, 0xbb, 0xb9, 0x0e, 0xee, 0xee, 0xee, 0xee, 0xee, 0xee, 0xee,
    0xee, 0xee, 0xee, 0xee, 0xee, 0xe0, 0xb6, 0x66, 0x57, 0x77, 0x77, 0x77, 0x77, 0x77, 0x77, 0x77,
    0x77, 0x77, 0x77, 0x77, 0x77, 0x77, 0x77, 0x77, 0x77, 0x77, 0x77, 0x77, 0x77, 0x77, 0x77, 0x77,
    0x77, 0x77, 0x77, 0x77, 0x77, 0x77, 0x39, 0x77, 0x6e, 0xee, 0xe4, 0x3b, 0xbb, 0xbb, 0xbb, 0xbb,
    0xbb, 0xbb, 0xbb, 0xbb, 0xbb, 0xbb, 0xbb, 0x82, 0xd9, 0x99, 0x63, 0xbb, 0xbb, 0xbb, 0xbb, 0xbb,
    0xbb, 0xbb, 0xbb, 0xbb, 0xbb, 0xbb, 0xbb, 0xbb, 0xbb, 0xbb, 0xbb, 0xbb, 0xbb, 0xbb, 0xbb, 0xbb,
    0xbb, 0xbb, 0xbb, 0xbb, 0xbb, 0xbb, 0xbb, 0xbb, 0xb9, 0x4e, 0xea, 0x53, 0x2b, 0xb9, 0x0e, 0xee,
    0xee, 0xee, 0xee, 0xee, 0xee, 0xee, 0xee, 0xee, 0xee, 0xe7, 0x5a, 0xd9, 0x96, 0xb5, 0xf7, 0x77,
    0x77, 0x77, 0x77, 0x77, 0x77, 0x77, 0x77, 0x77, 0x77, 0x77, 0x77, 0x77, 0x77, 0x77, 0x77, 0x77,
    0x77, 0x77, 0x77, 0x77, 0x77, 0x77, 0x77, 0x77, 0x77, 0x77, 0x77, 0x77, 0x77, 0x17, 0x52, 0x9c,
    0xf7, 0x21, 0xdd, 0xdd, 0xdd, 0xdd, 0xdd, 0xdd, 0xdd, 0xdd, 0xdd, 0xdc, 0xeb, 0x5a, 0xd6, 0xb5,
    0xad, 0x6f, 0xdd, 0xdd, 0xdd, 0xdd, 0xdd, 0xdd, 0xdd, 0xdd, 0xdd, 0xdd, 0xdd, 0xdd, 0xdd, 0xdd,
    0xdd, 0xdc, 0xa6, 0xee, 0x57, 0x77, 0x77, 0x77, 0x77, 0x77, 0x77, 0x77, 0x77, 0x77, 0x77, 0x77,
    0x28, 0xad, 0xd4, 0xa5, 0x39, 0xe4, 0x3b, 0xbb, 0xbb, 0xbb, 0xbb, 0xbb, 0xbb, 0xbb, 0x94, 0x16,
    0xb5, 0xad, 0x6b, 0x5a, 0xd6, 0xb5, 0xab, 0xbb, 0xbb, 0xbb, 0xbb, 0xbb, 0xbb, 0xbb, 0xbb, 0xbb,
    0xbb, 0xbb, 0xbb, 0xbb, 0xbb, 0xbb, 0xb8, 0xb3, 0xb3, 0xf7, 0x77, 0x29, 0xfb, 0xbb, 0xbb, 0xbb,
    0xbb, 0xbb, 0xbb, 0xbb, 0xbb, 0x82, 0x94, 0xa5, 0x3b, 0x87, 0x43, 0xbb, 0xbb, 0xbb, 0xbb, 0xbb,
    0xbb, 0xbb, 0xb8, 0xa4, 0xb5, 0xad, 0x6b, 0x5a, 0xd6, 0xb5, 0xb7, 0x77, 0x77, 0x77, 0x77, 0x77,
    0x77, 0x77, 0x77, 0x77, 0x77, 0x77, 0x77, 0x77, 0x77, 0x77, 0x29, 0x81, 0x70, 0x93, 0xf3, 0xb2,
    0x4b, 0x7e, 0xee, 0xee, 0xee, 0xee, 0xee, 0xee, 0xee, 0xee, 0x0e, 0xee, 0xee, 0xee, 0xc8, 0x77,
    0x77, 0x77, 0x77, 0x77, 0x77, 0x77, 0x72, 0x92, 0x5a, 0xd6, 0xb5, 0xad, 0x6b, 0x5a, 0xd2, 0x57,
    0x77, 0x77, 0x77, 0x77, 0x77, 0x77, 0x77, 0x77, 0x77, 0x77, 0x77, 0x28, 0xb3, 0xb3, 0x2b, 0x88,
    0x77, 0x77, 0x2c, 0xce, 0x0b, 0xbb, 0xbb, 0xbb, 0x92, 0xae, 0xee, 0xee, 0xee, 0x0b, 0x77, 0x77,
    0x77, 0x70, 0xe8, 0x77, 0x77, 0x77, 0x77, 0x77, 0x77, 0x77, 0x73, 0x2d, 0x6b, 0x5a, 0xd6, 0xb5,
    0xad, 0x6b, 0x3d, 0xdd, 0xdd, 0xdd, 0xdd, 0xdd, 0xdd, 0xdd, 0xdd, 0xdd, 0xdd, 0xc1, 0x80, 0x00,
    0xa9, 0xc8, 0x77, 0x77, 0x72, 0x1d, 0xdd, 0xdd, 0xc0, 0x00, 0x3b, 0xbb, 0xbb, 0x87, 0x00, 0x3b,
    0xbb, 0xb8, 0x01, 0x94, 0x87, 0x77, 0x77, 0x77, 0x77, 0x77, 0x77, 0x73, 0xad, 0x6b, 0x5a, 0xd6,
    0x92, 0x29, 0x2d, 0x6b, 0x57, 0x77, 0x77, 0x77, 0x77, 0x77, 0x77, 0x77, 0x77, 0x73, 0xac, 0x80,
    0x4a, 0xca, 0xca, 0xd8, 0xbb, 0xbb, 0xbb, 0xbb, 0xbb, 0xbb, 0x80, 0xee, 0xee, 0xee, 0xee, 0xee,
    0xee, 0xee, 0xee, 0xee, 0xee, 0xee, 0xeb, 0x57, 0x21, 0xdd, 0xdd, 0xdd, 0xdd, 0xdd, 0xdd, 0xca,
    0x49, 0x6b, 0x5a, 0xd6, 0xb5, 0xac, 0x05, 0xf7, 0x77, 0x77, 0x77, 0x77, 0x29, 0x6a, 0x57, 0x29,
    0x98, 0x92, 0x59, 0x34, 0xd3, 0x4c, 0xb1, 0x2e, 0x03, 0xbb, 0xbb, 0xbb, 0xbb, 0xbb, 0xbb, 0xbb,
    0xbb, 0xbb, 0xbb, 0xbb, 0xbb, 0x80, 0x1d, 0xc0, 0x77, 0x77, 0x2a, 0x50, 0x43, 0xbb, 0xbb, 0xbb,
    0xbb, 0xbb, 0xb9, 0x4b, 0x5a, 0xd6, 0xb5, 0xad, 0x69, 0x05, 0x28, 0x3f, 0x77, 0x77, 0x77, 0x73,
    0x16, 0x2c, 0x49, 0x64, 0x53, 0x4d, 0x34, 0xd3, 0x4d, 0x32, 0xb2, 0x00, 0x00, 0x00, 0xee, 0xee,
    0xee, 0xee, 0xee, 0xee, 0xee, 0x00, 0x0e, 0xee, 0xee, 0xee, 0xee, 0xee, 0xee, 0xc5, 0x6b, 0x57,
    0x21, 0xdd, 0xdd, 0xdd, 0xdd, 0xdd, 0xdc, 0x92, 0xd6, 0xb5, 0xad, 0x69, 0x05, 0x29, 0x4a, 0x76,
    0x57, 0x3a, 0xbb, 0x8b, 0x12, 0x4b, 0x22, 0x9a, 0x69, 0xa6, 0x9a, 0x69, 0xa6, 0x9a, 0x25, 0x89,
    0x00, 0x00, 0x00, 0x0e, 0xee, 0xee, 0xee, 0xee, 0xee, 0xee, 0xee, 0xee, 0xee, 0xee, 0xee, 0xee,
    0xee, 0xe4, 0x95, 0xbf, 0x77, 0x21, 0xdd, 0xdd, 0xdd, 0xdd, 0xdd, 0xc5, 0x61, 0xdd, 0xdd, 0xdd,
    0xdd, 0xdd, 0xdc, 0xb3, 0x2c, 0xad, 0x64, 0x94, 0x53, 0x4d, 0x34, 0xd3, 0x4d, 0x34, 0xd3, 0x4d,
    0x34, 0x51, 0x2b, 0x24, 0x92, 0x00, 0x77, 0x77, 0x77, 0x77, 0x77, 0x77, 0x77, 0x77, 0x77, 0x77,
    0x77, 0x77, 0x77, 0x77, 0x70, 0x09, 0x29, 0x1e, 0xee, 0xe4, 0x3b, 0xbb, 0xbb, 0xbb, 0x80, 0x52,
    0x94, 0xa5, 0x29, 0x4e, 0xee, 0xea, 0x52, 0x9d, 0xc3, 0x16, 0x48, 0x15, 0xa6, 0x9a, 0x69, 0xa6,
    0x9a, 0x69, 0xa2, 0x8a, 0x28, 0xa2, 0x8a, 0x45, 0x89, 0x24, 0x92, 0x40, 0x77, 0x77, 0x77, 0x77,
    0x00, 0x3b, 0xbb, 0x80, 0x00, 0x77, 0x77, 0x70, 0x00, 0x00, 0x95, 0xf7, 0x77, 0x72, 0x1d, 0xdd,
    0xdd, 0xca, 0x2a, 0x52, 0x94, 0xa5, 0x29, 0x4a, 0x52, 0x94, 0xa5, 0x29, 0x4e, 0xec, 0xcb, 0x01,
    0x69, 0xa6, 0x9a, 0x69, 0xa6, 0x9a, 0x28, 0xa2, 0x8a, 0x28, 0xa2, 0x8a, 0xca, 0xdd, 0x22, 0x49,
    0x24, 0x92, 0x48, 0x00, 0x00, 0xee, 0xee, 0xe0, 0x00, 0x03, 0xbb, 0xbb, 0xbb, 0x80, 0x00, 0x27,
    0xbb, 0xbb, 0xb9, 0x0e, 0xee, 0xee, 0xe2, 0xea, 0x52, 0x9d, 0xdd, 0xdd, 0xdd, 0xdd, 0xdd, 0xdc,
    0x04, 0x88, 0x64, 0xd3, 0x4d, 0x34, 0xd3, 0x4d, 0x14, 0x51, 0x45, 0x14, 0x51, 0x45, 0x12, 0x59,
    0x92, 0x49, 0x24, 0x92, 0x62, 0x49, 0x24, 0x92, 0x49, 0x24, 0x92, 0x49, 0x01, 0xdd, 0xdd, 0xdc,
    0x00, 0x01, 0x20, 0xbf, 0x77, 0x77, 0x72, 0x1d, 0xdd, 0xdd, 0xcc, 0xee, 0xee, 0xea, 0x53, 0xbb,
    0xbb, 0xbb, 0xb9, 0x01, 0x20, 0x16, 0x9a, 0x69, 0xa6, 0x9a, 0x69, 0xa6, 0x9a, 0x28, 0xa2, 0x8a,
    0x28, 0xb1, 0x2b, 0x24, 0x92, 0x49, 0x25, 0x92, 0x62, 0x49, 0x24, 0x92, 0x49, 0x24, 0x92, 0x40,
    0x04, 0x82, 0x49, 0x20, 0x32, 0xbb, 0xbb, 0xbb, 0x90, 0xee, 0xee, 0xe5, 0x33, 0xba, 0x94, 0xa7,
    0x77, 0x75, 0x29, 0xdd, 0xdd, 0x82, 0xd8, 0xa2, 0x8b, 0x2d, 0x34, 0xd3, 0x4d, 0x34, 0xd1, 0x4d,
    0x26, 0x24, 0x95, 0xbb, 0x32, 0xd6, 0x49, 0x24, 0x92, 0x49, 0x64, 0x89, 0x24, 0x92, 0x49, 0x24,
    0x92, 0x49, 0x00, 0x00, 0x00, 0x21, 0x95, 0xdd, 0xdd, 0xdc, 0x87, 0x77, 0x77, 0x72, 0xc3, 0xbb,
    0xb8, 0x00, 0x00, 0x03, 0xb2, 0x4c, 0x49, 0x25, 0x14, 0x56, 0x49, 0x24, 0x92, 0xb4, 0x99, 0xd4,
    0xa7, 0x60, 0x18, 0x92, 0x49, 0x24, 0x92, 0x49, 0x48, 0x92, 0x49, 0x24, 0x92, 0x49, 0x20, 0x00,
    0x00, 0x00, 0x05, 0xaf, 0xbb, 0xbb, 0xb9, 0x0e, 0xee, 0xee, 0x25, 0x60, 0x00, 0x00, 0x00, 0x00,
    0xb2, 0x49, 0x24, 0x92, 0x4b, 0x2d, 0xdd, 0xdd, 0xdd, 0xdd, 0xdd, 0xdd, 0xdd, 0xd8, 0x92, 0x49,
    0x24, 0x92, 0x49, 0x25, 0x92, 0x24, 0x92, 0x49, 0x24, 0x80, 0x00, 0x00, 0x00, 0x00, 0x66, 0x49,
    0x6b, 0x57, 0x72, 0x1d, 0xdd, 0xca, 0x59, 0x25, 0x6c, 0x00, 0x00, 0x2d, 0x64, 0x92, 0x49, 0x24,
    0x92, 0xcc, 0x90, 0x75, 0x29, 0x4e, 0xee, 0xee, 0xee, 0xee, 0xec, 0xb2, 0x49, 0x24, 0x92, 0x49,
    0x24, 0x96, 0x5b, 0x12, 0x49, 0x24, 0x92, 0x00, 0x20, 0x00, 0x00, 0x04, 0x97, 0xee, 0xee, 0x43,
    0xbb, 0xb9, 0x44, 0x92, 0x49, 0x24, 0x92, 0xb4, 0xd3, 0x4d, 0x6b, 0x44, 0x92, 0x4b, 0x33, 0x32,
    0xc0, 0x0e, 0xee, 0xa7, 0x77, 0x77, 0x77, 0x51, 0x66, 0x24, 0x92, 0x49, 0x24, 0x92, 0x4b, 0x33,
    0x2c, 0x92, 0x49, 0x24, 0x80, 0x00, 0x00, 0x02, 0x01, 0x3d, 0xdd, 0xdd, 0xc8, 0x77, 0x77, 0x29,
    0x89, 0x24, 0x92, 0x4a, 0x49, 0xa6, 0x9a, 0x68, 0xa8, 0x22, 0x4b, 0x33, 0x33, 0x32, 0xc8, 0x00,
    0x00, 0xee, 0xe1, 0xdd, 0xdd, 0xc3, 0x31, 0x24, 0x92, 0x49, 0x24, 0x92, 0x59, 0x99, 0x98, 0x92,
    0x49, 0x20, 0x00, 0x00, 0x00, 0x02, 0xcf, 0xdd, 0xdd, 0xdd, 0xc8, 0x77, 0x77, 0x28, 0x80, 0x09,
    0x24, 0xa4, 0x9a, 0x68, 0xa2, 0x8a, 0x28, 0xa6, 0xb6, 0x66, 0x66, 0x66, 0x65, 0x80, 0x00, 0x00,
    0x00, 0x00, 0x77, 0x01, 0x6c, 0x49, 0x24, 0x92, 0x49, 0x24, 0x96, 0x66, 0x66, 0x59, 0x24, 0x92,
    0x41, 0x24, 0x92, 0x49, 0x65, 0x9e, 0xee, 0xee, 0xee, 0x43, 0xbb, 0xb9, 0x4c, 0x93, 0x12, 0x49,
    0x66, 0x64, 0x93, 0x45, 0x14, 0x56, 0xcc, 0xcc, 0xcc, 0xcc, 0xb2, 0x00, 0x00, 0x00, 0x00, 0x00,
    0x00, 0x01, 0x62, 0x49, 0x24, 0x92, 0x49, 0x24, 0xb3, 0x33, 0x32, 0xd8, 0x92, 0x49, 0x24, 0x00,
    0x41, 0x27, 0xbb, 0xbb, 0xbb, 0xbb, 0xb9, 0x0e, 0xee, 0xee, 0xe7, 0x66, 0x66, 0x66, 0x66, 0x66,
    0x66, 0x66, 0x66, 0x66, 0x66, 0x65, 0xb0, 0x00, 0x00, 0x00, 0x00, 0x00, 0x00, 0x01, 0x96, 0x49,
    0x24, 0x92, 0x49, 0x24, 0x96, 0x66, 0x66, 0x66, 0x65, 0x92, 0x00, 0x00, 0x02, 0x18, 0x77, 0x77,
    0x77, 0x77, 0x77, 0x77, 0x21, 0xdd, 0xdd, 0xdd, 0xdd, 0xca, 0x62, 0x92, 0xd9, 0x99, 0x99, 0x99,
    0x99, 0x99, 0x96, 0x00, 0x00, 0x00, 0x00, 0x00, 0x00, 0x00, 0x00, 0x04, 0x89, 0x2c, 0xc4, 0x92,
    0x49, 0x24, 0xb3, 0x33, 0x33, 0x33, 0x32, 0x4c, 0x40, 0x0c, 0xb6, 0x0a, 0xee, 0xee, 0xee, 0xee,
    0xee, 0xee, 0xee, 0x43, 0xbb, 0xbb, 0xbb, 0xbb, 0x8b, 0x05, 0x3b, 0x2d, 0x6b, 0x5a, 0xd2, 0x49,
    0x60, 0x00, 0x00, 0x00, 0x00, 0x00, 0x00, 0x00, 0x00, 0x00, 0xad, 0x99, 0x6b, 0x5a, 0x44, 0x92,
    0x49, 0x25, 0x99, 0x99, 0x99, 0x99, 0x99, 0x96, 0xfd, 0xdd, 0xdd, 0xdd, 0xdd, 0xdd, 0xdd, 0xdd,
    0xdd, 0xdd, 0xdd, 0xc8, 0x77, 0x77, 0x77, 0x77, 0x77, 0x17, 0x52, 0x94, 0xa5, 0x29, 0x4e, 0xee,
    0x00, 0x00, 0x00, 0x00, 0x00, 0x00, 0x00, 0x00, 0x00, 0x03, 0x2d, 0x69, 0x24, 0x91, 0xe6, 0x62,
    0x59, 0x99, 0x99, 0x99, 0x99, 0x99, 0x99, 0x99, 0x99, 0x92, 0x1d, 0xdd, 0xdd, 0xdd, 0xdd, 0xdd,
    0xdd, 0xdd, 0xdd, 0xdd, 0xc8, 0x77, 0x77, 0x77, 0x77, 0x77, 0x28, 0xa9, 0x4a, 0x52, 0x94, 0xa5,
    0x29, 0x4a, 0x53, 0xbb, 0xbb, 0xbb, 0xbb, 0xb8, 0x00, 0x00, 0x00, 0x00, 0x2d, 0x14, 0x91, 0x49,
    0x24, 0x92, 0x7e, 0xe5, 0x33, 0x33, 0x33, 0x33, 0x33, 0x33, 0x33, 0x33, 0x33, 0x33, 0x33, 0x2d,
    0xfb, 0xbb, 0xbb, 0xbb, 0xbb, 0xbb, 0xbb, 0xbb, 0xbb, 0x90, 0xee, 0xee, 0xee, 0xee, 0xee, 0x51,
    0x0a, 0x52, 0x94, 0xa5, 0x29, 0x4a, 0x53, 0xbb, 0xa9, 0xdd, 0xc0, 0x00, 0x00, 0x00, 0x00, 0x06,
    0x5b, 0x32, 0xd1, 0x49, 0x24, 0x97, 0xdd, 0xdd, 0xdd, 0xca, 0x53, 0x96, 0x5a, 0x49, 0x2d, 0x99,
    0x99, 0x99, 0x99, 0x99, 0x6f, 0xdd, 0xdd, 0xdd, 0xdd, 0xdd, 0xdd, 0xdd, 0xdd, 0xdc, 0x87, 0x77,
    0x77, 0x77, 0x77, 0x77, 0x77, 0x30, 0x52, 0x94, 0xa7, 0x0e, 0xee, 0xee, 0xee, 0xee, 0x00, 0x00,
    0x00, 0x00, 0x05, 0x26, 0x66, 0x66, 0x66, 0x45, 0xfb, 0xbb, 0xbb, 0xbb, 0xbb, 0xbb, 0xbb, 0xbb,
    0xb9, 0xd6, 0xcc, 0xcc, 0xcc, 0xcc, 0xbe, 0xee, 0xee, 0xee, 0xee, 0xee, 0xee, 0xee, 0xee, 0xee,
    0x43, 0xbb, 0xbb, 0xbb, 0xbb, 0xbb, 0x94, 0x93, 0x33, 0x2d, 0x94, 0xa2, 0xa5, 0x29, 0xdd, 0xdd,
    0xdd, 0xdd, 0xc0, 0x00, 0x02, 0x92, 0xd9, 0x99, 0x99, 0x99, 0x99, 0x99, 0x25, 0x77, 0x77, 0x77,
    0x77, 0x77, 0x77, 0x77, 0x72, 0xd9, 0x99, 0x99, 0x99, 0x9b, 0xbb, 0xbb, 0xbb, 0xbb, 0xbb, 0xbb,
    0xbb, 0xbb, 0xbb, 0xb9, 0x0e, 0xee, 0xee, 0xee, 0xee, 0x52, 0x4c, 0xcc, 0xcc, 0xcc, 0xcc, 0xc9,
    0x3a, 0x94, 0xee, 0xee, 0xee, 0x00, 0x2b, 0x5a, 0xd2, 0x5b, 0x33, 0x33, 0x33, 0x33, 0x33, 0x33,
    0x32, 0xfb, 0xbb, 0xbb, 0xbb, 0xbb, 0xbb, 0xb9, 0x4b, 0x66, 0x66, 0x66, 0x66, 0x65, 0x77, 0x77,
    0x77, 0x77, 0x77, 0x77, 0x77, 0x77, 0x77, 0x77, 0x21, 0xdd, 0xdd, 0xdd, 0xce, 0x91, 0x24, 0x92,
    0xcc, 0xcc, 0xcb, 0x0a, 0x65, 0xb0, 0x01, 0x96, 0x93, 0x15, 0x77, 0x77, 0x77, 0x04, 0x96, 0xcc,
    0xcc, 0xcc, 0xcc, 0xcc, 0xb5, 0x77, 0x77, 0x77, 0x77, 0x77, 0x73, 0xad, 0x99, 0x99, 0x99, 0x99,
    0xbb, 0xbb, 0xbb, 0xbb, 0xbb, 0xbb, 0xbb, 0xbb, 0xbb, 0xbb, 0xbb, 0x90, 0xee, 0xe5, 0x15, 0x92,
    0x49, 0x24, 0x92, 0xcb, 0x65, 0x77, 0x77, 0x77, 0x77, 0x3a, 0xbb, 0xbb, 0xbb, 0xbb, 0xbb, 0xbb,
    0x9d, 0x89, 0x25, 0x99, 0x99, 0x92, 0x57, 0x77, 0x77, 0x77, 0x77, 0x73, 0x31, 0x66, 0x66, 0x66,
    0x66, 0x5a, 0xbb, 0xbb, 0xbb, 0xbb, 0xbb, 0xbb, 0xbb, 0xbb, 0xbb, 0xbb, 0xbb, 0x90, 0x04, 0x00,
    0x00, 0x24, 0x92, 0x4a, 0xd5, 0xdd, 0xdd, 0xdd, 0xdd, 0xdd, 0xdd, 0xdd, 0xdd, 0xdd, 0xdd, 0xdd,
    0xdc, 0x16, 0x49, 0x24, 0x92, 0xcb, 0x57, 0x77, 0x77, 0x77, 0x77, 0x73, 0xb2, 0xc9, 0x2c, 0xc4,
    0xb3, 0x77, 0x77, 0x77, 0x77, 0x77, 0x77, 0x77, 0x77, 0x77, 0x77, 0x77, 0x77, 0x20, 0xb6, 0x00,
    0x90, 0x01, 0x25, 0x63, 0xbb, 0xbb, 0xbb, 0xbb, 0xbb, 0xbb, 0xbb, 0xbb, 0xbb, 0xbb, 0xbb, 0xbb,
    0xb8, 0x31, 0x24, 0x92, 0x4b, 0x1e, 0xee, 0xee, 0xee, 0xee, 0xee, 0xee, 0x74, 0x96, 0x4b, 0x33,
    0x24, 0xfd, 0xdd, 0xdd, 0xdd, 0xdd, 0xdd, 0xdd, 0xdd, 0xdd, 0xdd, 0xdd, 0xdd, 0xdc, 0x82, 0x96,
    0xcc, 0xb6, 0x66, 0x66, 0x5a, 0xbb, 0xbb, 0xbb, 0xbb, 0xbb, 0xbb, 0xbb, 0xbb, 0xbb, 0xbb, 0xbb,
    0xbb, 0xb9, 0xd8, 0x92, 0x49, 0x24, 0x96, 0x7e, 0xee, 0xee, 0xee, 0xee, 0xee, 0xee, 0xee, 0xee,
    0xee, 0xee, 0xee, 0xee, 0xee, 0xee, 0xee, 0xee, 0xee, 0xee, 0xee, 0xee, 0xee, 0xee, 0xee, 0xee,
    0x43, 0xbb, 0xbb, 0xbb, 0xbb, 0xbb, 0xbb, 0xbb, 0xbb, 0xbb, 0xbb, 0xbb, 0xbb, 0xbb, 0xbb, 0xbb,
    0xbb, 0xb9, 0x4c, 0x00, 0x00, 0x12, 0x49, 0x2c, 0xae, 0xee, 0xee, 0xee, 0xee, 0xee, 0xee, 0xee,
    0xee, 0xee, 0xee, 0xee, 0xee, 0xee, 0xee, 0xee, 0xee, 0xee, 0xee, 0xee, 0xee, 0xee, 0xee, 0xee,
    0xee, 0xe4, 0x3b, 0xbb, 0xbb, 0xbb, 0xbb, 0xbb, 0xbb, 0xbb, 0xbb, 0xbb, 0xbb, 0xbb, 0xbb, 0xbb,
    0xbb, 0xbb, 0xbb, 0x9c, 0xb0, 0x00, 0x80, 0x09, 0x65, 0x77, 0x77, 0x77, 0x77, 0x77, 0x77, 0x77,
    0x77, 0x77, 0x77, 0x77, 0x77, 0x77, 0x77, 0x77, 0x77, 0x77, 0x77, 0x77, 0x77, 0x77, 0x77, 0x77,
    0x77, 0x77, 0x77, 0x21, 0xdd, 0xdd, 0xdd, 0xdd, 0xdd, 0xdd, 0xdd, 0xdd, 0xdd, 0xdd, 0xdd, 0xdd,
    0xdd, 0xdd, 0xdd, 0xdd, 0xdd, 0xc5, 0x25, 0xb3, 0x2d, 0x99, 0x96, 0xae, 0xee, 0xee, 0xee, 0xee,
    0xee, 0xee, 0xee, 0xee, 0xee, 0xee, 0xee, 0xee, 0xee, 0xee, 0xee, 0xee, 0xee, 0xee, 0xee, 0xee,
    0xee, 0xee, 0xee, 0xee, 0xee, 0xee, 0xee, 0xee, 0xee, 0xee, 0xee, 0xee, 0xee, 0xee, 0xee, 0xee,
    0xee, 0xee, 0xee, 0xee, 0xee, 0xee, 0xee, 0xee, 0xee, 0xee, 0xee, 0xee, 0xee, 0x40
};

const HuffmanFrequency SPRITE_54_FREQS[] = {
    {0x0a, 45},
    {0x23, 71},
    {0x25, 56},
    {0x2a, 211},
    {0x2b, 420},
    {0x2d, 481},
    {0x2e, 175},
    {0x3a, 447},
    {0x3d, 611},
    {0x40, 80},
    {0xa0, 1993},
    {0xc2, 1993}
};
}

const HuffmanEncodedSprite SPRITE_54 = {
    SPRITE_54_BYTES,
    static_cast<int>(sizeof(SPRITE_54_BYTES) / sizeof(SPRITE_54_BYTES[0])),
    18158,
    6583,
    SPRITE_54_FREQS,
    static_cast<int>(sizeof(SPRITE_54_FREQS) / sizeof(SPRITE_54_FREQS[0]))
};

namespace
{
const unsigned char SPRITE_55_BYTES[] = {
    0x99, 0x99, 0x99, 0x99, 0x99, 0x99, 0x99, 0x99, 0x99, 0x99, 0x99, 0x99, 0x99, 0x99, 0xe3, 0x33,
    0x33, 0x33, 0x33, 0x33, 0x33, 0x33, 0x33, 0x33, 0x33, 0x33, 0x33, 0x33, 0x33, 0x33, 0x33, 0x33,
    0x33, 0xfd, 0xe7, 0x69, 0x99, 0x99, 0x99, 0x99, 0x99, 0x99, 0x99, 0x99, 0x99, 0x99, 0x99, 0x99,
    0x99, 0x99, 0x99, 0x99, 0x99, 0x99, 0x99, 0x99, 0x99, 0x99, 0x99, 0x99, 0x99, 0x99, 0x99, 0x99,
    0x99, 0xe3, 0x33, 0x33, 0x33, 0x33, 0x33, 0x33, 0x33, 0x33, 0x33, 0x33, 0x33, 0x33, 0x33, 0x33,
    0x33, 0x33, 0x33, 0x3f, 0xff, 0xe4, 0x44, 0x47, 0x33, 0x33, 0x33, 0x33, 0x33, 0x33, 0x33, 0x33,
    0x33, 0x38, 0x7f, 0xff, 0x96, 0x99, 0x99, 0x99, 0x99, 0x99, 0x99, 0x99, 0x99, 0x99, 0x99, 0x99,
    0x99, 0x99, 0x99, 0x9e, 0x33, 0x33, 0x33, 0x33, 0x33, 0x33, 0x33, 0x33, 0x33, 0x33, 0x33, 0x33,
    0x33, 0x33, 0x33, 0x33, 0x33, 0x3b, 0xff, 0xff, 0xfc, 0x88, 0x8b, 0xbd, 0xff, 0xff, 0xff, 0xf2,
    0xef, 0x27, 0xb7, 0x25, 0xff, 0xff, 0xff, 0xe5, 0xa6, 0x66, 0x66, 0x66, 0x66, 0x66, 0x66, 0x66,
    0x66, 0x66, 0x66, 0x66, 0x66, 0x66, 0x67, 0x8c, 0xcc, 0xcc, 0xcc, 0xcc, 0xcc, 0xcc, 0xcc, 0xcc,
    0xcc, 0xcc, 0xcc, 0xcc, 0xcc, 0xcc, 0xcc, 0xcc, 0xcf, 0x7f, 0xff, 0xff, 0xff, 0xfc, 0xbf, 0xf9,
    0xe7, 0xff, 0xff, 0xff, 0xff, 0xbf, 0xff, 0xff, 0xff, 0xff, 0xe5, 0xd3, 0x99, 0x99, 0x99, 0x99,
    0x99, 0x99, 0x99, 0x99, 0x99, 0x99, 0x99, 0x99, 0x99, 0x99, 0x9e, 0x33, 0x33, 0x33, 0x33, 0x33,
    0x33, 0x33, 0x33, 0x33, 0x33, 0x33, 0x33, 0x33, 0x33, 0x33, 0x33, 0x33, 0xbf, 0xff, 0xff, 0xff,
    0xff, 0xf9, 0xe7, 0x9e, 0x79, 0xe7, 0xff, 0xff, 0xff, 0xff, 0xff, 0xff, 0xff, 0xff, 0xfc, 0xba,
    0x73, 0x33, 0x33, 0x33, 0x33, 0x33, 0x33, 0x33, 0x33, 0x33, 0x33, 0x33, 0x33, 0x33, 0x33, 0xc6,
    0x66, 0x66, 0x66, 0x66, 0x66, 0x66, 0x66, 0x66, 0x66, 0x66, 0x66, 0x66, 0x66, 0x66, 0x66, 0x66,
    0x77, 0xff, 0xff, 0xff, 0xff, 0xff, 0xff, 0xff, 0xff, 0xff, 0xff, 0xff, 0xff, 0xff, 0xff, 0xff,
    0xff, 0x97, 0x7a, 0x73, 0x33, 0x33, 0x33, 0x33, 0x33, 0x33, 0x33, 0x33, 0x33, 0x33, 0x33, 0x33,
    0x33, 0x33, 0xc6, 0x66, 0x66, 0x66, 0x66, 0x66, 0x66, 0x66, 0x66, 0x66, 0x66, 0x66, 0x66, 0x66,
    0x66, 0x66, 0x67, 0x17, 0xff, 0xff, 0xff, 0xff, 0xff, 0xff, 0xff, 0xff, 0xff, 0xff, 0xff, 0xff,
    0xff, 0xff, 0xff, 0xf9, 0x17, 0x7b, 0xa6, 0x66, 0x66, 0x66, 0x66, 0x66, 0x66, 0x66, 0x66, 0x66,
    0x66, 0x66, 0x66, 0x66, 0x67, 0x8c, 0xcc, 0xcc, 0xcc, 0xcc, 0xcc, 0xcc, 0xcc, 0xcc, 0xcc, 0xcc,
    0xcc, 0xcc, 0xcc, 0xcc, 0xcc, 0xe2, 0xe7, 0x9f, 0xff, 0x2d, 0xb6, 0xff, 0xff, 0xff, 0xff, 0xff,
    0x23, 0xd8, 0xfb, 0xff, 0xff, 0xfe, 0x45, 0xde, 0xf0, 0xee, 0x99, 0x99, 0x99, 0x99, 0x99, 0x99,
    0x99, 0x99, 0x99, 0x99, 0x99, 0x99, 0x99, 0x99, 0xe3, 0x33, 0x33, 0x33, 0x33, 0x33, 0x33, 0x33,
    0x33, 0x33, 0x33, 0x33, 0x33, 0x33, 0x38, 0xf9, 0x22, 0xe7, 0x9e, 0x48, 0xf6, 0xdb, 0x6c, 0x65,
    0xff, 0xff, 0xe4, 0x7b, 0x6d, 0xb6, 0x3f, 0xff, 0x2e, 0xf7, 0xbd, 0xef, 0x0e, 0xf7, 0xbf, 0xa6,
    0x66, 0x66, 0x66, 0x66, 0x66, 0x66, 0x66, 0x66, 0x66, 0x66, 0x66, 0x78, 0xcc, 0xcc, 0xcc, 0xcc,
    0xcc, 0xcc, 0xcc, 0xcc, 0xcc, 0xcc, 0xcc, 0xce, 0xc5, 0xfc, 0xf3, 0xff, 0xfc, 0xf2, 0x36, 0xdb,
    0x6d, 0xb6, 0xc6, 0x45, 0xd3, 0xdb, 0x6d, 0xb6, 0xd8, 0xcf, 0xfb, 0xde, 0xf7, 0xbd, 0xef, 0x7b,
    0xde, 0xf7, 0xbc, 0x06, 0x99, 0x99, 0x99, 0x99, 0x99, 0x99, 0x99, 0x99, 0x99, 0x99, 0xe3, 0x33,
    0x33, 0x33, 0x33, 0x33, 0x33, 0x33, 0x33, 0x33, 0x33, 0x3c, 0xff, 0x3c, 0xf3, 0xcf, 0x3f, 0xff,
    0xfc, 0x96, 0xdb, 0x6d, 0xb6, 0xdb, 0x6d, 0xb6, 0xdb, 0x6d, 0xb6, 0x33, 0x30, 0x07, 0x7b, 0xde,
    0xf7, 0xbd, 0xef, 0x7b, 0xde, 0xf4, 0xbc, 0xbf, 0x4c, 0xcc, 0xcc, 0xcc, 0xcc, 0xcc, 0xcc, 0xcc,
    0xcf, 0x19, 0x99, 0x99, 0x99, 0x99, 0x99, 0x99, 0x99, 0x99, 0x93, 0x2e, 0x79, 0xe7, 0x9e, 0x79,
    0xe7, 0xff, 0xfc, 0xbc, 0x6d, 0xb6, 0xdb, 0x6d, 0xb6, 0xdb, 0x6d, 0xb6, 0xd8, 0xcc, 0xcc, 0xcc,
    0x18, 0xef, 0x7b, 0xde, 0xf7, 0xbd, 0xef, 0x7b, 0xd2, 0xff, 0xff, 0xe9, 0xcc, 0xcc, 0xcc, 0xcc,
    0xcc, 0xcc, 0xcc, 0xcf, 0x19, 0x99, 0x99, 0x99, 0x99, 0x99, 0x99, 0x99, 0x9f, 0xfe, 0x79, 0xe7,
    0x9e, 0x79, 0xe7, 0x9f, 0xff, 0xff, 0x2e, 0x96, 0xc6, 0x08, 0x1e, 0xdb, 0x6d, 0xb6, 0xdb, 0x19,
    0x99, 0x99, 0x99, 0xf2, 0x0c, 0xcf, 0xbd, 0xef, 0x78, 0x77, 0xbd, 0xef, 0x7a, 0x5f, 0xff, 0xff,
    0xff, 0xff, 0xa6, 0x66, 0x66, 0x66, 0x66, 0x66, 0x78, 0xcc, 0xcc, 0xcc, 0xcc, 0xcc, 0xcc, 0xce,
    0xe7, 0xf9, 0xe7, 0x9e, 0x79, 0xe7, 0x9e, 0x79, 0xe7, 0xff, 0xff, 0xff, 0xf8, 0x72, 0x67, 0xb6,
    0xdb, 0x6d, 0xb1, 0x99, 0x99, 0x99, 0x98, 0x33, 0x33, 0x33, 0x33, 0x31, 0xde, 0xf7, 0x87, 0x7b,
    0xde, 0xf7, 0xa5, 0xff, 0xff, 0xff, 0xff, 0xff, 0xe5, 0xa6, 0x66, 0x66, 0x66, 0x66, 0x78, 0xcc,
    0xcc, 0xcc, 0xcc, 0xcc, 0xcc, 0xff, 0xff, 0xff, 0xff, 0xff, 0xff, 0x3f, 0xff, 0xff, 0xff, 0xff,
    0xe5, 0xd0, 0x66, 0x66, 0x66, 0x0c, 0xcc, 0xc1, 0x99, 0x99, 0x99, 0x99, 0x99, 0x99, 0x98, 0x1d,
    0xef, 0x7b, 0xde, 0xf7, 0xbd, 0x2f, 0xff, 0xff, 0xff, 0xff, 0xff, 0xff, 0xff, 0xf9, 0x99, 0x99,
    0x99, 0x99, 0xe3, 0x33, 0x33, 0x33, 0x33, 0x32, 0x7d, 0x2f, 0xff, 0xff, 0xff, 0xff, 0xff, 0xff,
    0xff, 0xff, 0xf2, 0x22, 0x22, 0xe9, 0x79, 0x98, 0x1c, 0xf8, 0x33, 0x33, 0x33, 0x31, 0xfe, 0x60,
    0x03, 0x1c, 0xf9, 0x77, 0xbd, 0x22, 0x22, 0x22, 0xff, 0xff, 0xff, 0xff, 0xff, 0xff, 0xff, 0xff,
    0xff, 0xe7, 0x4c, 0xcc, 0xcc, 0xf1, 0x99, 0x99, 0x99, 0x99, 0x90, 0x44, 0x44, 0x44, 0x44, 0x44,
    0x44, 0x44, 0x44, 0x44, 0x44, 0x44, 0x5d, 0x33, 0x30, 0x00, 0xe8, 0x33, 0x33, 0x33, 0x33, 0x30,
    0x00, 0x00, 0x72, 0x40, 0x00, 0x07, 0xf4, 0x88, 0x88, 0x88, 0xbf, 0xff, 0xff, 0xff, 0xff, 0xff,
    0xff, 0xff, 0xff, 0xba, 0x66, 0x66, 0x78, 0xcc, 0xcc, 0xcc, 0xcc, 0xf9, 0x11, 0x11, 0x11, 0x11,
    0x11, 0x11, 0x11, 0x11, 0x17, 0x78, 0x74, 0x86, 0xdb, 0x63, 0x33, 0x30, 0x00, 0x03, 0xff, 0x9e,
    0x79, 0xe7, 0xff, 0x90, 0x00, 0x00, 0x00, 0x00, 0x00, 0x88, 0x88, 0x88, 0x88, 0x88, 0xbf, 0xff,
    0xff, 0xff, 0xff, 0xff, 0xff, 0xfe, 0x66, 0x67, 0x8c, 0xcc, 0xcc, 0xcc, 0xff, 0x48, 0x88, 0x88,
    0x88, 0x88, 0x88, 0x88, 0x8b, 0x87, 0x48, 0xbf, 0x6d, 0xb6, 0xdb, 0x6c, 0x66, 0x66, 0x66, 0x60,
    0x00, 0x00, 0x00, 0x00, 0x00, 0x06, 0x66, 0x67, 0xb6, 0xde, 0x44, 0x44, 0x44, 0x44, 0x44, 0x44,
    0x44, 0x45, 0xff, 0xff, 0xff, 0xe5, 0x33, 0x3c, 0x66, 0x66, 0x66, 0x77, 0x24, 0x44, 0x44, 0x44,
    0x44, 0x5d, 0xef, 0x48, 0x88, 0x8b, 0x9d, 0xb6, 0xdb, 0x6d, 0xb6, 0xdb, 0x6d, 0x8f, 0x19, 0x99,
    0x99, 0x99, 0x99, 0x99, 0x99, 0x99, 0x99, 0xed, 0xb6, 0xdb, 0x1f, 0x4b, 0xbd, 0xe9, 0x11, 0x11,
    0x11, 0x11, 0x11, 0x11, 0x11, 0x11, 0x17, 0x74, 0xf1, 0x99, 0x99, 0x99, 0x99, 0x1c, 0xf9, 0x97,
    0x8d, 0x3e, 0x44, 0x44, 0x45, 0xd3, 0xdb, 0x6d, 0xb6, 0xdb, 0x6d, 0xb6, 0xdb, 0x6d, 0xb6, 0xdb,
    0x6d, 0xb6, 0xdb, 0x6d, 0xb6, 0xdb, 0x6d, 0xb6, 0xde, 0x44, 0x45, 0xde, 0xf4, 0x88, 0x88, 0x88,
    0x88, 0x88, 0x88, 0x88, 0x88, 0xf8, 0xcc, 0xcc, 0xcc, 0xcc, 0xcc, 0x9e, 0x99, 0x99, 0x3e, 0x91,
    0x11, 0x17, 0x3b, 0x6d, 0xb6, 0xdb, 0x6d, 0xb6, 0xdb, 0x6d, 0xb6, 0xdb, 0x6d, 0xb6, 0xdb, 0x6d,
    0xb6, 0xdb, 0x6d, 0xb6, 0xdb, 0x6d, 0xc9, 0x11, 0x11, 0x11, 0x77, 0xbc, 0x08, 0x88, 0x88, 0x88,
    0x88, 0xbb, 0xd3, 0xe3, 0x33, 0x33, 0x33, 0x33, 0x33, 0x33, 0x33, 0x3b, 0xa4, 0x44, 0x45, 0xce,
    0xdb, 0x6d, 0xb6, 0xdb, 0x6d, 0xb6, 0xdb, 0x6d, 0xb6, 0xdb, 0x6d, 0xb6, 0xdb, 0x6d, 0xb6, 0xdb,
    0x6d, 0xb6, 0xdb, 0x6d, 0xe4, 0x44, 0x44, 0x44, 0x45, 0xd9, 0x93, 0x03, 0xfc, 0x73, 0xcf, 0x33,
    0xc6, 0x66, 0x66, 0x66, 0x66, 0x66, 0x66, 0x66, 0x4f, 0xa4, 0x44, 0x5f, 0xb6, 0xdb, 0x6d, 0xb6,
    0xdb, 0x6d, 0xb6, 0xdb, 0x6d, 0xb6, 0xdb, 0x6d, 0xb6, 0xdb, 0x6d, 0xb6, 0xdb, 0x6d, 0xb6, 0xdb,
    0x6d, 0xd2, 0x22, 0x22, 0x22, 0xef, 0x79, 0x99, 0xda, 0x66, 0x74, 0xcc, 0xf1, 0x99, 0x99, 0x99,
    0x99, 0x99, 0x99, 0x99, 0x92, 0xef, 0x48, 0xba, 0x7b, 0x6d, 0xb6, 0xdb, 0x6d, 0xb6, 0xdb, 0x6d,
    0xb6, 0xdb, 0x6d, 0xb6, 0xdb, 0x6d, 0xb6, 0xdb, 0x6d, 0xb6, 0xdb, 0x6d, 0xb6, 0xc6, 0x44, 0x44,
    0x45, 0xde, 0xf7, 0x86, 0x99, 0x99, 0x99, 0x99, 0x99, 0xe3, 0x33, 0x33, 0x33, 0x33, 0x33, 0x33,
    0x33, 0xb8, 0x77, 0xbd, 0xe8, 0x33, 0xdb, 0x6d, 0xb6, 0xdb, 0x6d, 0xb6, 0xdb, 0x6d, 0xb6, 0xdb,
    0x6d, 0xb6, 0xdb, 0x6d, 0xb6, 0xdb, 0x6d, 0xb6, 0xdb, 0x6d, 0xb6, 0xe0, 0x44, 0x5d, 0xef, 0x7b,
    0xde, 0x89, 0x99, 0x99, 0x99, 0x99, 0x9e, 0x33, 0x33, 0x33, 0x33, 0x33, 0x33, 0x33, 0x27, 0xcf,
    0x7b, 0xde, 0x83, 0x33, 0x3d, 0xb6, 0xdb, 0x6d, 0xb6, 0xdb, 0x6d, 0xb6, 0xdb, 0x6d, 0xb6, 0xdb,
    0x6d, 0xb6, 0xdb, 0x6d, 0xb6, 0xdb, 0x6d, 0xb6, 0xdb, 0xfb, 0xde, 0xf7, 0xbd, 0xef, 0x7b, 0xf3,
    0x33, 0x33, 0x33, 0x33, 0x3c, 0x66, 0x66, 0x67, 0x03, 0xfd, 0xb6, 0xe4, 0xf1, 0xf7, 0xbd, 0x00,
    0x19, 0x99, 0x99, 0xed, 0xb6, 0xdb, 0x6d, 0xb6, 0xdb, 0x6d, 0xb6, 0xdb, 0x6d, 0xb6, 0xdb, 0x6d,
    0xb6, 0xdb, 0x6d, 0xb6, 0x33, 0x33, 0x31, 0xbb, 0xde, 0xf7, 0xbd, 0xe9, 0x83, 0x99, 0x99, 0x99,
    0x99, 0x9e, 0x33, 0x33, 0x32, 0x7c, 0xe3, 0x1e, 0x67, 0xc9, 0x98, 0xe7, 0x87, 0x40, 0x00, 0x19,
    0x99, 0x99, 0x99, 0x99, 0x9e, 0xdb, 0x6d, 0xb6, 0xdb, 0x6d, 0xb6, 0xdb, 0x6d, 0xb6, 0xdb, 0x6d,
    0xb6, 0x33, 0x33, 0x33, 0x33, 0x3e, 0x4f, 0x1f, 0x0f, 0xe7, 0x92, 0x3c, 0x62, 0x66, 0x66, 0x66,
    0x66, 0x78, 0xed, 0xb7, 0x27, 0xe3, 0x93, 0x33, 0x3c, 0x66, 0x66, 0x66, 0x40, 0x00, 0x00, 0x00,
    0x03, 0x33, 0x33, 0x33, 0x33, 0x33, 0x3d, 0xb6, 0xdb, 0x6d, 0xb6, 0x33, 0x33, 0x33, 0x33, 0x33,
    0x33, 0x33, 0x33, 0x00, 0x00, 0x3a, 0x0c, 0xf9, 0x3c, 0x3c, 0xcc, 0xf9, 0x03, 0x1f, 0x83, 0x99,
    0xe2, 0x67, 0x87, 0x26, 0x78, 0xcc, 0xcc, 0xf1, 0x99, 0x99, 0x99, 0x8f, 0x00, 0x00, 0x00, 0x00,
    0x00, 0x66, 0x66, 0x66, 0x66, 0x66, 0x66, 0x66, 0x66, 0x66, 0x66, 0x66, 0x66, 0x66, 0x66, 0x60,
    0x00, 0x00, 0x00, 0x0e, 0x4c, 0xcc, 0xcf, 0x1e, 0xd8, 0xcc, 0x19, 0x80, 0x66, 0x26, 0x67, 0x8c,
    0x9f, 0x3e, 0x66, 0x66, 0x66, 0x66, 0x66, 0x66, 0x66, 0x66, 0x00, 0xf0, 0x00, 0x00, 0x00, 0x00,
    0x00, 0x00, 0x00, 0x00, 0x00, 0x00, 0x00, 0x00, 0x00, 0x00, 0x00, 0x00, 0x00, 0x00, 0x08, 0xcc,
    0xcc, 0xf6, 0x33, 0x3d, 0xb6, 0xd8, 0xcf, 0x91, 0xce, 0x99, 0x9e, 0x33, 0x3f, 0x8c, 0xcc, 0xbf,
    0x9e, 0x79, 0xf2, 0x23, 0x33, 0x30, 0x00, 0x1d, 0x00, 0x00, 0x00, 0x00, 0x00, 0x00, 0x00, 0x00,
    0x00, 0x00, 0x00, 0x00, 0x00, 0x00, 0x00, 0x00, 0x00, 0x00, 0xe8, 0x06, 0x7b, 0x6c, 0x7b, 0x6d,
    0xb6, 0xdb, 0x19, 0x83, 0x99, 0x9e, 0x33, 0x20, 0xcc, 0xcb, 0x9e, 0x79, 0xe7, 0x9e, 0x79, 0xe7,
    0x92, 0x00, 0x00, 0x00, 0xe1, 0xde, 0x40, 0x00, 0x00, 0x00, 0x00, 0x00, 0x00, 0x00, 0x00, 0x00,
    0x00, 0x00, 0x00, 0x00, 0x00, 0x00, 0x03, 0xc0, 0x00, 0xcc, 0xcc, 0x72, 0x5f, 0xff, 0xfc, 0x9e,
    0xd8, 0xcc, 0x1c, 0xcc, 0xf1, 0x99, 0x9f, 0x3c, 0x5c, 0xf3, 0xcf, 0x3c, 0xff, 0xff, 0xf9, 0x79,
    0x80, 0x00, 0x2e, 0xf7, 0xbc, 0x00, 0x00, 0x00, 0x00, 0x00, 0x00, 0x00, 0x00, 0x00, 0x00, 0x00,
    0x00, 0x00, 0x00, 0x00, 0x07, 0x48, 0x00, 0x00, 0xe9, 0x7f, 0xf3, 0xcf, 0x3c, 0xf3, 0xcf, 0x3c,
    0x9e, 0xdb, 0x99, 0x99, 0x9e, 0x33, 0x33, 0x20, 0x19, 0x7f, 0xff, 0xff, 0x91, 0x17, 0x90, 0x00,
    0x01, 0xcf, 0x7b, 0xde, 0xf7, 0xbd, 0x20, 0x00, 0x00, 0x00, 0x00, 0x00, 0x00, 0x00, 0x00, 0x00,
    0x00, 0x00, 0x00, 0x5d, 0xef, 0x7b, 0xd0, 0x00, 0x04, 0x44, 0x45, 0xff, 0xff, 0xff, 0xe4, 0x66,
    0x60, 0x4c, 0xcc, 0xf1, 0x99, 0x99, 0x9d, 0xe0, 0x88, 0x8b, 0xc8, 0x88, 0x88, 0x80, 0x00, 0x0e,
    0xf7, 0xbd, 0xef, 0x7b, 0xde, 0x90, 0x05, 0xc8, 0x00, 0x00, 0x00, 0x00, 0x00, 0x00, 0x00, 0x01,
    0xcf, 0x3d, 0xe1, 0xde, 0xf7, 0xbd, 0xef, 0x7a, 0x40, 0x0f, 0x22, 0x22, 0x22, 0x22, 0xff, 0xf2,
    0xf0, 0x39, 0x39, 0x99, 0x99, 0xe3, 0x33, 0x33, 0x33, 0x38, 0xfc, 0x72, 0x5d, 0x2e, 0xf7, 0x90,
    0x00, 0x05, 0xa6, 0x66, 0x66, 0x66, 0x66, 0x66, 0x66, 0x66, 0x71, 0x8e, 0x7c, 0x88, 0x88, 0x88,
    0x8b, 0xf9, 0x00, 0xf6, 0xc6, 0x3f, 0xbc, 0x38, 0x70, 0xe1, 0xc3, 0x81, 0x73, 0xe0, 0x0e, 0x97,
    0xff, 0xf9, 0x11, 0x17, 0x79, 0x03, 0xf4, 0xcc, 0xcc, 0xcf, 0x19, 0x99, 0x99, 0x99, 0x99, 0x99,
    0xdc, 0xff, 0x3c, 0xf3, 0xcf, 0x24, 0x47, 0x33, 0x33, 0x33, 0x33, 0x33, 0x33, 0x33, 0x33, 0x33,
    0x33, 0x33, 0x33, 0x33, 0x33, 0x33, 0x33, 0x33, 0x33, 0x33, 0x33, 0x33, 0x33, 0x33, 0x33, 0x33,
    0x33, 0xbc, 0x00, 0x39, 0x22, 0x2e, 0x97, 0x20, 0x78, 0x99, 0x99, 0x99, 0x99, 0x9e, 0x33, 0x33,
    0x33, 0x33, 0x33, 0x33, 0x33, 0x33, 0x33, 0x33, 0x33, 0x33, 0x33, 0x33, 0x33, 0x33, 0x33, 0x33,
    0x33, 0x33, 0x33, 0x33, 0x33, 0x33, 0x33, 0x33, 0x33, 0x33, 0x33, 0x33, 0x33, 0x33, 0x33, 0x33,
    0x33, 0x33, 0x33, 0x33, 0x33, 0xb9, 0x22, 0x22, 0x2e, 0xf2, 0x7a, 0x66, 0x66, 0x66, 0x66, 0x66,
    0x66, 0x66, 0x66, 0x66, 0x66, 0x66, 0x66, 0x66, 0x66, 0x66, 0x66, 0x66, 0x66, 0x66, 0x66, 0x66,
    0x66, 0x66, 0x66, 0x66, 0x66, 0x66, 0x66, 0x66, 0x66, 0x67, 0x88
};

const HuffmanFrequency SPRITE_55_FREQS[] = {
    {0x0a, 41},
    {0x23, 217},
    {0x25, 23},
    {0x2a, 353},
    {0x2b, 431},
    {0x2d, 485},
    {0x2e, 729},
    {0x3a, 376},
    {0x3d, 143},
    {0xa0, 1321},
    {0xc2, 1321}
};
}

const HuffmanEncodedSprite SPRITE_55 = {
    SPRITE_55_BYTES,
    static_cast<int>(sizeof(SPRITE_55_BYTES) / sizeof(SPRITE_55_BYTES[0])),
    15957,
    5440,
    SPRITE_55_FREQS,
    static_cast<int>(sizeof(SPRITE_55_FREQS) / sizeof(SPRITE_55_FREQS[0]))
};

namespace
{
const unsigned char SPRITE_56_BYTES[] = {
    0x88, 0xdb, 0x6d, 0xb6, 0xdb, 0x6d, 0xb6, 0xdb, 0x6d, 0xb6, 0xdb, 0x6d, 0xb6, 0xdb, 0x6d, 0xb6,
    0xdb, 0x6d, 0xb6, 0xdb, 0x6d, 0xb6, 0xdb, 0x6d, 0xb6, 0xdb, 0x6d, 0xb6, 0xdb, 0x6d, 0xb6, 0xdb,
    0x6d, 0xb6, 0xdb, 0x6d, 0xb6, 0xdb, 0x94, 0x46, 0xdb, 0x6d, 0xb6, 0xdb, 0x6d, 0xb6, 0xdb, 0x6d,
    0xb6, 0xdb, 0x6d, 0xb6, 0xdb, 0x6d, 0xb6, 0xdb, 0x6d, 0xb6, 0xdb, 0x6d, 0xb6, 0xdb, 0x6d, 0xb6,
    0xdb, 0x6d, 0xb6, 0xdb, 0x6d, 0xb6, 0xdb, 0x6d, 0xb6, 0xdb, 0x6e, 0x57, 0x55, 0x72, 0x88, 0xdb,
    0x6d, 0xb6, 0xdb, 0x6d, 0xb6, 0xdb, 0x6d, 0xb9, 0x4e, 0x4d, 0xb6, 0xdb, 0x6d, 0xb7, 0x52, 0x6d,
    0xb6, 0xdb, 0x6d, 0xb7, 0x2a, 0x6d, 0xb6, 0xdb, 0x6d, 0xb6, 0xdc, 0xa9, 0xb6, 0xdb, 0x6d, 0xb6,
    0xdb, 0x6d, 0xca, 0xea, 0xa5, 0x2a, 0xa9, 0x37, 0x12, 0xae, 0x77, 0x29, 0x36, 0xdb, 0x6d, 0xb6,
    0xdb, 0x6d, 0xb7, 0x57, 0x39, 0x36, 0xdb, 0x6d, 0xb7, 0x28, 0x36, 0xdb, 0x6d, 0xb6, 0xe5, 0x70,
    0x6d, 0xb6, 0xdb, 0x6d, 0xb7, 0x2a, 0xb9, 0x37, 0x29, 0x36, 0xdb, 0x6d, 0xca, 0xa7, 0x52, 0x94,
    0xa5, 0x29, 0x5d, 0x36, 0xdb, 0x88, 0xdc, 0xa7, 0x55, 0x55, 0x3a, 0x94, 0x9b, 0x6d, 0xb9, 0x49,
    0xb6, 0xdc, 0xae, 0xa7, 0x26, 0xdb, 0x6d, 0xb9, 0x54, 0xdb, 0x6d, 0xb6, 0xe5, 0x75, 0x4d, 0xb6,
    0xdb, 0x6d, 0xb7, 0x29, 0xd4, 0xe5, 0x71, 0x91, 0x96, 0xdb, 0x72, 0xab, 0xba, 0xaa, 0xa9, 0x4a,
    0x52, 0x95, 0xc9, 0xb6, 0xdb, 0x71, 0x1b, 0x6d, 0xd5, 0xd5, 0x55, 0x55, 0x5d, 0xdc, 0x9b, 0x94,
    0x58, 0xd8, 0xb3, 0x93, 0x95, 0xd5, 0xce, 0x4d, 0xb6, 0xdc, 0xaa, 0xa4, 0xdb, 0x6e, 0x57, 0x55,
    0x6d, 0xb6, 0xdb, 0x6d, 0xca, 0xea, 0xae, 0x32, 0x3c, 0x78, 0xdb, 0x72, 0xaa, 0xba, 0xaa, 0xaa,
    0xaa, 0xaa, 0xaa, 0xba, 0x93, 0x6d, 0xb6, 0xdb, 0x88, 0xdb, 0x6d, 0xb9, 0x5d, 0x55, 0x55, 0x55,
    0x55, 0xdd, 0xdd, 0xc6, 0x47, 0x8f, 0x1e, 0x3c, 0x6c, 0xee, 0xe1, 0x37, 0x29, 0xc9, 0xca, 0xaa,
    0x72, 0x6d, 0xca, 0xaa, 0xa7, 0x26, 0xdb, 0x6d, 0xb9, 0x5d, 0x55, 0x46, 0x47, 0x8f, 0x1e, 0x36,
    0xee, 0xaa, 0xaa, 0xaa, 0xaa, 0xaa, 0xaa, 0xaa, 0x72, 0x6e, 0x52, 0xab, 0x9c, 0x22, 0xc2, 0x4e,
    0x23, 0x6d, 0xb6, 0xdb, 0x95, 0x5d, 0x55, 0x5d, 0xdd, 0xdd, 0xdd, 0xdc, 0xe2, 0xc7, 0x8f, 0x1e,
    0x17, 0x77, 0x57, 0x75, 0x72, 0xba, 0xab, 0x6e, 0xea, 0xae, 0x9b, 0x72, 0xa9, 0xce, 0x57, 0x75,
    0x55, 0x51, 0x93, 0xaa, 0xaa, 0xaa, 0xaa, 0xaa, 0xaa, 0xaa, 0xaa, 0xaa, 0x8d, 0x8f, 0x1e, 0x3c,
    0x78, 0xd8, 0xd8, 0xd8, 0xd8, 0xd9, 0xc9, 0xb6, 0xe2, 0x36, 0xdb, 0x6e, 0x52, 0x94, 0xa5, 0x29,
    0xdd, 0xdd, 0xdd, 0xdd, 0xdd, 0xdd, 0xdd, 0xdd, 0xdd, 0xdc, 0x2a, 0xaa, 0xaa, 0x15, 0x57, 0x16,
    0xea, 0xae, 0x17, 0x3a, 0xaa, 0xb9, 0x42, 0xee, 0xee, 0x71, 0x67, 0x55, 0x55, 0x55, 0x55, 0x55,
    0x55, 0x55, 0x55, 0x57, 0x1e, 0x3c, 0x78, 0xf1, 0xe3, 0xc7, 0x8f, 0x09, 0x36, 0xdb, 0x6d, 0xc4,
    0x6d, 0xb6, 0xdb, 0x72, 0x8b, 0x19, 0x1b, 0x1b, 0x1e, 0x3c, 0xee, 0xee, 0xee, 0xee, 0xee, 0xee,
    0xee, 0xee, 0x73, 0x85, 0x55, 0x55, 0x55, 0x55, 0x55, 0x5d, 0x55, 0x55, 0xc2, 0x75, 0x55, 0x29,
    0x54, 0x2e, 0xae, 0xaa, 0xaa, 0xaa, 0xaa, 0xaa, 0xaa, 0xaa, 0xa2, 0xc7, 0x8f, 0x1e, 0x3c, 0x78,
    0xd8, 0xb2, 0x6d, 0xb6, 0xdb, 0x6d, 0xb8, 0x8d, 0xb6, 0xdb, 0x6d, 0xb6, 0xea, 0x2c, 0x78, 0xf1,
    0xe3, 0x2e, 0xee, 0xee, 0xee, 0xee, 0xee, 0xe7, 0x39, 0xce, 0x77, 0x55, 0x55, 0x55, 0x55, 0x57,
    0x55, 0x55, 0x55, 0x55, 0x53, 0x9d, 0xdd, 0xd5, 0x55, 0x55, 0x55, 0x55, 0x55, 0x55, 0x55, 0xc6,
    0x47, 0x8f, 0x1e, 0x36, 0x12, 0x6d, 0xb6, 0xdb, 0x6d, 0xb6, 0xdb, 0x88, 0xdb, 0x6d, 0xb6, 0xdb,
    0x6d, 0xb6, 0xea, 0x32, 0x3c, 0x78, 0x5d, 0xdd, 0xdc, 0xee, 0xee, 0xe7, 0x39, 0xce, 0x73, 0xab,
    0x84, 0xaa, 0xae, 0x3d, 0xd5, 0x55, 0x55, 0xc2, 0x77, 0x77, 0x77, 0x75, 0x55, 0x55, 0x55, 0x55,
    0x55, 0x55, 0x38, 0xd8, 0xf1, 0xb3, 0x93, 0x6d, 0xb6, 0xdb, 0x6d, 0xb6, 0xdb, 0x6d, 0xc4, 0x6d,
    0xb6, 0xdb, 0x6d, 0xb6, 0xdb, 0x6d, 0xb9, 0x54, 0x64, 0x6d, 0xdd, 0xdc, 0xe7, 0x39, 0xce, 0x73,
    0x9c, 0x2e, 0xaa, 0x36, 0xe1, 0x71, 0x61, 0x55, 0x57, 0x77, 0x3b, 0xbb, 0xbb, 0xbb, 0xbb, 0xba,
    0xaa, 0xaa, 0xaa, 0xaa, 0xb8, 0xdb, 0x94, 0xa5, 0x29, 0x36, 0xdb, 0x6d, 0xb6, 0xdb, 0x6d, 0xb6,
    0xdc, 0x46, 0xdb, 0x6d, 0xb7, 0x2b, 0xba, 0xaa, 0xaa, 0xbb, 0xbb, 0xbb, 0xbb, 0xbb, 0xbb, 0x9c,
    0xee, 0x73, 0x9d, 0x55, 0xce, 0x17, 0x16, 0x70, 0x9d, 0xdd, 0xdd, 0xdd, 0xdd, 0xce, 0xee, 0xee,
    0xee, 0xee, 0xee, 0xaa, 0xaa, 0xaa, 0xaa, 0xaa, 0xaa, 0x52, 0x94, 0xa5, 0x29, 0x4a, 0xe1, 0x26,
    0xdb, 0x6d, 0xb6, 0xdb, 0x88, 0xdb, 0x6d, 0xb6, 0xdb, 0x6d, 0xba, 0xbb, 0xbb, 0xbb, 0xbb, 0xbb,
    0xbb, 0xbb, 0xbb, 0xb8, 0x4e, 0x73, 0x85, 0xce, 0xee, 0x11, 0x6e, 0xee, 0x10, 0x9d, 0xdd, 0xd5,
    0x4e, 0xee, 0xee, 0xee, 0xee, 0xaa, 0xaa, 0xaa, 0xaa, 0xaa, 0xaa, 0xaa, 0xa7, 0x26, 0xdb, 0x6d,
    0xb6, 0xdb, 0x6d, 0xb6, 0xdc, 0x46, 0xdb, 0x6d, 0xb6, 0xdb, 0x6d, 0xb6, 0xdb, 0x72, 0xba, 0x9d,
    0xdd, 0xdd, 0xdc, 0xe7, 0x39, 0xce, 0x13, 0x9d, 0xce, 0x77, 0x77, 0x38, 0x5c, 0x2e, 0xee, 0xe1,
    0x39, 0xdc, 0xee, 0xee, 0xee, 0xee, 0xee, 0xaa, 0xae, 0xae, 0xa4, 0xdb, 0x6d, 0xb6, 0xdb, 0x6d,
    0xb6, 0xdb, 0x6d, 0xb6, 0xe2, 0x36, 0xdb, 0x6d, 0xb6, 0xdb, 0x6d, 0xb6, 0xdb, 0x6d, 0xb6, 0xe5,
    0x57, 0x09, 0xdd, 0xdc, 0xe7, 0x3b, 0x8b, 0x55, 0x55, 0x57, 0x77, 0x38, 0x5d, 0xdd, 0xdd, 0xdd,
    0xdd, 0xdd, 0xdd, 0xc2, 0xaa, 0x4d, 0xb6, 0xdb, 0x6d, 0xb6, 0xdb, 0x6d, 0xb6, 0xdb, 0x6d, 0xb6,
    0xdb, 0x71, 0x1b, 0x6d, 0xb6, 0xdb, 0x6d, 0xb6, 0xdb, 0x6d, 0xb6, 0xdb, 0x6d, 0xdc, 0xee, 0xee,
    0xee, 0x77, 0x16, 0x75, 0x55, 0x55, 0x55, 0x57, 0x77, 0x77, 0x77, 0x77, 0x77, 0x77, 0x76, 0xdb,
    0x6d, 0xb6, 0xdb, 0x6d, 0xb6, 0xdb, 0x6d, 0xb6, 0xdb, 0x6d, 0xb6, 0xdb, 0x6e, 0x23, 0x6d, 0xb6,
    0xdb, 0x6d, 0xb6, 0xdb, 0x6d, 0xb6, 0xdb, 0x6e, 0xea, 0xaa, 0xee, 0xee, 0x77, 0x6e, 0x50, 0xba,
    0xaa, 0xaa, 0xaa, 0x9c, 0xe2, 0xce, 0x2c, 0xee, 0xee, 0xee, 0xee, 0xee, 0x9b, 0x6d, 0xb6, 0xdb,
    0x6d, 0xb6, 0xdb, 0x6d, 0xb6, 0xdb, 0x6d, 0xb6, 0xdb, 0x71, 0x1b, 0x6d, 0xb6, 0xdb, 0x6d, 0xb6,
    0xdb, 0x6d, 0xb6, 0xe5, 0x75, 0x57, 0x73, 0x8b, 0x27, 0x3b, 0x9b, 0x94, 0xe7, 0x16, 0x15, 0x55,
    0x55, 0x39, 0xce, 0x73, 0x84, 0x9b, 0xab, 0xbb, 0xab, 0xba, 0xa9, 0x36, 0xdb, 0x6d, 0xb6, 0xdb,
    0x6d, 0xb6, 0xdb, 0x6d, 0xb6, 0xdb, 0x6d, 0xb8, 0x8d, 0xb6, 0xdb, 0x6d, 0xb6, 0xdb, 0x6d, 0xb6,
    0xdb, 0xbb, 0xb9, 0x37, 0x73, 0x9d, 0xdc, 0xed, 0xca, 0x13, 0x9c, 0xe1, 0x55, 0x55, 0x50, 0x84,
    0xe7, 0x39, 0xc1, 0xb7, 0x28, 0xb3, 0x8c, 0xb9, 0xd5, 0x55, 0xd3, 0x6d, 0xb6, 0xdb, 0x6d, 0xb6,
    0xdb, 0x6d, 0xb6, 0xdb, 0x6d, 0xb6, 0xe2, 0x36, 0xdb, 0x6d, 0xb6, 0xdb, 0x6d, 0xb6, 0xdb, 0x95,
    0x5d, 0xce, 0x13, 0x93, 0xb8, 0x45, 0xba, 0x6e, 0xe7, 0x39, 0xc2, 0x2d, 0x55, 0x55, 0x54, 0x27,
    0x39, 0xc2, 0x32, 0x6d, 0xdc, 0x21, 0x26, 0xdc, 0xae, 0x77, 0x54, 0xdb, 0x6d, 0xb6, 0xdb, 0x6d,
    0xb6, 0xdb, 0x6d, 0xb6, 0xdb, 0x6e, 0x23, 0x6d, 0xb6, 0xdb, 0x6d, 0xb6, 0xdb, 0x6d, 0xb6, 0xdc,
    0xaa, 0x11, 0x61, 0x08, 0x45, 0x8b, 0x15, 0xca, 0x73, 0x9c, 0x58, 0x45, 0x85, 0xdd, 0xdd, 0xdd,
    0xc5, 0x8c, 0x8b, 0x09, 0xdc, 0xaa, 0x71, 0x64, 0xdc, 0xa7, 0x38, 0x42, 0xe5, 0x50, 0x93, 0x6d,
    0xb6, 0xdb, 0x6d, 0xb6, 0xdb, 0x6d, 0xb6, 0xdb, 0x6e, 0x23, 0x6d, 0xb6, 0xdb, 0x6d, 0xb6, 0xdb,
    0x6d, 0xb6, 0xdc, 0xae, 0x2c, 0x58, 0x42, 0x10, 0x84, 0x21, 0x08, 0xb2, 0x6d, 0xb7, 0x29, 0xce,
    0x73, 0x9c, 0xe2, 0xca, 0x4d, 0xc2, 0xe1, 0x08, 0xb1, 0x61, 0x08, 0x42, 0x4d, 0xb6, 0xdb, 0x6d,
    0xb6, 0xdb, 0x6d, 0xb6, 0xdb, 0x6d, 0xb6, 0xdb, 0x6d, 0xc4, 0x6d, 0xb6, 0xdb, 0x6d, 0xb6, 0xdb,
    0x6d, 0xb6, 0xe5, 0x53, 0x84, 0x2e, 0x52, 0xa8, 0x42, 0x10, 0x9b, 0x6d, 0xb7, 0x2b, 0x9c, 0x27,
    0x39, 0xce, 0x73, 0x9c, 0x2e, 0x57, 0x38, 0x42, 0x11, 0x6e, 0xaa, 0xe7, 0x0a, 0x93, 0x6d, 0xb6,
    0xdb, 0x6d, 0xb6, 0xdb, 0x6d, 0xb6, 0xdb, 0x6d, 0xb7, 0x11, 0xb6, 0xdb, 0x6d, 0xb6, 0xdb, 0x6d,
    0xb6, 0xdb, 0xa9, 0x36, 0xdb, 0x6d, 0xca, 0x10, 0x84, 0x9b, 0x72, 0x9c, 0xe7, 0x39, 0xce, 0x73,
    0x9c, 0xe7, 0x39, 0xce, 0x10, 0x84, 0x21, 0x16, 0x10, 0x9d, 0xdd, 0xc5, 0x9c, 0xe4, 0xdb, 0x6d,
    0xb6, 0xdb, 0x6d, 0xb6, 0xdb, 0x6d, 0xb6, 0xdb, 0x6e, 0x23, 0x6d, 0xb6, 0xdb, 0x6d, 0xb6, 0xdb,
    0x6d, 0xb6, 0xdb, 0x6d, 0xb6, 0xdb, 0x94, 0x27, 0x27, 0x29, 0xdd, 0xce, 0x73, 0x9c, 0xe7, 0x39,
    0xce, 0x73, 0x9c, 0xe7, 0x08, 0x4e, 0xdb, 0x6d, 0xb6, 0xdb, 0x6d, 0xb6, 0xdb, 0x6d, 0xb6, 0xdb,
    0x6d, 0xb6, 0xdb, 0x6d, 0xb6, 0xe2, 0x36, 0xdb, 0x6d, 0xb6, 0xdb, 0x6d, 0xb6, 0xdb, 0x6d, 0xb6,
    0xdb, 0x6d, 0xb9, 0x4e, 0x52, 0x9d, 0x55, 0xc6, 0xc6, 0xce, 0x73, 0x9c, 0xe7, 0x39, 0xce, 0x73,
    0x9c, 0x64, 0x27, 0x77, 0x74, 0xdb, 0x6d, 0xb6, 0xdb, 0x6d, 0xb6, 0xdb, 0x6d, 0xb6, 0xdb, 0x6d,
    0xb6, 0xdb, 0x6d, 0xc4, 0x6d, 0xb6, 0xdb, 0x6d, 0xb6, 0xdb, 0x6d, 0xb6, 0xdb, 0x6d, 0xb6, 0xdb,
    0x6d, 0xdc, 0xae, 0xa3, 0x23, 0xc7, 0x9d, 0xdc, 0xe3, 0x27, 0x39, 0xce, 0xee, 0xe1, 0x08, 0xf1,
    0xe3, 0xce, 0xaa, 0xe4, 0xdb, 0x6d, 0xb6, 0xdb, 0x6d, 0xb6, 0xdb, 0x6d, 0xb6, 0xdb, 0x6d, 0xb6,
    0xdb, 0x71, 0x1b, 0x6d, 0xb6, 0xdb, 0x6d, 0xb6, 0xdb, 0x6d, 0xb6, 0xdb, 0x6d, 0xb6, 0xdc, 0xae,
    0x4e, 0x51, 0x63, 0x61, 0x77, 0x70, 0x8f, 0x1b, 0x77, 0x71, 0xe3, 0xce, 0xee, 0xee, 0x2c, 0x6c,
    0x6c, 0xa5, 0x75, 0x72, 0x6d, 0xb6, 0xdb, 0x6d, 0xb6, 0xdb, 0x6d, 0xb6, 0xdb, 0x6d, 0xb6, 0xdb,
    0x6e, 0x23, 0x6d, 0xb6, 0xdb, 0x6d, 0xb6, 0xdb, 0x6d, 0xb6, 0xdb, 0x6d, 0xb6, 0xdb, 0x6d, 0xba,
    0x93, 0xaa, 0xa9, 0xc7, 0x8f, 0x1e, 0xaa, 0xa3, 0x63, 0xc7, 0x85, 0x55, 0xc9, 0xca, 0x4d, 0xb9,
    0x49, 0xb6, 0xdb, 0x6d, 0xb6, 0xdb, 0x6d, 0xb6, 0xdb, 0x6d, 0xb6, 0xdb, 0x6d, 0xb8, 0x8d, 0xb6,
    0xdb, 0x6d, 0xb6, 0xdb, 0x6d, 0xb6, 0xdb, 0x6d, 0xb6, 0xdb, 0x6d, 0xb6, 0xdb, 0x95, 0x55, 0xca,
    0x32, 0x32, 0xaa, 0xa7, 0x28, 0xc8, 0xda, 0xaa, 0xaa, 0x6d, 0xb6, 0xdb, 0x6d, 0xb6, 0xdb, 0x6d,
    0xb6, 0xdb, 0x6d, 0xb6, 0xdb, 0x6d, 0xb6, 0xdb, 0x6e, 0x23, 0x6d, 0xb6, 0xdb, 0x6d, 0xb6, 0xdb,
    0x6d, 0xb6, 0xdb, 0x6d, 0xb6, 0xdb, 0x6d, 0xb6, 0xee, 0xa4, 0xe5, 0x16, 0x52, 0xba, 0xa6, 0xe1,
    0x4e, 0x57, 0x2b, 0x6d, 0xb6, 0xdb, 0x6d, 0xb6, 0xdb, 0x6d, 0xb6, 0xdb, 0x6d, 0xb6, 0xdb, 0x6d,
    0xb6, 0xdb, 0x71, 0x1b, 0x6d, 0xb6, 0xdb, 0x6d, 0xb6, 0xdb, 0x6d, 0xb6, 0xdb, 0x6d, 0xb6, 0xdb,
    0x6d, 0xb9, 0x41, 0xb6, 0xdb, 0x77, 0x29, 0x36, 0xdb, 0x6e, 0xea, 0x4d, 0xb6, 0xdb, 0x6d, 0xb6,
    0xdb, 0x6d, 0xb6, 0xdb, 0x6d, 0xb6, 0xdb, 0x6d, 0xb6, 0xdb, 0x71, 0x1b, 0x6d, 0xb6, 0xdb, 0x6d,
    0xb6, 0xdb, 0x6d, 0xb6, 0xdb, 0x6d, 0xb6, 0xdb, 0x6d, 0xb6, 0xdb, 0x6d, 0xb7, 0x70, 0x6d, 0xb6,
    0xdb, 0x6d, 0xb6, 0xdb, 0x6d, 0xb6, 0xdb, 0x6d, 0xb6, 0xdb, 0x6d, 0xb6, 0xdb, 0x6d, 0xb6, 0xdb,
    0x6d, 0xc4, 0x6d, 0xb6, 0xdb, 0x6d, 0xb6, 0xdb, 0x6d, 0xb6, 0xdb, 0x6d, 0xb6, 0xdb, 0x6d, 0xb6,
    0xdb, 0x6d, 0xb6, 0xdc, 0x9b, 0x6d, 0xb6, 0xdb, 0x6d, 0xb6, 0xdb, 0x6d, 0xb6, 0xdb, 0x6d, 0xb6,
    0xdb, 0x6d, 0xb6, 0xdb, 0x6d, 0xb6, 0xdb, 0x6d, 0xb6, 0xdb, 0x6d, 0xb6, 0xdb, 0x6d, 0xb6, 0xdb,
    0x6d, 0xb6, 0xdb, 0x6d, 0xb6, 0xdb, 0x6d, 0xb6, 0xdb, 0x6d, 0xb6, 0xdb, 0x6d, 0xb6, 0xdb, 0x6d,
    0xb6, 0xdb, 0x71, 0x00
};

const HuffmanFrequency SPRITE_56_FREQS[] = {
    {0x0a, 37},
    {0x23, 20},
    {0x25, 27},
    {0x2a, 43},
    {0x2b, 110},
    {0x2d, 413},
    {0x2e, 181},
    {0x3a, 398},
    {0x3d, 217},
    {0x40, 54},
    {0xa0, 2208},
    {0xc2, 2208}
};
}

const HuffmanEncodedSprite SPRITE_56 = {
    SPRITE_56_BYTES,
    static_cast<int>(sizeof(SPRITE_56_BYTES) / sizeof(SPRITE_56_BYTES[0])),
    13722,
    5916,
    SPRITE_56_FREQS,
    static_cast<int>(sizeof(SPRITE_56_FREQS) / sizeof(SPRITE_56_FREQS[0]))
};

namespace
{
const unsigned char SPRITE_57_BYTES[] = {
    0x82, 0xdb, 0x6d, 0xb6, 0xdb, 0x6d, 0xb6, 0xdb, 0x6d, 0xb6, 0xdb, 0x6d, 0xb6, 0xdb, 0x6d, 0xb6,
    0xdb, 0x6d, 0xb6, 0xdb, 0x6d, 0xb6, 0xdb, 0x6d, 0xb6, 0xdb, 0x6d, 0xb6, 0xdb, 0x6d, 0xb6, 0xdb,
    0x6e, 0x66, 0x2d, 0xb6, 0xdb, 0x6d, 0xb7, 0x05, 0xb6, 0xdb, 0x6d, 0xb6, 0xdb, 0x6d, 0xb6, 0xdb,
    0x6d, 0xb6, 0xdb, 0x6d, 0xb6, 0xdb, 0x6d, 0xb6, 0xdb, 0x6d, 0xb6, 0xdb, 0x6d, 0xb6, 0xdb, 0x6d,
    0xb6, 0xdb, 0x6d, 0xb6, 0xdb, 0x6d, 0xcd, 0xd6, 0xee, 0xe3, 0x6d, 0xb6, 0xdb, 0x6d, 0xb8, 0x2d,
    0xb6, 0xdb, 0x6d, 0xb6, 0xdb, 0x6d, 0xb6, 0xdb, 0x6e, 0x65, 0xb6, 0xdb, 0x6d, 0xb6, 0xdb, 0x6d,
    0xb6, 0xdb, 0x6d, 0xb6, 0xdb, 0x6d, 0xb6, 0xdb, 0x6d, 0xb6, 0xdb, 0x6d, 0xb7, 0x35, 0xad, 0xdd,
    0xcd, 0xdd, 0x69, 0x4a, 0x5b, 0x6d, 0xb6, 0xdc, 0x16, 0xdb, 0x6d, 0xb6, 0xdb, 0x6d, 0xb6, 0xdb,
    0x6d, 0xcd, 0x63, 0x18, 0xd2, 0x5c, 0xdc, 0xb6, 0xdb, 0x6d, 0xb6, 0xdb, 0x6d, 0xb6, 0xdb, 0x6d,
    0xb6, 0xdb, 0x6d, 0xb6, 0xdb, 0x6d, 0xb6, 0xdc, 0x6e, 0xee, 0xee, 0xe6, 0xb1, 0xa4, 0x65, 0xb6,
    0xdb, 0x6d, 0xc1, 0x6d, 0xb6, 0xdb, 0x6d, 0xb6, 0xdb, 0x6d, 0xb6, 0xdc, 0xc6, 0x94, 0xa5, 0x29,
    0x48, 0xdc, 0x5b, 0x6d, 0xb6, 0xdb, 0x6d, 0xb6, 0xdb, 0x6d, 0xb6, 0xdb, 0x6d, 0xb6, 0xdb, 0x6d,
    0xb6, 0xdd, 0x23, 0x1b, 0xbb, 0xbb, 0xbb, 0xac, 0x69, 0x4b, 0x6d, 0xb6, 0xdb, 0x6e, 0x0b, 0x6d,
    0xb6, 0xdb, 0x6d, 0xb6, 0xdb, 0x73, 0x33, 0x33, 0x34, 0x86, 0x18, 0x69, 0x1a, 0xd6, 0xe6, 0xdb,
    0x6d, 0xb6, 0xdb, 0x6d, 0xb6, 0xdb, 0x6d, 0xb6, 0xdb, 0x6d, 0xb6, 0xdb, 0x6d, 0xb6, 0xe6, 0xee,
    0xee, 0x66, 0x66, 0x6b, 0x75, 0x6d, 0xb6, 0xdb, 0x6d, 0xb8, 0x2d, 0xb6, 0xdb, 0x6d, 0xb6, 0xdb,
    0x6d, 0xcc, 0x69, 0x4a, 0x52, 0x94, 0xa5, 0x23, 0x73, 0x36, 0xdb, 0x6d, 0xb6, 0xdb, 0x6d, 0xb6,
    0xdb, 0x6d, 0xb6, 0xdb, 0x6d, 0xb6, 0xdb, 0x6d, 0xb6, 0xe6, 0xee, 0xee, 0x66, 0x6e, 0xb1, 0x8c,
    0x6d, 0xb6, 0xdb, 0x6d, 0xb6, 0xe0, 0xb6, 0xdb, 0x6d, 0xb6, 0xdb, 0x6d, 0xb7, 0x70, 0xd2, 0x91,
    0xbb, 0xb9, 0x99, 0xb8, 0xd6, 0xdb, 0x6d, 0xb6, 0xdb, 0x6d, 0xb6, 0xdb, 0x6d, 0xb6, 0xdb, 0x6d,
    0xb6, 0xdc, 0x6e, 0xeb, 0x33, 0x75, 0xbb, 0xbb, 0xbb, 0xba, 0xc6, 0x31, 0x8c, 0x65, 0xb6, 0xdb,
    0x6d, 0xb6, 0xe0, 0xb6, 0xdb, 0x6d, 0xb6, 0xdb, 0x6d, 0xb6, 0xe6, 0xb4, 0x8d, 0xc6, 0x94, 0xb9,
    0x8d, 0x29, 0x0c, 0xb6, 0xdb, 0x6d, 0xb6, 0xdb, 0x6d, 0xb6, 0xdb, 0x6d, 0xb6, 0xdb, 0xba, 0xd6,
    0xee, 0x6e, 0xee, 0xee, 0xee, 0x66, 0x66, 0x66, 0xb1, 0x8c, 0x65, 0xb6, 0xdb, 0x6d, 0xb6, 0xdc,
    0x16, 0xdb, 0x6d, 0xb6, 0xdb, 0x6d, 0xb7, 0x33, 0x48, 0x69, 0x48, 0xdc, 0x69, 0x73, 0x5a, 0x52,
    0x90, 0xb6, 0xdb, 0x6d, 0xb6, 0xdb, 0x6d, 0xb6, 0xdb, 0x6d, 0xb6, 0xdc, 0xd6, 0xee, 0xee, 0x66,
    0x66, 0x66, 0x66, 0x66, 0xee, 0x66, 0x6e, 0x31, 0xa4, 0x6e, 0x5b, 0x6d, 0xb6, 0xdb, 0x82, 0xdb,
    0x6d, 0xb6, 0xdb, 0x6d, 0xb6, 0xeb, 0x0c, 0x34, 0x86, 0x1a, 0x56, 0x66, 0x66, 0x66, 0xe3, 0x4b,
    0x6d, 0xb6, 0xdb, 0x6d, 0xb6, 0xdb, 0x6d, 0xb6, 0xdb, 0x6d, 0xb9, 0xad, 0xdd, 0xdd, 0xcc, 0xdd,
    0xdd, 0xcc, 0xcc, 0xcc, 0xcd, 0xd6, 0x31, 0x8d, 0x25, 0xb6, 0xdb, 0x6d, 0xb8, 0x2d, 0xb6, 0xdb,
    0x6d, 0xb6, 0xdb, 0x6d, 0xcd, 0xd2, 0x35, 0xb9, 0x9a, 0xd6, 0xb1, 0x8c, 0x63, 0x1b, 0x96, 0xdb,
    0x6d, 0xb6, 0xdb, 0x6d, 0xb6, 0xdb, 0x6d, 0xb6, 0xdc, 0xd6, 0xee, 0xee, 0xe6, 0x6e, 0xee, 0xe6,
    0x66, 0x66, 0x6e, 0x31, 0xad, 0xdc, 0x65, 0xb6, 0xdb, 0x6d, 0xb8, 0x2d, 0xb6, 0xdb, 0x6d, 0xb6,
    0xdb, 0x6d, 0xcd, 0x69, 0x4a, 0xcc, 0xcd, 0xdd, 0xdd, 0xdd, 0x5b, 0x6d, 0xb6, 0xdb, 0x6d, 0xb6,
    0xdb, 0x6d, 0xb6, 0xdb, 0x6d, 0xcd, 0x6e, 0xee, 0xe6, 0x66, 0x66, 0x66, 0x66, 0x66, 0x66, 0x63,
    0x4a, 0x52, 0x91, 0x8c, 0x6e, 0xeb, 0x59, 0x6d, 0xb7, 0x05, 0xb6, 0xdb, 0x6d, 0xb6, 0xdb, 0x6d,
    0xb9, 0xa5, 0x29, 0x18, 0xdd, 0xdd, 0xcd, 0xdd, 0xdd, 0x6d, 0xb6, 0xdb, 0x6d, 0xb6, 0xdb, 0x6d,
    0xb6, 0xdb, 0x99, 0x8d, 0xcd, 0xdd, 0xdd, 0xdc, 0xcc, 0xcc, 0xcc, 0xcc, 0xcc, 0xd6, 0x94, 0xa5,
    0x29, 0x4a, 0x52, 0x91, 0x8c, 0x69, 0x2d, 0xb6, 0xdc, 0x16, 0xdb, 0x6d, 0xb6, 0xdb, 0x6d, 0xb6,
    0xe6, 0xee, 0x37, 0x0d, 0xdd, 0x63, 0x1b, 0xbb, 0xbb, 0xb9, 0x6d, 0xb6, 0xdb, 0x6d, 0xb6, 0xdb,
    0x6d, 0xb7, 0x35, 0xbb, 0xb9, 0x99, 0x99, 0x9b, 0xbb, 0xbb, 0xbb, 0xbb, 0xb9, 0xb8, 0xc6, 0x94,
    0xa5, 0x29, 0x48, 0xc6, 0xb5, 0xb6, 0xdb, 0x6d, 0xc1, 0x6d, 0xb6, 0xdb, 0x6d, 0xb6, 0xdb, 0x6d,
    0xb9, 0xad, 0x60, 0x52, 0xb5, 0xad, 0x6b, 0x77, 0x77, 0x5b, 0x6d, 0xb6, 0xdb, 0x6d, 0xb6, 0xdb,
    0x6d, 0xb7, 0x71, 0xbb, 0xbb, 0xbb, 0xbb, 0x99, 0xbb, 0xb9, 0x99, 0x99, 0x9b, 0xa5, 0x29, 0x4a,
    0x52, 0x94, 0xa4, 0x32, 0xdb, 0x6d, 0xb6, 0xdc, 0x16, 0xdb, 0x6d, 0xb6, 0xdb, 0x6d, 0xb6, 0xdb,
    0x6d, 0xdd, 0xc6, 0x90, 0xc3, 0x0d, 0x6b, 0x5a, 0xdd, 0x65, 0xb6, 0xdb, 0x6d, 0xb6, 0xdb, 0x6d,
    0xb7, 0x37, 0x77, 0x77, 0x77, 0x77, 0x77, 0x33, 0x37, 0x77, 0x73, 0x37, 0x4a, 0x52, 0x94, 0xa5,
    0x29, 0x4a, 0x52, 0x94, 0xbb, 0x6d, 0xb6, 0xdc, 0x16, 0xdb, 0x6d, 0xb9, 0x99, 0x9a, 0xd6, 0xe5,
    0xb6, 0xdb, 0x77, 0x5a, 0x43, 0x4a, 0x52, 0xe9, 0x77, 0x77, 0x5a, 0xb6, 0xdb, 0x6d, 0xb6, 0xdb,
    0x6d, 0xb6, 0xeb, 0x77, 0x77, 0x77, 0x77, 0x77, 0x33, 0x58, 0xc6, 0xb7, 0x33, 0x5a, 0x52, 0x94,
    0xa5, 0x29, 0x4a, 0x52, 0x94, 0xb6, 0xdb, 0x6d, 0xb7, 0x05, 0xb6, 0xdb, 0x75, 0xbb, 0x99, 0x9b,
    0xba, 0xd6, 0x5b, 0x6e, 0x6b, 0x1a, 0xcd, 0x6e, 0x36, 0xe6, 0x35, 0xbb, 0xbb, 0xab, 0x6d, 0xb6,
    0xdb, 0x6d, 0xb6, 0xdc, 0xd6, 0xee, 0xee, 0xee, 0xe6, 0x66, 0x6b, 0x18, 0xc6, 0x35, 0xad, 0xcc,
    0x63, 0x18, 0xd2, 0x94, 0xa5, 0x2b, 0x2d, 0xb6, 0xdb, 0x6d, 0xb8, 0x2d, 0xcd, 0x2e, 0xb1, 0xad,
    0x6b, 0x58, 0xd2, 0x37, 0x75, 0x97, 0x33, 0x35, 0x9b, 0x6e, 0xb3, 0x1b, 0x6d, 0xdd, 0x6e, 0xee,
    0x6e, 0xb2, 0xdb, 0x6d, 0xb6, 0xdb, 0x9b, 0x9b, 0xbb, 0xb9, 0x9b, 0xbb, 0xad, 0x6e, 0x66, 0x66,
    0x66, 0x6e, 0x66, 0xe5, 0xcc, 0xcc, 0xb6, 0xdb, 0x6d, 0xb6, 0xdb, 0x70, 0x5b, 0x73, 0x77, 0x75,
    0xad, 0x6b, 0x5a, 0xc6, 0xee, 0xee, 0xb7, 0x37, 0x18, 0x65, 0xb9, 0x86, 0x2d, 0xb6, 0xee, 0x66,
    0x66, 0xee, 0xb5, 0xb6, 0xdb, 0x97, 0x71, 0xbb, 0xbb, 0xbb, 0xbb, 0xbb, 0xbb, 0xb9, 0x9b, 0xac,
    0x63, 0x5b, 0x9b, 0xac, 0x63, 0x19, 0x6d, 0xb6, 0xdb, 0x6d, 0xb6, 0xdb, 0x6d, 0xc1, 0x6e, 0x63,
    0x37, 0x77, 0x77, 0x75, 0xad, 0x69, 0x77, 0x77, 0x77, 0x37, 0x75, 0xac, 0xcb, 0x6d, 0xb6, 0xe6,
    0xb3, 0x37, 0x75, 0xad, 0x6b, 0x1a, 0x56, 0xee, 0xee, 0xee, 0xee, 0xe6, 0xe3, 0x1a, 0x52, 0x94,
    0xa4, 0x63, 0x18, 0xc6, 0x31, 0x8d, 0x66, 0x66, 0x32, 0xdb, 0x6d, 0xb7, 0x37, 0x56, 0xdb, 0x6d,
    0xb7, 0x05, 0xc6, 0xe6, 0x66, 0x66, 0x66, 0x66, 0xee, 0xeb, 0x5a, 0xdd, 0xdc, 0xdd, 0xdd, 0xdd,
    0xcc, 0xcd, 0x65, 0xb9, 0xac, 0xcd, 0xdd, 0xdd, 0x6b, 0x5b, 0xbb, 0xbb, 0xbb, 0xbb, 0xbb, 0x9a,
    0xd2, 0x94, 0xa5, 0x29, 0x1a, 0x56, 0xb1, 0x8c, 0x63, 0x5a, 0xd6, 0x5b, 0x6d, 0xb7, 0x35, 0x98,
    0xc6, 0x34, 0x96, 0xdb, 0x6d, 0xb8, 0x33, 0x1b, 0xbb, 0xbb, 0xbb, 0xbb, 0x9b, 0xbb, 0xbb, 0xba,
    0xc3, 0x1a, 0xc6, 0xb7, 0x33, 0x37, 0x77, 0x77, 0x77, 0x1b, 0x99, 0xbb, 0xbb, 0xad, 0x6e, 0x66,
    0x66, 0x66, 0x6e, 0x91, 0x8d, 0xcc, 0xcc, 0xc6, 0x90, 0xdc, 0xb9, 0x6e, 0xe3, 0x1a, 0xc6, 0x5b,
    0x6d, 0xba, 0xd6, 0x37, 0x35, 0xad, 0x63, 0x2d, 0xb9, 0x96, 0xe0, 0xcc, 0x31, 0x8d, 0xdd, 0xdd,
    0xdd, 0xdd, 0xcc, 0xcc, 0xcc, 0xcd, 0xdd, 0xdd, 0x6e, 0xeb, 0x5b, 0xbb, 0xbb, 0xba, 0xcc, 0xdd,
    0xdd, 0xdd, 0xdd, 0xdc, 0xcc, 0xcd, 0x63, 0x1b, 0x6d, 0xb6, 0xdb, 0x6d, 0xb6, 0xdb, 0x6d, 0xdd,
    0xb6, 0xdb, 0x6e, 0x69, 0x4a, 0x56, 0x6e, 0x31, 0x8d, 0x29, 0x4a, 0x52, 0x93, 0x06, 0x61, 0x8c,
    0x63, 0x75, 0xbb, 0xbb, 0xb9, 0x9b, 0xbb, 0x99, 0xbb, 0xb9, 0xbb, 0x99, 0x8d, 0xdc, 0xcd, 0xd6,
    0xb1, 0x99, 0xbb, 0xbb, 0xbb, 0xad, 0x6b, 0x73, 0x33, 0x37, 0x77, 0x58, 0xcb, 0x6d, 0xb6, 0xdb,
    0x6d, 0xb6, 0xdb, 0x6d, 0xb6, 0xdb, 0x98, 0xd2, 0x91, 0x8d, 0x29, 0x4a, 0x52, 0x94, 0xa4, 0x32,
    0xe0, 0xdd, 0x29, 0x1b, 0xb8, 0xd6, 0xee, 0xee, 0xee, 0x66, 0x66, 0xee, 0xee, 0xee, 0xee, 0xee,
    0xb4, 0x8c, 0xdc, 0x69, 0x49, 0x99, 0xbb, 0xbb, 0xbb, 0xbb, 0xb9, 0x99, 0x9b, 0xbb, 0xbb, 0xac,
    0x5b, 0x6d, 0xb6, 0xdc, 0xdc, 0xb9, 0x73, 0x2d, 0xb6, 0xdc, 0xcc, 0x63, 0x59, 0xad, 0x29, 0x4a,
    0x52, 0x94, 0xa5, 0x1b, 0x83, 0x74, 0xa5, 0x29, 0x73, 0x33, 0x37, 0x1a, 0xdc, 0x69, 0x18, 0xdd,
    0xcd, 0xdd, 0xdd, 0xd6, 0xb5, 0xad, 0xcd, 0xc6, 0x94, 0xb9, 0x99, 0xbb, 0xbb, 0xbb, 0xbb, 0x99,
    0x9b, 0xbb, 0xbb, 0xad, 0x6b, 0x19, 0x6d, 0xcd, 0xdd, 0x29, 0x1a, 0xcd, 0x63, 0x1a, 0x4c, 0xb7,
    0x34, 0x8c, 0x69, 0x48, 0xd6, 0xe9, 0x4a, 0x52, 0x91, 0x8d, 0x65, 0xb8, 0x2e, 0x66, 0x35, 0x99,
    0x99, 0x8c, 0x6e, 0xe3, 0x4a, 0x52, 0x91, 0xad, 0xcd, 0xd6, 0xb7, 0x5a, 0x46, 0x34, 0xa5, 0x29,
    0x4a, 0x46, 0x66, 0x66, 0x6e, 0xee, 0xee, 0xee, 0x66, 0xee, 0xee, 0xb5, 0xad, 0x6b, 0x1b, 0x73,
    0x1a, 0x52, 0x94, 0xa5, 0x23, 0x58, 0xc6, 0x94, 0x8c, 0xb9, 0xad, 0x63, 0x18, 0xd6, 0x6e, 0x37,
    0x37, 0x73, 0x2d, 0xb7, 0x05, 0xb6, 0xdc, 0xd2, 0x35, 0xac, 0x6e, 0x66, 0x66, 0xb4, 0xa5, 0x23,
    0x1a, 0x52, 0x94, 0x8c, 0xc6, 0x5c, 0xd6, 0x95, 0x99, 0xac, 0xcc, 0xcc, 0xdd, 0xdd, 0xdd, 0x66,
    0x6e, 0xee, 0xeb, 0x5a, 0xd6, 0xb5, 0xa4, 0x69, 0x4a, 0x52, 0x94, 0xa5, 0x29, 0x75, 0x8c, 0x69,
    0x4a, 0x52, 0x35, 0xac, 0xcc, 0xdc, 0x63, 0x1a, 0xdd, 0x5b, 0x6d, 0xb7, 0x05, 0xb6, 0xdb, 0xac,
    0x31, 0x8c, 0x61, 0x8d, 0x29, 0x48, 0xdc, 0x6b, 0x5a, 0x52, 0x94, 0xa4, 0x66, 0xe5, 0xb6, 0xe5,
    0xcd, 0x6b, 0x33, 0x33, 0x37, 0x77, 0x75, 0x99, 0x9b, 0xbb, 0xad, 0x6b, 0x5a, 0xd6, 0xb5, 0xbb,
    0xad, 0x63, 0x5b, 0x99, 0x9b, 0x99, 0x99, 0x9a, 0xc6, 0x94, 0xbb, 0xb9, 0x9b, 0xbb, 0xba, 0xdb,
    0x6d, 0xb7, 0x05, 0xb6, 0xdb, 0x6d, 0xb6, 0xe6, 0xe1, 0xa5, 0x23, 0x73, 0x33, 0x77, 0x73, 0x71,
    0x8c, 0xb6, 0xdb, 0x6e, 0xe6, 0x6b, 0x33, 0x37, 0x5a, 0xd6, 0xb1, 0x99, 0x9b, 0xbb, 0xad, 0x6b,
    0x5a, 0xd6, 0x91, 0xad, 0x6e, 0xee, 0x66, 0xb1, 0xac, 0xcc, 0xcd, 0xdd, 0xdd, 0xcc, 0xcc, 0xdd,
    0xdd, 0xdd, 0x65, 0xb6, 0xdb, 0x82, 0xdb, 0x6d, 0xb6, 0xdb, 0x6d, 0xbb, 0xbb, 0x8c, 0x30, 0xc3,
    0x0c, 0x30, 0xc3, 0x1b, 0x96, 0xdb, 0x6d, 0xb7, 0x37, 0x77, 0x5a, 0x46, 0xb5, 0xad, 0x6b, 0x5a,
    0xdd, 0xdd, 0xdd, 0x6b, 0x5a, 0xc6, 0x5b, 0x9b, 0xbb, 0xb9, 0xbb, 0xbb, 0xb9, 0x99, 0xbb, 0xb9,
    0x9b, 0xbb, 0xbb, 0xbb, 0x96, 0xdb, 0x6d, 0xb8, 0x2d, 0xb6, 0xdb, 0x6d, 0xb6, 0xdb, 0x73, 0x33,
    0x58, 0x61, 0x86, 0x18, 0x61, 0x8b, 0x6d, 0xb6, 0xdb, 0x6d, 0xcd, 0x6b, 0x5a, 0xd6, 0xb5, 0xa5,
    0x6b, 0x5a, 0xc6, 0x91, 0xad, 0xdd, 0xd6, 0xb1, 0x96, 0xe6, 0x97, 0x77, 0x77, 0x77, 0x77, 0x33,
    0x77, 0x77, 0x33, 0x77, 0x5a, 0xd6, 0xe5, 0xb6, 0xdb, 0x6d, 0xc1, 0x6d, 0xb6, 0xdb, 0x6d, 0xb6,
    0xdb, 0x6d, 0xba, 0xc3, 0x0c, 0x30, 0xc3, 0x46, 0xdb, 0x6d, 0xb6, 0xdb, 0x6d, 0xc6, 0x18, 0xd2,
    0x5b, 0x6d, 0xb6, 0xdb, 0x99, 0x86, 0x18, 0x62, 0xdb, 0x9b, 0xb9, 0x99, 0xba, 0x56, 0xee, 0xee,
    0xee, 0xb3, 0x33, 0x2d, 0xb9, 0x6d, 0xb6, 0xdb, 0x6e, 0x0b, 0x6d, 0xb6, 0xdb, 0x6d, 0xb6, 0xdb,
    0x6d, 0xb9, 0xac, 0x30, 0xc3, 0x0b, 0x6d, 0xb6, 0xdb, 0x6d, 0xb6, 0xeb, 0x58, 0xc5, 0xb6, 0xdb,
    0x6d, 0xb6, 0xdc, 0xd6, 0xb1, 0x86, 0x5b, 0x6d, 0xb6, 0xe6, 0xee, 0xee, 0xee, 0xe5, 0xb6, 0xdb,
    0x6d, 0xb6, 0xdb, 0x6d, 0xb8, 0x2d, 0xb6, 0xdb, 0x6d, 0xb6, 0xdb, 0x6d, 0xb6, 0xdb, 0x8c, 0x30,
    0xc3, 0x2d, 0xb6, 0xdb, 0x6d, 0xb7, 0x33, 0x58, 0xd2, 0x2d, 0xb6, 0xdb, 0x6d, 0xb6, 0xdb, 0x9a,
    0xd6, 0x91, 0x96, 0xdb, 0x6d, 0xcd, 0x69, 0x1b, 0x99, 0x6d, 0xb6, 0xdb, 0x6d, 0xb6, 0xdb, 0x6d,
    0xc1, 0x6d, 0xb6, 0xdb, 0x6d, 0xb6, 0xdb, 0x6d, 0xb6, 0xdb, 0x75, 0x86, 0xdb, 0x6d, 0xb6, 0xdb,
    0x9b, 0xba, 0xd2, 0xe5, 0xb6, 0xdb, 0x6d, 0xb6, 0xdb, 0x6d, 0xdd, 0xd6, 0x96, 0xdb, 0x6d, 0xb6,
    0xdb, 0x6d, 0xb6, 0xdb, 0x6d, 0xb6, 0xdb, 0x6d, 0xb6, 0xe0, 0xb6, 0xdb, 0x6d, 0xb6, 0xdb, 0x6d,
    0xb6, 0xdb, 0x6d, 0xb7, 0x2d, 0xb6, 0xdb, 0x6d, 0xcc, 0x63, 0x0d, 0xb6, 0xdb, 0x6d, 0xb6, 0xdb,
    0x6d, 0xb6, 0xdb, 0xad, 0xd2, 0x19, 0x6d, 0xb6, 0xdb, 0x6d, 0xb6, 0xdb, 0x6d, 0xb6, 0xdb, 0x6d,
    0xb6, 0xdb, 0x82, 0xdb, 0x6d, 0xb6, 0xdb, 0x6d, 0xb6, 0xdb, 0x6d, 0xb6, 0xdb, 0x6d, 0xcd, 0xd6,
    0xee, 0xee, 0x34, 0xa5, 0x29, 0x2d, 0xb6, 0xdb, 0x6d, 0xb6, 0xdb, 0x6d, 0xb7, 0x35, 0xac, 0x69,
    0x4b, 0x96, 0xdb, 0x6d, 0xb6, 0xdb, 0x6d, 0xb6, 0xdb, 0x6d, 0xb6, 0xdb, 0x70, 0x5b, 0x6d, 0xb6,
    0xdb, 0x6d, 0xb6, 0xdb, 0x6d, 0xb6, 0xdb, 0x75, 0xa4, 0x6b, 0x4a, 0x46, 0xb1, 0x8d, 0x21, 0x86,
    0x91, 0xac, 0x6b, 0x32, 0xdb, 0x6d, 0xb6, 0xdb, 0x77, 0x5a, 0xc6, 0xeb, 0x18, 0xc6, 0x90, 0xc3,
    0x0d, 0x29, 0x72, 0xdb, 0x6d, 0xb6, 0xdb, 0x6d, 0xb6, 0xdb, 0x6d, 0xb7, 0x05, 0xb6, 0xdb, 0x6d,
    0xb6, 0xdb, 0x6d, 0xb6, 0xdb, 0x6d, 0xb9, 0xa5, 0x29, 0x73, 0x1a, 0x52, 0x36, 0xdb, 0x73, 0x5a,
    0xdc, 0x62, 0xdb, 0x6d, 0xb6, 0xdb, 0x8d, 0x2b, 0x37, 0x75, 0xa5, 0xd6, 0x35, 0x8c, 0x35, 0x8d,
    0x21, 0xb6, 0xdb, 0x6d, 0xb6, 0xdb, 0x6d, 0xb6, 0xdb, 0x6d, 0xc1, 0x6d, 0xb6, 0xdb, 0x6d, 0xb6,
    0xdb, 0x6d, 0xb6, 0xdb, 0x6d, 0xb6, 0xdd, 0xd6, 0x5b, 0x6d, 0xb6, 0xdb, 0x6d, 0xb6, 0xdb, 0x6d,
    0xb6, 0xdb, 0x6e, 0xee, 0x91, 0x6d, 0xdc, 0x63, 0x19, 0x6d, 0xb6, 0xdb, 0x6d, 0xb6, 0xdb, 0x6d,
    0xb6, 0xdb, 0x6e, 0x0b, 0x6d, 0xb6, 0xdb, 0x6d, 0xb6, 0xdb, 0x6d, 0xb6, 0xdb, 0x6d, 0xb6, 0xdb,
    0x6d, 0xb6, 0xdb, 0x6d, 0xb6, 0xdb, 0x6d, 0xb6, 0xdb, 0x6d, 0xb6, 0xe6, 0x32, 0xdb, 0x6e, 0x69,
    0x2d, 0xb6, 0xdb, 0x6d, 0xb6, 0xdb, 0x6d, 0xb6, 0xdb, 0x6d, 0xb6, 0xdb, 0x6d, 0xb6, 0xdb, 0x6d,
    0xb6, 0xdb, 0x6d, 0xb6, 0xdb, 0x6d, 0xb6, 0xdb, 0x6d, 0xb6, 0xdb, 0x6d, 0xb6, 0xdb, 0x6d, 0xb6,
    0xdb, 0x6d, 0xb6, 0xdb, 0x6d, 0xb6, 0xdc, 0x10
};

const HuffmanFrequency SPRITE_57_FREQS[] = {
    {0x0a, 45},
    {0x23, 1},
    {0x2a, 67},
    {0x2b, 277},
    {0x2d, 304},
    {0x2e, 520},
    {0x3a, 678},
    {0x3d, 260},
    {0xa0, 2369},
    {0xc2, 2369}
};
}

const HuffmanEncodedSprite SPRITE_57 = {
    SPRITE_57_BYTES,
    static_cast<int>(sizeof(SPRITE_57_BYTES) / sizeof(SPRITE_57_BYTES[0])),
    16828,
    6890,
    SPRITE_57_FREQS,
    static_cast<int>(sizeof(SPRITE_57_FREQS) / sizeof(SPRITE_57_FREQS[0]))
};

namespace
{
const unsigned char SPRITE_58_BYTES[] = {
    0x92, 0xdb, 0x6d, 0xb6, 0xdb, 0x6d, 0xb6, 0xdb, 0x6d, 0xb6, 0xdb, 0x6d, 0xb6, 0xdb, 0x6d, 0xb6,
    0xdb, 0x6d, 0xb6, 0xdb, 0x6d, 0xb8, 0x9c, 0xe1, 0xb6, 0xdb, 0x6d, 0xb6, 0xdb, 0x6d, 0xb6, 0xdb,
    0x6d, 0xb6, 0xdb, 0x6d, 0xb6, 0xdb, 0x6d, 0xc9, 0x6d, 0xb6, 0xdb, 0x6d, 0xb6, 0xdb, 0x6d, 0xb6,
    0xdb, 0x6d, 0xb6, 0xdb, 0x6d, 0xb6, 0xdb, 0x6d, 0xb6, 0xdb, 0x6d, 0xb6, 0xdc, 0x5c, 0xe1, 0xb6,
    0xdb, 0x6d, 0xb6, 0xdb, 0x6d, 0xb6, 0xdb, 0x6d, 0xb6, 0xdb, 0x6d, 0xb6, 0xdb, 0x6d, 0xc9, 0x6d,
    0xb6, 0xdb, 0x6d, 0xb6, 0xe2, 0x77, 0x6d, 0xb6, 0xdb, 0x6d, 0xb6, 0xdb, 0x6d, 0xb6, 0xdb, 0x6d,
    0xb6, 0xdb, 0x6d, 0xb7, 0x17, 0x4b, 0x86, 0xdb, 0x6d, 0xb6, 0xdb, 0x6d, 0xb6, 0xdb, 0x6d, 0xb6,
    0xdb, 0x6d, 0xb6, 0xdb, 0x6d, 0xb7, 0x25, 0xb6, 0xdb, 0x6d, 0xb6, 0xdc, 0x4e, 0xe6, 0xdb, 0x6d,
    0xb6, 0xdb, 0x6d, 0xb7, 0x39, 0xdc, 0xdb, 0x6e, 0x22, 0x77, 0x39, 0xc4, 0x44, 0x44, 0xee, 0xb5,
    0x9b, 0x6d, 0xb6, 0xdb, 0x6d, 0xb6, 0xdb, 0x6d, 0xb6, 0xdb, 0x6d, 0xb6, 0xdb, 0x6d, 0xb6, 0xdb,
    0x6e, 0x4b, 0x6d, 0xb6, 0xdb, 0x6d, 0xb8, 0xad, 0xb6, 0xdb, 0x6d, 0xb6, 0xdb, 0x6e, 0x27, 0x77,
    0x75, 0xa5, 0xdd, 0xdd, 0xce, 0x22, 0x27, 0x39, 0xdd, 0xce, 0x1b, 0x6d, 0xb6, 0xdb, 0x6d, 0xb6,
    0xdb, 0x6d, 0xb6, 0xdb, 0x6d, 0xb6, 0xdb, 0x6d, 0xb6, 0xdb, 0x6d, 0xb9, 0x2d, 0xb6, 0xdb, 0x6d,
    0xb6, 0xe2, 0xb5, 0x86, 0xdc, 0x44, 0xe7, 0x39, 0xce, 0x71, 0x13, 0xb9, 0xce, 0x73, 0xbb, 0xa5,
    0x6e, 0xb7, 0x0d, 0xb6, 0xdb, 0x6d, 0xb6, 0xdb, 0x6d, 0xb6, 0xdb, 0x6d, 0xb6, 0xdb, 0x6d, 0xb6,
    0xdb, 0x6d, 0xb6, 0xdb, 0x6d, 0xb6, 0xdb, 0x72, 0x5b, 0x6d, 0xb6, 0xdb, 0x6d, 0xb8, 0xba, 0xdc,
    0xee, 0xb7, 0x39, 0xc4, 0x4e, 0xeb, 0x59, 0xce, 0x73, 0xbb, 0xbb, 0xad, 0xdd, 0xdd, 0x67, 0x0d,
    0xb6, 0xdb, 0x6d, 0xb6, 0xdb, 0x6d, 0xb6, 0xdb, 0x6d, 0xb6, 0xdb, 0x6d, 0xb6, 0xdb, 0x6d, 0xb6,
    0xdb, 0x6d, 0xb6, 0xdc, 0x96, 0xdb, 0x6d, 0xb6, 0xdb, 0x6d, 0xb8, 0x88, 0x86, 0xdb, 0x6d, 0xc5,
    0xdd, 0xdd, 0xdd, 0xdd, 0xdd, 0xdd, 0xdd, 0xdd, 0x67, 0x0d, 0xb6, 0xdb, 0x6d, 0xb6, 0xdb, 0x6d,
    0xb6, 0xdb, 0x6d, 0xb6, 0xdb, 0x6d, 0xb6, 0xdb, 0x6d, 0xb6, 0xdb, 0x6d, 0xb6, 0xe4, 0xb6, 0xdb,
    0x6d, 0xb6, 0xdb, 0x6d, 0xb6, 0xdb, 0x6d, 0xb6, 0xe2, 0xb7, 0x77, 0x77, 0x77, 0x77, 0x59, 0x65,
    0xbb, 0xbb, 0xa4, 0xdb, 0x6d, 0xb6, 0xdb, 0x6d, 0xb7, 0x5b, 0xb9, 0xc3, 0x6d, 0xb6, 0xdb, 0x6d,
    0xb6, 0xdb, 0x6d, 0xb6, 0xdb, 0x6d, 0xb6, 0xdb, 0x92, 0xdb, 0x6d, 0xb6, 0xdb, 0x6d, 0xb6, 0xdb,
    0x6d, 0xb6, 0xdb, 0x8a, 0x56, 0xee, 0xee, 0xee, 0xeb, 0x3a, 0x48, 0x4b, 0x77, 0x5a, 0xce, 0x1b,
    0x6d, 0xb6, 0xdb, 0x6d, 0xba, 0xdd, 0x2b, 0x75, 0x9c, 0x36, 0xdb, 0x6d, 0xb6, 0xdb, 0x6d, 0xb6,
    0xdb, 0x6d, 0xb6, 0xdb, 0x72, 0x5b, 0x6d, 0xb6, 0xdb, 0x6d, 0xb6, 0xdb, 0x6d, 0xb6, 0xdb, 0x71,
    0x74, 0xbb, 0xbb, 0xbb, 0xbb, 0x9c, 0x8c, 0xb4, 0xbb, 0xad, 0x6b, 0x0d, 0xb6, 0xdb, 0x6d, 0xb6,
    0xe2, 0xe5, 0x96, 0x92, 0xcb, 0x5b, 0x9c, 0x36, 0xdb, 0x6d, 0xb6, 0xdb, 0x6d, 0xb6, 0xdb, 0x6d,
    0xb6, 0xdc, 0x96, 0xdb, 0x6d, 0xb6, 0xdb, 0x6d, 0xb6, 0xdb, 0x6d, 0xb6, 0xdc, 0x4e, 0xb7, 0x39,
    0xce, 0xee, 0xee, 0xee, 0xee, 0xeb, 0x5a, 0xd6, 0x6d, 0xb6, 0xdb, 0x6d, 0xb7, 0x15, 0xac, 0xb2,
    0xd2, 0x94, 0xa5, 0x2b, 0x73, 0x86, 0xdb, 0x6d, 0xb6, 0xdb, 0x6d, 0xb6, 0xdb, 0x6d, 0xb6, 0xe4,
    0xb6, 0xdb, 0x6d, 0xb6, 0xdb, 0x6d, 0xb6, 0xdb, 0x6d, 0xb6, 0xe2, 0xe7, 0x39, 0xce, 0xee, 0xee,
    0xee, 0xee, 0xb4, 0xad, 0x6b, 0x5a, 0xc3, 0x6d, 0xb6, 0xdb, 0x71, 0x75, 0x96, 0x94, 0x96, 0x94,
    0xa5, 0x29, 0x4a, 0xdc, 0x36, 0xdb, 0x6d, 0xb6, 0xdb, 0x6d, 0xb6, 0xdb, 0x6d, 0xb9, 0x2d, 0xb6,
    0xdb, 0x6d, 0xb6, 0xdb, 0x6d, 0xb6, 0xdb, 0x6d, 0xb9, 0xd2, 0xee, 0xee, 0xee, 0xee, 0xee, 0xee,
    0xb4, 0xad, 0x6b, 0x77, 0x38, 0x6d, 0xb6, 0xdb, 0x8a, 0xd2, 0x5a, 0x52, 0x94, 0xa5, 0x29, 0x4a,
    0x52, 0x94, 0xac, 0xdb, 0x6d, 0xb6, 0xdb, 0x6d, 0xb6, 0xdb, 0x6d, 0xb6, 0xe4, 0xb6, 0xdb, 0x6d,
    0xb6, 0xdb, 0x6d, 0xb6, 0xdb, 0x6d, 0xb7, 0x14, 0xa5, 0x2b, 0x5b, 0xba, 0xdd, 0xdd, 0x6b, 0x2d,
    0x6b, 0x5a, 0xd6, 0xee, 0xb0, 0xdb, 0x6d, 0xb9, 0xd6, 0x5a, 0x52, 0x94, 0xa5, 0x25, 0xa5, 0x29,
    0x4a, 0x52, 0x92, 0xd6, 0xdb, 0x6d, 0xb6, 0xdb, 0x6d, 0xb6, 0xdb, 0x6d, 0xb7, 0x25, 0xb6, 0xdb,
    0x6d, 0xb6, 0xdb, 0x8b, 0xb9, 0xc4, 0xee, 0x1b, 0x71, 0x49, 0x65, 0x96, 0x59, 0x19, 0x1a, 0x52,
    0x94, 0xad, 0xdd, 0xdd, 0x29, 0x5b, 0xbb, 0xba, 0x36, 0xdb, 0x8b, 0x96, 0x5a, 0x52, 0x94, 0xa5,
    0x29, 0x2d, 0x29, 0x4a, 0x52, 0x94, 0xa4, 0xb5, 0xb6, 0xdb, 0x6d, 0xb6, 0xdb, 0x6d, 0xb6, 0xdb,
    0x6e, 0x4b, 0x6d, 0xb6, 0xdb, 0x71, 0x77, 0x75, 0xa5, 0x2e, 0xee, 0xe7, 0x0e, 0x25, 0x91, 0x96,
    0x59, 0x65, 0x96, 0x59, 0x6e, 0x77, 0x73, 0x9d, 0xdd, 0xd6, 0xee, 0xee, 0xee, 0x91, 0x11, 0x72,
    0xcb, 0x2d, 0x29, 0x4a, 0x52, 0x94, 0xa4, 0xb4, 0xa5, 0x29, 0x4a, 0x52, 0x94, 0x96, 0xb3, 0x6d,
    0xb6, 0xdb, 0x6d, 0xb6, 0xdb, 0x6d, 0xb7, 0x25, 0xb6, 0xdb, 0x6d, 0xb6, 0xee, 0xb7, 0x77, 0x77,
    0x77, 0x75, 0xba, 0xcb, 0x2c, 0xb2, 0xcb, 0x2c, 0xb2, 0xcb, 0x77, 0x77, 0x77, 0x39, 0xce, 0xee,
    0xee, 0xee, 0xee, 0xb2, 0xcb, 0x2c, 0xb4, 0xa5, 0x29, 0x4a, 0x52, 0x95, 0xa4, 0xb4, 0xa5, 0x29,
    0x4a, 0x52, 0x94, 0xa4, 0xb5, 0x86, 0xdb, 0x6d, 0xb6, 0xdb, 0x6d, 0xb6, 0xdb, 0x92, 0xdb, 0x6d,
    0xb6, 0xdb, 0x71, 0x5b, 0xbb, 0xbb, 0xbb, 0xbb, 0xbb, 0xba, 0xd2, 0x59, 0x65, 0xa5, 0x2e, 0xee,
    0x71, 0x3b, 0xbb, 0xbb, 0xbb, 0xbb, 0xbb, 0xbb, 0xac, 0xb4, 0x96, 0x5a, 0x52, 0x94, 0xa5, 0x29,
    0x5a, 0x4b, 0x4a, 0x52, 0x94, 0xad, 0x69, 0x4a, 0x4b, 0x59, 0xb6, 0xdb, 0x6d, 0xb6, 0xdb, 0x6d,
    0xb6, 0xdc, 0x96, 0xdb, 0x6d, 0xb6, 0xdb, 0x73, 0xad, 0xdd, 0xdd, 0xdd, 0xdd, 0xdd, 0xd6, 0xb5,
    0xad, 0x2b, 0x71, 0x11, 0x11, 0x11, 0x13, 0xbb, 0xbb, 0x9c, 0xe7, 0x3b, 0xbb, 0xba, 0x4b, 0x4a,
    0xdd, 0xd6, 0x94, 0xa5, 0x29, 0x49, 0x69, 0x71, 0x0d, 0xc4, 0xe9, 0x4a, 0x5b, 0x6d, 0xb6, 0xdb,
    0x6d, 0xb6, 0xdb, 0x6d, 0xc9, 0x6d, 0xb6, 0xdb, 0x6d, 0xb6, 0xe2, 0xeb, 0x77, 0x77, 0x77, 0x77,
    0x75, 0xad, 0x69, 0x4a, 0xdd, 0xdc, 0xe7, 0x39, 0xce, 0x73, 0xad, 0xdd, 0xdc, 0xe7, 0x39, 0xdd,
    0xdd, 0xdc, 0xdb, 0x6d, 0xb9, 0xd6, 0x95, 0x86, 0xdb, 0x6d, 0xb8, 0xb9, 0x6d, 0xb6, 0xdb, 0x6d,
    0xb6, 0xdb, 0x6d, 0xb6, 0xe4, 0xb6, 0xdb, 0x6d, 0xb6, 0xdb, 0x6d, 0xc4, 0xe9, 0x5b, 0xad, 0x6b,
    0x5a, 0xd2, 0x94, 0xac, 0xe2, 0x22, 0x22, 0x22, 0x22, 0x2e, 0xb7, 0x77, 0x77, 0x39, 0xce, 0x77,
    0x77, 0x75, 0x9c, 0x36, 0xdb, 0x88, 0x6d, 0xb6, 0xdb, 0x6d, 0xc5, 0x66, 0xdb, 0x6d, 0xb6, 0xdb,
    0x6d, 0xb6, 0xdb, 0x72, 0x5b, 0x6d, 0xb6, 0xdb, 0x6d, 0xb6, 0xdb, 0x6d, 0xc4, 0xee, 0xb5, 0xb9,
    0xce, 0x22, 0x22, 0x22, 0x22, 0x22, 0x22, 0xeb, 0x77, 0x75, 0xad, 0xdc, 0xe7, 0x3b, 0xbb, 0xbb,
    0xb8, 0x6d, 0xb6, 0xdb, 0x6d, 0xb6, 0xdb, 0x89, 0xd6, 0x1b, 0x6d, 0xb6, 0xdb, 0x6d, 0xb6, 0xdb,
    0x6e, 0x4b, 0x6d, 0xb6, 0xdb, 0x6d, 0xb6, 0xdb, 0x6d, 0xb6, 0xdb, 0x71, 0x71, 0x11, 0x11, 0x39,
    0xdd, 0xd6, 0xb7, 0x3b, 0xad, 0xdd, 0xdd, 0xd6, 0xee, 0xee, 0xee, 0xee, 0xee, 0x93, 0x86, 0xdb,
    0x6d, 0xb6, 0xdb, 0x6d, 0xb6, 0xdb, 0x6d, 0xb6, 0xdb, 0x6d, 0xb6, 0xdb, 0x6e, 0x4b, 0x6d, 0xb6,
    0xdb, 0x6d, 0xb6, 0xdb, 0x6d, 0xb6, 0xdb, 0x89, 0xc4, 0x44, 0x44, 0x44, 0x44, 0x44, 0x44, 0x4e,
    0xb7, 0x77, 0x77, 0x74, 0xbb, 0xbb, 0xbb, 0xbb, 0xbb, 0xad, 0xb6, 0xdb, 0x6d, 0xb6, 0xdb, 0x6d,
    0xb6, 0xdb, 0x6d, 0xb6, 0xdb, 0x6d, 0xb6, 0xdb, 0x72, 0x5b, 0x6d, 0xb6, 0xdb, 0x6d, 0xb6, 0xdb,
    0x6d, 0xb6, 0xe7, 0x73, 0x88, 0x9c, 0x44, 0x4e, 0x77, 0x73, 0x9c, 0x44, 0xeb, 0x77, 0x77, 0x77,
    0x75, 0xad, 0xdd, 0xdd, 0xdd, 0xdd, 0xdd, 0x61, 0xb6, 0xdb, 0x6d, 0xb6, 0xdb, 0x6d, 0xb6, 0xdb,
    0x8b, 0xb8, 0x6d, 0xb6, 0xdb, 0x6e, 0x4b, 0x6d, 0xb6, 0xdb, 0x6d, 0xb6, 0xdb, 0x6d, 0xb6, 0xe2,
    0x71, 0x11, 0x11, 0x11, 0x11, 0x11, 0x11, 0x11, 0x3b, 0xad, 0xdd, 0xdd, 0xdd, 0xdd, 0x69, 0x77,
    0x77, 0x77, 0x77, 0x77, 0x58, 0x6d, 0xb6, 0xdb, 0x6d, 0xb6, 0xdb, 0x6d, 0xb9, 0xd6, 0xe9, 0x0d,
    0xb6, 0xdb, 0x6d, 0xc9, 0x6d, 0xb6, 0xdb, 0x6d, 0xb6, 0xdb, 0x6d, 0xb6, 0xe2, 0x71, 0x11, 0x11,
    0x11, 0x11, 0x11, 0x11, 0x11, 0x11, 0x75, 0xbb, 0xbb, 0xbb, 0xbb, 0xad, 0x6b, 0x77, 0x77, 0x77,
    0x77, 0x75, 0x9b, 0x6d, 0xb6, 0xdb, 0x6d, 0xb6, 0xdb, 0x73, 0xad, 0x6e, 0xed, 0xb6, 0xdb, 0x6d,
    0xb7, 0x25, 0xb6, 0xdb, 0x6d, 0xb6, 0xdb, 0x6d, 0xb6, 0xdb, 0x9c, 0x44, 0x44, 0x4e, 0x73, 0x9c,
    0x44, 0x44, 0x44, 0x44, 0x4e, 0xee, 0xee, 0xee, 0xee, 0xeb, 0x5a, 0xd6, 0xee, 0xee, 0xee, 0xee,
    0xe6, 0xdb, 0x6d, 0xb6, 0xdb, 0x6d, 0xb7, 0x3a, 0xd6, 0xb5, 0xad, 0x21, 0xb6, 0xdb, 0x6d, 0xb7,
    0x25, 0xb6, 0xdb, 0x6d, 0xb6, 0xdb, 0x6d, 0xb6, 0xe2, 0xeb, 0x38, 0x88, 0x88, 0x88, 0x88, 0x88,
    0x88, 0x88, 0x89, 0xce, 0xee, 0xee, 0xee, 0xee, 0xee, 0xee, 0xeb, 0x5b, 0xba, 0xd6, 0xb5, 0xad,
    0x61, 0xb6, 0xdb, 0x6d, 0xb6, 0xe2, 0x75, 0xa5, 0x6b, 0x5a, 0xd2, 0xdb, 0x6d, 0xb6, 0xdb, 0x6e,
    0x4b, 0x6d, 0xb6, 0xdb, 0x6d, 0xb6, 0xdb, 0x71, 0x3b, 0xba, 0xce, 0x22, 0x22, 0x22, 0x22, 0x22,
    0x22, 0x22, 0x22, 0x22, 0xeb, 0x77, 0x77, 0x5b, 0xbb, 0xbb, 0xba, 0xdd, 0xd6, 0xb3, 0xb9, 0xdd,
    0xc3, 0x6d, 0xb6, 0xdb, 0x89, 0xd6, 0x94, 0xa5, 0x29, 0x4a, 0x52, 0xdb, 0x6d, 0xb6, 0xdb, 0x6d,
    0xc9, 0x6d, 0xb6, 0xdb, 0x6d, 0xb6, 0xdb, 0x71, 0x3b, 0x9c, 0xeb, 0x77, 0x38, 0x88, 0x88, 0x88,
    0x88, 0x88, 0x88, 0x88, 0x89, 0xdd, 0x6e, 0xee, 0xe7, 0x3b, 0xbb, 0xbb, 0xbb, 0xbb, 0xad, 0xc3,
    0x6d, 0xb6, 0xe2, 0x77, 0x5a, 0x52, 0x94, 0xa5, 0x2b, 0x4a, 0x52, 0x97, 0x0d, 0xb6, 0xdb, 0x6d,
    0xb6, 0xe4, 0xb6, 0xdb, 0x6d, 0xb6, 0xdb, 0x6d, 0xb8, 0x9c, 0xe7, 0x3b, 0x9c, 0x44, 0xe7, 0x39,
    0xce, 0x73, 0x9c, 0xe7, 0x39, 0xce, 0x73, 0x9c, 0xe2, 0xe9, 0x73, 0x9c, 0xe7, 0x3b, 0xbb, 0xbb,
    0xbb, 0xbb, 0xa5, 0x6b, 0x5a, 0xd6, 0xb5, 0xa5, 0x29, 0x4a, 0x52, 0x94, 0xad, 0x6b, 0x5a, 0xd6,
    0x97, 0x0d, 0xb6, 0xdb, 0x6d, 0xb6, 0xdc, 0x96, 0xdb, 0x6d, 0xb6, 0xdb, 0x6d, 0xb7, 0x3b, 0x9c,
    0xe7, 0x75, 0x9c, 0x44, 0x44, 0x44, 0x44, 0x44, 0x44, 0x44, 0x44, 0x44, 0x4e, 0xe7, 0x39, 0xce,
    0x73, 0xbb, 0xbb, 0xbb, 0xbb, 0xbb, 0x96, 0x94, 0xa5, 0x29, 0x4a, 0x52, 0x94, 0xa5, 0x6b, 0x4a,
    0x52, 0x94, 0xa5, 0x27, 0x0d, 0xb6, 0xdb, 0x6d, 0xb6, 0xdb, 0x92, 0xdb, 0x6d, 0xb6, 0xdb, 0x6d,
    0xb6, 0xe7, 0x77, 0x77, 0x77, 0x59, 0xd6, 0x71, 0x11, 0x11, 0x11, 0x11, 0x11, 0x11, 0x13, 0xad,
    0x2e, 0xe7, 0x39, 0xce, 0xee, 0xee, 0xee, 0xee, 0xee, 0xee, 0x94, 0xa5, 0x2b, 0x4a, 0x52, 0x94,
    0xa5, 0x6b, 0x4a, 0x52, 0x92, 0xd6, 0x1b, 0x6d, 0xb6, 0xdb, 0x6d, 0xb6, 0xdc, 0x96, 0xdb, 0x6d,
    0xb6, 0xdb, 0x6d, 0xb7, 0x17, 0x77, 0x77, 0x77, 0x58, 0x88, 0x9c, 0xe7, 0x3b, 0xbb, 0xb9, 0xce,
    0x71, 0x11, 0x13, 0xbb, 0xbb, 0xbb, 0xbb, 0xbb, 0xbb, 0xbb, 0xbb, 0xbb, 0x96, 0x94, 0xa5, 0x29,
    0x4a, 0x52, 0x94, 0xad, 0x69, 0x49, 0x69, 0x0d, 0xb6, 0xdb, 0x6d, 0xb6, 0xdb, 0x6d, 0xb9, 0x2d,
    0xb6, 0xdb, 0x6d, 0xb6, 0xdb, 0x6d, 0xce, 0xee, 0xee, 0xee, 0xeb, 0x59, 0xce, 0x71, 0x11, 0x11,
    0x11, 0x11, 0x11, 0x39, 0xd6, 0xb7, 0x77, 0x77, 0x77, 0x77, 0x77, 0x77, 0x77, 0x77, 0x5a, 0x52,
    0x94, 0xa5, 0x29, 0x4a, 0x52, 0x94, 0xa5, 0x66, 0xdb, 0x6d, 0xb6, 0xdb, 0x6d, 0xb6, 0xdb, 0x6e,
    0x4b, 0x6d, 0xb6, 0xdb, 0x6d, 0xb6, 0xdb, 0x71, 0x3a, 0xdd, 0xdd, 0xd6, 0xb5, 0xad, 0xce, 0xe7,
    0x39, 0xce, 0x73, 0x9c, 0xee, 0xe7, 0x39, 0xd6, 0xee, 0xee, 0xee, 0xee, 0xee, 0xee, 0xee, 0xee,
    0xe9, 0x4a, 0xd6, 0x94, 0xa5, 0x29, 0x4a, 0xd2, 0xe1, 0xb6, 0xdb, 0x6d, 0xb6, 0xdb, 0x6d, 0xb6,
    0xdb, 0x72, 0x5b, 0x6d, 0xb6, 0xdb, 0x6d, 0xb6, 0xdb, 0x6e, 0x2e, 0xb5, 0xad, 0x6b, 0x5a, 0xd2,
    0x95, 0xb9, 0xce, 0x73, 0x9c, 0xe7, 0x3b, 0xbb, 0xbb, 0xa5, 0x6e, 0xee, 0xee, 0xee, 0xee, 0xee,
    0xee, 0xb5, 0x96, 0x94, 0xa5, 0x29, 0x4a, 0xd2, 0xb3, 0x86, 0xdb, 0x6d, 0xb6, 0xdb, 0x6d, 0xb6,
    0xdb, 0x6d, 0xb7, 0x25, 0xb6, 0xdb, 0x6d, 0xb6, 0xdb, 0x6d, 0xb6, 0xdb, 0x89, 0xd2, 0xb5, 0xad,
    0x29, 0x5a, 0x52, 0x5a, 0x52, 0xb5, 0xad, 0x6b, 0x4a, 0x52, 0xb5, 0xad, 0x69, 0x4a, 0xd6, 0xee,
    0xee, 0xee, 0xeb, 0x5a, 0xd2, 0x95, 0xad, 0x2b, 0x4a, 0xce, 0x1b, 0x6d, 0xb6, 0xdb, 0x6d, 0xb6,
    0xdb, 0x6d, 0xb6, 0xdb, 0x6e, 0x4b, 0x6d, 0xb6, 0xdb, 0x6d, 0xb6, 0xdb, 0x6d, 0xb6, 0xdb, 0x9c,
    0x8d, 0x29, 0x5a, 0xd6, 0xb5, 0xa5, 0x29, 0x4a, 0xd6, 0xb5, 0xad, 0x6b, 0x5a, 0x52, 0xb5, 0xad,
    0x29, 0x5a, 0xd6, 0xb5, 0xad, 0x6b, 0x4a, 0x56, 0x92, 0xce, 0x21, 0xb6, 0xdb, 0x6d, 0xb6, 0xdb,
    0x6d, 0xb6, 0xdb, 0x6d, 0xb6, 0xdb, 0x72, 0x5b, 0x6d, 0xb6, 0xdb, 0x6d, 0xb6, 0xdc, 0x44, 0xeb,
    0x77, 0x5a, 0xd2, 0xb4, 0xa5, 0x2b, 0x5a, 0xd2, 0x93, 0x86, 0xe2, 0x75, 0xa5, 0x6b, 0x5a, 0xd6,
    0xb4, 0xa5, 0x69, 0x2d, 0x6b, 0x5a, 0xd6, 0xb2, 0xdc, 0x36, 0xdb, 0x6d, 0xb6, 0xdb, 0x6d, 0xb6,
    0xdb, 0x6d, 0xb6, 0xdb, 0x6d, 0xb6, 0xdb, 0x92, 0xdb, 0x6d, 0xb6, 0xdb, 0x6d, 0xc4, 0x5d, 0x6e,
    0xe7, 0x39, 0xce, 0xee, 0xeb, 0x5a, 0xd6, 0x94, 0xb8, 0x6d, 0xb6, 0xdb, 0x6d, 0xc4, 0x44, 0x44,
    0x45, 0x6b, 0x5a, 0xd6, 0xb5, 0xac, 0xdb, 0x6d, 0xb6, 0xdb, 0x6d, 0xb6, 0xdb, 0x6d, 0xb6, 0xdb,
    0x6d, 0xb6, 0xdb, 0x6d, 0xb9, 0x2d, 0xb6, 0xdb, 0x6d, 0xb6, 0xe2, 0xee, 0xee, 0xee, 0xb5, 0xbb,
    0xbb, 0xbb, 0xad, 0x6b, 0x70, 0xdb, 0x6d, 0xb6, 0xdb, 0x6d, 0xb6, 0xdb, 0x8a, 0xd6, 0xb5, 0xad,
    0x6b, 0x5a, 0xdb, 0x6d, 0xb6, 0xdb, 0x6d, 0xb6, 0xdb, 0x6d, 0xb6, 0xdb, 0x6d, 0xb6, 0xdb, 0x6d,
    0xb9, 0x2d, 0xb6, 0xdb, 0x6d, 0xb6, 0xe2, 0x27, 0x3b, 0xb9, 0xce, 0x75, 0xba, 0xd6, 0xb7, 0x73,
    0x86, 0xdb, 0x6d, 0xb6, 0xdb, 0x6d, 0xb6, 0xdb, 0x8a, 0xd6, 0xee, 0xee, 0xb5, 0xad, 0x6b, 0x58,
    0x6d, 0xb6, 0xdb, 0x6d, 0xb6, 0xdb, 0x6d, 0xb6, 0xdb, 0x6d, 0xb6, 0xdb, 0x6d, 0xc9, 0x6d, 0xb6,
    0xdb, 0x6d, 0xb6, 0xdb, 0x71, 0x11, 0x11, 0x11, 0x10, 0xdb, 0x6d, 0xb6, 0xdb, 0x6d, 0xb6, 0xdb,
    0x6d, 0xb6, 0xe9, 0x77, 0x77, 0x77, 0x77, 0x77, 0x77, 0x58, 0x6d, 0xb6, 0xdb, 0x6d, 0xb6, 0xdb,
    0x6d, 0xb6, 0xdb, 0x6d, 0xb6, 0xdb, 0x6e, 0x4b, 0x6d, 0xb6, 0xdb, 0x6d, 0xb6, 0xdb, 0x6d, 0xb6,
    0xdb, 0x6d, 0xb6, 0xdb, 0x6d, 0xb6, 0xdb, 0x6d, 0xb6, 0xdb, 0x6e, 0x5b, 0x9d, 0xdc, 0xee, 0xee,
    0xee, 0xee, 0xea, 0xdb, 0x6d, 0xb6, 0xdb, 0x6d, 0xb6, 0xdb, 0x6d, 0xb6, 0xdb, 0x6d, 0xb6, 0xdc,
    0x96, 0xdb, 0x6d, 0xb6, 0xdb, 0x6d, 0xb6, 0xdb, 0x6d, 0xb6, 0xdb, 0x6d, 0xb6, 0xdb, 0x6d, 0xb6,
    0xdb, 0x6d, 0xb6, 0xdc, 0x56, 0xe7, 0x77, 0x4a, 0xdd, 0xd6, 0xb7, 0x74, 0x86, 0xdb, 0x6d, 0xb6,
    0xdb, 0x6d, 0xb6, 0xdb, 0x6d, 0xb6, 0xdb, 0x6d, 0xb7, 0x25, 0xb6, 0xdb, 0x6d, 0xb6, 0xdb, 0x6d,
    0xb6, 0xdb, 0x6d, 0xb6, 0xdb, 0x6d, 0xb6, 0xdb, 0x6d, 0xb6, 0xdb, 0x6d, 0xb6, 0xe2, 0x77, 0x17,
    0x5b, 0x9c, 0xeb, 0x49, 0xce, 0xdb, 0x6d, 0xb6, 0xdb, 0x6d, 0xb6, 0xdb, 0x6d, 0xb6, 0xdb, 0x6d,
    0xb6, 0xdb, 0x92, 0xdb, 0x6d, 0xb6, 0xdb, 0x6d, 0xb6, 0xdb, 0x6d, 0xb6, 0xdb, 0x6d, 0xb6, 0xdb,
    0x6d, 0xb6, 0xdb, 0x6d, 0xb6, 0xdb, 0x6d, 0xb8, 0x88, 0x9d, 0xce, 0xdc, 0x4e, 0x1b, 0x6d, 0xb6,
    0xdb, 0x6d, 0xb6, 0xdb, 0x6d, 0xb6, 0xdb, 0x6d, 0xb6, 0xdb, 0x92
};

const HuffmanFrequency SPRITE_58_FREQS[] = {
    {0x0a, 51},
    {0x23, 5},
    {0x2a, 74},
    {0x2b, 316},
    {0x2d, 690},
    {0x2e, 370},
    {0x3a, 269},
    {0x3d, 340},
    {0x40, 1},
    {0xa0, 2935},
    {0xc2, 2935}
};
}

const HuffmanEncodedSprite SPRITE_58 = {
    SPRITE_58_BYTES,
    static_cast<int>(sizeof(SPRITE_58_BYTES) / sizeof(SPRITE_58_BYTES[0])),
    18519,
    7986,
    SPRITE_58_FREQS,
    static_cast<int>(sizeof(SPRITE_58_FREQS) / sizeof(SPRITE_58_FREQS[0]))
};

namespace
{
const unsigned char SPRITE_59_BYTES[] = {
    0xb9, 0x6d, 0xb6, 0xdb, 0x6d, 0xb6, 0xdb, 0x6d, 0xb6, 0xdb, 0x6d, 0xb6, 0xdb, 0x6d, 0xdf, 0x7d,
    0xa9, 0x25, 0xc6, 0xf6, 0xdb, 0x6d, 0xb6, 0xdb, 0x6d, 0xb6, 0xdb, 0x6d, 0xb6, 0xdb, 0x6d, 0xb6,
    0xdb, 0x6d, 0xb6, 0xdb, 0x6d, 0xb6, 0xdb, 0x6d, 0xb7, 0x72, 0xdb, 0x6d, 0xb6, 0xdb, 0x6d, 0xb6,
    0xdb, 0x6d, 0xb6, 0xdb, 0x6d, 0xb7, 0x7c, 0xa4, 0x92, 0x49, 0x75, 0xb6, 0xdb, 0x6d, 0xb6, 0xdb,
    0x6d, 0xb6, 0xdb, 0x6d, 0xb6, 0xdb, 0x6d, 0xb6, 0xdb, 0x6d, 0xb6, 0xdb, 0x6d, 0xb6, 0xdb, 0x6d,
    0xbb, 0x96, 0xdb, 0x6d, 0xb6, 0xdb, 0x6d, 0xb6, 0xdb, 0x6d, 0xb6, 0xdb, 0x77, 0xda, 0xb2, 0x49,
    0x24, 0x95, 0xbd, 0xb6, 0xdb, 0x6d, 0xb6, 0xdb, 0x6d, 0xb6, 0xdb, 0x6d, 0xb6, 0xdb, 0x6d, 0xb6,
    0xdb, 0x6d, 0xb6, 0xdb, 0x6d, 0xb6, 0xdb, 0x6d, 0xbb, 0x96, 0xdb, 0x6d, 0xb6, 0xdb, 0x6d, 0xb6,
    0xdb, 0x6d, 0xb6, 0xdd, 0xab, 0x24, 0x92, 0x49, 0x25, 0x2f, 0x6d, 0xb6, 0xdb, 0x6d, 0xb6, 0xdb,
    0x6d, 0xb6, 0xdb, 0x6d, 0xb6, 0xdb, 0x6d, 0xb6, 0xdb, 0x6d, 0xb6, 0xdb, 0x6d, 0xb6, 0xdb, 0x6d,
    0xdc, 0xb6, 0xdb, 0x6d, 0xb6, 0xdb, 0x6d, 0xb6, 0xdb, 0x6d, 0xdf, 0x4b, 0x49, 0x24, 0x92, 0x49,
    0x6a, 0x5e, 0xdb, 0x6d, 0xb6, 0xdb, 0x6d, 0xb6, 0xdb, 0x6d, 0xb6, 0xdb, 0x6d, 0xb6, 0xdb, 0x6d,
    0xb6, 0xdb, 0x6d, 0xb6, 0xdb, 0x6d, 0xb6, 0xdb, 0x77, 0x2d, 0xb6, 0xdb, 0x6d, 0xb6, 0xdb, 0x6d,
    0xb6, 0xdd, 0xa9, 0x6b, 0x5a, 0xd6, 0xb5, 0xad, 0x6b, 0x5a, 0xd4, 0x8d, 0xb6, 0xdb, 0x6d, 0xbb,
    0xef, 0xad, 0x29, 0x48, 0xdb, 0x6d, 0xb6, 0xdb, 0x6d, 0xb6, 0xdb, 0x6d, 0xb6, 0xdb, 0x6d, 0xb6,
    0xdb, 0x6d, 0xb6, 0xdb, 0x77, 0x2d, 0xb6, 0xdb, 0x6d, 0xb6, 0xdb, 0x6d, 0xbb, 0xed, 0x5a, 0xd6,
    0xd6, 0xb5, 0xad, 0x6b, 0x5a, 0xd6, 0xad, 0x6f, 0x6e, 0xf9, 0x2d, 0x5a, 0x56, 0x96, 0x97, 0xdf,
    0x2f, 0x92, 0xd7, 0xb6, 0xdb, 0x6d, 0xb6, 0xdb, 0x6d, 0xb6, 0xdb, 0x6d, 0xb6, 0xdb, 0x6d, 0xb6,
    0xdb, 0x6d, 0xb6, 0xee, 0x5b, 0x6d, 0xb6, 0xdb, 0x6d, 0xb6, 0xdd, 0xf5, 0xa5, 0xad, 0x6b, 0x5a,
    0xd6, 0xb5, 0xad, 0x6b, 0x52, 0xb7, 0xda, 0xb6, 0xbe, 0xf9, 0x24, 0x92, 0x49, 0x24, 0x92, 0xd6,
    0xab, 0x6d, 0xb6, 0xdb, 0x6d, 0xb6, 0xdb, 0x6d, 0xb6, 0xdb, 0x6d, 0xb6, 0xdb, 0x6d, 0xb6, 0xdb,
    0x6e, 0xe5, 0xb6, 0xdb, 0x6d, 0xb6, 0xdb, 0x77, 0xd2, 0xb5, 0xb5, 0xad, 0x6b, 0x56, 0xed, 0x2b,
    0x6b, 0x5a, 0xb4, 0xb4, 0x97, 0xdf, 0x7d, 0xf7, 0xc9, 0x24, 0x92, 0x49, 0x24, 0xb5, 0x6e, 0xde,
    0xdb, 0x6d, 0xb6, 0xdb, 0x6d, 0xb6, 0xdb, 0x6d, 0xb6, 0xdb, 0x6d, 0xb6, 0xdb, 0x6d, 0xb6, 0xdd,
    0xcb, 0x6d, 0xb6, 0xdb, 0x6d, 0xb7, 0x6a, 0xd6, 0xb5, 0xb5, 0xad, 0x6b, 0xb2, 0xfb, 0xe4, 0x92,
    0x49, 0x2f, 0xbe, 0xfb, 0xef, 0xbe, 0xf9, 0x24, 0x92, 0x49, 0x24, 0x96, 0xa5, 0xed, 0xb6, 0xdb,
    0x6d, 0xb6, 0xdb, 0x6d, 0xb6, 0xdb, 0x6d, 0xb6, 0xdb, 0x6d, 0xb6, 0xdb, 0x6d, 0xdc, 0xb6, 0xdb,
    0x6d, 0xb6, 0xdc, 0xbb, 0x5a, 0xd6, 0xb5, 0xb5, 0xad, 0x6a, 0xda, 0xfb, 0xe4, 0x92, 0x49, 0x2f,
    0xbe, 0xfb, 0xef, 0xbe, 0x49, 0x24, 0x92, 0x49, 0x24, 0x92, 0xb7, 0xb6, 0xdb, 0x6d, 0xb6, 0xdb,
    0x6d, 0xb6, 0xdb, 0x6d, 0xb6, 0xdb, 0x6d, 0xb6, 0xdb, 0x6d, 0xbb, 0x96, 0xdb, 0x6d, 0xb6, 0xef,
    0xa5, 0x6b, 0x5b, 0x56, 0xb5, 0xad, 0x69, 0x2f, 0xac, 0x92, 0x49, 0x24, 0x92, 0x49, 0x24, 0x92,
    0x49, 0x25, 0xad, 0x24, 0x92, 0x4b, 0x46, 0xdb, 0x6d, 0xb6, 0xdb, 0x6d, 0xb6, 0xdb, 0x6d, 0xb6,
    0xdb, 0x6d, 0xb6, 0xdb, 0x6d, 0xbb, 0x96, 0xdb, 0x6d, 0xb7, 0x6a, 0x56, 0xb5, 0xa5, 0x6d, 0x7b,
    0x6d, 0xb7, 0x7d, 0x64, 0xbe, 0x49, 0x24, 0x92, 0x49, 0x24, 0x92, 0x4a, 0xcb, 0x5f, 0x71, 0xa4,
    0x92, 0x49, 0x76, 0xf6, 0xdb, 0x6d, 0xb6, 0xdb, 0x6d, 0xb6, 0xdb, 0x6d, 0xb6, 0xdb, 0x6d, 0xb6,
    0xdb, 0x6d, 0xdc, 0xb6, 0xdb, 0x6e, 0xfa, 0x56, 0xb4, 0xad, 0xed, 0xb6, 0xdb, 0x6d, 0xb9, 0x69,
    0x2f, 0x92, 0x49, 0x24, 0x92, 0x49, 0x2b, 0x29, 0x25, 0x2d, 0x76, 0xe3, 0x76, 0x49, 0x25, 0x2f,
    0x6d, 0xb6, 0xdb, 0x6d, 0xb6, 0xdb, 0x6d, 0xb6, 0xdb, 0x6d, 0xb6, 0xdb, 0x6d, 0xb6, 0xdd, 0xcb,
    0x6d, 0xb7, 0x6a, 0x56, 0xb5, 0xbd, 0xb6, 0xdb, 0x6d, 0xb6, 0xdd, 0xa4, 0x95, 0xb4, 0xad, 0x25,
    0x64, 0x92, 0x49, 0x24, 0xad, 0xf7, 0xd2, 0xed, 0x29, 0x4a, 0xc9, 0x25, 0x9b, 0x6d, 0xb6, 0xdb,
    0x6d, 0xb6, 0xdb, 0x6d, 0xb6, 0xdb, 0x6d, 0xb6, 0xdb, 0x6d, 0xb6, 0xee, 0x5b, 0x6d, 0xd6, 0xb5,
    0xa5, 0xed, 0xb6, 0xdb, 0x6d, 0xb6, 0xdb, 0xa4, 0x92, 0xd7, 0xdf, 0x59, 0x4b, 0x49, 0x24, 0x92,
    0x49, 0x5b, 0xef, 0xbe, 0xed, 0x69, 0x59, 0x24, 0xa5, 0xed, 0xb6, 0xdb, 0x6d, 0xbb, 0xef, 0xbe,
    0xfb, 0xef, 0xb5, 0x6b, 0x4b, 0xb7, 0x6e, 0xdd, 0xbb, 0x76, 0x94, 0xa5, 0x65, 0xf7, 0xde, 0xdb,
    0x6e, 0xe5, 0xb7, 0x7d, 0x2b, 0x5b, 0x36, 0xdb, 0x6d, 0xb6, 0xdb, 0x6d, 0xba, 0x49, 0x2d, 0x7d,
    0xf4, 0xbb, 0x71, 0xa4, 0x92, 0x49, 0x24, 0x92, 0xd7, 0xca, 0xda, 0x49, 0x2d, 0x66, 0xdd, 0xf7,
    0xcb, 0x56, 0x97, 0x69, 0x4a, 0x52, 0x94, 0xa5, 0x29, 0x4a, 0x52, 0x94, 0xa5, 0x29, 0x4a, 0x52,
    0x94, 0xa5, 0x6b, 0x5a, 0xd6, 0xed, 0x9b, 0xb9, 0x6e, 0xfb, 0xb5, 0xa5, 0xed, 0xb6, 0xdb, 0x6d,
    0xb6, 0xdb, 0x6d, 0xda, 0xd2, 0x5a, 0xb7, 0xdf, 0x76, 0x94, 0x92, 0x49, 0x24, 0x92, 0x49, 0x25,
    0xad, 0x6a, 0xd2, 0xb4, 0xbb, 0x4a, 0x52, 0x94, 0xbb, 0x4a, 0xd6, 0xd7, 0xb6, 0xdb, 0x6d, 0xb6,
    0xdb, 0x6d, 0xb6, 0xdb, 0x6d, 0xbb, 0xee, 0xd6, 0xed, 0xf7, 0x2d, 0xd6, 0xb4, 0xbd, 0xb6, 0xdb,
    0x6d, 0xb6, 0xdb, 0x6d, 0xb6, 0xe5, 0xa4, 0x92, 0xd5, 0xbb, 0x49, 0x24, 0x92, 0x49, 0x24, 0x96,
    0xad, 0x2e, 0xd2, 0xed, 0x29, 0x76, 0x96, 0x97, 0xb6, 0xdb, 0x6d, 0xb6, 0xdb, 0x6d, 0xb6, 0xdb,
    0x6d, 0xb6, 0xdb, 0x6d, 0xb6, 0xe9, 0x59, 0x72, 0xeb, 0x5a, 0xc6, 0xdb, 0x6d, 0xb6, 0xdb, 0x6d,
    0xb6, 0xdb, 0x6d, 0xdf, 0x6a, 0xc9, 0x24, 0x92, 0x49, 0x24, 0x92, 0x4b, 0x5d, 0xad, 0x6b, 0x5a,
    0xd6, 0xb6, 0xb5, 0xa4, 0xb5, 0xad, 0x6a, 0xd2, 0xb7, 0xb6, 0xdb, 0x6d, 0xb6, 0xdb, 0x6d, 0xb6,
    0xdb, 0x6d, 0xbb, 0xe9, 0x6a, 0x4b, 0x9b, 0xe9, 0x48, 0xdb, 0x6d, 0xb6, 0xdb, 0x6d, 0xb6, 0xdb,
    0x6d, 0xb6, 0xdb, 0x6d, 0xdf, 0x29, 0x24, 0x92, 0x49, 0x2d, 0x4a, 0x56, 0xb5, 0xad, 0x6b, 0x69,
    0x24, 0x92, 0x49, 0x24, 0x96, 0xbd, 0xb6, 0xdb, 0x6d, 0xb6, 0xdb, 0x6d, 0xb6, 0xdb, 0x77, 0xdd,
    0xad, 0x2f, 0x77, 0x32, 0xb4, 0x6d, 0xb6, 0xdb, 0x6d, 0xb6, 0xdb, 0x6d, 0xb6, 0xdb, 0x6e, 0xf9,
    0x6b, 0xb4, 0xa5, 0x29, 0x4b, 0xb4, 0xbb, 0x5a, 0xd2, 0xed, 0x6b, 0x5a, 0xd6, 0xb5, 0xad, 0xa4,
    0xb5, 0xad, 0x6b, 0x5a, 0xd6, 0xb5, 0xad, 0x2e, 0xd6, 0xf6, 0xdb, 0x6d, 0xb6, 0xdb, 0x6d, 0xb6,
    0xdb, 0x77, 0xdd, 0xad, 0x6e, 0xde, 0xdd, 0xcd, 0xf7, 0x6b, 0x76, 0xf6, 0xdb, 0x6d, 0xb6, 0xdb,
    0x6d, 0xb6, 0xdd, 0xf6, 0xad, 0x29, 0x4a, 0x5d, 0xad, 0xaf, 0x6e, 0xd4, 0xb5, 0xad, 0x6b, 0x5a,
    0xb6, 0xb5, 0xad, 0x6b, 0x49, 0x24, 0x92, 0xb7, 0xb6, 0xdb, 0x77, 0xde, 0xdb, 0x6d, 0xb6, 0xdb,
    0x6d, 0xb6, 0xdb, 0x6e, 0xfa, 0x56, 0xb4, 0xad, 0xed, 0xbb, 0x96, 0xed, 0x76, 0xb5, 0xa5, 0x29,
    0x5b, 0x5a, 0xd6, 0xad, 0x6b, 0x4a, 0x52, 0x94, 0xa5, 0x29, 0x76, 0x96, 0xbd, 0xb6, 0xdc, 0xa5,
    0xa4, 0x92, 0xd6, 0xb5, 0x6b, 0x71, 0x92, 0x49, 0x24, 0x92, 0x49, 0x58, 0xdb, 0x6d, 0xb6, 0xdb,
    0x6d, 0xb6, 0xdb, 0x6d, 0xb6, 0xdd, 0xf4, 0xad, 0x69, 0x5b, 0xdb, 0x6d, 0xdc, 0xb6, 0xdb, 0xbe,
    0xfa, 0xdd, 0xb8, 0xdd, 0xbb, 0x76, 0xed, 0xdb, 0xb7, 0x1b, 0x8d, 0xc6, 0xe3, 0x59, 0x7d, 0xed,
    0xb6, 0xdb, 0x6e, 0xb2, 0x49, 0x2d, 0x49, 0x7b, 0x6e, 0x5a, 0x49, 0x24, 0x92, 0x49, 0x24, 0xac,
    0x6d, 0xb6, 0xdb, 0x6d, 0xb6, 0xdb, 0x6d, 0xb7, 0x7d, 0x69, 0x5a, 0xdd, 0x97, 0xb6, 0xdb, 0x6e,
    0xe5, 0xb6, 0xdb, 0x6d, 0xb6, 0xdb, 0x6d, 0xb6, 0xdb, 0x6d, 0xb6, 0xdb, 0x6d, 0xdf, 0x6a, 0x52,
    0x36, 0xdb, 0x6d, 0xdf, 0x69, 0x24, 0x92, 0x49, 0x24, 0x92, 0x4b, 0x5d, 0xbd, 0xb6, 0xdb, 0x6d,
    0xb6, 0xdb, 0x6e, 0xfb, 0xb5, 0xad, 0x6e, 0xde, 0xdb, 0x6d, 0xb6, 0xdd, 0xcb, 0x6d, 0xb6, 0xdb,
    0x6d, 0xb6, 0xdb, 0x6d, 0xb6, 0xdb, 0x6d, 0xb6, 0xdb, 0x6d, 0xb6, 0xdb, 0x6d, 0xb7, 0x6b, 0x49,
    0x24, 0x92, 0x49, 0x24, 0x92, 0x49, 0x2b, 0x5b, 0xdb, 0x6d, 0xb6, 0xdb, 0xbe, 0x97, 0x69, 0x4a,
    0x46, 0xdb, 0x6d, 0xb6, 0xdb, 0x77, 0x2d, 0xb6, 0xdb, 0x6d, 0xb6, 0xdb, 0x6d, 0xb6, 0xdb, 0x6d,
    0xb6, 0xdb, 0x6d, 0xb6, 0xdb, 0x6d, 0xb6, 0xdd, 0x64, 0x92, 0x49, 0x24, 0x92, 0x49, 0x24, 0x92,
    0x49, 0x5b, 0xdb, 0x6d, 0xca, 0x5d, 0xa5, 0x29, 0x5b, 0xdb, 0x6d, 0xb6, 0xdb, 0x6d, 0xb7, 0x72,
    0xdb, 0x6d, 0xb6, 0xdb, 0x6d, 0xb6, 0xdb, 0x6d, 0xb6, 0xdb, 0x6d, 0xb6, 0xdb, 0x6d, 0xb6, 0xdb,
    0x6e, 0xfb, 0xb2, 0x49, 0x24, 0x92, 0x49, 0x24, 0x92, 0x49, 0x24, 0x96, 0xbb, 0x4a, 0x52, 0x94,
    0xa5, 0xdb, 0x5e, 0xdb, 0x6d, 0xb6, 0xdb, 0x6d, 0xb6, 0xdd, 0xcb, 0x6d, 0xb6, 0xdb, 0x6d, 0xb6,
    0xdb, 0x6d, 0xb6, 0xdb, 0x6d, 0xb6, 0xdb, 0x6d, 0xb6, 0xdb, 0x6d, 0xb9, 0x76, 0x49, 0x24, 0x92,
    0x49, 0x2d, 0x24, 0x92, 0x49, 0x24, 0x96, 0xb8, 0xd2, 0x97, 0x1b, 0x5e, 0xdb, 0x6d, 0xb6, 0xdb,
    0x6d, 0xb6, 0xdb, 0x6e, 0xe5, 0xb6, 0xdb, 0x6d, 0xb6, 0xdb, 0x6d, 0xb6, 0xdb, 0x6d, 0xb6, 0xdb,
    0x6d, 0xb6, 0xdb, 0x6d, 0xb6, 0xef, 0xa5, 0x24, 0x92, 0x49, 0x24, 0x92, 0xb2, 0x49, 0x24, 0x92,
    0x49, 0x2b, 0x71, 0xbd, 0xb6, 0xdb, 0x6d, 0xb6, 0xdb, 0x6d, 0xb6, 0xdb, 0x6e, 0xe5, 0xb6, 0xdb,
    0x6d, 0xb6, 0xdb, 0x6d, 0xb6, 0xdb, 0x6d, 0xb6, 0xdb, 0x6d, 0xb6, 0xdb, 0x6d, 0xb6, 0xeb, 0x6b,
    0x49, 0x24, 0x92, 0x49, 0x24, 0xac, 0x92, 0x49, 0x24, 0x92, 0x4b, 0x36, 0xdb, 0x6d, 0xb6, 0xdb,
    0x6d, 0xb6, 0xdb, 0x6d, 0xbb, 0x96, 0xdb, 0x6d, 0xb6, 0xdb, 0x6d, 0xb6, 0xdb, 0x6d, 0xb6, 0xdb,
    0x6d, 0xb6, 0xdb, 0x6d, 0xb6, 0xdb, 0xac, 0x92, 0x49, 0x24, 0x92, 0x49, 0x2d, 0x59, 0x24, 0x92,
    0x49, 0x25, 0xaa, 0xdb, 0x6d, 0xb6, 0xdb, 0x6d, 0xb6, 0xdb, 0x6d, 0xb6, 0xee, 0x5b, 0x6d, 0xb6,
    0xdb, 0x6d, 0xb6, 0xdb, 0x6d, 0xb6, 0xdb, 0x6d, 0xb6, 0xdb, 0x6d, 0xb6, 0xdb, 0x6e, 0x96, 0x92,
    0xb2, 0x49, 0x24, 0x92, 0x4b, 0x5a, 0x95, 0x92, 0x49, 0x6b, 0x5a, 0xd6, 0xbb, 0x66, 0xdb, 0x6d,
    0xb6, 0xdb, 0x6d, 0xb6, 0xdb, 0x6d, 0xbb, 0x96, 0xdb, 0x6d, 0xb6, 0xdb, 0x6d, 0xb6, 0xdb, 0x6d,
    0xb6, 0xdb, 0x6d, 0xb6, 0xdb, 0x6d, 0xb6, 0xdb, 0xa5, 0x2d, 0x25, 0xab, 0x24, 0x92, 0x4b, 0x5a,
    0xd6, 0xb5, 0xa9, 0x76, 0xb5, 0xad, 0xad, 0x6b, 0x56, 0xb5, 0xab, 0x6d, 0xb6, 0xdb, 0x6d, 0xb6,
    0xdb, 0x6d, 0xb6, 0xee, 0x5b, 0x6d, 0xb6, 0xdb, 0x6d, 0xb6, 0xdb, 0x6d, 0xb6, 0xdb, 0x6d, 0xb6,
    0xdb, 0x6d, 0xb6, 0xdb, 0x6e, 0x95, 0xad, 0x2d, 0x69, 0x5a, 0x5a, 0xd6, 0xb5, 0xad, 0x6b, 0x5a,
    0xd6, 0xad, 0x29, 0x7b, 0x72, 0xb6, 0xb5, 0xad, 0x6b, 0x36, 0xdb, 0x6d, 0xb6, 0xdb, 0x6d, 0xb6,
    0xdb, 0x77, 0x2d, 0xb6, 0xdb, 0x6d, 0xb6, 0xdb, 0x6d, 0xb6, 0xdb, 0x6d, 0xb6, 0xdb, 0x6d, 0xb6,
    0xdb, 0x6d, 0xb7, 0x5a, 0xd6, 0xb5, 0xad, 0xdb, 0x8d, 0x29, 0x59, 0x5a, 0x56, 0xb4, 0xa5, 0x6f,
    0x6d, 0xb6, 0xdc, 0xad, 0xad, 0x6b, 0x52, 0xf6, 0xdb, 0x6d, 0xb6, 0xdb, 0x6d, 0xb6, 0xdb, 0x77,
    0x2d, 0xb6, 0xdb, 0x6d, 0xb6, 0xdb, 0x6d, 0xb6, 0xdb, 0x6d, 0xb6, 0xdb, 0x6d, 0xb6, 0xdb, 0x6d,
    0xb7, 0x7d, 0xda, 0xd6, 0xb5, 0xad, 0x23, 0x6d, 0xb6, 0xdb, 0x6d, 0xb6, 0xdb, 0x6e, 0xb6, 0xb5,
    0xad, 0x6a, 0x5e, 0xdb, 0x6d, 0xb6, 0xdb, 0x6d, 0xb6, 0xdb, 0x77, 0x2d, 0xb6, 0xdb, 0x6d, 0xb6,
    0xdb, 0x6d, 0xb6, 0xdb, 0x6d, 0xb6, 0xdb, 0x6d, 0xb6, 0xdb, 0x6d, 0xb6, 0xe9, 0x5a, 0xda, 0xd6,
    0xb5, 0x6f, 0x6d, 0xb6, 0xdb, 0x6d, 0xb6, 0xdb, 0x6e, 0xd6, 0xb5, 0xad, 0x6b, 0x55, 0xb6, 0xdb,
    0x6d, 0xb6, 0xdb, 0x6d, 0xb6, 0xee, 0x5b, 0x6d, 0xb6, 0xdb, 0x6d, 0xb6, 0xdb, 0x6d, 0xb6, 0xdb,
    0x6d, 0xb6, 0xdb, 0x6d, 0xb6, 0xdb, 0x6d, 0xcb, 0x5a, 0xd6, 0xb5, 0xad, 0x4b, 0xdb, 0x6d, 0xb6,
    0xdb, 0x6d, 0xb6, 0xdd, 0xf7, 0x64, 0x92, 0x4a, 0x5e, 0xdb, 0x6d, 0xb6, 0xdb, 0x6d, 0xb6, 0xdd,
    0xcb, 0x6d, 0xb6, 0xdb, 0x6d, 0xb6, 0xdb, 0x6d, 0xb6, 0xdb, 0x6d, 0xb6, 0xdb, 0x6d, 0xb6, 0xdb,
    0x6d, 0xb7, 0x76, 0xd6, 0xb5, 0xad, 0x6b, 0x52, 0xf6, 0xdb, 0x6d, 0xb6, 0xdb, 0x6d, 0xb7, 0x59,
    0x24, 0x92, 0x55, 0xb6, 0xdb, 0x6d, 0xb6, 0xdb, 0x6d, 0xbb, 0x96, 0xdb, 0x6d, 0xb6, 0xdb, 0x6d,
    0xb6, 0xdb, 0x6d, 0xb6, 0xdb, 0x6d, 0xb6, 0xdb, 0x6d, 0xb6, 0xdb, 0x6e, 0xfa, 0xda, 0x49, 0x2d,
    0x2b, 0x7b, 0x6d, 0xb6, 0xdb, 0x6d, 0xb6, 0xdd, 0xf6, 0x92, 0x49, 0x25, 0x9b, 0x6d, 0xb6, 0xdb,
    0x6d, 0xb6, 0xdd, 0xcb, 0x6d, 0xb6, 0xdb, 0x6d, 0xb6, 0xdb, 0x6d, 0xb6, 0xdb, 0x6d, 0xb6, 0xdb,
    0x6d, 0xb6, 0xdb, 0x6d, 0xb6, 0xed, 0x69, 0x24, 0x96, 0x97, 0x5b, 0x6d, 0xb6, 0xdb, 0x6d, 0xb6,
    0xef, 0xb4, 0x92, 0x49, 0x2d, 0x66, 0xdb, 0x6d, 0xb6, 0xdb, 0x6d, 0xbb, 0x96, 0xdb, 0x6d, 0xb6,
    0xdb, 0x6d, 0xb6, 0xdb, 0x6d, 0xb6, 0xdb, 0x6d, 0xb6, 0xdb, 0x6d, 0xb6, 0xdb, 0x6d, 0xbb, 0x5a,
    0x49, 0x25, 0x69, 0x7b, 0x6d, 0xb6, 0xdb, 0x6d, 0xb6, 0xdd, 0x64, 0x97, 0xc9, 0x25, 0xa3, 0x6d,
    0xb6, 0xdb, 0x6d, 0xb6, 0xee, 0x5b, 0x6d, 0xb6, 0xdb, 0x6d, 0xb6, 0xdb, 0x6d, 0xb6, 0xdb, 0x6d,
    0xb6, 0xdb, 0x6d, 0xb6, 0xdb, 0x6d, 0xb6, 0xdc, 0xa5, 0x6d, 0x25, 0xae, 0xb6, 0xdb, 0x6d, 0xb6,
    0xdb, 0x6d, 0xba, 0xc9, 0x7d, 0xf7, 0xdf, 0x7d, 0xf2, 0x8d, 0xb6, 0xdb, 0x6d, 0xb6, 0xdb, 0xb9,
    0x6d, 0xb6, 0xdb, 0x6d, 0xb6, 0xdb, 0x6d, 0xb6, 0xdb, 0x6d, 0xb6, 0xdb, 0x6d, 0xb6, 0xdb, 0x6d,
    0xb6, 0xdb, 0x6d, 0xcb, 0x8d, 0xdb, 0xb5, 0x6d, 0xb6, 0xdb, 0x6d, 0xb6, 0xdb, 0x6e, 0xd6, 0x97,
    0xdf, 0x7d, 0xf7, 0xdf, 0x7c, 0xa3, 0x6d, 0xb6, 0xdb, 0x6d, 0xb7, 0x72, 0xdb, 0x6d, 0xb6, 0xdb,
    0x6d, 0xb6, 0xdb, 0x6d, 0xb6, 0xdb, 0x6d, 0xb6, 0xdb, 0x6d, 0xb6, 0xdb, 0x6d, 0xb6, 0xdb, 0x6d,
    0xb6, 0xdb, 0x6d, 0xb6, 0xdb, 0x6d, 0xb6, 0xdd, 0xf4, 0x92, 0x49, 0x7d, 0xaf, 0xbe, 0xb7, 0xb6,
    0xdb, 0x6d, 0xb6, 0xdb, 0xb9, 0x6d, 0xb6, 0xdb, 0x6d, 0xb6, 0xdb, 0x6d, 0xb6, 0xdb, 0x6d, 0xb6,
    0xdb, 0x6d, 0xb6, 0xdb, 0x6d, 0xb6, 0xdb, 0x6d, 0xb6, 0xdb, 0x6d, 0xb6, 0xdb, 0x6d, 0xb6, 0xdb,
    0x6d, 0xda, 0x5a, 0x49, 0x25, 0xa5, 0xaf, 0x6d, 0xb6, 0xdb, 0x6d, 0xb7, 0x72, 0xdb, 0x6d, 0xb6,
    0xdb, 0x6d, 0xb6, 0xdb, 0x6d, 0xb6, 0xdb, 0x6d, 0xb6, 0xdb, 0x6d, 0xb6, 0xdb, 0x6d, 0xb6, 0xdb,
    0x6d, 0xb6, 0xdb, 0x6d, 0xb6, 0xdb, 0x6d, 0xb6, 0xdb, 0xbe, 0x92, 0x92, 0x49, 0x4b, 0x5d, 0xbd,
    0xb6, 0xdb, 0x6d, 0xb6, 0xdd, 0xcb, 0x6d, 0xb6, 0xdb, 0x6d, 0xb6, 0xdb, 0x6d, 0xb6, 0xdb, 0x6d,
    0xb6, 0xdb, 0x6d, 0xb6, 0xdb, 0x6d, 0xb6, 0xdb, 0x6d, 0xb6, 0xdb, 0x6d, 0xb6, 0xdb, 0x6d, 0xb6,
    0xdb, 0x6d, 0xbb, 0xee, 0xdc, 0x6b, 0x6b, 0x5c, 0x23, 0x6d, 0xb6, 0xdb, 0x6d, 0xb6, 0xee, 0x40
};

const HuffmanFrequency SPRITE_59_FREQS[] = {
    {0x0a, 51},
    {0x23, 16},
    {0x25, 1},
    {0x2a, 72},
    {0x2b, 181},
    {0x2d, 271},
    {0x2e, 176},
    {0x3a, 699},
    {0x3d, 214},
    {0xa0, 3370},
    {0xc2, 3370}
};
}

const HuffmanEncodedSprite SPRITE_59 = {
    SPRITE_59_BYTES,
    static_cast<int>(sizeof(SPRITE_59_BYTES) / sizeof(SPRITE_59_BYTES[0])),
    17658,
    8421,
    SPRITE_59_FREQS,
    static_cast<int>(sizeof(SPRITE_59_FREQS) / sizeof(SPRITE_59_FREQS[0]))
};

namespace
{
const unsigned char POKEBALL_SPRITE_BYTES[] = {
    0x52, 0x94, 0xa5, 0x29, 0x4a, 0x52, 0x94, 0xa5, 0x29, 0x4a, 0x52, 0x94, 0xa5, 0x29, 0x4a, 0x52,
    0x94, 0xa5, 0x29, 0x4a, 0x52, 0x94, 0xa5, 0x29, 0x4a, 0x52, 0x94, 0xa5, 0x29, 0x4a, 0x57, 0x77,
    0x77, 0x77, 0x77, 0x77, 0x77, 0x77, 0x77, 0x77, 0x77, 0x77, 0x77, 0x77, 0x77, 0x77, 0x77, 0x77,
    0x77, 0x77, 0x77, 0x77, 0x77, 0x77, 0x77, 0x77, 0x77, 0x77, 0x77, 0x77, 0x77, 0x77, 0x77, 0x77,
    0x77, 0x77, 0x77, 0x77, 0x77, 0x77, 0x77, 0x77, 0x77, 0x77, 0x77, 0x77, 0x77, 0x77, 0x77, 0x2c,
    0xee, 0xee, 0xee, 0xee, 0xee, 0xee, 0xee, 0xee, 0xee, 0xee, 0xee, 0xee, 0xee, 0xee, 0xee, 0xee,
    0xee, 0xee, 0xee, 0xee, 0xee, 0xe2, 0x85, 0xab, 0x52, 0x49, 0x24, 0x92, 0x49, 0x25, 0xa8, 0x3d,
    0xdd, 0xdd, 0xdd, 0xdd, 0xdd, 0xdd, 0xdd, 0xdd, 0xdd, 0xdd, 0xdd, 0xdd, 0xdd, 0xdd, 0xdd, 0xdd,
    0xdd, 0xdd, 0xdd, 0xdd, 0xdc, 0xb3, 0xbb, 0xbb, 0xbb, 0xbb, 0xbb, 0xbb, 0xbb, 0xbb, 0xbb, 0xbb,
    0xbb, 0xbb, 0xbb, 0xbb, 0xbb, 0xbb, 0xbb, 0x89, 0x42, 0xd0, 0x00, 0x00, 0x3b, 0xbb, 0xbb, 0xbb,
    0xbb, 0xbb, 0xbb, 0xba, 0x4b, 0x49, 0xee, 0xee, 0xee, 0xee, 0xee, 0xee, 0xee, 0xee, 0xee, 0xee,
    0xee, 0xee, 0xee, 0xee, 0xee, 0xee, 0xee, 0xe5, 0x9d, 0xdd, 0xdd, 0xdd, 0xdd, 0xdd, 0xdd, 0xdd,
    0xdd, 0xdd, 0xdd, 0xdd, 0xdd, 0xdd, 0xdd, 0xdd, 0xc5, 0x6a, 0x40, 0x00, 0x00, 0x01, 0xdd, 0xdd,
    0xdd, 0xdd, 0xdd, 0xdd, 0xdd, 0xdd, 0xdd, 0xd9, 0x9d, 0x23, 0xdd, 0xdd, 0xdd, 0xdd, 0xdd, 0xdd,
    0xdd, 0xdd, 0xdd, 0xdd, 0xdd, 0xdd, 0xdd, 0xdd, 0xdd, 0xdc, 0xb3, 0xbb, 0xbb, 0xbb, 0xbb, 0xbb,
    0xbb, 0xbb, 0xbb, 0xbb, 0xbb, 0xbb, 0xbb, 0xbb, 0xbb, 0x8a, 0xd0, 0x00, 0x00, 0x00, 0x00, 0x0e,
    0xee, 0xee, 0xee, 0xee, 0xee, 0xee, 0xee, 0xee, 0xec, 0xcc, 0xcc, 0xcc, 0x11, 0xdd, 0xdd, 0xdd,
    0xdd, 0xdd, 0xdd, 0xdd, 0xdd, 0xdd, 0xdd, 0xdd, 0xdd, 0xdd, 0xdd, 0xcb, 0x3b, 0xbb, 0xbb, 0xbb,
    0xbb, 0xbb, 0xbb, 0xbb, 0xbb, 0xbb, 0xbb, 0xbb, 0xbb, 0x8a, 0xd0, 0x00, 0x00, 0x00, 0x00, 0x00,
    0x07, 0x77, 0x77, 0x77, 0x77, 0x77, 0x77, 0x77, 0x77, 0x77, 0x76, 0x66, 0x66, 0x66, 0x64, 0x8f,
    0x77, 0x77, 0x77, 0x77, 0x77, 0x77, 0x77, 0x77, 0x77, 0x77, 0x77, 0x77, 0x72, 0xce, 0xee, 0xee,
    0xee, 0xee, 0xee, 0xee, 0xee, 0xee, 0xee, 0xee, 0xee, 0xe2, 0xb4, 0x00, 0x00, 0x00, 0x00, 0x00,
    0x00, 0x07, 0x77, 0x77, 0x77, 0x77, 0x77, 0x77, 0x77, 0x77, 0x77, 0x76, 0x66, 0x66, 0x66, 0x66,
    0x60, 0x7b, 0xbb, 0xbb, 0xbb, 0xbb, 0xbb, 0xbb, 0xbb, 0xbb, 0xbb, 0xbb, 0xbb, 0x96, 0x77, 0x77,
    0x77, 0x77, 0x77, 0x77, 0x77, 0x77, 0x77, 0x77, 0x77, 0x15, 0xa0, 0x00, 0x00, 0x00, 0x00, 0x00,
    0x00, 0x00, 0xee, 0xee, 0xee, 0xee, 0xee, 0xee, 0xee, 0xee, 0xee, 0xee, 0xcc, 0xcc, 0xcc, 0xcc,
    0xcc, 0xcc, 0x91, 0xee, 0xee, 0xee, 0xee, 0xee, 0xee, 0xee, 0xee, 0xee, 0xee, 0xee, 0x59, 0xdd,
    0xdd, 0xdd, 0xdd, 0xdd, 0xdd, 0xdd, 0xdd, 0xdd, 0xdd, 0xc5, 0x20, 0x00, 0x00, 0x00, 0x92, 0x49,
    0x24, 0x90, 0x00, 0x00, 0x1d, 0xdd, 0xdd, 0xdd, 0xdd, 0xdd, 0xdd, 0xdd, 0xdd, 0xdd, 0xdd, 0xd9,
    0x99, 0x99, 0x99, 0x99, 0x99, 0xd1, 0xdd, 0xdd, 0xdd, 0xdd, 0xdd, 0xdd, 0xdd, 0xdd, 0xdd, 0xdd,
    0xcb, 0x3b, 0xbb, 0xbb, 0xbb, 0xbb, 0xbb, 0xbb, 0xbb, 0xbb, 0xb8, 0xad, 0x00, 0x00, 0x00, 0x49,
    0x24, 0x96, 0xad, 0x5a, 0xb5, 0x24, 0x92, 0x00, 0x00, 0x1d, 0xdd, 0xdd, 0xdd, 0xdd, 0xdd, 0xdd,
    0xdd, 0xdd, 0xdd, 0xdd, 0x99, 0x99, 0x99, 0x99, 0x99, 0x99, 0x92, 0x3d, 0xdd, 0xdd, 0xdd, 0xdd,
    0xdd, 0xdd, 0xdd, 0xdd, 0xdc, 0xb3, 0xbb, 0xbb, 0xbb, 0xbb, 0xbb, 0xbb, 0xbb, 0xbb, 0xb8, 0xad,
    0x00, 0x00, 0x00, 0x49, 0x24, 0x96, 0xa0, 0x94, 0x2d, 0x49, 0x20, 0x00, 0x0e, 0xee, 0xee, 0xee,
    0xee, 0xee, 0xee, 0xee, 0xee, 0xee, 0xee, 0xcc, 0xcc, 0xcc, 0xcc, 0xcc, 0xcc, 0xcc, 0xc0, 0xf7,
    0x77, 0x77, 0x77, 0x77, 0x77, 0x77, 0x77, 0x77, 0x2c, 0xee, 0xee, 0xee, 0xee, 0xee, 0xee, 0xee,
    0xee, 0xee, 0x5a, 0x00, 0x00, 0x00, 0x12, 0x49, 0x6a, 0xd4, 0x21, 0x0b, 0x52, 0x48, 0x00, 0x00,
    0x77, 0x77, 0x77, 0x77, 0x77, 0x77, 0x77, 0x77, 0x77, 0x77, 0x66, 0x66, 0x66, 0x66, 0x66, 0x66,
    0x66, 0x66, 0x61, 0xdd, 0xdd, 0xdd, 0xdd, 0xdd, 0xdd, 0xdd, 0xdd, 0xdc, 0xb3, 0xbb, 0xbb, 0xbb,
    0xbb, 0xbb, 0xbb, 0xbb, 0xbb, 0x96, 0x80, 0x00, 0x00, 0x00, 0x92, 0x49, 0x24, 0xb5, 0x24, 0x92,
    0x48, 0x00, 0x00, 0x0e, 0xee, 0xee, 0xee, 0xee, 0xee, 0xee, 0xee, 0xee, 0xec, 0xcc, 0xcc, 0xcc,
    0xcc, 0xcc, 0xcc, 0xcc, 0xcc, 0xcc, 0xc3, 0xbb, 0xbb, 0xbb, 0xbb, 0xbb, 0xbb, 0xbb, 0xbb, 0x96,
    0x77, 0x77, 0x77, 0x77, 0x77, 0x77, 0x77, 0x77, 0x20, 0x00, 0x00, 0x00, 0x00, 0x12, 0x49, 0x24,
    0x92, 0x00, 0x00, 0x00, 0x0e, 0xee, 0xee, 0xee, 0xee, 0xee, 0xee, 0xee, 0xee, 0xec, 0xcc, 0xcc,
    0xcc, 0xcc, 0xcc, 0xcc, 0xcc, 0xcc, 0xcc, 0xcc, 0xcb, 0x7b, 0xbb, 0xbb, 0xbb, 0xbb, 0xbb, 0xbb,
    0xbb, 0x96, 0x77, 0x77, 0x77, 0x77, 0x77, 0x77, 0x77, 0x71, 0x48, 0x00, 0x00, 0x00, 0x00, 0x00,
    0x00, 0x00, 0x00, 0x01, 0xdd, 0xdd, 0xdd, 0xdd, 0xdd, 0xdd, 0xdd, 0xdd, 0xdd, 0x99, 0x99, 0x99,
    0x99, 0x99, 0x99, 0x99, 0x99, 0x99, 0x99, 0x99, 0x99, 0xd1, 0xdd, 0xdd, 0xdd, 0xdd, 0xdd, 0xdd,
    0xdd, 0xcb, 0x3b, 0xbb, 0xbb, 0xbb, 0xbb, 0xbb, 0xbb, 0xb9, 0x00, 0x00, 0x00, 0x00, 0x00, 0x00,
    0x00, 0x00, 0x00, 0x01, 0xdd, 0xdd, 0xdd, 0xdd, 0xdd, 0xdd, 0xdd, 0xd9, 0x99, 0x99, 0x99, 0x99,
    0x99, 0x99, 0x99, 0x99, 0x99, 0x99, 0x99, 0x99, 0x99, 0x96, 0xf7, 0x77, 0x77, 0x77, 0x77, 0x77,
    0x77, 0x72, 0xce, 0xee, 0xee, 0xee, 0xee, 0xee, 0xee, 0xee, 0x5a, 0x00, 0x00, 0x00, 0x00, 0x00,
    0x00, 0x00, 0x00, 0x00, 0xee, 0xee, 0xee, 0xee, 0xee, 0xee, 0xee, 0xcc, 0xcc, 0xcc, 0xcc, 0xcc,
    0xcc, 0xcc, 0xcc, 0xcc, 0xcc, 0xcc, 0xcc, 0xcc, 0xcc, 0xcc, 0x0f, 0x77, 0x77, 0x77, 0x77, 0x77,
    0x77, 0x72, 0xce, 0xee, 0xee, 0xee, 0xee, 0xee, 0xee, 0xee, 0x48, 0x00, 0x00, 0x00, 0x00, 0x00,
    0x00, 0x00, 0x00, 0x0e, 0xee, 0xee, 0xee, 0xee, 0xee, 0xee, 0xcc, 0xcc, 0xcc, 0xcc, 0xcc, 0xcc,
    0xcc, 0xcc, 0xcc, 0xcc, 0xcc, 0xcc, 0xcc, 0xcc, 0xcc, 0xcc, 0xe7, 0xbb, 0xbb, 0xbb, 0xbb, 0xbb,
    0xbb, 0xb9, 0x67, 0x77, 0x77, 0x77, 0x77, 0x77, 0x77, 0x77, 0x24, 0x00, 0x00, 0x00, 0x00, 0x00,
    0x00, 0x00, 0x00, 0x07, 0x77, 0x77, 0x77, 0x77, 0x77, 0x66, 0x66, 0x66, 0x66, 0x66, 0x66, 0x66,
    0x66, 0x66, 0x66, 0x66, 0x66, 0x66, 0x66, 0x66, 0x66, 0x66, 0x63, 0xdd, 0xdd, 0xdd, 0xdd, 0xdd,
    0xdd, 0xdc, 0xb3, 0xbb, 0xbb, 0xbb, 0xbb, 0xbb, 0xbb, 0xbb, 0x92, 0x00, 0x00, 0x00, 0x00, 0x00,
    0x00, 0x00, 0x00, 0x1d, 0xdd, 0xdd, 0xdd, 0xdd, 0xdd, 0x99, 0x99, 0x99, 0x35, 0xd7, 0x5d, 0x75,
    0xd7, 0x5d, 0x75, 0xd7, 0x4d, 0x99, 0x99, 0x99, 0x99, 0x99, 0x99, 0x99, 0x99, 0x92, 0x3d, 0xdd,
    0xdd, 0xdd, 0xdd, 0xdd, 0xdd, 0xcb, 0x3b, 0xbb, 0xbb, 0xbb, 0xbb, 0xbb, 0xbb, 0xb9, 0x09, 0x00,
    0x00, 0x00, 0x00, 0x00, 0x00, 0x00, 0x00, 0x77, 0x77, 0x77, 0x77, 0x77, 0x66, 0x66, 0x4d, 0x75,
    0xd7, 0x5d, 0x74, 0xd9, 0x99, 0x34, 0xd7, 0x5d, 0x75, 0xd7, 0x4d, 0x99, 0x99, 0x99, 0x99, 0x99,
    0x99, 0x98, 0x1e, 0xee, 0xee, 0xee, 0xee, 0xee, 0xee, 0xe5, 0x9d, 0xdd, 0xdd, 0xdd, 0xdd, 0xdd,
    0xdd, 0xdc, 0xb5, 0xd9, 0xc0, 0x00, 0x00, 0x00, 0x00, 0x00, 0x00, 0x0e, 0xee, 0xee, 0xee, 0xee,
    0xec, 0xc9, 0xae, 0xba, 0xe9, 0x85, 0xa8, 0x42, 0x10, 0x84, 0x21, 0x01, 0x35, 0xd7, 0x5d, 0x36,
    0x66, 0x66, 0x66, 0x66, 0x4d, 0x75, 0xd9, 0x69, 0xee, 0xee, 0xee, 0xee, 0xee, 0xee, 0xee, 0x59,
    0xdd, 0xdd, 0xdd, 0xdd, 0xdd, 0xdd, 0xdd, 0xc5, 0x6b, 0x2e, 0x9a, 0x6c, 0xe0, 0x00, 0x00, 0x77,
    0x77, 0x77, 0x77, 0x77, 0x77, 0x77, 0x77, 0x76, 0x65, 0xd7, 0x5d, 0x34, 0x90, 0x84, 0x21, 0x08,
    0x42, 0x10, 0x84, 0x21, 0x0e, 0xba, 0xeb, 0xa6, 0xcc, 0xc9, 0xa6, 0x9a, 0xeb, 0xae, 0x9b, 0xad,
    0x27, 0xbb, 0xbb, 0xbb, 0xbb, 0xbb, 0xbb, 0xb9, 0x67, 0x77, 0x77, 0x77, 0x77, 0x77, 0x77, 0x77,
    0x12, 0x84, 0x99, 0x75, 0xd7, 0x5d, 0x75, 0xd3, 0x70, 0x00, 0x0e, 0xee, 0xee, 0xee, 0xee, 0xec,
    0xcc, 0xcc, 0x9a, 0xeb, 0xa6, 0xb4, 0xa1, 0x08, 0x24, 0xa1, 0x08, 0x28, 0x42, 0x10, 0xcb, 0xae,
    0xba, 0xeb, 0xae, 0xba, 0xeb, 0xae, 0xc9, 0x21, 0x04, 0xf7, 0x77, 0x77, 0x77, 0x77, 0x77, 0x77,
    0x72, 0xce, 0xee, 0xee, 0xee, 0xee, 0xee, 0xee, 0xee, 0xe2, 0x49, 0x42, 0x4e, 0xc9, 0xae, 0xba,
    0xeb, 0xae, 0xba, 0xeb, 0xa6, 0x9a, 0x69, 0xa6, 0x9a, 0x6c, 0xcc, 0xcc, 0xcc, 0x9a, 0xeb, 0xae,
    0x09, 0x42, 0x09, 0x24, 0x92, 0x4a, 0x10, 0x87, 0x5d, 0x75, 0xd7, 0x5d, 0x36, 0x0b, 0x50, 0x4a,
    0x10, 0x7b, 0xbb, 0xbb, 0xbb, 0xbb, 0xbb, 0xbb, 0xbb, 0x96, 0x77, 0x77, 0x77, 0x77, 0x77, 0x77,
    0x77, 0x77, 0x71, 0x24, 0x92, 0x4a, 0x12, 0x0c, 0x9a, 0x69, 0xae, 0xba, 0xeb, 0xae, 0xba, 0xeb,
    0xae, 0xba, 0xeb, 0xae, 0xba, 0xeb, 0xae, 0xba, 0x69, 0x12, 0x82, 0x49, 0x24, 0x92, 0x50, 0x4a,
    0x6b, 0xae, 0x16, 0x92, 0x49, 0x25, 0x08, 0x3d, 0xdd, 0xdd, 0xdd, 0xdd, 0xdd, 0xdd, 0xdd, 0xdc,
    0xb3, 0xbb, 0xbb, 0xbb, 0xbb, 0xbb, 0xbb, 0xbb, 0xbb, 0xb8, 0x92, 0x49, 0x24, 0x92, 0x49, 0x42,
    0x16, 0xa4, 0x90, 0x76, 0x66, 0x4d, 0x34, 0xd3, 0x5d, 0x75, 0xd3, 0x4d, 0xc9, 0x28, 0x24, 0x92,
    0x49, 0x24, 0xb2, 0xeb, 0xb9, 0x24, 0x92, 0x4a, 0x10, 0x4f, 0x77, 0x77, 0x77, 0x77, 0x77, 0x77,
    0x77, 0x77, 0x2c, 0xee, 0xee, 0xee, 0xee, 0xee, 0xee, 0xee, 0xee, 0xee, 0xe2, 0x49, 0x24, 0x92,
    0x49, 0x24, 0x92, 0x49, 0x24, 0x92, 0x49, 0x43, 0x26, 0x9a, 0x60, 0x92, 0x82, 0x49, 0x24, 0x95,
    0xa9, 0xae, 0xbb, 0xad, 0x24, 0x92, 0x4a, 0x10, 0x4f, 0x77, 0x77, 0x77, 0x77, 0x77, 0x77, 0x77,
    0x77, 0x72, 0xce, 0xee, 0xee, 0xee, 0xee, 0xee, 0xee, 0xee, 0xee, 0xee, 0xe2, 0x49, 0x24, 0x92,
    0x49, 0x24, 0x92, 0x49, 0x24, 0x92, 0x49, 0x43, 0x26, 0x9a, 0x69, 0xba, 0x09, 0x24, 0x94, 0x3a,
    0x69, 0xa6, 0x98, 0x41, 0x24, 0x92, 0x84, 0x20, 0x9e, 0xee, 0xee, 0xee, 0xee, 0xee, 0xee, 0xee,
    0xee, 0xee, 0x59, 0xdd, 0xdd, 0xdd, 0xdd, 0xdd, 0xdd, 0xdd, 0xdd, 0xdd, 0xdd, 0xc4, 0x92, 0x49,
    0x24, 0x92, 0x49, 0x24, 0x92, 0x49, 0x24, 0x92, 0x52, 0x4d, 0x34, 0xd3, 0x4d, 0x34, 0xd3, 0x4d,
    0x34, 0xd3, 0x4d, 0x36, 0x49, 0x04, 0x92, 0x49, 0x42, 0x10, 0x7b, 0xbb, 0xbb, 0xbb, 0xbb, 0xbb,
    0xbb, 0xbb, 0xbb, 0xbb, 0xb9, 0x67, 0x77, 0x77, 0x77, 0x77, 0x77, 0x77, 0x77, 0x77, 0x77, 0x77,
    0x71, 0x24, 0x92, 0x49, 0x24, 0x92, 0x49, 0x24, 0x92, 0x49, 0x24, 0x92, 0x84, 0x9d, 0x93, 0x4d,
    0x34, 0xd9, 0xc2, 0x48, 0x24, 0x92, 0x49, 0x42, 0x10, 0x4f, 0x77, 0x77, 0x77, 0x77, 0x77, 0x77,
    0x77, 0x77, 0x77, 0x77, 0x72, 0xce, 0xee, 0xee, 0xee, 0xee, 0xee, 0xee, 0xee, 0xee, 0xee, 0xee,
    0xee, 0xe2, 0x49, 0x24, 0x92, 0x49, 0x24, 0x92, 0x49, 0x24, 0x92, 0x49, 0x24, 0x92, 0x49, 0x24,
    0x92, 0x49, 0x24, 0xa1, 0x08, 0x41, 0xee, 0xee, 0xee, 0xee, 0xee, 0xee, 0xee, 0xee, 0xee, 0xee,
    0xee, 0xee, 0x59, 0xdd, 0xdd, 0xdd, 0xdd, 0xdd, 0xdd, 0xdd, 0xdd, 0xdd, 0xdd, 0xdd, 0xdd, 0xdc,
    0x49, 0x24, 0x92, 0x49, 0x24, 0x92, 0x49, 0x24, 0x92, 0x49, 0x24, 0x92, 0x49, 0x24, 0x92, 0x4a,
    0x10, 0x84, 0x20, 0xf7, 0x77, 0x77, 0x77, 0x77, 0x77, 0x77, 0x77, 0x77, 0x77, 0x77, 0x77, 0x77,
    0x2c, 0xee, 0xee, 0xee, 0xee, 0xee, 0xee, 0xee, 0xee, 0xee, 0xee, 0xee, 0xee, 0xee, 0xee, 0xe2,
    0x49, 0x24, 0x92, 0x49, 0x24, 0x92, 0x49, 0x24, 0x92, 0x49, 0x24, 0x92, 0x50, 0x84, 0x21, 0x08,
    0x41, 0xee, 0xee, 0xee, 0xee, 0xee, 0xee, 0xee, 0xee, 0xee, 0xee, 0xee, 0xee, 0xee, 0xee, 0xe5,
    0x9d, 0xdd, 0xdd, 0xdd, 0xdd, 0xdd, 0xdd, 0xdd, 0xdd, 0xdd, 0xdd, 0xdd, 0xdd, 0xdd, 0xdd, 0xdd,
    0xc4, 0x92, 0x49, 0x24, 0x92, 0x49, 0x24, 0x92, 0x49, 0x24, 0x92, 0x84, 0x21, 0x08, 0x42, 0x0f,
    0x77, 0x77, 0x77, 0x77, 0x77, 0x77, 0x77, 0x77, 0x77, 0x77, 0x77, 0x77, 0x77, 0x77, 0x77, 0x72,
    0xce, 0xee, 0xee, 0xee, 0xee, 0xee, 0xee, 0xee, 0xee, 0xee, 0xee, 0xee, 0xee, 0xee, 0xee, 0xee,
    0xee, 0xee, 0x24, 0x92, 0x49, 0x24, 0x92, 0x49, 0x24, 0x94, 0x21, 0x08, 0x42, 0x10, 0x49, 0xee,
    0xee, 0xee, 0xee, 0xee, 0xee, 0xee, 0xee, 0xee, 0xee, 0xee, 0xee, 0xee, 0xee, 0xee, 0xee, 0xee,
    0xe5, 0x9d, 0xdd, 0xdd, 0xdd, 0xdd, 0xdd, 0xdd, 0xdd, 0xdd, 0xdd, 0xdd, 0xdd, 0xdd, 0xdd, 0xdd,
    0xdd, 0xdd, 0xdd, 0xdd, 0xdd, 0xdd, 0xc4, 0x92, 0x49, 0x24, 0xa1, 0x04, 0x93, 0xdd, 0xdd, 0xdd,
    0xdd, 0xdd, 0xdd, 0xdd, 0xdd, 0xdd, 0xdd, 0xdd, 0xdd, 0xdd, 0xdd, 0xdd, 0xdd, 0xdd, 0xdd, 0xdd,
    0xdd, 0xdc, 0xa5, 0x29, 0x4a, 0x52, 0x94, 0xa5, 0x29, 0x4a, 0x52, 0x94, 0xa5, 0x29, 0x4a, 0x52,
    0x94, 0xa5, 0x29, 0x4a, 0x52, 0x94, 0xa5, 0x29, 0x4a, 0x52, 0x94, 0xa5, 0x29, 0x4a, 0x52, 0x94,
    0xa5, 0x29, 0x4a, 0x52, 0x94, 0xa5, 0x29, 0x4a, 0x52, 0x94, 0xa5, 0x29, 0x4a, 0x52, 0x94, 0xa5,
    0x29, 0x4a, 0x52, 0x94, 0xa5, 0x29, 0x4a, 0x52, 0x94, 0xa5, 0x29, 0x4a, 0x52, 0x94, 0xa5, 0x29,
    0x4a, 0x58
};

const HuffmanFrequency POKEBALL_SPRITE_FREQS[] = {
    {0x0a, 37},
    {0x20, 150},
    {0x23, 377},
    {0x25, 74},
    {0x2a, 381},
    {0x2b, 389},
    {0x2d, 38},
    {0x2e, 486},
    {0x3a, 119},
    {0x3d, 65},
    {0x40, 99},
    {0xa0, 1669},
    {0xc2, 1669}
};
}

const HuffmanEncodedSprite POKEBALL_SPRITE = {
    POKEBALL_SPRITE_BYTES,
    static_cast<int>(sizeof(POKEBALL_SPRITE_BYTES) / sizeof(POKEBALL_SPRITE_BYTES[0])),
    15631,
    5553,
    POKEBALL_SPRITE_FREQS,
    static_cast<int>(sizeof(POKEBALL_SPRITE_FREQS) / sizeof(POKEBALL_SPRITE_FREQS[0]))
};

namespace
{
const unsigned char ARMOR_SPRITE_BYTES[] = {
    0x49, 0x24, 0x92, 0x49, 0x24, 0x92, 0x49, 0x24, 0x92, 0x49, 0x24, 0x92, 0x49, 0x24, 0x92, 0x49,
    0x24, 0x92, 0x49, 0x24, 0x92, 0x4b, 0xbb, 0xbb, 0xbb, 0xbb, 0xbb, 0xbb, 0xbb, 0xbb, 0x91, 0xf7,
    0x77, 0x77, 0x77, 0x77, 0x77, 0x77, 0x77, 0x77, 0x77, 0x77, 0x77, 0x77, 0x72, 0x08, 0x21, 0xdd,
    0xdd, 0xdd, 0xdd, 0xdd, 0xdd, 0xdd, 0xdd, 0xdd, 0xdd, 0xdd, 0xdd, 0xdd, 0xdd, 0xdd, 0xdd, 0xdd,
    0xdd, 0xdd, 0xdd, 0xdd, 0xdd, 0xdd, 0xdd, 0xdd, 0xdd, 0xdd, 0xdd, 0xdd, 0xdd, 0xdd, 0xdd, 0xdd,
    0xdd, 0xdc, 0x8f, 0xbb, 0xbb, 0xbb, 0xbb, 0xbb, 0xbb, 0xbb, 0xbb, 0xbb, 0xbb, 0x83, 0x26, 0xcc,
    0xcc, 0xc9, 0xb3, 0x39, 0xa1, 0xdd, 0xdd, 0xdd, 0xdd, 0xdd, 0xdd, 0xdd, 0xdd, 0xdd, 0xdd, 0xdd,
    0xdd, 0xdd, 0xdd, 0xdd, 0xdd, 0xdd, 0xdd, 0xdc, 0x81, 0x91, 0x11, 0xa1, 0xdd, 0xdd, 0xdd, 0xdd,
    0xdd, 0xdd, 0xdd, 0xdd, 0xdd, 0xdc, 0x8f, 0xbb, 0xbb, 0xbb, 0xbb, 0xbb, 0xbb, 0xbb, 0xbb, 0xbb,
    0xb9, 0xd9, 0xd5, 0x48, 0x88, 0x95, 0x54, 0x99, 0x98, 0xbb, 0xbb, 0xbb, 0xbb, 0xbb, 0xbb, 0xbb,
    0xbb, 0xbb, 0xbb, 0xbb, 0xbb, 0xbb, 0xbb, 0xbb, 0xbb, 0xbb, 0xbb, 0x89, 0x9d, 0xd9, 0xd3, 0x7e,
    0xee, 0xee, 0xee, 0xee, 0xee, 0xee, 0xee, 0xee, 0xee, 0x47, 0xdd, 0xdd, 0xdd, 0xdd, 0xdd, 0xdd,
    0xdd, 0xdd, 0xdd, 0xca, 0x99, 0x2b, 0x3b, 0xbb, 0xbb, 0xbb, 0xbb, 0xba, 0x69, 0xa6, 0x9a, 0x69,
    0xa6, 0x9b, 0xa1, 0xdd, 0xdd, 0xdd, 0xdc, 0x82, 0x08, 0x20, 0x82, 0x08, 0x21, 0xdd, 0xdd, 0xc8,
    0x20, 0x88, 0x93, 0x4d, 0x36, 0x65, 0x00, 0x3b, 0x22, 0xee, 0xee, 0xee, 0xee, 0xee, 0xee, 0xee,
    0xee, 0xee, 0x47, 0xdd, 0xdd, 0xdd, 0xdd, 0xdd, 0xdd, 0xdd, 0xdd, 0xdc, 0x83, 0xb1, 0x99, 0x33,
    0xbb, 0xbb, 0xbb, 0xbb, 0xb3, 0x28, 0x00, 0x99, 0x99, 0x9d, 0x12, 0x24, 0x48, 0x91, 0x22, 0x66,
    0x66, 0x66, 0x66, 0x64, 0xdd, 0x53, 0x66, 0x67, 0x53, 0x00, 0x19, 0x98, 0x32, 0x4c, 0xfb, 0xbb,
    0xbb, 0xbb, 0xbb, 0xbb, 0xbb, 0xbb, 0xbb, 0x91, 0xf7, 0x77, 0x77, 0x77, 0x77, 0x77, 0x77, 0x77,
    0x77, 0x20, 0xcc, 0x02, 0xab, 0x33, 0x33, 0x3b, 0xba, 0x66, 0x00, 0x26, 0x77, 0x77, 0x76, 0x66,
    0x66, 0x66, 0x20, 0xaa, 0x00, 0x35, 0x0e, 0x9b, 0x00, 0x00, 0x06, 0x0d, 0x55, 0x55, 0x55, 0x93,
    0x74, 0x5d, 0xdd, 0xdd, 0xdd, 0xdd, 0xdd, 0xdd, 0xdd, 0xc8, 0xfb, 0xbb, 0xbb, 0xbb, 0xbb, 0xbb,
    0xbb, 0xbb, 0xbb, 0x8d, 0x98, 0x1a, 0xb3, 0x3b, 0xbb, 0xbb, 0x38, 0x00, 0x1b, 0x3b, 0xbb, 0xbb,
    0xbb, 0xbb, 0x31, 0x1a, 0x98, 0x33, 0x36, 0x77, 0x77, 0x76, 0x30, 0x00, 0x00, 0xd5, 0xdc, 0x95,
    0x55, 0x55, 0xd3, 0x63, 0xee, 0xee, 0xee, 0xee, 0xee, 0xee, 0xee, 0x47, 0xdd, 0xdd, 0xdd, 0xdd,
    0xdd, 0xdd, 0xdd, 0xdc, 0x13, 0x63, 0x04, 0x4e, 0xce, 0xee, 0xee, 0xc4, 0xaa, 0xa0, 0x00, 0x49,
    0xa6, 0xcc, 0x9b, 0x39, 0x83, 0x35, 0x53, 0x06, 0x19, 0xdd, 0xdd, 0xdd, 0x9c, 0x13, 0xb9, 0x18,
    0x00, 0x03, 0x55, 0x55, 0x55, 0x26, 0x4d, 0x17, 0x77, 0x77, 0x77, 0x77, 0x77, 0x72, 0x3e, 0xee,
    0xee, 0xee, 0xee, 0xee, 0xee, 0xe4, 0x1d, 0x32, 0x00, 0x1a, 0xb3, 0xbb, 0xbb, 0xb3, 0x03, 0x55,
    0x00, 0xc0, 0x06, 0x00, 0x00, 0x05, 0x50, 0x66, 0x15, 0x36, 0x77, 0x77, 0x77, 0x4d, 0x40, 0x00,
    0x00, 0x01, 0xaa, 0xa8, 0x01, 0x54, 0xc3, 0xa6, 0xe8, 0x77, 0x77, 0x77, 0x77, 0x77, 0x23, 0xee,
    0xee, 0xee, 0xee, 0xee, 0xee, 0xe4, 0x19, 0x94, 0xcd, 0x4d, 0x55, 0x37, 0x77, 0x76, 0x77, 0x70,
    0x00, 0x06, 0x0d, 0xc0, 0x00, 0x03, 0x33, 0x01, 0x59, 0xc9, 0xd9, 0xdd, 0xdd, 0xd3, 0x30, 0x60,
    0x00, 0x00, 0x00, 0xd4, 0xcc, 0x00, 0x01, 0x9b, 0xa6, 0xbd, 0xdd, 0xdd, 0xdd, 0xdd, 0xc8, 0xfb,
    0xbb, 0xbb, 0xbb, 0xbb, 0xbb, 0xb8, 0xd3, 0x50, 0x00, 0x35, 0x24, 0xdd, 0xdd, 0x98, 0x88, 0x9c,
    0x00, 0x00, 0x20, 0x66, 0x60, 0xc1, 0xab, 0xb3, 0x91, 0x3b, 0xb3, 0x3b, 0xbb, 0xb1, 0x00, 0x00,
    0x00, 0x00, 0x00, 0x00, 0x00, 0x0c, 0xcc, 0xd5, 0x9b, 0xbb, 0xbb, 0xbb, 0xbb, 0xb9, 0x1f, 0x77,
    0x77, 0x77, 0x77, 0x77, 0x77, 0x3b, 0x18, 0x00, 0x1a, 0xbb, 0x3b, 0xbb, 0x33, 0xb1, 0x2b, 0xb8,
    0x00, 0xc0, 0x0a, 0xae, 0xcc, 0xe4, 0x44, 0x44, 0xee, 0xec, 0xce, 0xee, 0xec, 0x00, 0x00, 0x00,
    0x00, 0x00, 0x00, 0x00, 0x35, 0x55, 0x22, 0x66, 0xee, 0xee, 0xee, 0xee, 0xee, 0x47, 0xdd, 0xdd,
    0xdd, 0xdd, 0xdd, 0xdc, 0x89, 0x36, 0x4c, 0x94, 0x99, 0x5d, 0x9d, 0xdd, 0x9c, 0x00, 0xca, 0xaa,
    0x4c, 0xcc, 0xcc, 0xce, 0xee, 0x44, 0x4c, 0xcc, 0xce, 0xee, 0xcc, 0xce, 0xee, 0xee, 0x0c, 0xcc,
    0xcc, 0xc2, 0xaa, 0x99, 0x80, 0x00, 0x00, 0xd4, 0x89, 0xd8, 0xbb, 0xbb, 0xbb, 0xbb, 0xbb, 0x91,
    0xf7, 0x77, 0x77, 0x77, 0x77, 0x20, 0x49, 0xb8, 0x01, 0x5d, 0x5d, 0x9d, 0xdd, 0xd9, 0x40, 0x0c,
    0xaa, 0x4a, 0x44, 0x44, 0x44, 0xee, 0x44, 0x4c, 0x01, 0x80, 0x60, 0x2b, 0x3b, 0xbb, 0x00, 0x00,
    0x00, 0x00, 0x0c, 0x13, 0x18, 0x30, 0x0d, 0x48, 0x89, 0xd8, 0xfb, 0xbb, 0xbb, 0xbb, 0xbb, 0x91,
    0xf7, 0x77, 0x77, 0x77, 0x77, 0x20, 0xe9, 0x91, 0x91, 0x2a, 0xbb, 0x3b, 0xbb, 0xba, 0x66, 0x00,
    0x06, 0x99, 0x11, 0x11, 0x11, 0x3b, 0xbb, 0xbb, 0x28, 0x00, 0x00, 0x6a, 0xac, 0xee, 0xce, 0xaa,
    0xaa, 0xaa, 0xaa, 0xaa, 0xa6, 0x66, 0x0d, 0x94, 0xcd, 0x48, 0x88, 0x99, 0x34, 0x3b, 0xbb, 0xbb,
    0xbb, 0xbb, 0x91, 0xf7, 0x77, 0x77, 0x77, 0x77, 0x77, 0x1a, 0x6c, 0x66, 0xae, 0xce, 0xee, 0xee,
    0xe9, 0x98, 0x00, 0x18, 0x26, 0x27, 0x77, 0x67, 0x53, 0x00, 0xcc, 0x03, 0x30, 0x6a, 0xaa, 0xec,
    0xee, 0xec, 0xcc, 0xc4, 0x44, 0x44, 0x44, 0xec, 0xca, 0x60, 0xdd, 0x55, 0x98, 0x99, 0x90, 0xee,
    0xee, 0xee, 0xee, 0xee, 0xe4, 0x7d, 0xdd, 0xdd, 0xdd, 0xdd, 0xdd, 0xdc, 0x83, 0x32, 0x92, 0x6e,
    0xee, 0xee, 0xee, 0x9a, 0x99, 0x80, 0x66, 0x09, 0xdd, 0x9d, 0x55, 0x40, 0x00, 0x03, 0x55, 0x35,
    0x53, 0x0a, 0x9b, 0xbb, 0xbb, 0xb3, 0xb1, 0x03, 0x33, 0x37, 0x55, 0x26, 0x53, 0x57, 0x77, 0x22,
    0x65, 0xee, 0xee, 0xee, 0xee, 0xee, 0xee, 0x47, 0xdd, 0xdd, 0xdd, 0xdd, 0xdd, 0xdd, 0xc8, 0x3b,
    0x2b, 0xb3, 0xbb, 0xbb, 0xbb, 0xb1, 0x03, 0x00, 0x00, 0x0c, 0x8d, 0x55, 0x4c, 0x00, 0x00, 0x00,
    0x2a, 0xaa, 0xbb, 0x33, 0x3b, 0xba, 0x64, 0xac, 0x9b, 0x32, 0x83, 0x75, 0x37, 0x66, 0x66, 0x55,
    0x76, 0x26, 0x2e, 0xee, 0xee, 0xee, 0xee, 0xee, 0xe4, 0x7d, 0xdd, 0xdd, 0xdd, 0xdd, 0xdd, 0xdc,
    0x83, 0x32, 0xb3, 0xb3, 0x33, 0x33, 0x33, 0x31, 0x80, 0x00, 0x00, 0x00, 0x6a, 0x60, 0x00, 0x00,
    0x00, 0xd5, 0x55, 0x9d, 0xdd, 0x99, 0x99, 0x55, 0xd3, 0x1c, 0x13, 0x65, 0x52, 0x67, 0x30, 0x66,
    0xaa, 0xaa, 0xac, 0xfd, 0xdd, 0xdd, 0xdd, 0xdd, 0xdd, 0xc8, 0xfb, 0xbb, 0xbb, 0xbb, 0xbb, 0xbb,
    0xb9, 0x13, 0x3a, 0xb2, 0x64, 0x89, 0x0e, 0xee, 0x41, 0xd9, 0x98, 0x8c, 0xcc, 0x00, 0x00, 0x00,
    0x00, 0x66, 0x0d, 0x55, 0x55, 0x59, 0x99, 0x99, 0x9d, 0xd5, 0x49, 0x8b, 0xbb, 0x9d, 0x33, 0x55,
    0x30, 0x60, 0x1a, 0xaa, 0xaa, 0xb3, 0xf7, 0x77, 0x77, 0x77, 0x77, 0x77, 0x23, 0xee, 0xee, 0xee,
    0xee, 0xee, 0xee, 0xe4, 0x49, 0xbb, 0xb1, 0x77, 0x77, 0x77, 0x72, 0x04, 0xce, 0xc4, 0xaa, 0xaa,
    0x66, 0x66, 0x66, 0x66, 0x66, 0x66, 0x6a, 0xaa, 0x4c, 0xee, 0xcc, 0xca, 0x4e, 0xaa, 0xcc, 0x87,
    0x77, 0x2a, 0x6a, 0x00, 0x00, 0x03, 0x55, 0x52, 0x76, 0x2e, 0xee, 0xee, 0xee, 0xee, 0xee, 0xe4,
    0x7d, 0xdd, 0xdd, 0xdd, 0xdd, 0xdd, 0xdd, 0xc8, 0x94, 0x87, 0x77, 0x77, 0x77, 0x77, 0x20, 0x9b,
    0x31, 0x2a, 0xaa, 0xa9, 0x12, 0xaa, 0xaa, 0xaa, 0xaa, 0xaa, 0xaa, 0xbb, 0xbb, 0x31, 0x2a, 0xb9,
    0x2b, 0xa6, 0xbd, 0xdd, 0xc1, 0x37, 0x33, 0x00, 0x19, 0xab, 0xb3, 0x26, 0x48, 0x77, 0x77, 0x77,
    0x77, 0x77, 0x77, 0x72, 0x3e, 0xee, 0xee, 0xee, 0xee, 0xee, 0xee, 0xee, 0xee, 0xee, 0xee, 0xee,
    0xee, 0xee, 0xe4, 0x19, 0x95, 0x54, 0x89, 0x49, 0xd4, 0x89, 0x55, 0x49, 0x54, 0x88, 0x94, 0x99,
    0x99, 0x95, 0x55, 0x94, 0x98, 0xbb, 0xbb, 0xb9, 0x04, 0x09, 0x93, 0x4d, 0x34, 0xd3, 0x67, 0x34,
    0x10, 0xee, 0xee, 0xee, 0xee, 0xee, 0xee, 0xee, 0xee, 0x47, 0xdd, 0xdd, 0xdd, 0xdd, 0xdd, 0xdd,
    0xdd, 0xdd, 0xdd, 0xdd, 0xdd, 0xdd, 0xdd, 0xdd, 0xc8, 0x26, 0xca, 0xaa, 0x44, 0xec, 0x44, 0xaa,
    0xaa, 0x44, 0x44, 0x44, 0x44, 0xcc, 0xcc, 0x4a, 0xee, 0xac, 0x9a, 0x2e, 0xee, 0xee, 0xee, 0xee,
    0xee, 0xee, 0xee, 0xee, 0xee, 0xee, 0xee, 0xee, 0xee, 0xee, 0xee, 0xee, 0xee, 0x47, 0xdd, 0xdd,
    0xdd, 0xdd, 0xdd, 0xdd, 0xdd, 0xdd, 0xdd, 0xdd, 0xdd, 0xdd, 0xdd, 0xdd, 0xdc, 0x89, 0x36, 0x52,
    0x22, 0x26, 0x55, 0x55, 0x55, 0x55, 0x22, 0x22, 0x22, 0x26, 0x66, 0x75, 0x65, 0x64, 0xd1, 0x77,
    0x77, 0x77, 0x77, 0x77, 0x77, 0x77, 0x77, 0x77, 0x77, 0x77, 0x77, 0x77, 0x77, 0x77, 0x77, 0x77,
    0x77, 0x23, 0xee, 0xee, 0xee, 0xee, 0xee, 0xee, 0xee, 0xee, 0xee, 0xee, 0xee, 0xee, 0xee, 0xee,
    0xe3, 0x4d, 0x9d, 0x49, 0xc9, 0x54, 0x95, 0x55, 0x55, 0x48, 0x88, 0x89, 0xdd, 0xd9, 0x99, 0x99,
    0x98, 0x99, 0x33, 0xee, 0xee, 0xee, 0xee, 0xee, 0xee, 0xee, 0xee, 0xee, 0xee, 0xee, 0xee, 0xee,
    0xee, 0xee, 0xee, 0xee, 0xe4, 0x7d, 0xdd, 0xdd, 0xdd, 0xdd, 0xdd, 0xdd, 0xdd, 0xdd, 0xdd, 0xdd,
    0xdd, 0xdd, 0xdd, 0xc8, 0x3b, 0x32, 0xa9, 0x33, 0x9a, 0xaa, 0xa9, 0x12, 0x92, 0xaa, 0xbb, 0x93,
    0x2a, 0xb3, 0xbb, 0xb3, 0x31, 0x3a, 0x64, 0x87, 0x77, 0x77, 0x77, 0x77, 0x77, 0x77, 0x77, 0x77,
    0x77, 0x77, 0x77, 0x77, 0x77, 0x77, 0x77, 0x77, 0x23, 0xee, 0xee, 0xee, 0xee, 0xee, 0xee, 0xee,
    0xee, 0xee, 0xee, 0xee, 0xee, 0xee, 0xee, 0x64, 0xc9, 0x54, 0x05, 0x30, 0x00, 0x26, 0x65, 0x55,
    0x30, 0xee, 0x88, 0x8d, 0x11, 0x3b, 0xbb, 0x33, 0x33, 0x92, 0x69, 0xa1, 0xdd, 0xdd, 0xdd, 0xdd,
    0xdd, 0xdd, 0xdd, 0xdd, 0xdd, 0xdd, 0xdd, 0xdd, 0xdd, 0xdd, 0xdd, 0xdc, 0x8f, 0xbb, 0xbb, 0xbb,
    0xbb, 0xbb, 0xbb, 0xbb, 0xbb, 0xbb, 0xbb, 0xbb, 0xbb, 0xb9, 0x07, 0x63, 0x00, 0x00, 0x00, 0x00,
    0x03, 0x55, 0x55, 0x55, 0x53, 0x0a, 0x41, 0x5c, 0x9d, 0xdd, 0x99, 0x9d, 0x59, 0x34, 0x5d, 0xdd,
    0xdd, 0xdd, 0xdd, 0xdd, 0xdd, 0xdd, 0xdd, 0xdd, 0xdd, 0xdd, 0xdd, 0xdd, 0xdd, 0xdc, 0x8f, 0xbb,
    0xbb, 0xbb, 0xbb, 0xbb, 0xbb, 0xbb, 0xbb, 0xbb, 0xbb, 0xbb, 0xbb, 0x90, 0x4d, 0x8c, 0x19, 0x80,
    0x66, 0x00, 0x00, 0xd5, 0x55, 0x54, 0xc0, 0x00, 0xd8, 0x06, 0x22, 0x22, 0x27, 0x76, 0x75, 0x74,
    0xd7, 0xbb, 0xbb, 0xbb, 0xbb, 0xbb, 0xbb, 0xbb, 0xbb, 0xbb, 0xbb, 0xbb, 0xbb, 0xbb, 0xbb, 0xb9,
    0x1f, 0x77, 0x77, 0x77, 0x77, 0x77, 0x77, 0x77, 0x77, 0x77, 0x77, 0x77, 0x72, 0x09, 0xb1, 0x83,
    0x33, 0x53, 0x32, 0x75, 0x37, 0x50, 0xaa, 0xaa, 0xaa, 0x66, 0x00, 0x63, 0x0e, 0x4a, 0xa4, 0x4e,
    0xee, 0xce, 0xae, 0xce, 0x87, 0x77, 0x77, 0x77, 0x77, 0x77, 0x77, 0x77, 0x77, 0x77, 0x77, 0x77,
    0x77, 0x77, 0x72, 0x3e, 0xee, 0xee, 0xee, 0xee, 0xee, 0xee, 0xee, 0xee, 0xee, 0xee, 0xee, 0xe3,
    0x4c, 0x80, 0x33, 0x52, 0x63, 0x00, 0x00, 0x18, 0x94, 0xcc, 0xcc, 0x18, 0x00, 0x8c, 0x2b, 0xa9,
    0x3b, 0x33, 0x33, 0x33, 0xab, 0x32, 0x1d, 0xdd, 0xdd, 0xdd, 0xdd, 0xdd, 0xdd, 0xdd, 0xdd, 0xdd,
    0xdd, 0xdd, 0xdd, 0xdd, 0xc8, 0xfb, 0xbb, 0xbb, 0xbb, 0xbb, 0xbb, 0xbb, 0xbb, 0xbb, 0xbb, 0xbb,
    0xbb, 0x95, 0x32, 0x55, 0x55, 0x4c, 0xc0, 0x26, 0x4d, 0x36, 0x30, 0x19, 0x4c, 0xc0, 0x00, 0x1b,
    0x00, 0x19, 0x99, 0xdd, 0xdd, 0xdd, 0xd4, 0x99, 0x90, 0xee, 0xee, 0xee, 0xee, 0xee, 0xee, 0xee,
    0xee, 0xee, 0xee, 0xee, 0xee, 0xee, 0xee, 0x47, 0xdd, 0xdd, 0xdd, 0xdd, 0xdd, 0xdd, 0xdd, 0xdd,
    0xdd, 0xdd, 0xdd, 0xdc, 0xa9, 0x91, 0x93, 0x00, 0x15, 0x99, 0x0e, 0xe5, 0x4d, 0x33, 0x06, 0xca,
    0xa6, 0x01, 0xba, 0x20, 0x6c, 0xc8, 0x3b, 0x3b, 0xbb, 0x91, 0x33, 0x2a, 0x1d, 0xdd, 0xdd, 0xdd,
    0xdd, 0xdd, 0xdd, 0xdd, 0xdd, 0xdd, 0xdd, 0xdd, 0xdd, 0xdd, 0xdc, 0x8f, 0xbb, 0xbb, 0xbb, 0xbb,
    0xbb, 0xbb, 0xbb, 0xbb, 0xbb, 0xbb, 0xbb, 0xb8, 0xd3, 0x70, 0x0c, 0x1b, 0x26, 0x3b, 0xbb, 0xb9,
    0x07, 0x62, 0x01, 0x88, 0xc2, 0xb8, 0x33, 0x64, 0xd0, 0xee, 0x34, 0xd9, 0x99, 0x99, 0x50, 0xee,
    0xee, 0xee, 0xee, 0xee, 0xee, 0xee, 0xee, 0xee, 0xee, 0xee, 0xee, 0xee, 0xee, 0xee, 0xe4, 0x7d,
    0xdd, 0xdd, 0xdd, 0xdd, 0xdd, 0xdd, 0xdd, 0xdd, 0xdd, 0xdd, 0xdd, 0xdc, 0xa9, 0xb3, 0xbb, 0xa6,
    0xbd, 0xdd, 0xdd, 0xdd, 0xdc, 0x69, 0xb8, 0x06, 0x66, 0x00, 0x36, 0x64, 0x3b, 0xbb, 0xb9, 0x0e,
    0xee, 0xee, 0xee, 0xee, 0xee, 0xee, 0xee, 0xee, 0xee, 0xee, 0xee, 0xee, 0xee, 0xee, 0xee, 0xee,
    0xee, 0xee, 0x47, 0xdd, 0xdd, 0xdd, 0xdd, 0xdd, 0xdd, 0xdd, 0xdd, 0xdd, 0xdd, 0xdd, 0xdd, 0xdd,
    0xc8, 0x22, 0x44, 0x89, 0x0e, 0xee, 0xee, 0xee, 0xee, 0xee, 0x41, 0x99, 0x4c, 0xcc, 0xcc, 0x99,
    0x90, 0xee, 0xee, 0xee, 0xee, 0xee, 0xee, 0xee, 0xee, 0xee, 0xee, 0xee, 0xee, 0xee, 0xee, 0xee,
    0xee, 0xee, 0xee, 0xee, 0xee, 0xee, 0xee, 0x47, 0xdd, 0xdd, 0xdd, 0xdd, 0xdd, 0xdd, 0xdd, 0xdd,
    0xdd, 0xdd, 0xdd, 0xdd, 0xdd, 0xdd, 0xdd, 0xdd, 0xdd, 0xdd, 0xdd, 0xdd, 0xdd, 0xdd, 0xc8, 0x9d,
    0x93, 0x4d, 0x9d, 0x50, 0x43, 0xbb, 0xbb, 0xbb, 0xbb, 0xbb, 0xbb, 0xbb, 0xbb, 0xbb, 0xbb, 0xbb,
    0xbb, 0xbb, 0xbb, 0xbb, 0xbb, 0xbb, 0xbb, 0xbb, 0xbb, 0xbb, 0xbb, 0x92, 0x49, 0x24, 0x92, 0x49,
    0x24, 0x92, 0x49, 0x24, 0x92, 0x49, 0x24, 0x92, 0x49, 0x24, 0x92, 0x49, 0x24, 0x92, 0x49, 0x24,
    0x92, 0x49, 0x24, 0x92, 0x49, 0x24, 0x92, 0x49, 0x24, 0x92, 0x49, 0x24, 0x92, 0x49, 0x24, 0x92,
    0x49, 0x24, 0x92, 0x49, 0x24, 0x60
};

const HuffmanFrequency ARMOR_SPRITE_FREQS[] = {
    {0x0a, 39},
    {0x20, 84},
    {0x23, 335},
    {0x25, 330},
    {0x2a, 206},
    {0x2b, 325},
    {0x2d, 400},
    {0x2e, 64},
    {0x3a, 26},
    {0x3d, 230},
    {0x40, 96},
    {0xa0, 1805},
    {0xc2, 1805}
};
}

const HuffmanEncodedSprite ARMOR_SPRITE = {
    ARMOR_SPRITE_BYTES,
    static_cast<int>(sizeof(ARMOR_SPRITE_BYTES) / sizeof(ARMOR_SPRITE_BYTES[0])),
    16043,
    5745,
    ARMOR_SPRITE_FREQS,
    static_cast<int>(sizeof(ARMOR_SPRITE_FREQS) / sizeof(ARMOR_SPRITE_FREQS[0]))
};

namespace
{
const unsigned char RIFLE_SPRITE_BYTES[] = {
    0x6d, 0xb6, 0xdb, 0x6d, 0xb7, 0x52, 0xdb, 0x6d, 0xb6, 0xdb, 0x6d, 0xb6, 0xdb, 0x6d, 0xb6, 0xdb,
    0x6d, 0xb7, 0x11, 0x11, 0x0d, 0xb6, 0xdb, 0x6d, 0xb6, 0xdb, 0x6d, 0xb6, 0xdb, 0x6d, 0xb6, 0xdb,
    0x6d, 0xb6, 0xdb, 0x6e, 0x25, 0x86, 0xdb, 0x6d, 0xb6, 0xdb, 0x6d, 0xb6, 0xdd, 0x4b, 0x6d, 0xb6,
    0xdb, 0x6d, 0xb6, 0xdb, 0x6d, 0xb6, 0xdb, 0x6d, 0xb7, 0x11, 0x2d, 0xa9, 0x4a, 0x4b, 0x0d, 0xb6,
    0xdb, 0x6d, 0xb6, 0xdb, 0x6d, 0xb6, 0xdb, 0x6d, 0xb6, 0xdb, 0x6d, 0xb6, 0xdc, 0x5a, 0xf6, 0x6d,
    0xb6, 0xdb, 0x6d, 0xb6, 0xdb, 0x6d, 0xd4, 0xb6, 0xdb, 0x88, 0x88, 0x88, 0x6d, 0xb6, 0xdb, 0x6d,
    0xb6, 0xdb, 0x89, 0xda, 0xd6, 0xb5, 0xad, 0x6b, 0x5a, 0x73, 0x9c, 0xe7, 0x39, 0xce, 0x74, 0x9d,
    0xa9, 0x7b, 0xde, 0xf7, 0xbd, 0xef, 0x7b, 0xde, 0xf7, 0xa5, 0xad, 0x69, 0xce, 0x73, 0x9c, 0xe7,
    0x39, 0xda, 0xd6, 0xb4, 0xad, 0xb6, 0xdb, 0x6d, 0xb6, 0xdb, 0x6d, 0xd4, 0xb6, 0xdc, 0x4e, 0x94,
    0xa5, 0xa7, 0x6b, 0x4e, 0xd6, 0xb5, 0xa9, 0x4a, 0x52, 0x94, 0xb5, 0xad, 0x4b, 0x52, 0xd3, 0x96,
    0x59, 0xce, 0xd6, 0x9d, 0xad, 0x69, 0xce, 0x73, 0xb5, 0x77, 0xb5, 0xaf, 0x7b, 0xde, 0xba, 0xeb,
    0xbd, 0x75, 0xde, 0xf7, 0xa5, 0x2f, 0x5d, 0xe7, 0x39, 0x67, 0x39, 0xce, 0x73, 0xb4, 0xe7, 0x2c,
    0xb2, 0xcb, 0x2c, 0xb2, 0xcb, 0x2c, 0xe7, 0x39, 0xda, 0x70, 0xdb, 0xa9, 0x6d, 0xb7, 0x2d, 0x2f,
    0x7b, 0xde, 0xba, 0xeb, 0xae, 0xba, 0xe4, 0x92, 0x49, 0x24, 0x92, 0x49, 0x24, 0x92, 0xf4, 0xa5,
    0xef, 0x7b, 0xda, 0xd6, 0xb5, 0xa9, 0x6b, 0x5a, 0xd6, 0xb5, 0xad, 0x6b, 0xd7, 0x7b, 0xde, 0xf7,
    0xbd, 0xef, 0x7b, 0xde, 0xf7, 0xae, 0x96, 0xa4, 0xe2, 0x22, 0x22, 0x27, 0x39, 0x67, 0x7a, 0x44,
    0x44, 0x44, 0x44, 0x44, 0x44, 0xb2, 0xc4, 0xb0, 0xdb, 0xa9, 0x6d, 0xb7, 0x14, 0xbd, 0xeb, 0xae,
    0xba, 0xeb, 0xae, 0x49, 0x2a, 0x24, 0x92, 0x4a, 0xeb, 0xae, 0xba, 0xeb, 0xbd, 0x29, 0x4a, 0x52,
    0xd4, 0xb5, 0xad, 0x6b, 0x52, 0xf4, 0xa5, 0x29, 0x4a, 0x4e, 0x21, 0xb6, 0xdc, 0x43, 0x6d, 0xb6,
    0xdb, 0x6d, 0xb6, 0xdb, 0x71, 0x0d, 0xb6, 0xdb, 0x6d, 0xb6, 0xdb, 0x6d, 0xb6, 0xdd, 0x4b, 0x6d,
    0xb8, 0xa5, 0xef, 0x5d, 0x72, 0x49, 0x79, 0xc4, 0x43, 0x6d, 0xb6, 0xdb, 0x6d, 0xb9, 0xd7, 0x5d,
    0xe9, 0x4b, 0x4e, 0x27, 0x4b, 0x4e, 0xd4, 0xbd, 0x25, 0x88, 0x6d, 0xb6, 0xdb, 0x6d, 0xb6, 0xdb,
    0x6d, 0xb6, 0xdb, 0x6d, 0xb6, 0xdb, 0x6d, 0xb6, 0xdb, 0x6d, 0xb6, 0xdb, 0x75, 0x2d, 0xb6, 0xe2,
    0x95, 0xc9, 0x25, 0x22, 0x1b, 0x6d, 0xb6, 0xdb, 0x6d, 0xb6, 0xdc, 0x5a, 0xf7, 0x92, 0x91, 0x2c,
    0x44, 0x45, 0xaf, 0x4a, 0x5e, 0xf2, 0xc3, 0x6d, 0xb6, 0xdb, 0x6d, 0xb6, 0xdb, 0x6d, 0xb6, 0xdb,
    0x6d, 0xb6, 0xdb, 0x6d, 0xb6, 0xdb, 0x6d, 0xb6, 0xdb, 0x75, 0x2d, 0xb6, 0xdc, 0x44, 0x43, 0x6d,
    0xb6, 0xdb, 0x6d, 0xb6, 0xdb, 0x71, 0x3a, 0x5e, 0xf5, 0xda, 0x1b, 0x6e, 0x22, 0xd4, 0xa5, 0x2f,
    0x79, 0xc3, 0x6d, 0xb6, 0xdb, 0x6d, 0xb6, 0xdb, 0x6d, 0xb6, 0xdb, 0x6d, 0xb6, 0xdb, 0x6d, 0xb6,
    0xdb, 0x6d, 0xb6, 0xdb, 0x75, 0x2d, 0xb6, 0xdb, 0x6d, 0xb6, 0xdb, 0x6d, 0xb6, 0xdb, 0x6d, 0xb8,
    0xa5, 0xef, 0x7a, 0xed, 0x0d, 0xb6, 0xdb, 0x9d, 0x2f, 0x7a, 0x5e, 0x90, 0xdb, 0x6d, 0xb6, 0xdb,
    0x6d, 0xb6, 0xdb, 0x6d, 0xb6, 0xdb, 0x6d, 0xb6, 0xdb, 0x6d, 0xb6, 0xdb, 0x6d, 0xb6, 0xdd, 0x4b,
    0x6d, 0xb6, 0xdb, 0x6d, 0xb6, 0xdb, 0x6d, 0xb6, 0xdb, 0x6d, 0xc4, 0xb6, 0xae, 0xf1, 0x0d, 0xb6,
    0xdb, 0x8a, 0x5e, 0xf7, 0xbd, 0xe6, 0xdb, 0x6d, 0xb6, 0xdb, 0x6d, 0xb6, 0xdb, 0x6d, 0xb6, 0xdb,
    0x6d, 0xb6, 0xdb, 0x6d, 0xb6, 0xdb, 0x6d, 0xb6, 0xdd, 0x4b, 0x6d, 0xb6, 0xdb, 0x6d, 0xb6, 0xdb,
    0x6d, 0xb6, 0xdb, 0x6d, 0xb6, 0xdb, 0x6d, 0xb6, 0xdb, 0x6e, 0x5b, 0xde, 0xf7, 0xbd, 0x22, 0x1b,
    0x6d, 0xb6, 0xdb, 0x6d, 0xb6, 0xdb, 0x6d, 0xb6, 0xdb, 0x6d, 0xb6, 0xdb, 0x6d, 0xb6, 0xdb, 0x6d,
    0xb6, 0xea, 0x5b, 0x6d, 0xb6, 0xdb, 0x6d, 0xb6, 0xdb, 0x6d, 0xb6, 0xdb, 0x6d, 0xb6, 0xdb, 0x6d,
    0xb6, 0xdb, 0x6e, 0xd4, 0x9c, 0xb1, 0x11, 0x0d, 0xb6, 0xdb, 0x6d, 0xb6, 0xdb, 0x6d, 0xb6, 0xdb,
    0x6d, 0xb6, 0xdb, 0x6d, 0xb6, 0xdb, 0x6d, 0xb6, 0xdb, 0x75, 0x6a, 0xd5, 0xab, 0x56, 0xad, 0x5a,
    0xb5, 0x6a, 0xd5, 0xab, 0x56, 0xad, 0x5a, 0xb5, 0x6a, 0xd5, 0xab, 0x52
};

const HuffmanFrequency RIFLE_SPRITE_FREQS[] = {
    {0x0a, 14},
    {0x20, 20},
    {0x23, 35},
    {0x25, 20},
    {0x2a, 84},
    {0x2b, 62},
    {0x2d, 61},
    {0x2e, 85},
    {0x3a, 27},
    {0x3d, 73},
    {0x40, 1},
    {0xa0, 865},
    {0xc2, 865}
};
}

const HuffmanEncodedSprite RIFLE_SPRITE = {
    RIFLE_SPRITE_BYTES,
    static_cast<int>(sizeof(RIFLE_SPRITE_BYTES) / sizeof(RIFLE_SPRITE_BYTES[0])),
    5087,
    2212,
    RIFLE_SPRITE_FREQS,
    static_cast<int>(sizeof(RIFLE_SPRITE_FREQS) / sizeof(RIFLE_SPRITE_FREQS[0]))
};

namespace
{
const unsigned char FULLRESTORE_SPRITE_BYTES[] = {
    0x91, 0x91, 0x91, 0x91, 0x91, 0x91, 0x91, 0x91, 0x91, 0x91, 0x91, 0x91, 0x91, 0x91, 0x91, 0x91,
    0x91, 0x91, 0x91, 0x91, 0x91, 0x6d, 0xb6, 0xdb, 0x6d, 0xb6, 0xdb, 0x6d, 0xb6, 0xdb, 0x6d, 0xb6,
    0xdb, 0x6d, 0xb6, 0xdb, 0x6d, 0xb6, 0xdb, 0x92, 0xdb, 0x6d, 0xb6, 0xdb, 0x6d, 0xb6, 0xdb, 0x6d,
    0xb6, 0xdb, 0x6d, 0xb6, 0xdb, 0x6d, 0xb6, 0xdc, 0x44, 0x44, 0x43, 0x6d, 0xb6, 0xdb, 0x6d, 0xb6,
    0xdb, 0x6d, 0xb6, 0xdb, 0x6d, 0xb6, 0xdb, 0x6d, 0xb6, 0xdb, 0x6d, 0xb6, 0xdb, 0x6d, 0xc9, 0x6d,
    0xb6, 0xdb, 0x6d, 0xb6, 0xdb, 0x6d, 0xb6, 0xdb, 0x6d, 0xb6, 0xdb, 0x6e, 0xe4, 0xb5, 0x76, 0xed,
    0xdb, 0xb3, 0x9c, 0xe7, 0x39, 0xce, 0x77, 0x6e, 0xdd, 0x90, 0x9d, 0xf2, 0xdc, 0x6d, 0xb6, 0xdb,
    0x6d, 0xb6, 0xdb, 0x6d, 0xb6, 0xdb, 0x6d, 0xb6, 0xdb, 0x6d, 0xb6, 0xdb, 0x6d, 0xc9, 0x6d, 0xb6,
    0xdb, 0x6d, 0xb6, 0xdb, 0x6d, 0xb6, 0xdb, 0x6d, 0xb6, 0xe2, 0xfb, 0xb7, 0x67, 0x7d, 0xa2, 0x1b,
    0x6d, 0xb7, 0x11, 0x72, 0xe5, 0xcb, 0x91, 0x72, 0xd7, 0xce, 0x77, 0x67, 0x7c, 0x36, 0xdb, 0x6d,
    0xb6, 0xdb, 0x6d, 0xb6, 0xdb, 0x6d, 0xb6, 0xdb, 0x6d, 0xb6, 0xdb, 0x72, 0x5b, 0x6d, 0xb6, 0xdb,
    0x6d, 0xb6, 0xdb, 0x6d, 0xb6, 0xdb, 0x6d, 0xc5, 0xd9, 0xcb, 0x7d, 0x4e, 0x75, 0x55, 0x72, 0x22,
    0x22, 0xe5, 0xc8, 0x88, 0x88, 0x88, 0x88, 0x88, 0x8b, 0x95, 0x3b, 0xb5, 0x0d, 0xb6, 0xdb, 0x6d,
    0xb6, 0xdb, 0x6d, 0xb6, 0xdb, 0x6d, 0xb6, 0xdb, 0x6d, 0xb9, 0x2d, 0xb6, 0xdb, 0x6d, 0xb6, 0xdb,
    0x6d, 0xb6, 0xdb, 0x6d, 0xb7, 0x6b, 0xb5, 0x11, 0x11, 0x11, 0x11, 0x17, 0xd4, 0x44, 0x44, 0x44,
    0x44, 0x44, 0x44, 0x44, 0x44, 0x44, 0x44, 0x55, 0xdb, 0xb0, 0xdb, 0x6d, 0xb6, 0xdb, 0x6d, 0xb6,
    0xdb, 0x6d, 0xb6, 0xdb, 0x6d, 0xb6, 0xe4, 0xb6, 0xdb, 0x6d, 0xb6, 0xdb, 0x6d, 0xb6, 0xdb, 0x6d,
    0xb6, 0xee, 0x5d, 0x9c, 0xea, 0xaf, 0xaa, 0x9c, 0xb1, 0x11, 0x69, 0xdc, 0x88, 0x88, 0x88, 0x88,
    0x88, 0x88, 0x88, 0x88, 0x88, 0x88, 0xb9, 0x3b, 0xb7, 0x1b, 0x6d, 0xb6, 0xdb, 0x6d, 0xb6, 0xdb,
    0x6d, 0xb6, 0xdb, 0x6d, 0xb6, 0xe4, 0xb6, 0xdb, 0x6d, 0xb6, 0xdb, 0x6d, 0xb6, 0xdb, 0x6d, 0xbb,
    0x48, 0x4e, 0xa5, 0x96, 0xf9, 0x65, 0x96, 0x5b, 0xea, 0x77, 0x22, 0x2e, 0x4e, 0xe4, 0x44, 0x44,
    0x44, 0x44, 0x44, 0x44, 0x44, 0x44, 0x44, 0x44, 0x4e, 0xec, 0x36, 0xdb, 0x6d, 0xb6, 0xdb, 0x6d,
    0xb6, 0xdb, 0x6d, 0xb6, 0xdb, 0x6e, 0x4b, 0x6d, 0xb6, 0xdb, 0x6d, 0xb6, 0xdb, 0x6d, 0xb6, 0xdb,
    0xbb, 0x3b, 0xea, 0x75, 0x7d, 0xf7, 0xdf, 0x7d, 0x55, 0x4e, 0xe4, 0x45, 0xa7, 0x72, 0x22, 0x22,
    0x22, 0x22, 0x22, 0x22, 0x22, 0x22, 0x22, 0x22, 0xfb, 0xb7, 0x1b, 0x6d, 0xb6, 0xdb, 0x6d, 0xb6,
    0xdb, 0x6d, 0xb6, 0xdb, 0x6d, 0xb7, 0x25, 0xb6, 0xdb, 0x6d, 0xb6, 0xdb, 0x6d, 0xb6, 0xdb, 0x6e,
    0x2e, 0xce, 0xf9, 0xce, 0x73, 0xbe, 0xaa, 0xfb, 0xef, 0xbe, 0x76, 0x88, 0x8b, 0x4e, 0x22, 0x22,
    0x22, 0x22, 0x22, 0x22, 0x22, 0x22, 0x22, 0x22, 0x77, 0x61, 0xb6, 0xdb, 0x6d, 0xb6, 0xdb, 0x6d,
    0xb6, 0xdb, 0x6d, 0xb6, 0xdb, 0x72, 0x5b, 0x6d, 0xb6, 0xdb, 0x6d, 0xb6, 0xdb, 0x6d, 0xb6, 0xdd,
    0x4e, 0xf9, 0xce, 0x73, 0xbe, 0xaa, 0xaa, 0xfa, 0x9c, 0x44, 0x44, 0x54, 0xb1, 0x11, 0x11, 0x11,
    0x11, 0x11, 0x11, 0x11, 0x72, 0xe5, 0xa7, 0x76, 0xe3, 0x6d, 0xb6, 0xdb, 0x6d, 0xb6, 0xdb, 0x6d,
    0xb6, 0xdb, 0x6d, 0xb6, 0xdc, 0x96, 0xdb, 0x6d, 0xb6, 0xdb, 0x6d, 0xb6, 0xdb, 0x6d, 0xb7, 0x7c,
    0xe7, 0x57, 0xdf, 0x7d, 0xf5, 0x55, 0x53, 0x9c, 0x44, 0x44, 0x45, 0x5f, 0x11, 0x72, 0xe5, 0xcb,
    0x97, 0x2e, 0x5a, 0xd6, 0xb5, 0xad, 0x6b, 0x4b, 0x39, 0x0b, 0x8d, 0xb6, 0xdb, 0x6d, 0xb6, 0xdb,
    0x6d, 0xb6, 0xdb, 0x6d, 0xb6, 0xdb, 0x6e, 0x4b, 0x6d, 0xb6, 0xdb, 0x6d, 0xb6, 0xdb, 0x6d, 0xb6,
    0xdb, 0xb9, 0x21, 0x3b, 0x97, 0xce, 0x73, 0x9d, 0x5f, 0x6b, 0x91, 0x11, 0x11, 0x11, 0x2c, 0xed,
    0x6b, 0x5a, 0xd6, 0xb5, 0xad, 0x6b, 0x5a, 0xd6, 0xb4, 0xb3, 0xbb, 0x0d, 0xb6, 0xdb, 0x6d, 0xb6,
    0xdb, 0x6d, 0xb6, 0xdb, 0x6d, 0xb6, 0xdb, 0x6d, 0xc9, 0x6d, 0xb6, 0xdb, 0x6d, 0xb6, 0xdb, 0x6d,
    0xb6, 0xdb, 0x6e, 0x5b, 0xb7, 0xc4, 0x44, 0x44, 0x44, 0x44, 0x44, 0x44, 0x44, 0x5f, 0x56, 0xb5,
    0xad, 0x6b, 0x5a, 0xd6, 0xb5, 0xad, 0x6b, 0x5a, 0x59, 0xcd, 0xb6, 0xdb, 0x6d, 0xb6, 0xdb, 0x6d,
    0xb6, 0xdb, 0x6d, 0xb6, 0xdb, 0x6d, 0xb7, 0x25, 0xb6, 0xdb, 0x6d, 0xb6, 0xdb, 0x6d, 0xb6, 0xdb,
    0x6d, 0xb7, 0x7d, 0xd9, 0xc4, 0x44, 0x44, 0x44, 0x44, 0x44, 0x44, 0x5c, 0x9c, 0xb6, 0xb5, 0xad,
    0x6b, 0x5a, 0xd6, 0xb5, 0xad, 0x6b, 0x5a, 0x59, 0xcd, 0xb6, 0xdb, 0x6d, 0xb6, 0xdb, 0x6d, 0xb6,
    0xdb, 0x6d, 0xb6, 0xdb, 0x6d, 0xb7, 0x25, 0xb6, 0xdb, 0x6d, 0xb6, 0xdb, 0x6d, 0xb6, 0xdb, 0x6d,
    0xb6, 0xee, 0x5d, 0x9c, 0xb1, 0x11, 0x11, 0x11, 0x11, 0x11, 0x2c, 0xe5, 0xb5, 0xad, 0x6b, 0x4b,
    0x39, 0xce, 0x77, 0xda, 0xd6, 0xb5, 0xad, 0x57, 0x6e, 0x36, 0xdb, 0x6d, 0xb6, 0xdb, 0x6d, 0xb6,
    0xdb, 0x6d, 0xb6, 0xdb, 0x6d, 0xb7, 0x25, 0xb6, 0xdb, 0x6d, 0xb6, 0xdb, 0x6d, 0xb6, 0xdb, 0x6d,
    0xb6, 0xdb, 0xbe, 0xed, 0xf1, 0x11, 0x11, 0x11, 0x17, 0x27, 0x7d, 0xad, 0x6b, 0x5a, 0xd3, 0x9d,
    0x55, 0x55, 0x4e, 0x5b, 0x5a, 0xd6, 0xb5, 0x4e, 0x70, 0xdb, 0x6d, 0xb6, 0xdb, 0x6d, 0xb6, 0xdb,
    0x6d, 0xb6, 0xdb, 0x6d, 0xb7, 0x25, 0xb6, 0xdb, 0x6d, 0xb6, 0xdb, 0x6d, 0xb6, 0xdb, 0x6d, 0xb6,
    0xdb, 0xa9, 0xda, 0x22, 0x22, 0x22, 0x2f, 0xab, 0x5a, 0xd6, 0xb5, 0xad, 0x53, 0xaa, 0xaa, 0xaa,
    0xa9, 0xcb, 0x6b, 0x5a, 0xd6, 0x96, 0x77, 0x6c, 0xdb, 0x6d, 0xb6, 0xdb, 0x6d, 0xb6, 0xdb, 0x6d,
    0xb6, 0xdb, 0x6d, 0xb9, 0x2d, 0xb6, 0xdb, 0x6d, 0xb6, 0xdb, 0x6d, 0xb6, 0xdb, 0x6d, 0xb7, 0x12,
    0x13, 0x96, 0x22, 0x22, 0x22, 0x27, 0x56, 0xb5, 0xad, 0x6b, 0x5a, 0x59, 0xd5, 0x55, 0x55, 0x55,
    0x4e, 0x76, 0xb5, 0xad, 0x6b, 0x5a, 0x77, 0x65, 0x6d, 0xb6, 0xdb, 0x6d, 0xb6, 0xdb, 0x6d, 0xb6,
    0xdb, 0x6d, 0xb6, 0xe4, 0xb6, 0xdb, 0x6d, 0xb6, 0xdb, 0x6d, 0xb6, 0xdb, 0x6d, 0xb6, 0xe2, 0xec,
    0xed, 0x11, 0x11, 0x11, 0x17, 0xd5, 0xad, 0x6b, 0x5a, 0xd6, 0xb5, 0xf3, 0xaa, 0xaa, 0xaa, 0xaa,
    0xa9, 0xdf, 0x6b, 0x5a, 0xd6, 0xb4, 0xb3, 0x9b, 0x6d, 0xb6, 0xdb, 0x6d, 0xb6, 0xdb, 0x6d, 0xb6,
    0xdb, 0x6d, 0xb7, 0x25, 0xb6, 0xdb, 0x6d, 0xb6, 0xdb, 0x6d, 0xb6, 0xdb, 0x6d, 0xb8, 0xbb, 0x3b,
    0x91, 0x11, 0x11, 0x11, 0x55, 0x6b, 0x5a, 0xd6, 0xb5, 0xad, 0x69, 0xd5, 0x55, 0x55, 0x55, 0x55,
    0x54, 0xe5, 0xb5, 0xad, 0x6b, 0x5a, 0xae, 0xb6, 0xdb, 0x6d, 0xb6, 0xdb, 0x6d, 0xb6, 0xdb, 0x6d,
    0xb6, 0xdb, 0x72, 0x5b, 0x6d, 0xb6, 0xdb, 0x6d, 0xb6, 0xdb, 0x6d, 0xb6, 0xdc, 0x5d, 0x9d, 0xa2,
    0x22, 0x22, 0x22, 0xd3, 0xb5, 0xad, 0x6b, 0x5a, 0xd6, 0xb5, 0xa7, 0x55, 0x55, 0x55, 0x55, 0x55,
    0x53, 0xbe, 0xd6, 0xb5, 0xad, 0x2c, 0xe6, 0xdb, 0x6d, 0xb6, 0xdb, 0x6d, 0xb6, 0xdb, 0x6d, 0xb6,
    0xdb, 0x6d, 0xc9, 0x6d, 0xb6, 0xdb, 0x6d, 0xb6, 0xdb, 0x6d, 0xb6, 0xdb, 0x76, 0xbb, 0x51, 0x11,
    0x11, 0x11, 0x13, 0x96, 0xd6, 0xb5, 0xad, 0x6b, 0x5a, 0xd2, 0xce, 0xaa, 0xaa, 0xaa, 0xaa, 0xaa,
    0xaa, 0x76, 0xb5, 0xad, 0x69, 0xdd, 0xb3, 0x6d, 0xb6, 0xdb, 0x6d, 0xb6, 0xdb, 0x6d, 0xb6, 0xdb,
    0x6d, 0xb7, 0x25, 0xb6, 0xdb, 0x6d, 0xb6, 0xdb, 0x6d, 0xb6, 0xdb, 0x6d, 0xdf, 0x3b, 0x44, 0x44,
    0x44, 0x45, 0xf5, 0x6b, 0x5a, 0xd6, 0xb5, 0xad, 0x6b, 0x54, 0xea, 0xaa, 0xaa, 0xaa, 0xaa, 0xaa,
    0xa7, 0x2d, 0xad, 0x69, 0xdd, 0xb3, 0x6d, 0xb6, 0xdb, 0x6d, 0xb6, 0xdb, 0x6d, 0xb6, 0xdb, 0x6d,
    0xb6, 0xe4, 0xb6, 0xdb, 0x6d, 0xb6, 0xdb, 0x6d, 0xb6, 0xdb, 0x6d, 0xbb, 0xe7, 0x7c, 0x44, 0x44,
    0x44, 0x5f, 0x56, 0xb5, 0xad, 0x6b, 0x5a, 0xd6, 0xb4, 0xe7, 0x55, 0x55, 0x55, 0x55, 0x55, 0x55,
    0x39, 0xcb, 0x7c, 0xee, 0xc3, 0x6d, 0xb6, 0xdb, 0x6d, 0xb6, 0xdb, 0x6d, 0xb6, 0xdb, 0x6d, 0xb6,
    0xdc, 0x96, 0xdb, 0x6d, 0xb6, 0xdb, 0x6d, 0xb6, 0xdb, 0x6d, 0xb7, 0x12, 0x13, 0x96, 0xd6, 0xb5,
    0xad, 0x6a, 0xab, 0x5a, 0xd6, 0xb5, 0xad, 0x6b, 0x4b, 0x39, 0xd5, 0x55, 0x55, 0x55, 0x55, 0x55,
    0x54, 0xe7, 0x39, 0x09, 0x5b, 0x6d, 0xb6, 0xdb, 0x6d, 0xb6, 0xdb, 0x6d, 0xb6, 0xdb, 0x6d, 0xb6,
    0xdc, 0x96, 0xdb, 0x6d, 0xb6, 0xdb, 0x6d, 0xb6, 0xdb, 0x6d, 0xb6, 0xe2, 0xec, 0xea, 0xd6, 0xb5,
    0xad, 0x6a, 0xab, 0x5a, 0xd6, 0xb5, 0xad, 0x7c, 0xea, 0xaa, 0x73, 0xaa, 0xa9, 0xce, 0x73, 0xaa,
    0xaa, 0xaa, 0xa9, 0xdd, 0x9c, 0x36, 0xdb, 0x6d, 0xb6, 0xdb, 0x6d, 0xb6, 0xdb, 0x6d, 0xb6, 0xdb,
    0x72, 0x5b, 0x6d, 0xb6, 0xdb, 0x6d, 0xb6, 0xdb, 0x6d, 0xb6, 0xdb, 0x6e, 0xd2, 0x13, 0x9c, 0xea,
    0xd6, 0xb5, 0xf3, 0x96, 0xd6, 0xb4, 0xb3, 0x9d, 0x55, 0x55, 0x55, 0x55, 0x55, 0x55, 0x55, 0x55,
    0x55, 0x55, 0x54, 0xe7, 0x76, 0x1b, 0x6d, 0xb6, 0xdb, 0x6d, 0xb6, 0xdb, 0x6d, 0xb6, 0xdb, 0x6e,
    0x4b, 0x6d, 0xb6, 0xdb, 0x6d, 0xb6, 0xdb, 0x6d, 0xb6, 0xdb, 0x6e, 0x5b, 0xb3, 0x96, 0x59, 0x65,
    0xbe, 0xa7, 0x39, 0xce, 0x73, 0x9c, 0xea, 0xaa, 0xaa, 0xaa, 0xaa, 0xaa, 0xfb, 0xef, 0xbe, 0xfb,
    0xea, 0xaa, 0xaa, 0xaa, 0xaa, 0x77, 0x6a, 0x1b, 0x6d, 0xb6, 0xdb, 0x6d, 0xb6, 0xdb, 0x6d, 0xb6,
    0xdb, 0x92, 0xdb, 0x6d, 0xb6, 0xdb, 0x6d, 0xb6, 0xdb, 0x6d, 0xb6, 0xe2, 0x73, 0xa9, 0x65, 0x96,
    0xfb, 0xef, 0xbe, 0xfb, 0xef, 0xbe, 0xaa, 0xaa, 0xaa, 0xaa, 0xaa, 0xaa, 0xaa, 0xfb, 0xe5, 0x96,
    0x59, 0x6f, 0xbe, 0xfb, 0xea, 0xaa, 0xaa, 0xaa, 0x73, 0xbb, 0x0d, 0xb6, 0xdb, 0x6d, 0xb6, 0xdb,
    0x6d, 0xb6, 0xdb, 0x6e, 0x4b, 0x6d, 0xb6, 0xdb, 0x6d, 0xb6, 0xdb, 0x6d, 0xb6, 0xdb, 0x9c, 0xef,
    0x96, 0x59, 0x6f, 0xbe, 0xfb, 0xef, 0xbe, 0xfb, 0xea, 0xaa, 0xaa, 0xaa, 0xaa, 0xaa, 0xaa, 0xaa,
    0xf9, 0x65, 0x96, 0x59, 0x65, 0xbe, 0xfb, 0xef, 0xaa, 0xaa, 0xaa, 0xaa, 0x9c, 0xe1, 0xb6, 0xdb,
    0x6d, 0xb6, 0xdb, 0x6d, 0xb6, 0xdb, 0x6e, 0x4b, 0x6d, 0xb6, 0xdb, 0x6d, 0xb6, 0xdb, 0x6d, 0xb6,
    0xdc, 0xee, 0xd4, 0xb2, 0xcb, 0x2d, 0xf7, 0xdf, 0x7d, 0xf7, 0xdf, 0x55, 0x55, 0x55, 0x55, 0x55,
    0x55, 0x55, 0x55, 0x7d, 0xf7, 0xcb, 0x2c, 0xb7, 0xdf, 0x7d, 0xf7, 0xd5, 0x55, 0x55, 0x55, 0x54,
    0xee, 0xc3, 0x6d, 0xb6, 0xdb, 0x6d, 0xb6, 0xdb, 0x6d, 0xb6, 0xe4, 0xb6, 0xdb, 0x6d, 0xb6, 0xdb,
    0x6d, 0xb6, 0xdb, 0x6e, 0xe5, 0xd9, 0xcb, 0x2c, 0xb2, 0xcb, 0x7d, 0xf7, 0xdf, 0x7d, 0xf7, 0xd5,
    0x55, 0x55, 0x55, 0x55, 0x55, 0x55, 0x55, 0x55, 0xf7, 0xdf, 0x7d, 0xf7, 0xdf, 0x7d, 0xf5, 0x55,
    0x55, 0x55, 0x55, 0x53, 0xbb, 0x66, 0xdb, 0x6d, 0xb6, 0xdb, 0x6d, 0xb6, 0xdb, 0x6d, 0xc9, 0x6d,
    0xb6, 0xdb, 0x6d, 0xb6, 0xdb, 0x6d, 0xb6, 0xdd, 0xa7, 0x52, 0xcb, 0x2c, 0xb2, 0xdf, 0x7d, 0xf7,
    0xdf, 0x7d, 0x55, 0x55, 0x55, 0x55, 0x55, 0x55, 0x55, 0x55, 0x55, 0x55, 0x5f, 0x7d, 0xf7, 0xd5,
    0x55, 0x55, 0x55, 0x55, 0x55, 0x54, 0xe5, 0x6d, 0xb6, 0xdb, 0x6d, 0xb6, 0xdb, 0x6d, 0xb6, 0xdc,
    0x96, 0xdb, 0x6d, 0xb6, 0xdb, 0x6d, 0xb6, 0xdb, 0x6d, 0xda, 0x75, 0x2c, 0xb2, 0xcb, 0x2d, 0xf7,
    0xdf, 0x7d, 0xf7, 0xd5, 0x55, 0x55, 0x55, 0x55, 0x55, 0x55, 0x55, 0x55, 0x55, 0x55, 0x55, 0x55,
    0x55, 0x55, 0x55, 0x55, 0x55, 0x55, 0x4e, 0x56, 0xdb, 0x6d, 0xb6, 0xdb, 0x6d, 0xb6, 0xdb, 0x6d,
    0xc9, 0x6d, 0xb6, 0xdb, 0x6d, 0xb6, 0xdb, 0x6d, 0xb6, 0xdc, 0x48, 0x4e, 0x59, 0x65, 0x96, 0x59,
    0x6f, 0xbe, 0xfb, 0xef, 0xaa, 0xaa, 0xaa, 0xaa, 0xaa, 0xaa, 0xaa, 0xaa, 0xaa, 0xaa, 0xaa, 0xaa,
    0xaa, 0xaa, 0xaa, 0xaa, 0xaa, 0xaa, 0xa9, 0xc8, 0x43, 0x6d, 0xb6, 0xdb, 0x6d, 0xb6, 0xdb, 0x6d,
    0xb6, 0xe4, 0xb6, 0xdb, 0x6d, 0xb6, 0xdb, 0x6d, 0xb6, 0xdb, 0x6d, 0xc4, 0xe7, 0x52, 0xcb, 0x2c,
    0xb2, 0xdf, 0x7d, 0xf7, 0xdf, 0x55, 0x55, 0x55, 0x55, 0x55, 0x55, 0x55, 0x55, 0x55, 0x55, 0x55,
    0x55, 0x55, 0x55, 0x55, 0x55, 0x57, 0xd4, 0xe7, 0x0d, 0xb6, 0xdb, 0x6d, 0xb6, 0xdb, 0x6d, 0xb6,
    0xdb, 0x72, 0x5b, 0x6d, 0xb6, 0xdb, 0x6d, 0xb6, 0xdb, 0x6d, 0xb6, 0xdb, 0x8b, 0xb3, 0x9d, 0xf2,
    0xcb, 0x2d, 0xf7, 0xdf, 0x7d, 0xf7, 0xd5, 0x55, 0x55, 0x55, 0x55, 0x55, 0x55, 0x55, 0x55, 0x55,
    0x55, 0x55, 0x55, 0x55, 0x5f, 0x53, 0x9d, 0xdb, 0x8d, 0xb6, 0xdb, 0x6d, 0xb6, 0xdb, 0x6d, 0xb6,
    0xdb, 0x6d, 0xc9, 0x6d, 0xb6, 0xdb, 0x6d, 0xb6, 0xdb, 0x6d, 0xb6, 0xdb, 0x6d, 0xb8, 0xb9, 0x3b,
    0xb7, 0x67, 0x57, 0xdf, 0x7d, 0xf7, 0xdf, 0x7d, 0xf5, 0x55, 0x55, 0x55, 0x55, 0x55, 0x55, 0x55,
    0x55, 0x55, 0x55, 0x55, 0x39, 0xdd, 0xbb, 0x7c, 0x36, 0xdb, 0x6d, 0xb6, 0xdb, 0x6d, 0xb6, 0xdb,
    0x6d, 0xb6, 0xdc, 0x96, 0xdb, 0x6d, 0xb6, 0xdb, 0x6d, 0xb6, 0xdb, 0x6d, 0xb6, 0xdb, 0x6d, 0xb7,
    0x16, 0xbe, 0xae, 0xdd, 0xbb, 0x76, 0x73, 0x9c, 0xe7, 0x39, 0xce, 0x73, 0x9c, 0xe7, 0x39, 0xce,
    0x73, 0x9d, 0xdb, 0xb7, 0x6e, 0xd4, 0xb7, 0x21, 0xb6, 0xdb, 0x6d, 0xb6, 0xdb, 0x6d, 0xb6, 0xdb,
    0x6d, 0xb6, 0xdb, 0x6e, 0x4b, 0x6d, 0xb6, 0xdb, 0x6d, 0xb6, 0xdb, 0x6d, 0xb6, 0xdb, 0x6d, 0xb6,
    0xdb, 0x6d, 0xb6, 0xdb, 0x71, 0x11, 0x17, 0x2e, 0x5c, 0xb9, 0x72, 0xe5, 0xcb, 0x97, 0x22, 0x22,
    0x1b, 0x6d, 0xb6, 0xdb, 0x6d, 0xb6, 0xdb, 0x6d, 0xb6, 0xdb, 0x6d, 0xb6, 0xdb, 0x6d, 0xb6, 0xdc,
    0x8c, 0x8c, 0x8c, 0x8c, 0x8c, 0x8c, 0x8c, 0x8c, 0x90
};

const HuffmanFrequency FULLRESTORE_SPRITE_FREQS[] = {
    {0x0a, 41},
    {0x20, 29},
    {0x23, 196},
    {0x25, 63},
    {0x2a, 514},
    {0x2b, 165},
    {0x2d, 240},
    {0x2e, 330},
    {0x3a, 52},
    {0x3d, 100},
    {0x40, 10},
    {0xa0, 2378},
    {0xc2, 2378}
};
}

const HuffmanEncodedSprite FULLRESTORE_SPRITE = {
    FULLRESTORE_SPRITE_BYTES,
    static_cast<int>(sizeof(FULLRESTORE_SPRITE_BYTES) / sizeof(FULLRESTORE_SPRITE_BYTES[0])),
    15684,
    6496,
    FULLRESTORE_SPRITE_FREQS,
    static_cast<int>(sizeof(FULLRESTORE_SPRITE_FREQS) / sizeof(FULLRESTORE_SPRITE_FREQS[0]))
};

namespace
{
const unsigned char OAK_SPRITE_BYTES[] = {
    0xee, 0xee, 0xee, 0xee, 0xee, 0xee, 0xee, 0xee, 0xee, 0xee, 0xee, 0xee, 0xee, 0xee, 0xee, 0xee,
    0xee, 0x24, 0xf1, 0xee, 0xee, 0xee, 0xee, 0xee, 0xee, 0x3d, 0xdd, 0xdd, 0xdd, 0xdd, 0xdd, 0xdd,
    0xdd, 0xdd, 0xdd, 0xdd, 0xdd, 0xdd, 0xdd, 0xdd, 0xdd, 0xdd, 0xdd, 0xdd, 0xdd, 0xdd, 0xdd, 0xdd,
    0xdd, 0xc2, 0x7b, 0xbb, 0xbb, 0xbb, 0xbb, 0xbb, 0xbb, 0xbb, 0xbb, 0xbb, 0xbb, 0xbb, 0xbb, 0xbb,
    0xb8, 0xa2, 0x4a, 0x15, 0xc0, 0x56, 0x92, 0x9a, 0x0c, 0x15, 0x8c, 0x60, 0xc6, 0x28, 0xac, 0x02,
    0x49, 0xee, 0xee, 0xee, 0xee, 0xee, 0xee, 0xee, 0xee, 0xee, 0xee, 0xee, 0xee, 0xee, 0xee, 0xee,
    0xee, 0xee, 0xee, 0xee, 0xee, 0x13, 0xdd, 0xdd, 0xdd, 0xdd, 0xdd, 0xdd, 0xdd, 0xdd, 0xdd, 0xdd,
    0xdd, 0xdd, 0xdd, 0xdc, 0x50, 0xd3, 0x80, 0xc1, 0x24, 0x9c, 0x1d, 0xdd, 0xdd, 0xd2, 0x49, 0x24,
    0x92, 0x70, 0x60, 0xc1, 0x13, 0xdd, 0xdd, 0xdd, 0xdd, 0xdd, 0xdd, 0xdd, 0xdd, 0xdd, 0xdd, 0xdd,
    0xdd, 0xdd, 0xdd, 0xdd, 0xdd, 0xdc, 0x27, 0xbb, 0xbb, 0xbb, 0xbb, 0xbb, 0xbb, 0xbb, 0xbb, 0xbb,
    0xbb, 0xbb, 0x89, 0xe2, 0x53, 0xb1, 0xd2, 0x49, 0x24, 0x92, 0x49, 0x3b, 0xbb, 0xbb, 0xa4, 0x92,
    0x49, 0x24, 0x92, 0x40, 0xc4, 0x7b, 0xbb, 0xbb, 0xbb, 0xbb, 0xbb, 0xbb, 0xbb, 0xbb, 0xbb, 0xbb,
    0xbb, 0xbb, 0xbb, 0xbb, 0xb8, 0x4f, 0x77, 0x77, 0x77, 0x77, 0x77, 0x77, 0x77, 0x77, 0x77, 0x71,
    0x23, 0x60, 0x35, 0xd2, 0x49, 0xdd, 0x24, 0x92, 0x49, 0x24, 0x9d, 0x3b, 0xbb, 0xbb, 0xba, 0x49,
    0x24, 0x92, 0x49, 0x24, 0xc7, 0xee, 0xee, 0xee, 0xee, 0xee, 0xee, 0xee, 0xee, 0xee, 0xee, 0xee,
    0xee, 0xee, 0xee, 0xee, 0x13, 0xdd, 0xdd, 0xdd, 0xdd, 0xdd, 0xdd, 0xdd, 0xdd, 0xdd, 0xdd, 0xc4,
    0x57, 0x49, 0x24, 0x92, 0x49, 0x24, 0x92, 0x49, 0x24, 0x92, 0x49, 0xdd, 0xdd, 0x24, 0x92, 0x49,
    0x24, 0x92, 0x40, 0x33, 0xdd, 0xdd, 0xdd, 0xdd, 0xdd, 0xdd, 0xdd, 0xdd, 0xdd, 0xdd, 0xdd, 0xdd,
    0xdd, 0xdc, 0x27, 0xbb, 0xbb, 0xbb, 0xbb, 0xbb, 0xbb, 0xbb, 0xbb, 0xbb, 0xbb, 0xb8, 0xb1, 0x24,
    0x92, 0x49, 0x24, 0x92, 0x49, 0x24, 0x92, 0x49, 0x24, 0xee, 0x92, 0x49, 0x24, 0x92, 0x49, 0x24,
    0x9a, 0x07, 0xbb, 0xbb, 0xbb, 0xbb, 0xbb, 0xbb, 0xbb, 0xbb, 0xbb, 0xbb, 0xbb, 0xbb, 0xbb, 0x84,
    0xf7, 0x77, 0x77, 0x77, 0x77, 0x77, 0x77, 0x77, 0x77, 0x77, 0x77, 0x71, 0x63, 0xa4, 0x92, 0x49,
    0x24, 0x92, 0x49, 0x24, 0x92, 0x49, 0x24, 0x92, 0x49, 0x24, 0x92, 0x49, 0x24, 0x93, 0xb0, 0xf7,
    0x77, 0x77, 0x77, 0x77, 0x77, 0x77, 0x77, 0x77, 0x77, 0x77, 0x77, 0x77, 0x70, 0x9e, 0xee, 0xee,
    0xee, 0xee, 0xee, 0xee, 0xee, 0xee, 0xee, 0xee, 0xe2, 0x0c, 0x1a, 0x49, 0x24, 0x9d, 0xa3, 0x18,
    0xc6, 0x31, 0x8c, 0x63, 0x63, 0x52, 0x49, 0x24, 0xc0, 0x6b, 0xba, 0x45, 0x24, 0x0d, 0x49, 0x27,
    0x61, 0xee, 0xee, 0xee, 0xee, 0xee, 0xee, 0xee, 0xee, 0xee, 0xee, 0xee, 0xee, 0xee, 0xe1, 0x3d,
    0xdd, 0xdd, 0xdd, 0xdd, 0xdd, 0xdd, 0xdd, 0xdd, 0xdd, 0xdd, 0xc4, 0x8d, 0xa9, 0x24, 0x91, 0x61,
    0x24, 0x92, 0x49, 0x24, 0x8d, 0xd2, 0x49, 0x35, 0xd2, 0x49, 0x24, 0x92, 0x04, 0x93, 0xb4, 0x53,
    0xdd, 0xdd, 0xdd, 0xdd, 0xdd, 0xdd, 0xdd, 0xdd, 0xdd, 0xdd, 0xdd, 0xdd, 0xdd, 0xc2, 0x7b, 0xbb,
    0xbb, 0xbb, 0xbb, 0xbb, 0xbb, 0xbb, 0xbb, 0xbb, 0xbb, 0xb8, 0x97, 0x62, 0x49, 0x21, 0xa2, 0x49,
    0x24, 0x92, 0x49, 0x49, 0xa3, 0x04, 0x0c, 0x04, 0x92, 0x49, 0x24, 0x9d, 0xdd, 0xc1, 0x8c, 0x3d,
    0xdd, 0xdd, 0xdd, 0xdd, 0xdd, 0xdd, 0xdd, 0xdd, 0xdd, 0xdd, 0xdd, 0xdd, 0xdc, 0x27, 0xbb, 0xbb,
    0xbb, 0xbb, 0xbb, 0xbb, 0xbb, 0xbb, 0xbb, 0xbb, 0xbb, 0x89, 0x06, 0xba, 0x49, 0x31, 0x12, 0x9a,
    0xd4, 0x49, 0x25, 0x24, 0x92, 0x49, 0x24, 0x92, 0x4e, 0x31, 0xa4, 0x86, 0xd6, 0xb4, 0x63, 0x3d,
    0xdd, 0xdd, 0xdd, 0xdd, 0xdd, 0xdd, 0xdd, 0xdd, 0xdd, 0xdd, 0xdd, 0xdd, 0xdc, 0x27, 0xbb, 0xbb,
    0xbb, 0xbb, 0xbb, 0xbb, 0xbb, 0xbb, 0xbb, 0xbb, 0xbb, 0xbb, 0xb8, 0xb5, 0x8d, 0x6b, 0x58, 0x8b,
    0x46, 0x31, 0x8d, 0x8c, 0x74, 0x92, 0x49, 0x24, 0x92, 0x48, 0x62, 0x8a, 0xc6, 0x30, 0x54, 0x86,
    0x30, 0x6b, 0x1a, 0x7b, 0xbb, 0xbb, 0xbb, 0xbb, 0xbb, 0xbb, 0xbb, 0xbb, 0xbb, 0xbb, 0xbb, 0xbb,
    0xb8, 0x4f, 0x77, 0x77, 0x77, 0x77, 0x77, 0x77, 0x77, 0x77, 0x77, 0x77, 0x77, 0x77, 0x77, 0x11,
    0x8d, 0xad, 0x62, 0x42, 0xb1, 0x8c, 0x60, 0xac, 0x14, 0x51, 0xa4, 0x92, 0x49, 0x17, 0x60, 0xac,
    0x63, 0x18, 0xc6, 0x0a, 0xd2, 0x30, 0x01, 0x8a, 0x8f, 0x77, 0x77, 0x77, 0x77, 0x77, 0x77, 0x77,
    0x77, 0x77, 0x77, 0x77, 0x77, 0x77, 0x09, 0xee, 0xee, 0xee, 0xee, 0xee, 0xee, 0xee, 0xee, 0xee,
    0xee, 0xee, 0xee, 0xe2, 0x58, 0x90, 0x0c, 0x12, 0x44, 0x8d, 0xa3, 0x14, 0x51, 0x58, 0xc4, 0x92,
    0x4d, 0x23, 0x15, 0x8c, 0x18, 0x22, 0xd7, 0x29, 0x0d, 0xa3, 0x69, 0x01, 0x93, 0xdd, 0xdd, 0xdd,
    0xdd, 0xdd, 0xdd, 0xdd, 0xdd, 0xdd, 0xdd, 0xdd, 0xdd, 0xc2, 0x7b, 0xbb, 0xbb, 0xbb, 0xbb, 0xbb,
    0xbb, 0xbb, 0xbb, 0xbb, 0xbb, 0xbb, 0xb8, 0x82, 0x70, 0x77, 0x1a, 0x49, 0x01, 0x29, 0x8d, 0x4e,
    0x34, 0x92, 0x49, 0x24, 0x5c, 0x6c, 0x24, 0x82, 0x49, 0x0d, 0xc0, 0x1a, 0xe0, 0x7b, 0xbb, 0xbb,
    0xbb, 0xbb, 0xbb, 0xbb, 0xbb, 0xbb, 0xbb, 0xbb, 0xbb, 0xb8, 0x4f, 0x77, 0x77, 0x77, 0x77, 0x77,
    0x77, 0x77, 0x77, 0x77, 0x77, 0x77, 0x77, 0x10, 0x6b, 0x46, 0xd6, 0x3a, 0x49, 0x39, 0x28, 0x51,
    0x49, 0x49, 0x24, 0x92, 0x48, 0xa1, 0x58, 0x49, 0x04, 0x92, 0x6b, 0x1a, 0x34, 0x86, 0x7b, 0xbb,
    0xbb, 0xbb, 0xbb, 0xbb, 0xbb, 0xbb, 0xbb, 0xbb, 0xbb, 0xbb, 0xb8, 0x4f, 0x77, 0x77, 0x77, 0x77,
    0x77, 0x77, 0x77, 0x77, 0x77, 0x77, 0x77, 0x77, 0x12, 0xc6, 0x80, 0x0d, 0xa9, 0x26, 0xb9, 0x25,
    0xae, 0x4a, 0x49, 0x24, 0x92, 0x44, 0xb5, 0x12, 0x48, 0x24, 0x80, 0x00, 0x6e, 0x08, 0xf7, 0x77,
    0x77, 0x77, 0x77, 0x77, 0x77, 0x77, 0x77, 0x77, 0x77, 0x77, 0x70, 0x9e, 0xee, 0xee, 0xee, 0xee,
    0xee, 0xee, 0xee, 0xee, 0xee, 0xee, 0xee, 0xee, 0xe2, 0x98, 0xd1, 0x80, 0xa9, 0x24, 0x92, 0x68,
    0x3a, 0x49, 0x24, 0x92, 0x49, 0x24, 0xd7, 0x6b, 0xa4, 0x92, 0x68, 0xc6, 0x0d, 0x1b, 0x9e, 0xee,
    0xee, 0xee, 0xee, 0xee, 0xee, 0xee, 0xee, 0xee, 0xee, 0xee, 0xee, 0xe1, 0x3d, 0xdd, 0xdd, 0xdd,
    0xdd, 0xdd, 0xdd, 0xdd, 0xdd, 0xdd, 0xdd, 0xdd, 0xdd, 0xdc, 0x4b, 0x06, 0xd6, 0xb5, 0x24, 0x92,
    0x49, 0x24, 0x92, 0x25, 0x24, 0x92, 0x49, 0x24, 0x92, 0x49, 0xa3, 0x6b, 0x58, 0x8f, 0x77, 0x77,
    0x77, 0x77, 0x77, 0x77, 0x77, 0x77, 0x77, 0x77, 0x77, 0x77, 0x77, 0x09, 0xee, 0xee, 0xee, 0xee,
    0xee, 0xee, 0xee, 0xee, 0xee, 0xee, 0xee, 0xee, 0xee, 0xee, 0xee, 0x2d, 0x14, 0x57, 0x49, 0x24,
    0x92, 0x49, 0x24, 0x9a, 0xd4, 0x92, 0x49, 0x24, 0x92, 0x48, 0x18, 0x36, 0x39, 0x3d, 0xdd, 0xdd,
    0xdd, 0xdd, 0xdd, 0xdd, 0xdd, 0xdd, 0xdd, 0xdd, 0xdd, 0xdd, 0xdd, 0xc2, 0x7b, 0xbb, 0xbb, 0xbb,
    0xbb, 0xbb, 0xbb, 0xbb, 0xbb, 0xbb, 0xbb, 0xbb, 0xbb, 0xbb, 0xbb, 0xb8, 0x94, 0x09, 0x24, 0x92,
    0x49, 0x24, 0x92, 0x49, 0x24, 0x92, 0x74, 0x92, 0x49, 0x84, 0xf7, 0x77, 0x77, 0x77, 0x77, 0x77,
    0x77, 0x77, 0x77, 0x77, 0x77, 0x77, 0x77, 0x77, 0x77, 0x77, 0x09, 0xee, 0xee, 0xee, 0xee, 0xee,
    0xee, 0xee, 0xee, 0xee, 0xee, 0xee, 0xee, 0xee, 0xee, 0xee, 0xee, 0xe2, 0x34, 0x92, 0x48, 0x12,
    0x29, 0x24, 0x92, 0x49, 0x24, 0x93, 0xa4, 0x93, 0x81, 0xee, 0xee, 0xee, 0xee, 0xee, 0xee, 0xee,
    0xee, 0xee, 0xee, 0xee, 0xee, 0xee, 0xee, 0xee, 0xee, 0xe1, 0x3d, 0xdd, 0xdd, 0xdd, 0xdd, 0xdd,
    0xdd, 0xdd, 0xdd, 0xdd, 0xdd, 0xdd, 0xdd, 0xdd, 0xdd, 0xdd, 0xdc, 0x4b, 0x40, 0xa4, 0x92, 0x4e,
    0xd6, 0xb5, 0xad, 0x6b, 0x5d, 0xdd, 0xd2, 0x49, 0x22, 0x00, 0x4f, 0x77, 0x77, 0x77, 0x77, 0x77,
    0x77, 0x77, 0x77, 0x77, 0x77, 0x77, 0x77, 0x77, 0x77, 0x77, 0x77, 0x09, 0xee, 0xee, 0xee, 0xee,
    0xee, 0xee, 0xee, 0xee, 0xee, 0xee, 0xee, 0xee, 0xee, 0xee, 0xee, 0xee, 0xee, 0xe2, 0x5c, 0x6e,
    0x92, 0x49, 0x24, 0x92, 0x49, 0x24, 0x92, 0x4e, 0x37, 0x27, 0xbb, 0xbb, 0xbb, 0xbb, 0xbb, 0xbb,
    0xbb, 0xbb, 0xbb, 0xbb, 0xbb, 0xbb, 0xbb, 0xbb, 0xbb, 0xbb, 0xbb, 0x84, 0xf7, 0x77, 0x77, 0x77,
    0x77, 0x77, 0x77, 0x77, 0x77, 0x77, 0x77, 0x77, 0x77, 0x77, 0x77, 0x77, 0x77, 0x77, 0x77, 0x71,
    0x6b, 0x12, 0x49, 0x24, 0x92, 0x49, 0x24, 0x58, 0x04, 0xf7, 0x77, 0x77, 0x77, 0x77, 0x77, 0x77,
    0x77, 0x77, 0x77, 0x77, 0x77, 0x77, 0x77, 0x77, 0x77, 0x77, 0x77, 0x77, 0x09, 0xee, 0xee, 0xee,
    0xee, 0xee, 0xee, 0xee, 0xee, 0xee, 0xee, 0xee, 0xee, 0xee, 0xee, 0xee, 0xee, 0xee, 0xe2, 0x49,
    0x76, 0x30, 0x56, 0x30, 0x1d, 0xd2, 0x77, 0x77, 0x68, 0x0c, 0x56, 0x0a, 0xe8, 0x93, 0xdd, 0xdd,
    0xdd, 0xdd, 0xdd, 0xdd, 0xdd, 0xdd, 0xdd, 0xdd, 0xdd, 0xdd, 0xdd, 0xdd, 0xdd, 0xdd, 0xdd, 0xc2,
    0x7b, 0xbb, 0xbb, 0xbb, 0xbb, 0xbb, 0xbb, 0xbb, 0xbb, 0xbb, 0xbb, 0xbb, 0xbb, 0xbb, 0x8f, 0x12,
    0x5c, 0x01, 0xc9, 0x60, 0x30, 0x50, 0x00, 0x00, 0x00, 0x00, 0x00, 0x00, 0x01, 0x58, 0x28, 0xc0,
    0x18, 0x28, 0xdc, 0x93, 0xdd, 0xdd, 0xdd, 0xdd, 0xdd, 0xdd, 0xdd, 0xdd, 0xdd, 0xdd, 0xdd, 0xdd,
    0xdd, 0xdd, 0xdc, 0x27, 0xbb, 0xbb, 0xbb, 0xbb, 0xbb, 0xbb, 0xbb, 0xbb, 0xbb, 0xbb, 0xbb, 0xb8,
    0x92, 0x9a, 0xd4, 0x52, 0x24, 0x96, 0x03, 0x46, 0xc6, 0x30, 0x63, 0x00, 0x00, 0x01, 0x8d, 0x8c,
    0x63, 0x18, 0xc6, 0x00, 0x00, 0x30, 0x00, 0x06, 0xc6, 0x93, 0xdd, 0xdd, 0xdd, 0xdd, 0xdd, 0xdd,
    0xdd, 0xdd, 0xdd, 0xdd, 0xdd, 0xdd, 0xdc, 0x27, 0xbb, 0xbb, 0xbb, 0xbb, 0xbb, 0xbb, 0xbb, 0xbb,
    0xbb, 0x89, 0x29, 0xa0, 0xe4, 0x92, 0x5a, 0x49, 0x25, 0xc5, 0x6b, 0x40, 0x6c, 0x63, 0x18, 0xc6,
    0x00, 0x0a, 0x2b, 0x18, 0xc6, 0x31, 0x8c, 0x60, 0xc0, 0x00, 0x18, 0x30, 0x00, 0x06, 0x8d, 0x8e,
    0x4f, 0x77, 0x77, 0x77, 0x77, 0x77, 0x77, 0x77, 0x77, 0x77, 0x77, 0x70, 0x9e, 0xee, 0xee, 0xee,
    0xee, 0xee, 0xee, 0xee, 0xe2, 0x40, 0x56, 0x92, 0x49, 0x24, 0xa7, 0x24, 0x92, 0x46, 0xc0, 0x6b,
    0x41, 0x8c, 0x63, 0x18, 0xc1, 0x8d, 0x8c, 0x15, 0x8c, 0x63, 0x18, 0xc6, 0x0a, 0x00, 0x00, 0xd0,
    0x1b, 0x5a, 0xd6, 0xb5, 0xae, 0xe3, 0x19, 0x27, 0xbb, 0xbb, 0xbb, 0xbb, 0xbb, 0xbb, 0xbb, 0xbb,
    0xb8, 0x4f, 0x77, 0x77, 0x77, 0x77, 0x77, 0x77, 0x77, 0x11, 0xa4, 0x9a, 0x89, 0x24, 0x94, 0xe4,
    0x92, 0x4b, 0xba, 0x1b, 0x5a, 0xd0, 0x60, 0xac, 0x63, 0x18, 0xc6, 0x31, 0x82, 0xb1, 0x8c, 0x63,
    0x01, 0xae, 0x93, 0xbb, 0x80, 0x3b, 0xbb, 0xbb, 0xba, 0x1a, 0x1b, 0x49, 0xee, 0xee, 0xee, 0xee,
    0xee, 0xee, 0xee, 0xee, 0x13, 0xdd, 0xdd, 0xdd, 0xdd, 0xdd, 0xdd, 0xdc, 0x46, 0x92, 0x4e, 0xd2,
    0x49, 0x24, 0xb8, 0x39, 0x25, 0x03, 0xa4, 0x30, 0x68, 0xda, 0x02, 0xb1, 0x82, 0xb1, 0x8c, 0x60,
    0xd8, 0xc6, 0x0d, 0xdd, 0xda, 0x49, 0x29, 0xd8, 0xee, 0xee, 0xee, 0xee, 0x0e, 0xe8, 0x60, 0x4f,
    0x77, 0x77, 0x77, 0x77, 0x77, 0x77, 0x70, 0x9e, 0xee, 0xee, 0xee, 0xee, 0xee, 0xe2, 0x46, 0x92,
    0x49, 0x02, 0x24, 0x92, 0x49, 0x70, 0x44, 0xb1, 0x24, 0x90, 0x24, 0xe3, 0x06, 0x00, 0x00, 0xda,
    0xee, 0xee, 0xee, 0xee, 0x30, 0x18, 0xdc, 0x92, 0x4a, 0x77, 0x77, 0x76, 0xa4, 0x90, 0xda, 0x7b,
    0xbb, 0xbb, 0xbb, 0xbb, 0xbb, 0xbb, 0x84, 0xf7, 0x77, 0x77, 0x77, 0x77, 0x77, 0x11, 0xb5, 0x24,
    0x92, 0x04, 0x49, 0x25, 0x0d, 0x12, 0x4a, 0x15, 0x24, 0x92, 0x49, 0x26, 0x31, 0x82, 0x8d, 0xae,
    0xee, 0xee, 0xee, 0xed, 0x72, 0xd0, 0x24, 0x92, 0x49, 0x24, 0xa2, 0x49, 0x24, 0x6e, 0x7b, 0xbb,
    0xbb, 0xbb, 0xbb, 0xbb, 0xb8, 0x4f, 0x77, 0x77, 0x77, 0x77, 0x77, 0x14, 0x09, 0x24, 0x9d, 0x22,
    0x49, 0x25, 0x0d, 0xda, 0xd0, 0x1b, 0x05, 0x14, 0x51, 0x58, 0xc6, 0x3a, 0x49, 0x8c, 0x63, 0x06,
    0x9d, 0xdd, 0xdd, 0xdd, 0xc0, 0x92, 0x5a, 0xd1, 0xb9, 0x2e, 0x89, 0x2e, 0x49, 0x24, 0x91, 0x57,
    0x77, 0x77, 0x77, 0x77, 0x77, 0x77, 0x09, 0xee, 0xee, 0xee, 0xee, 0xee, 0xe2, 0x37, 0x43, 0x06,
    0xb5, 0xdd, 0x24, 0x91, 0x29, 0x24, 0x92, 0x49, 0x24, 0xed, 0x00, 0x6a, 0x4c, 0x6b, 0x5a, 0xc4,
    0xee, 0xee, 0xee, 0xee, 0x32, 0x49, 0x24, 0x6d, 0x00, 0x00, 0x69, 0x2d, 0x24, 0x92, 0x4b, 0xb0,
    0xf7, 0x77, 0x77, 0x77, 0x77, 0x77, 0x09, 0xee, 0xee, 0xee, 0xee, 0xee, 0x28, 0x69, 0x30, 0x00,
    0x00, 0x01, 0xa0, 0x00, 0x0d, 0x6b, 0x5a, 0xd6, 0xb5, 0xad, 0x6b, 0x5a, 0xd6, 0xb4, 0x1a, 0x34,
    0x98, 0xd6, 0xb5, 0x89, 0x3b, 0xbb, 0xbb, 0xbb, 0x09, 0x24, 0xb8, 0xdc, 0x06, 0x00, 0x32, 0x46,
    0x49, 0x24, 0x92, 0x37, 0x3d, 0xdd, 0xdd, 0xdd, 0xdd, 0xdc, 0x27, 0xbb, 0xbb, 0xbb, 0xbb, 0x89,
    0x1b, 0xa4, 0x0d, 0x14, 0x40, 0x86, 0x0a, 0x20, 0x1d, 0xdd, 0xdd, 0xdd, 0xdd, 0xdd, 0xdd, 0xdd,
    0xdd, 0xad, 0x00, 0x04, 0x9d, 0xdd, 0xdd, 0x3b, 0xbb, 0xbb, 0xb8, 0xc9, 0x24, 0xb0, 0x1c, 0x6c,
    0x18, 0x30, 0x10, 0x12, 0x49, 0x24, 0x90, 0x69, 0xee, 0xee, 0xee, 0xee, 0xee, 0x13, 0xdd, 0xdd,
    0xdd, 0xdd, 0xdc, 0x86, 0x92, 0x76, 0x38, 0x0d, 0xae, 0xee, 0xee, 0xee, 0xee, 0xee, 0xee, 0xee,
    0xee, 0xee, 0xee, 0xd0, 0x68, 0xd2, 0x49, 0x3a, 0x4e, 0xee, 0xee, 0xed, 0x69, 0x24, 0xb5, 0x03,
    0x5a, 0x46, 0x0d, 0x23, 0x6a, 0x24, 0x92, 0x49, 0x29, 0x87, 0xbb, 0xbb, 0xbb, 0xbb, 0x84, 0xf7,
    0x77, 0x77, 0x77, 0x1e, 0x04, 0x92, 0x4d, 0x6b, 0xbb, 0xbb, 0xbb, 0xbb, 0xbb, 0xbb, 0xbb, 0xbb,
    0xbb, 0xbb, 0xbb, 0xbb, 0x40, 0x01, 0xa9, 0x27, 0x74, 0xee, 0xee, 0xee, 0xed, 0x72, 0x4a, 0x19,
    0x18, 0x39, 0x18, 0x39, 0x1b, 0xb9, 0x24, 0x92, 0x49, 0x2c, 0x27, 0xbb, 0xbb, 0xbb, 0xb8, 0x4f,
    0x77, 0x77, 0x77, 0x71, 0x70, 0x49, 0x24, 0xec, 0x77, 0x77, 0x77, 0x77, 0x77, 0x77, 0x77, 0x77,
    0x77, 0x77, 0x77, 0x77, 0x76, 0x83, 0x58, 0x9d, 0xdd, 0xdd, 0xdd, 0xdd, 0xdd, 0xc1, 0x12, 0x40,
    0x92, 0x49, 0x24, 0x90, 0x77, 0x24, 0x92, 0x49, 0x24, 0x68, 0xf7, 0x77, 0x77, 0x77, 0x09, 0xee,
    0xee, 0xee, 0xe2, 0x46, 0x92, 0x49, 0x20, 0x6b, 0xbb, 0xbb, 0xbb, 0xbb, 0x8c, 0x63, 0x18, 0xc6,
    0xd7, 0x77, 0x77, 0x77, 0x76, 0xb4, 0x01, 0xae, 0xee, 0xee, 0xee, 0xee, 0xee, 0x86, 0x49, 0x6b,
    0x92, 0x49, 0x24, 0x92, 0x37, 0x72, 0x49, 0x24, 0x92, 0x50, 0x13, 0xdd, 0xdd, 0xdd, 0xc2, 0x7b,
    0xbb, 0xbb, 0xb8, 0x8d, 0xd2, 0x49, 0xdd, 0xd3, 0x1d, 0xda, 0xd0, 0x00, 0x07, 0x06, 0x80, 0xc1,
    0xdd, 0xa3, 0x18, 0xc6, 0x36, 0x0d, 0xad, 0x00, 0x15, 0xdd, 0xdd, 0xdd, 0xdd, 0xdd, 0xdc, 0x52,
    0x5c, 0x09, 0x24, 0x92, 0x49, 0x43, 0x77, 0x24, 0x92, 0x49, 0x24, 0x8d, 0xcf, 0x77, 0x77, 0x77,
    0x09, 0xee, 0xee, 0xee, 0xe7, 0x6a, 0x74, 0x49, 0x24, 0xb5, 0x82, 0xb1, 0x8d, 0x77, 0x77, 0x01,
    0x83, 0x40, 0x63, 0x6b, 0xbb, 0xbb, 0xbb, 0xbb, 0x40, 0x18, 0x0e, 0xee, 0xee, 0xee, 0xee, 0xed,
    0x14, 0x91, 0x92, 0x49, 0x24, 0x94, 0x90, 0xda, 0xe4, 0x92, 0x49, 0x24, 0x94, 0xc3, 0xdd, 0xdd,
    0xdd, 0xc2, 0x7b, 0xbb, 0x89, 0x62, 0x72, 0x49, 0x24, 0x92, 0x31, 0x8d, 0xad, 0x1b, 0xbb, 0xbb,
    0xbb, 0x80, 0x34, 0x18, 0xc1, 0x58, 0xd7, 0x77, 0x76, 0xb4, 0x00, 0x57, 0x77, 0x77, 0x77, 0x77,
    0x76, 0xb0, 0x8d, 0x12, 0x49, 0x25, 0x24, 0x9d, 0x3b, 0x92, 0x49, 0x24, 0x92, 0x4b, 0x5a, 0x7b,
    0xbb, 0xbb, 0x84, 0xf7, 0x77, 0x10, 0x74, 0x49, 0x24, 0x92, 0x4b, 0x1a, 0xd6, 0xbb, 0x1a, 0xee,
    0xe0, 0xc1, 0x58, 0xe9, 0xad, 0x6b, 0x41, 0x8d, 0x77, 0x77, 0x68, 0x03, 0x1a, 0x9d, 0xdd, 0xdd,
    0xdd, 0xc0, 0x6e, 0x32, 0x00, 0x00, 0x00, 0x0d, 0x74, 0x49, 0x40, 0x49, 0x24, 0x92, 0x52, 0x48,
    0x52, 0x7b, 0xbb, 0xb8
};

const HuffmanFrequency OAK_SPRITE_FREQS[] = {
    {0x0a, 46},
    {0x23, 188},
    {0x25, 61},
    {0x2a, 165},
    {0x2b, 217},
    {0x2d, 464},
    {0x2e, 569},
    {0x3a, 777},
    {0x3d, 202},
    {0x40, 3},
    {0xa0, 2054},
    {0xc2, 2054}
};
}

const HuffmanEncodedSprite OAK_SPRITE = {
    OAK_SPRITE_BYTES,
    static_cast<int>(sizeof(OAK_SPRITE_BYTES) / sizeof(OAK_SPRITE_BYTES[0])),
    18462,
    6800,
    OAK_SPRITE_FREQS,
    static_cast<int>(sizeof(OAK_SPRITE_FREQS) / sizeof(OAK_SPRITE_FREQS[0]))
};

